13
21
70
138
250
265
399
404
510
583
633
680
787
818
823
983
1075
1131
1352
1439
1477
1510
1587
1635
1657
1840
1915
1969
1979
2138
2143
2187
2217
2226
2276
2333
2355
2377
2484
2492
2543
2684
2712
2753
2765
2819
2947
2974
3026
3044
3085
3163
3344
3364
3492
3494
3505
3613
3632
3655
3783
3787
3831
3873
3897
3946
4023
4058
4062
4112
4188
4258
4277
4289
4389
4432
4449
4487
4504
4586
4612
4832
4838
4968
5038
5041
5206
5318
5357
5371
5473
5481
5496
5517
5724
5804
5863
5952
5980
6032
6089
6128
6142
6181
6192
6222
6280
6289
6320
6374
6380
6494
6637
6765
6804
6827
6959
6976
7062
7089
7152
7191
7198
7210
7346
7367
7421
7569
7590
7591
7693
7704
7772
7811
7835
7842
7853
7876
8027
8041
8115
8121
8132
8136
8250
8252
8327
8329
8389
8439
8459
8469
8519
8565
8569
8693
8739
8755
8820
8895
8922
8957
9008
9008
9092
9099
9191
9193
9207
9211
9237
9247
9255
9359
9507
9612
9612
9648
9760
9814
9860
9877
9901
9954
9976
9985
10011
10047
10102
10113
10120
10150
10262
10288
10545
10579
10701
10724
10749
10756
10770
10822
10863
10867
10924
11172
11181
11198
11369
11449
11454
11532
11543
11554
11577
11635
11656
11662
11733
11770
11836
11879
11894
11910
11910
11930
11950
12055
12092
12106
12107
12110
12140
12206
12254
12270
12347
12391
12434
12464
12552
12598
12791
12817
12827
12842
12876
12884
12922
12930
12992
13026
13034
13081
13106
13112
13133
13187
13244
13266
13273
13320
13429
13484
13602
13679
13765
13787
14015
14173
14184
14323
14427
14481
14596
14624
14661
14665
14721
14814
14862
14931
14983
14986
14991
15141
15336
15405
15415
15525
15552
15559
15595
15597
15631
15722
15788
15797
15855
15877
15983
16074
16098
16126
16156
16224
16302
16306
16416
16417
16496
16503
16579
16616
16715
16747
16840
16955
17002
17029
17034
17100
17164
17214
17299
17302
17312
17423
17546
17548
17597
17620
17668
17688
17738
17747
17750
17913
17954
17960
18007
18178
18268
18275
18297
18370
18385
18438
18639
18665
18688
18744
18796
18816
18910
18960
18984
19007
19035
19043
19049
19050
19057
19061
19097
19238
19363
19365
19414
19448
19470
19473
19600
19726
19913
19927
19949
19954
20020
20073
20089
20100
20128
20145
20213
20272
20291
20360
20391
20457
20459
20469
20494
20625
20631
20720
20724
20738
20819
20892
21028
21052
21071
21308
21360
21445
21451
21452
21525
21526
21543
21576
21578
21607
21628
21665
21665
21775
21777
21830
21867
21964
21966
22024
22064
22066
22085
22116
22136
22198
22353
22457
22494
22511
22642
22644
22658
22753
22769
22769
22819
22829
22861
22874
22881
22889
23137
23182
23189
23194
23215
23216
23304
23369
23420
23464
23564
23657
23677
23755
23756
23955
23971
23992
23997
24008
24046
24083
24112
24202
24214
24238
24317
24366
24381
24529
24571
24658
24667
24680
24766
24770
24869
24895
24956
25120
25139
25228
25246
25331
25455
25475
25632
25701
25733
25741
25763
25775
25936
25975
25980
26138
26187
26223
26241
26420
26473
26509
26695
26736
26751
26790
26814
26854
26998
27000
27010
27163
27203
27319
27421
27490
27538
27614
27640
27661
27804
27827
27832
27913
27945
27961
27974
27976
27978
27988
28035
28112
28312
28322
28353
28372
28382
28391
28446
28575
28583
28750
28781
28848
28860
28888
28955
28998
29048
29207
29318
29363
29369
29454
29560
29578
29581
29636
29694
29707
29710
29813
29836
29867
29873
29995
30060
30192
30207
30216
30264
30379
30424
30424
30470
30491
30492
30496
30581
30658
30660
30706
30726
30806
30806
30815
30918
30947
30949
30962
31243
31281
31348
31415
31482
31497
31547
31554
31572
31651
31668
31725
31761
31825
31917
31952
31956
32144
32154
32156
32173
32189
32214
32282
32322
32366
32418
32444
32482
32535
32606
32682
32687
32907
32933
32987
33001
33005
33032
33033
33077
33078
33088
33099
33115
33156
33164
33175
33177
33285
33365
33728
33738
33784
33816
33846
33883
33922
33971
34102
34136
34186
34225
34347
34417
34417
34419
34428
34445
34486
34487
34600
34697
34742
34751
34906
34948
34965
35049
35086
35101
35104
35134
35203
35319
35376
35391
35448
35643
35734
35756
35768
35778
35869
35996
36009
36010
36028
36147
36211
36240
36252
36280
36300
36386
36405
36565
36574
36618
36629
36752
36778
36813
36828
36888
36987
37059
37182
37206
37253
37321
37329
37337
37389
37400
37427
37499
37557
37577
37669
37682
37765
37776
37921
37931
37945
37972
37986
38000
38064
38080
38177
38260
38354
38379
38478
38537
38555
38557
38588
38649
38674
38677
38723
38726
38791
38847
38904
38948
39046
39101
39106
39136
39254
39268
39280
39305
39330
39414
39429
39564
39638
39651
39672
39717
39740
39758
39889
40029
40089
40181
40203
40238
40258
40279
40390
40624
40637
40676
40691
40701
40830
40909
41011
41085
41086
41092
41124
41188
41206
41275
41316
41326
41410
41417
41424
41435
41486
41487
41535
41589
41607
41624
41668
41675
41705
41773
41792
41886
41952
42027
42040
42098
42106
42113
42178
42228
42370
42490
42568
42777
42826
42873
42894
42983
43096
43240
43244
43282
43311
43511
43576
43631
43637
43654
43692
43708
43725
43789
43794
43810
43843
44088
44242
44292
44301
44319
44488
44506
44549
44586
44648
44671
44681
44687
44735
44756
44771
44784
44786
44801
44892
45063
45069
45143
45174
45231
45312
45327
45420
45420
45459
45505
45525
45675
45732
45759
45763
45922
45929
45936
45964
46073
46107
46163
46242
46288
46299
46351
46473
46500
46545
46588
46680
46697
46712
46772
46825
46826
46830
46879
46984
46994
47029
47106
47110
47116
47193
47213
47249
47290
47305
47324
47337
47377
47550
47558
47559
47573
47633
47737
47823
47860
47876
47899
47929
47941
47997
48009
48024
48055
48166
48219
48257
48300
48302
48329
48399
48433
48464
48541
48583
48592
48636
48734
48808
48853
48895
48895
48976
48999
49017
49134
49142
49197
49212
49301
49301
49352
49412
49456
49559
49621
49693
49757
49759
49866
50065
50107
50109
50146
50190
50211
50221
50237
50256
50260
50291
50486
50527
50565
50628
50800
50845
50916
50951
50954
50976
51028
51057
51070
51120
51123
51134
51161
51162
51171
51382
51402
51408
51419
51478
51495
51550
51565
51712
51732
51750
51760
51835
51914
52124
52255
52290
52309
52321
52350
52417
52417
52439
52507
52516
52554
52556
52579
52646
52693
52698
52736
52744
52783
52795
52802
52830
52896
52897
52912
52964
53010
53030
53062
53140
53171
53197
53225
53299
53354
53371
53395
53443
53463
53477
53480
53657
53688
53764
53854
53875
53903
53952
54165
54285
54328
54332
54419
54421
54482
54539
54586
54587
54597
54620
54827
54836
54845
54846
54934
54985
55026
55106
55108
55131
55142
55189
55228
55248
55254
55321
55324
55418
55445
55468
55478
55497
55544
55620
55649
55692
55705
55710
55729
55748
55749
55817
55867
55900
55920
56002
56041
56139
56147
56161
56190
56269
56364
56402
56454
56632
56721
56767
56770
56794
56812
56883
56939
57010
57011
57017
57018
57084
57113
57175
57205
57218
57241
57451
57564
57656
57773
57774
57824
57835
57894
57900
57967
57981
57985
57996
58058
58126
58136
58173
58176
58281
58557
58660
58700
58722
58742
58766
58788
58796
58830
58847
58900
58905
58912
58993
59010
59034
59107
59131
59211
59258
59270
59271
59271
59487
59519
59519
59521
59659
59690
59761
59762
59774
59848
59884
59891
60015
60089
60112
60158
60174
60250
60476
60564
60570
60618
60679
60690
60707
60741
60762
60767
60841
60924
61052
61139
61161
61426
61445
61450
61475
61520
61663
61689
61732
61827
61857
61885
61887
61947
61969
62076
62158
62176
62231
62408
62467
62519
62583
62671
62679
62702
62911
63133
63150
63250
63265
63271
63353
63464
63468
63491
63516
63529
63608
63873
63876
63908
63936
64071
64163
64191
64232
64266
64402
64423
64453
64469
64479
64534
64721
64752
64754
64789
64869
64884
64921
64947
65031
65038
65107
65138
65143
65154
65163
65189
65237
65294
65356
65365
65381
65395
65503
65578
65645
65707
65723
65769
65771
65793
65823
65845
65924
65951
65963
65969
66071
66107
66153
66202
66270
66272
66283
66437
66462
66505
66514
66562
66569
66596
66698
66760
66827
66838
66855
66891
66914
66949
66971
67008
67036
67095
67209
67218
67225
67250
67272
67378
67427
67528
67530
67564
67603
67625
67647
67686
67709
67825
67859
67893
67903
67934
67946
68014
68054
68134
68143
68143
68143
68168
68184
68184
68191
68325
68347
68366
68378
68414
68537
68540
68592
68639
68687
68708
68725
68787
68931
68953
68986
69027
69067
69099
69138
69150
69198
69226
69235
69241
69385
69514
69533
69534
69646
69649
69709
69876
69931
69938
69940
70003
70070
70152
70172
70176
70191
70227
70331
70366
70429
70475
70531
70576
70736
70741
70753
70778
70985
70997
70998
71170
71280
71298
71343
71343
71352
71374
71464
71475
71630
71672
71714
71814
71842
71937
72035
72062
72168
72175
72178
72189
72250
72256
72259
72268
72281
72377
72461
72516
72594
72600
72609
72749
72793
72895
72915
72915
73071
73102
73306
73340
73393
73417
73421
73445
73451
73498
73583
73624
73718
73850
73854
73904
74038
74144
74203
74227
74303
74306
74400
74405
74516
74548
74552
74559
74633
74635
74650
74743
74805
74863
74971
75032
75045
75054
75056
75057
75261
75295
75318
75331
75333
75391
75521
75681
75759
75821
75914
75946
75967
75995
76001
76096
76097
76107
76153
76255
76327
76340
76468
76480
76591
76632
76639
76696
76750
76756
76868
76895
77046
77049
77090
77094
77318
77450
77458
77478
77555
77565
77591
77698
77735
77768
77948
78023
78049
78093
78106
78113
78218
78279
78322
78441
78468
78485
78539
78664
78729
78759
78806
78807
78861
78881
78905
78966
78999
79031
79033
79061
79207
79262
79264
79280
79308
79393
79451
79479
79615
79629
79631
79648
79695
79707
79801
79857
79952
79993
80134
80156
80246
80268
80303
80324
80325
80354
80361
80543
80571
80572
80580
80683
80687
80690
80774
80793
80860
80898
80939
80989
81000
81095
81095
81105
81112
81141
81233
81291
81352
81409
81436
81519
81528
81602
81756
81802
81835
81874
81975
82031
82037
82084
82156
82175
82283
82346
82389
82408
82409
82451
82463
82502
82505
82511
82564
82568
82601
82634
82678
82716
82738
82806
82822
82853
82889
82933
82965
83024
83051
83057
83160
83202
83269
83296
83324
83405
83433
83436
83483
83519
83536
83544
83625
83636
83699
83722
83856
83860
83876
83949
83995
84003
84024
84054
84061
84184
84241
84287
84455
84624
84661
84730
84791
84839
84861
84885
84886
84914
84939
84948
84969
85085
85173
85199
85252
85287
85348
85353
85392
85456
85463
85469
85509
85550
85568
85674
85679
85726
85751
85797
85854
85856
85896
85932
85938
85939
85991
86121
86164
86189
86200
86227
86237
86237
86302
86305
86333
86339
86342
86373
86447
86550
86620
86671
86688
86711
86725
86746
86773
86797
86809
86839
86921
86938
86951
86999
87058
87084
87126
87158
87179
87256
87258
87322
87399
87415
87541
87572
87604
87627
87737
87868
87877
87903
87986
88015
88034
88051
88074
88122
88197
88257
88307
88308
88352
88428
88469
88490
88592
88628
88628
88732
88811
88811
88865
88889
88982
88988
89047
89048
89067
89068
89078
89080
89197
89225
89231
89318
89339
89553
89575
89588
89603
89615
89666
89684
89802
89824
89830
89874
89896
89988
90002
90013
90080
90094
90137
90162
90254
90397
90506
90510
90646
90714
90727
90728
90805
90906
90911
90958
90964
90965
90997
91112
91266
91278
91343
91387
91464
91497
91518
91555
91623
91626
91634
91659
91699
91714
91717
91764
91793
91796
91797
91829
91843
91922
91928
91950
91988
92013
92028
92048
92068
92075
92162
92254
92273
92310
92324
92335
92342
92352
92359
92431
92551
92563
92596
92619
92637
92706
92729
92729
92750
92753
92773
92806
92912
92944
93073
93077
93092
93148
93155
93160
93180
93199
93206
93305
93333
93374
93385
93394
93397
93561
93570
93702
93744
93831
93844
93885
93905
93938
93999
94036
94213
94330
94364
94426
94500
94672
94674
94689
94771
94871
94905
94925
94949
95212
95216
95283
95293
95322
95365
95408
95490
95629
95636
95682
95711
95825
95854
95894
95978
96009
96077
96137
96178
96188
96229
96232
96393
96479
96483
96500
96526
96547
96610
96635
96665
96776
96791
96815
96834
96850
96883
96950
96953
97057
97147
97363
97371
97389
97476
97492
97558
97599
97741
97775
97799
97810
97812
97837
97880
97933
97980
97996
98004
98009
98040
98086
98113
98173
98217
98234
98264
98274
98498
98525
98614
98722
98730
98748
98759
98858
99119
99139
99241
99288
99318
99356
99480
99521
99546
99552
99586
99588
99595
99604
99611
99670
99726
99759
99785
99822
99843
99851
99935
100038
100084
100129
100161
100201
100219
100224
100257
100325
100434
100638
100767
100869
100896
100902
100910
100925
100926
100949
101091
101118
101125
101261
101287
101302
101320
101331
101340
101389
101529
101576
101658
101660
101664
101670
101716
101780
101814
101848
102183
102192
102200
102350
102370
102398
102448
102454
102490
102525
102639
102688
102802
102817
102898
102953
102954
103240
103255
103275
103317
103390
103410
103438
103449
103479
103532
103533
103579
103604
103614
103653
103663
103725
103740
103945
103975
104032
104085
104142
104210
104213
104267
104309
104343
104356
104422
104453
104458
104458
104553
104566
104622
104658
104735
104777
104802
104803
104851
104924
104967
104976
105008
105072
105123
105147
105172
105186
105236
105240
105293
105368
105370
105455
105472
105480
105500
105559
105696
105747
105751
105794
105827
105841
105851
105948
106059
106071
106088
106095
106127
106127
106159
106182
106253
106255
106345
106378
106432
106483
106513
106553
106566
106576
106583
106678
106721
106726
106734
106801
106814
106965
106994
106995
107013
107096
107124
107150
107170
107256
107291
107383
107763
107875
107904
107906
107914
107918
107948
107963
108116
108143
108144
108150
108191
108282
108294
108300
108339
108483
108498
108522
108550
108622
108632
108729
108735
108750
108793
108805
108838
108847
108891
108986
108999
109014
109034
109041
109085
109095
109190
109241
109286
109373
109380
109391
109415
109421
109424
109485
109499
109583
109615
109629
109630
109662
109704
109771
109790
109797
109835
109839
109854
109932
110033
110077
110092
110092
110192
110228
110241
110243
110271
110480
110615
110622
110680
110725
110818
110863
110880
110911
110931
110961
110993
110996
111019
111147
111276
111292
111390
111462
111507
111523
111550
111572
111572
111723
111752
111824
111974
111980
111988
112019
112099
112148
112193
112325
112332
112382
112433
112552
112658
112700
112717
112766
112841
112955
113068
113079
113109
113151
113221
113226
113315
113336
113352
113447
113597
113692
113764
113769
113806
113824
113960
114057
114155
114157
114167
114214
114214
114240
114242
114324
114458
114488
114500
114519
114636
114666
114738
114803
114829
114861
114861
114912
114953
114954
114965
115059
115063
115139
115163
115198
115210
115246
115374
115497
115551
115590
115780
115894
115927
115964
115973
115974
116011
116066
116085
116188
116252
116312
116354
116360
116361
116367
116434
116465
116504
116565
116568
116578
116596
116724
116725
116752
116786
116787
116793
116798
116826
116920
116927
117003
117180
117260
117299
117319
117321
117403
117501
117544
117545
117591
117609
117769
117777
117784
117788
117799
117831
117994
118001
118075
118119
118158
118278
118279
118470
118497
118523
118598
118602
118671
118778
118982
119010
119027
119108
119142
119175
119231
119235
119238
119281
119323
119331
119374
119391
119429
119463
119478
119483
119521
119608
119663
119709
119784
119790
119811
119875
119971
119975
120080
120120
120128
120280
120316
120374
120380
120447
120555
120571
120572
120655
120693
120812
120843
120877
120894
120998
121041
121070
121093
121116
121120
121124
121152
121187
121196
121236
121273
121312
121371
121466
121479
121595
121602
121694
121713
121744
121842
121872
121879
121944
122010
122086
122107
122193
122303
122351
122439
122497
122557
122565
122665
122721
122764
122779
122786
122841
122886
122895
122901
122909
122954
122979
122987
123140
123148
123189
123242
123286
123301
123313
123396
123421
123437
123487
123488
123578
123619
123697
123702
123709
123723
123763
123792
123792
123867
124020
124039
124055
124076
124160
124169
124250
124285
124333
124342
124389
124393
124441
124613
124630
124646
124686
124717
124788
124813
124856
124878
124941
125013
125069
125072
125250
125289
125426
125450
125471
125718
125743
125957
126063
126107
126184
126216
126336
126376
126502
126535
126554
126592
126609
126638
126647
126701
126778
126987
127089
127091
127093
127110
127181
127340
127374
127439
127528
127653
127809
127906
127936
127998
128061
128092
128095
128177
128240
128253
128275
128277
128389
128428
128464
128504
128552
128579
128626
128665
128682
128767
128768
128787
128805
128837
128851
128994
129017
129018
129056
129243
129252
129267
129315
129411
129476
129592
129634
129639
129912
129932
129981
130060
130164
130285
130297
130390
130403
130425
130472
130493
130497
130571
130623
130667
130770
130793
130811
130815
130818
130845
130911
130915
130923
130952
130966
131052
131062
131066
131105
131126
131217
131241
131279
131299
131309
131339
131407
131539
131554
131609
131653
131714
131766
131898
131930
132052
132079
132185
132194
132213
132222
132267
132314
132357
132364
132409
132417
132426
132438
132466
132701
132704
132713
133033
133034
133075
133089
133122
133285
133347
133347
133511
133520
133528
133618
133682
133793
133988
134073
134087
134089
134104
134127
134153
134182
134183
134281
134296
134317
134374
134457
134524
134542
134582
134605
134610
134622
134673
134777
134838
134845
134904
134951
134977
134984
135002
135014
135041
135080
135082
135102
135121
135245
135376
135395
135396
135428
135449
135460
135586
135599
135626
135653
135778
135864
135897
135925
135939
135999
136011
136025
136050
136213
136253
136293
136301
136316
136320
136368
136421
136462
136600
136742
136771
136778
136791
136872
137122
137133
137161
137177
137215
137324
137360
137370
137394
137403
137434
137535
137551
137569
137575
137700
137761
137792
137804
137870
137896
137917
137937
137986
138092
138113
138118
138133
138138
138147
138217
138224
138260
138660
138706
138795
138870
139043
139078
139098
139145
139380
139409
139452
139484
139547
139584
139591
139631
139631
139638
139799
139986
140009
140042
140074
140085
140183
140232
140338
140353
140356
140454
140490
140497
140612
140647
140673
140842
140894
140963
141137
141152
141198
141225
141261
141442
141452
141475
141487
141491
141496
141752
141799
141847
141879
141904
141909
141941
142011
142082
142151
142392
142455
142525
142630
142688
142763
142812
142819
142848
142857
142898
143014
143039
143044
143083
143223
143234
143246
143250
143284
143298
143321
143327
143378
143452
143473
143536
143542
143599
143653
143830
143846
143932
144002
144005
144011
144013
144057
144083
144100
144106
144146
144152
144236
144297
144345
144369
144400
144406
144480
144547
144557
144591
144626
144665
144668
144706
144738
144786
144851
144946
145035
145213
145400
145488
145558
145602
145652
145661
145665
145730
145829
145841
145882
145909
145927
146076
146095
146248
146255
146278
146304
146328
146334
146366
146442
146449
146489
146492
146540
146598
146660
146723
146872
146924
146932
146947
146964
147100
147107
147120
147214
147306
147309
147454
147603
147638
147805
147912
148020
148221
148297
148420
148428
148524
148537
148595
148605
148691
148712
148752
148791
148885
148898
148907
148916
149000
149018
149057
149061
149088
149187
149235
149296
149386
149407
149411
149489
149501
149589
149599
149600
149604
149632
149696
149983
150010
150039
150068
150111
150148
150149
150208
150239
150249
150324
150352
150442
150467
150669
150685
150783
150849
150860
150991
151026
151031
151115
151166
151204
151208
151215
151269
151278
151307
151328
151336
151490
151506
151529
151547
151648
151682
151686
151722
151778
151786
151845
151864
151926
151934
151954
151967
151982
151994
152079
152100
152133
152205
152241
152361
152365
152394
152483
152538
152546
152571
152581
152614
152636
152696
152704
152884
152944
152986
153001
153198
153202
153219
153248
153266
153324
153331
153590
153663
153727
153750
153761
153787
153904
153906
153909
153923
153925
153948
154036
154040
154051
154074
154126
154231
154277
154309
154345
154456
154497
154532
154540
154586
154665
154743
154767
154839
154842
154892
154948
154959
154964
155044
155153
155162
155210
155211
155216
155236
155253
155284
155296
155354
155392
155440
155496
155540
155687
155783
155835
155913
155959
155988
156003
156048
156052
156063
156151
156151
156198
156219
156245
156304
156353
156473
156546
156570
156578
156618
156629
156718
156728
156838
156843
157046
157109
157158
157200
157206
157232
157252
157306
157375
157446
157593
157624
157679
157692
157716
157738
157780
157833
157923
157977
158016
158068
158088
158138
158183
158226
158232
158362
158368
158388
158402
158409
158459
158487
158546
158745
158777
158851
158877
158878
158883
158969
158972
159015
159067
159145
159145
159230
159290
159315
159358
159369
159432
159436
159449
159484
159574
159575
159611
159636
159711
159756
159780
159819
159860
159860
159876
159946
159968
160135
160213
160233
160283
160516
160588
160632
160653
160656
160676
160684
160783
160865
160953
161071
161206
161225
161245
161344
161379
161380
161381
161400
161499
161510
161512
161547
161610
161649
161680
161775
161816
161828
161858
161901
161956
161962
161971
162055
162158
162279
162281
162283
162325
162398
162402
162425
162445
162576
162580
162609
162616
162658
162692
162699
162702
162825
162979
162995
163040
163054
163059
163059
163060
163065
163253
163294
163340
163385
163421
163458
163486
163492
163522
163648
163651
163659
163669
163746
163760
163780
163893
164088
164118
164123
164157
164193
164245
164403
164558
164587
164596
164620
164725
164862
164905
164910
165041
165043
165059
165121
165137
165155
165209
165223
165325
165528
165542
165731
165873
165879
165950
165965
165980
165986
166040
166044
166143
166149
166173
166293
166423
166485
166516
166518
166592
166671
166722
166774
166808
166823
166889
166961
167008
167126
167183
167184
167231
167263
167306
167337
167347
167368
167373
167382
167395
167409
167429
167468
167505
167520
167545
167670
167691
167716
167725
167747
167878
167921
167931
167939
167949
167952
167970
168000
168051
168059
168148
168174
168210
168246
168369
168463
168483
168506
168596
168617
168640
168699
168897
168940
169069
169077
169100
169256
169281
169323
169324
169328
169345
169422
169445
169492
169517
169676
169714
169742
169798
169808
169875
170170
170321
170334
170381
170430
170449
170457
170502
170535
170555
170584
170628
170773
170784
170788
170832
170833
170853
170927
170958
170962
170974
170983
171057
171113
171144
171301
171368
171412
171417
171469
171507
171512
171528
171567
171604
171616
171637
171652
171723
171739
171755
171803
172046
172127
172187
172205
172216
172226
172311
172346
172386
172617
172628
172649
172727
172745
172757
172816
172867
172948
172962
173000
173148
173204
173292
173348
173352
173387
173455
173532
173538
173592
173642
173802
173923
173939
174005
174021
174081
174109
174114
174116
174136
174153
174178
174184
174271
174317
174318
174374
174379
174393
174455
174480
174481
174513
174521
174522
174563
174569
174685
174763
174883
174891
174996
174997
175041
175043
175125
175193
175261
175263
175273
175323
175350
175370
175371
175451
175457
175475
175481
175495
175516
175516
175559
175656
175692
175773
175924
176019
176027
176120
176140
176202
176204
176303
176306
176372
176412
176424
176530
176575
176610
176743
176757
176786
176787
176801
176814
176874
176892
176903
177003
177060
177088
177177
177203
177261
177295
177305
177473
177542
177576
177577
177605
177612
177657
177703
177703
177760
177790
177939
177983
178102
178133
178196
178205
178289
178293
178376
178433
178441
178573
178790
178821
178832
178911
179037
179076
179113
179128
179158
179190
179218
179402
179428
179440
179542
179556
179667
179783
179832
179844
179903
179923
179937
179982
179995
180001
180021
180050
180112
180122
180173
180307
180338
180357
180400
180520
180527
180616
180691
180786
180835
180953
181000
181002
181036
181117
181197
181220
181228
181307
181341
181357
181445
181520
181614
181694
181732
181766
181772
181801
181884
181934
181976
181992
181994
182015
182050
182097
182229
182230
182269
182427
182457
182517
182649
182670
182688
182689
182760
182775
182865
182869
182881
182937
182942
182962
183057
183182
183196
183222
183332
183343
183420
183596
183600
183652
183705
183811
183825
183829
183838
183878
183946
183998
184013
184046
184070
184071
184106
184109
184168
184210
184277
184429
184455
184469
184632
184636
184652
184660
184661
184716
184762
184830
184881
184933
184955
184961
185004
185007
185110
185220
185312
185321
185518
185518
185542
185578
185605
185744
185756
185836
185870
185917
185950
186000
186048
186051
186094
186126
186147
186160
186176
186190
186192
186210
186255
186276
186307
186340
186371
186388
186468
186483
186649
186671
186704
186709
186762
186763
186826
186900
186901
186909
186917
187023
187080
187139
187140
187174
187203
187253
187354
187421
187462
187476
187516
187550
187634
187665
187714
187720
187753
187766
187794
187800
187857
188029
188036
188036
188046
188064
188153
188159
188215
188245
188280
188399
188411
188480
188497
188570
188584
188595
188738
188851
188853
188894
188922
188926
188961
189067
189108
189139
189143
189184
189221
189261
189333
189354
189448
189462
189463
189485
189495
189512
189516
189533
189764
189830
189879
189880
189882
189944
190042
190050
190216
190329
190357
190360
190379
190400
190424
190453
190472
190477
190720
190736
190767
190786
190807
190842
190872
190901
191021
191041
191094
191125
191268
191269
191297
191329
191354
191415
191425
191692
191721
191724
191831
191880
191883
191914
191917
191940
191977
192082
192210
192211
192258
192317
192352
192503
192554
192650
192790
192831
192839
192857
192870
192912
192931
193027
193041
193044
193114
193128
193169
193224
193232
193260
193319
193331
193378
193412
193442
193492
193510
193574
193615
193661
193687
193776
193818
193849
193876
193985
193995
194106
194120
194186
194190
194228
194236
194243
194260
194276
194321
194364
194463
194494
194518
194559
194595
194647
194651
194853
194940
195085
195093
195183
195183
195222
195237
195243
195337
195445
195630
195661
195705
195717
195720
195775
195873
195908
195922
195959
195981
196018
196135
196186
196195
196205
196236
196254
196268
196284
196294
196317
196418
196469
196481
196585
196588
196611
196696
196702
196717
196754
196783
196832
196874
196911
196961
197021
197186
197235
197408
197456
197461
197491
197523
197553
197573
197612
197782
197882
197916
197969
197978
198005
198017
198035
198040
198066
198086
198113
198167
198209
198216
198249
198256
198265
198463
198510
198534
198541
198591
198619
198684
198688
198763
198788
198869
198881
198891
198967
199033
199060
199077
199101
199132
199134
199135
199181
199228
199281
199329
199438
199475
199624
199628
199639
199653
199714
199722
199751
199768
199794
199897
199924
199927
199978
199979
200038
200080
200124
200208
200297
200318
200358
200390
200417
200452
200471
200540
200562
200637
200660
200678
200747
200763
200912
200951
200993
201102
201106
201114
201149
201153
201207
201213
201229
201258
201302
201335
201398
201520
201603
201605
201619
201629
201670
201709
201721
201730
201795
201800
201845
201848
201860
201876
202256
202299
202831
202836
202841
202845
202864
202925
202943
202964
203038
203045
203103
203128
203130
203222
203237
203285
203320
203335
203354
203367
203465
203665
203751
203857
203880
203925
203940
203979
203992
204063
204121
204179
204192
204337
204367
204415
204444
204477
204492
204527
204554
204632
204706
204725
204802
204882
204910
204919
204930
204967
204972
204974
204999
205077
205088
205148
205197
205198
205201
205203
205204
205363
205398
205417
205425
205462
205506
205543
205552
205666
205791
205933
205974
205975
206025
206044
206300
206342
206412
206413
206451
206491
206527
206584
206646
206651
206662
206739
206755
206792
206834
206845
206877
206965
207012
207034
207040
207073
207100
207102
207136
207224
207266
207372
207521
207548
207656
207730
207905
207977
208206
208264
208277
208381
208382
208550
208602
208670
208675
208680
208724
208784
208851
208873
208886
208917
208960
209010
209029
209045
209076
209115
209119
209120
209137
209216
209269
209304
209455
209507
209534
209623
209730
209847
209855
209925
209930
209948
210001
210016
210017
210049
210057
210103
210107
210143
210204
210275
210347
210360
210365
210450
210481
210505
210509
210534
210545
210596
210688
210688
210704
210710
210728
210754
210832
210952
210961
211015
211034
211134
211217
211222
211380
211403
211462
211475
211502
211637
211660
211695
211699
211741
211770
211809
211854
211870
211880
211914
211955
212043
212096
212159
212178
212187
212194
212199
212287
212327
212340
212345
212359
212404
212412
212441
212462
212476
212623
212680
212789
212857
212932
212947
212957
213153
213283
213325
213376
213509
213511
213522
213657
213732
213767
213801
213878
213902
213932
213943
213971
213995
214012
214046
214068
214171
214371
214502
214539
214612
214622
214637
214681
214688
214726
214762
214776
214814
214820
214836
214880
214960
214968
215026
215160
215229
215293
215297
215298
215353
215353
215370
215486
215491
215512
215567
215733
215769
215914
215957
215969
216017
216039
216067
216076
216120
216225
216331
216357
216450
216472
216500
216571
216582
216623
216631
216695
216740
216791
216811
216830
216976
217019
217019
217058
217068
217102
217183
217298
217322
217416
217482
217506
217510
217575
217614
217688
217741
217862
217877
217938
217999
218022
218041
218056
218074
218244
218276
218313
218365
218371
218373
218408
218452
218515
218554
218600
218635
218652
218723
218754
218755
218845
218956
218988
219029
219066
219091
219134
219221
219336
219349
219537
219549
219557
219591
219655
219679
219749
219759
219822
219948
220133
220276
220288
220325
220363
220378
220429
220500
220588
220623
220670
220673
220722
220857
220997
221061
221088
221249
221312
221319
221336
221382
221486
221575
221610
221689
221776
221846
221979
221980
222004
222023
222030
222043
222102
222130
222141
222166
222186
222282
222364
222456
222466
222500
222586
222635
222657
222871
222880
222922
223051
223125
223131
223135
223187
223188
223220
223245
223277
223332
223361
223396
223435
223465
223483
223497
223533
223587
223658
223664
223755
223764
223767
223882
223887
223909
223986
224063
224154
224189
224282
224338
224490
224627
224694
224788
224821
225068
225204
225263
225369
225496
225545
225614
225614
225618
225661
225761
225843
225888
225935
225989
226008
226176
226245
226257
226283
226325
226402
226443
226447
226448
226499
226527
226550
226561
226627
226770
226983
226989
227155
227211
227274
227320
227326
227348
227366
227378
227419
227427
227500
227547
227631
227641
227684
227699
227711
227784
227877
227901
227902
227913
227965
227984
228178
228277
228292
228346
228364
228494
228497
228509
228605
228620
228633
228647
228709
228790
228810
228903
228936
228950
228980
229008
229076
229093
229117
229161
229383
229393
229482
229537
229571
229689
229706
229764
229816
229878
230037
230202
230206
230254
230363
230375
230430
230440
230505
230573
230700
230767
230789
230795
230830
230837
230862
230887
230920
230965
231005
231012
231039
231116
231118
231132
231141
231170
231198
231202
231251
231268
231309
231338
231345
231372
231394
231528
231557
231678
231772
231805
231815
231869
231886
231889
232055
232133
232202
232257
232261
232294
232338
232524
232555
232566
232589
232599
232637
232709
232830
232854
232897
232903
232925
233047
233063
233064
233070
233187
233200
233365
233474
233717
233771
233797
233819
233844
233988
234020
234139
234174
234177
234257
234303
234304
234325
234334
234489
234491
234578
234602
234629
234671
234714
234882
235015
235164
235206
235245
235423
235470
235497
235542
235551
235604
235671
235794
235802
235808
235864
235867
235875
236007
236009
236014
236052
236077
236124
236166
236196
236216
236277
236427
236464
236525
236555
236571
236612
236660
236684
236741
236783
236826
236862
236867
236903
236906
236912
236959
236971
237001
237027
237049
237096
237107
237133
237147
237164
237183
237217
237313
237344
237442
237450
237508
237511
237531
237612
237625
237719
237819
237867
237928
237928
237935
237977
238010
238027
238109
238152
238201
238207
238295
238364
238377
238392
238401
238498
238519
238561
238570
238579
238597
238638
238727
238805
238814
238852
238854
238871
238876
238881
238888
238915
239028
239087
239171
239179
239183
239295
239300
239301
239356
239410
239428
239443
239478
239742
239779
239809
239852
239939
239980
240018
240072
240141
240203
240232
240507
240530
240538
240708
240767
240780
240797
240802
240836
240892
240912
240919
240981
241067
241119
241161
241169
241237
241285
241313
241316
241395
241483
241528
241528
241534
241569
241576
241577
241707
241767
241825
241866
241886
241987
242017
242162
242163
242219
242294
242322
242343
242489
242569
242623
242633
242679
242769
242810
242952
243060
243065
243077
243141
243163
243268
243452
243468
243472
243497
243682
243687
243692
243752
243759
243768
243777
243787
243806
243836
243850
243857
243939
243948
244032
244036
244118
244124
244160
244175
244181
244254
244287
244372
244546
244554
244675
244706
244736
244784
244828
244876
245073
245196
245389
245393
245404
245425
245521
245601
245652
245705
245815
245855
245929
245955
246040
246043
246071
246073
246108
246124
246128
246201
246216
246249
246261
246378
246404
246477
246483
246533
246535
246582
246667
246672
246716
246836
246964
246982
247112
247123
247156
247253
247321
247327
247330
247344
247368
247429
247521
247583
247624
247648
247747
247776
247855
247907
247915
247952
247952
248008
248074
248092
248107
248113
248125
248150
248435
248443
248485
248493
248515
248525
248562
248580
248587
248600
248654
248654
248707
248708
248920
248933
248934
248972
249103
249129
249254
249320
249322
249327
249400
249416
249676
249686
249762
249782
249850
249962
250039
250046
250122
250127
250134
250154
250250
250387
250428
250435
250447
250473
250484
250513
250514
250595
250666
250744
250771
250810
250852
250875
250920
251013
251087
251253
251260
251322
251408
251418
251428
251432
251663
251673
251689
251790
251889
251916
251916
251939
251981
252009
252075
252154
252155
252193
252220
252254
252262
252264
252316
252333
252445
252482
252496
252549
252550
252583
252586
252598
252738
252797
252850
252898
252920
252968
252988
253029
253098
253100
253103
253122
253126
253229
253286
253304
253496
253498
253550
253611
253695
253862
253897
253920
253952
253986
254096
254130
254156
254254
254350
254403
254482
254492
254492
254566
254598
254673
254680
254714
254714
254777
254790
254952
254974
255018
255054
255067
255156
255165
255169
255174
255337
255338
255362
255428
255449
255539
255613
255653
255761
255773
255774
255796
255835
255851
255866
255874
256079
256085
256155
256179
256270
256277
256366
256412
256483
256503
256610
256726
256755
256789
256862
256955
256956
257014
257057
257083
257382
257519
257601
257640
257716
257903
258033
258074
258138
258309
258313
258369
258379
258431
258515
258561
258574
258586
258636
258641
258698
258787
258841
258866
258984
258996
259015
259088
259089
259211
259226
259241
259470
259510
259567
259591
259652
259655
259773
259803
259877
259901
259914
259937
259965
259975
260034
260084
260133
260193
260202
260203
260284
260296
260349
260457
260458
260505
260548
260566
260596
260688
260733
260745
260880
261034
261040
261061
261068
261094
261108
261176
261202
261329
261376
261392
261458
261508
261536
261553
261553
261561
261631
261686
261727
262038
262042
262078
262079
262118
262194
262202
262206
262341
262396
262435
262487
262557
262563
262857
262945
262997
263004
263103
263183
263228
263251
263413
263482
263602
263752
263850
263929
263947
263966
263970
264012
264200
264202
264208
264346
264435
264453
264519
264536
264554
264727
264758
264858
264912
264984
265110
265123
265232
265430
265437
265470
265597
265681
265721
265745
265875
265892
266021
266032
266052
266103
266182
266206
266210
266240
266450
266452
266466
266498
266567
266633
266633
266778
266781
266805
266942
266984
267031
267032
267039
267073
267113
267153
267153
267222
267248
267302
267316
267329
267391
267431
267509
267631
267743
267748
267824
267969
268003
268014
268032
268043
268129
268247
268335
268367
268508
268553
268676
268686
268702
268702
268705
268730
268739
268774
268783
268808
268835
268919
268933
268989
269063
269241
269294
269327
269335
269355
269411
269421
269547
269556
269584
269651
269665
269666
269837
269876
269926
270035
270042
270104
270164
270185
270187
270307
270331
270399
270583
270603
270646
270668
270680
270710
270743
270758
270812
270826
270879
270880
270887
270928
270929
271035
271041
271084
271199
271215
271237
271266
271270
271297
271332
271342
271345
271381
271415
271425
271462
271686
271747
271799
271815
271839
271940
271986
272006
272033
272109
272127
272223
272265
272284
272326
272374
272436
272507
272531
272552
272595
272657
272675
272734
272814
272866
273000
273011
273036
273042
273100
273217
273288
273302
273334
273411
273419
273437
273451
273623
273703
273886
273915
274000
274165
274188
274235
274286
274325
274339
274358
274417
274431
274438
274463
274464
274481
274518
274600
274702
274759
274808
274899
274960
274963
275013
275042
275088
275098
275103
275108
275112
275233
275247
275262
275310
275592
275668
275733
275742
275773
275788
275807
275817
275856
275921
276234
276249
276335
276356
276591
276641
276692
276739
276884
276977
276980
277118
277160
277204
277361
277391
277464
277496
277566
277658
277693
277724
277810
277845
277873
278147
278190
278202
278330
278330
278342
278365
278381
278503
278536
278570
278600
278605
278626
278633
278644
278702
278717
278803
278852
278886
278914
278923
278964
279010
279085
279089
279207
279220
279252
279262
279288
279319
279376
279406
279466
279484
279600
279678
279725
279749
279752
279826
279863
279886
279970
279982
280009
280015
280022
280073
280130
280150
280308
280336
280358
280417
280417
280477
280503
280556
280638
280674
280780
280814
280843
280889
280947
280987
280994
281000
281030
281054
281120
281154
281170
281219
281226
281265
281275
281292
281388
281510
281569
281623
281683
281718
281794
281800
281968
281974
282040
282060
282068
282113
282149
282215
282296
282307
282329
282339
282478
282539
282554
282595
282727
282744
282752
282799
282805
282852
282999
283014
283019
283088
283135
283245
283263
283269
283384
283439
283452
283520
283533
283549
283590
283602
283633
283709
283713
283730
283827
283869
284074
284099
284427
284439
284443
284499
284531
284589
284596
284801
284879
284909
284933
284950
285043
285096
285172
285190
285273
285275
285293
285347
285348
285367
285377
285380
285381
285388
285436
285707
285749
285750
285781
285789
285815
286052
286082
286139
286144
286278
286300
286347
286352
286419
286445
286450
286451
286466
286489
286574
286676
286723
286793
286872
286932
287007
287011
287106
287113
287180
287189
287214
287218
287390
287403
287407
287423
287484
287510
287601
287635
287684
287765
287777
287794
287799
288038
288039
288048
288071
288112
288149
288172
288218
288261
288345
288359
288365
288457
288462
288495
288498
288506
288511
288521
288529
288570
288595
288730
288805
288816
288829
288854
288890
288949
288958
288963
289051
289052
289161
289181
289234
289441
289472
289486
289548
289552
289602
289618
289626
289645
289711
289730
289735
289848
289871
289878
289906
289977
289990
290111
290162
290221
290237
290271
290289
290296
290394
290467
290467
290471
290484
290535
290536
290550
290553
290569
290606
290620
290784
290825
290990
290996
290998
291188
291204
291225
291401
291403
291417
291425
291442
291464
291471
291476
291497
291584
291617
291809
291810
291817
291957
291995
292063
292069
292118
292296
292355
292362
292376
292571
292632
292637
292652
292655
292796
292841
292994
293144
293145
293231
293279
293446
293468
293482
293562
293601
293705
293741
293753
293795
293956
293970
294006
294034
294043
294119
294138
294162
294197
294212
294228
294238
294252
294306
294323
294353
294494
294570
294575
294601
294713
294762
294832
294928
294932
295014
295024
295095
295130
295140
295173
295238
295280
295378
295406
295409
295446
295446
295494
295504
295580
295649
295701
295750
295960
296046
296069
296076
296104
296147
296168
296242
296270
296453
296473
296699
296730
296750
296805
296814
296849
296874
296877
296889
296989
297067
297087
297160
297211
297315
297364
297460
297495
297532
297614
297637
297758
297763
297763
297815
297836
297863
297893
297903
297998
298019
298051
298153
298248
298273
298301
298303
298472
298510
298542
298561
298567
298576
298577
298580
298622
298644
298732
298852
298855
298987
299047
299081
299153
299189
299267
299283
299387
299472
299530
299609
299616
299732
299823
299832
299846
299897
299899
299939
299952
299985
299987
299995
300056
300134
300175
300243
300244
300262
300270
300278
300341
300357
300377
300520
300641
300697
300747
300787
300808
300825
300851
300910
300918
301018
301020
301073
301100
301221
301235
301272
301308
301337
301383
301393
301485
301507
301510
301538
301573
301667
301770
301791
301888
301947
301951
301965
301974
302107
302126
302288
302309
302338
302366
302434
302452
302522
302541
302575
302586
302643
302661
302711
302743
302768
302793
302793
302839
302895
302900
302949
303037
303066
303077
303097
303142
303154
303193
303208
303460
303487
303491
303513
303523
303549
303593
303609
303613
303648
303657
303762
303820
304030
304070
304228
304271
304313
304336
304436
304456
304489
304549
304563
304566
304571
304641
304711
304724
304756
304759
304787
304998
305006
305017
305115
305221
305241
305276
305289
305341
305345
305416
305455
305498
305511
305569
305574
305834
305835
306035
306036
306152
306169
306171
306206
306263
306269
306345
306383
306481
306500
306551
306660
306795
306822
306881
306881
306987
307008
307058
307214
307289
307415
307457
307688
307746
307757
307775
307778
307798
307870
307977
307990
308000
308022
308067
308111
308160
308199
308269
308333
308334
308362
308396
308472
308497
308528
308549
308650
308689
308698
308708
308714
308758
308810
308946
308967
309075
309202
309211
309246
309256
309260
309291
309292
309334
309372
309427
309443
309557
309569
309669
309706
309814
309852
309865
309927
309976
309990
310102
310113
310142
310159
310163
310192
310203
310228
310231
310262
310283
310437
310457
310500
310541
310626
310707
310713
310749
310797
310840
310891
310996
311031
311034
311101
311164
311217
311248
311251
311271
311278
311375
311553
311569
311574
311681
311721
311732
311741
311806
311836
311857
311889
311907
311943
312012
312047
312151
312360
312377
312472
312485
312565
312602
312613
312683
312689
312831
313024
313036
313072
313122
313183
313229
313314
313338
313439
313534
313548
313567
313571
313682
313701
313747
313761
313762
313799
313805
313837
313840
313867
313938
314025
314038
314047
314071
314121
314182
314209
314217
314250
314427
314454
314534
314592
314713
314761
314848
314876
314962
315003
315026
315038
315078
315165
315202
315203
315373
315417
315449
315528
315569
315576
315658
315660
315872
315893
315902
315924
316012
316046
316056
316075
316117
316143
316191
316318
316463
316543
316550
316651
316707
316714
316716
316728
316733
316801
316804
316906
317050
317101
317127
317274
317302
317308
317387
317408
317419
317423
317532
317533
317552
317673
317717
317731
317779
317853
317881
317899
317984
317994
318023
318270
318286
318339
318360
318400
318626
318648
318729
318804
319012
319060
319078
319119
319162
319211
319370
319439
319477
319627
319710
319732
319826
319844
319862
319885
319888
319989
320024
320054
320074
320124
320191
320239
320248
320261
320268
320350
320402
320402
320410
320503
320567
320606
320809
320920
320962
321190
321220
321222
321287
321351
321359
321388
321460
321584
321701
321715
321731
321754
321765
321775
321789
321795
321904
321919
322039
322080
322164
322185
322211
322253
322273
322293
322342
322354
322393
322394
322449
322499
322512
322515
322550
322555
322568
322607
322666
322674
322675
322793
322830
322869
322900
322943
323000
323025
323092
323099
323136
323181
323191
323219
323265
323271
323278
323354
323388
323439
323543
323545
323576
323664
323818
323849
323907
324022
324065
324074
324077
324122
324151
324201
324261
324261
324414
324427
324480
324494
324529
324642
324642
324703
324704
324812
324858
324872
324908
325023
325080
325106
325107
325127
325230
325270
325291
325440
325492
325529
325553
325584
325604
325608
325618
325696
325749
325768
325784
325791
325821
325914
325988
326044
326124
326126
326137
326146
326190
326341
326406
326458
326602
326645
326694
326703
326712
326722
326792
326871
326911
326923
326952
327013
327042
327152
327204
327205
327230
327239
327345
327370
327446
327456
327560
327564
327581
327602
327615
327716
327783
327809
327827
327844
327845
328028
328056
328100
328116
328123
328226
328266
328349
328441
328547
328548
328616
328629
328636
328637
328762
328870
329080
329102
329148
329150
329283
329303
329311
329558
329562
329672
329704
329858
329859
329920
329954
329993
330012
330096
330099
330175
330192
330195
330214
330224
330244
330277
330339
330400
330416
330430
330434
330463
330533
330746
330746
330760
330763
330792
330884
330939
330951
330983
331045
331084
331141
331178
331189
331307
331442
331486
331555
331611
331638
331659
331693
331708
331801
331849
332109
332134
332258
332331
332399
332423
332443
332450
332505
332550
332598
332651
332714
332717
332717
332778
332779
332832
332843
332871
332885
332911
332921
332961
332964
333034
333068
333176
333202
333246
333343
333411
333472
333474
333476
333529
333639
333648
333658
333662
333672
333695
333720
333726
333726
333750
333812
333840
333866
333871
333889
333969
333987
334007
334072
334133
334145
334183
334194
334201
334252
334302
334516
334524
334581
334624
334660
334683
334763
334817
334889
334958
335078
335125
335199
335358
335412
335425
335456
335470
335506
335526
335565
335598
335621
335624
335659
335739
335740
335756
335773
335776
335783
335785
335872
335906
335925
335975
335979
335997
336145
336168
336189
336193
336244
336411
336471
336554
336674
336688
336724
336761
336958
336963
337034
337036
337056
337072
337076
337148
337168
337259
337277
337394
337398
337505
337563
337585
337658
337669
337672
337747
337766
337844
337873
338023
338043
338207
338217
338253
338284
338414
338427
338449
338460
338475
338484
338602
338614
338712
338725
338740
338788
339024
339123
339139
339153
339160
339183
339198
339242
339273
339328
339334
339368
339609
339610
339639
339674
339726
339747
339791
339890
339896
339954
340022
340032
340144
340176
340419
340633
340634
340642
340663
340796
340820
340825
340859
340921
341022
341121
341148
341198
341233
341255
341369
341376
341427
341431
341455
341483
341501
341725
341849
341854
341871
341919
341933
341957
341998
342003
342054
342086
342189
342278
342286
342425
342456
342518
342559
342559
342623
342705
342714
342718
342892
342981
343009
343015
343031
343084
343110
343200
343254
343338
343526
343534
343594
343636
343695
343718
343730
343773
343845
343892
343908
343911
343932
343952
343981
344084
344090
344095
344113
344172
344268
344325
344365
344392
344545
344549
344583
344718
344732
344758
344846
344918
344924
344951
345023
345025
345119
345134
345170
345171
345277
345299
345437
345502
345626
345685
345727
345802
345856
345886
346055
346099
346221
346225
346260
346415
346458
346503
346545
346596
346649
346742
346750
346759
346939
347039
347044
347120
347170
347193
347229
347436
347543
347594
347605
347690
347711
347790
347796
347815
347890
347895
347905
347915
347941
348089
348236
348257
348272
348276
348288
348309
348462
348492
348505
348549
348559
348579
348595
348685
348794
348845
348873
348883
348909
348924
349006
349026
349027
349052
349076
349095
349134
349428
349451
349465
349477
349477
349482
349558
349679
349714
349747
349756
349769
349810
349814
349895
349944
350026
350083
350153
350215
350234
350252
350340
350362
350408
350424
350424
350483
350492
350506
350535
350552
350588
350630
350664
350885
350931
350978
350995
351002
351048
351173
351240
351249
351443
351457
351459
351515
351560
351592
351595
351630
351638
351687
351714
351734
351743
351768
351772
351776
351786
351795
351809
351835
351870
351884
351986
352152
352169
352230
352242
352319
352329
352331
352468
352480
352500
352550
352553
352581
352631
352647
352654
352691
352712
352717
352784
352791
352919
352920
352955
352955
353077
353077
353113
353183
353216
353292
353310
353318
353425
353441
353530
353621
353653
353659
353699
353758
353811
353824
353853
353870
353942
353989
354000
354013
354198
354319
354349
354425
354596
354604
354666
354677
354692
354757
354759
354770
354849
354886
354900
354988
354992
355022
355026
355150
355172
355182
355202
355225
355242
355466
355550
355583
355635
355759
355772
355794
355845
355888
355893
355932
355933
355934
356007
356053
356178
356196
356224
356258
356265
356324
356380
356475
356507
356513
356767
356768
356805
356866
356901
356934
356960
357029
357156
357312
357385
357502
357531
357628
357679
357738
357744
357754
357766
357766
357896
357922
357939
358002
358011
358059
358070
358103
358241
358267
358374
358533
358559
358677
358709
358731
358850
358883
358970
359035
359116
359222
359225
359232
359296
359335
359376
359397
359468
359525
359540
359575
359598
359619
359685
359713
359733
359769
359896
359955
359972
360059
360098
360341
360382
360427
360436
360464
360506
360663
360709
360716
360726
360779
360796
360823
360841
360855
360897
360902
360918
360969
360980
361032
361040
361087
361201
361209
361261
361410
361416
361439
361459
361543
361610
361706
361722
361736
361833
361858
361892
362314
362317
362442
362443
362465
362467
362497
362539
362568
362586
362601
362673
362680
362703
362703
362818
362822
363004
363144
363149
363189
363198
363217
363383
363434
363446
363635
363672
363772
363781
364096
364161
364211
364238
364278
364283
364518
364539
364545
364574
364734
364743
364745
364760
364769
364863
364883
364906
364961
364972
365023
365056
365092
365117
365150
365160
365211
365241
365327
365346
365422
365522
365531
365669
365692
365757
365770
365793
365824
365862
365956
366031
366093
366120
366128
366156
366257
366371
366426
366547
366567
366578
366613
366652
366697
366705
366819
366894
366923
367064
367143
367154
367330
367366
367504
367509
367642
367653
367664
367733
367743
367896
367941
368166
368206
368235
368261
368300
368340
368361
368367
368400
368530
368619
368670
368712
368849
368919
368934
369314
369510
369564
369610
369676
369801
369839
369871
369948
369984
370018
370166
370169
370218
370228
370296
370311
370388
370393
370440
370448
370481
370547
370577
370670
370697
370766
370825
370847
370964
371041
371055
371067
371117
371175
371306
371340
371369
371497
371586
371673
371767
371789
371817
371839
371936
371985
372008
372114
372142
372168
372223
372223
372294
372308
372354
372380
372396
372420
372458
372497
372559
372582
372691
372777
372833
372852
372889
372916
372925
372927
373048
373070
373164
373167
373169
373242
373344
373371
373528
373583
373588
373614
373692
373707
373733
373767
373784
373788
373789
373877
373900
374058
374078
374081
374177
374178
374220
374253
374366
374427
374474
374546
374580
374599
374628
374675
374680
374695
374724
374783
374884
375013
375031
375056
375059
375105
375158
375201
375220
375279
375418
375535
375640
375727
375749
375845
375913
375918
376000
376230
376277
376307
376323
376330
376342
376350
376431
376569
376732
376758
376787
376856
376907
376930
376930
376939
376960
376961
377205
377263
377355
377375
377383
377389
377422
377538
377590
377627
377653
377655
377733
377754
377765
377772
377834
377930
378061
378095
378124
378195
378240
378373
378462
378556
378593
378697
378737
378749
378765
378775
378834
378858
378896
378927
379018
379021
379169
379181
379241
379285
379524
379654
379675
379703
379706
379802
379833
379899
379912
379921
379954
379972
379973
379977
380068
380120
380127
380145
380164
380170
380173
380191
380215
380224
380270
380326
380346
380362
380394
380417
380444
380560
380628
380675
380765
380821
380859
380904
380994
381023
381033
381058
381067
381154
381222
381237
381275
381311
381330
381382
381387
381471
381551
381569
381581
381628
381646
381744
381763
381786
381815
381842
381878
381901
381950
382011
382141
382342
382412
382488
382500
382546
382616
382622
382627
382741
382751
382911
382938
382997
383039
383058
383073
383110
383120
383254
383258
383306
383308
383311
383365
383387
383410
383422
383534
383591
383615
383689
383723
383729
383739
383777
383782
383835
383842
383856
383871
383893
383904
383907
383939
383951
384067
384166
384250
384256
384281
384374
384479
384501
384511
384543
384616
384630
384652
384691
384713
384754
384760
384769
384860
384893
384944
385016
385035
385045
385051
385086
385112
385171
385188
385197
385286
385292
385303
385373
385404
385530
385559
385571
385642
385656
385667
385701
385837
385905
385914
385988
385994
386012
386028
386190
386206
386224
386333
386372
386404
386419
386454
386473
386478
386522
386550
386558
386608
386701
386738
386833
386964
386968
386990
387077
387077
387096
387126
387138
387161
387183
387189
387262
387268
387298
387298
387380
387556
387716
387735
387794
387836
387974
388012
388090
388116
388164
388200
388223
388382
388487
388537
388586
388672
388791
388835
388885
388899
388904
388905
388909
389043
389237
389243
389263
389268
389329
389493
389540
389583
389635
389646
389648
389684
389771
389907
389924
390040
390108
390109
390221
390224
390245
390278
390295
390298
390417
390565
390618
390650
390703
390714
390740
390741
390755
390780
390811
390936
390958
390980
391065
391146
391153
391226
391251
391269
391272
391295
391295
391300
391443
391541
391643
391708
391765
391787
391797
391856
391901
391917
391945
392073
392148
392197
392450
392498
392607
392613
392617
392632
392639
392691
392714
392731
392763
392764
392786
392808
392959
392988
393092
393198
393262
393262
393307
393333
393367
393399
393491
393525
393536
393638
393674
393693
393717
393758
393783
393812
393885
393893
393973
394014
394091
394166
394188
394226
394248
394277
394314
394375
394431
394471
394603
394605
394657
394680
394728
394854
394906
394910
395001
395015
395069
395163
395315
395328
395354
395464
395553
395681
395694
395706
395724
395774
395801
395879
395918
396005
396015
396019
396080
396151
396174
396194
396265
396271
396300
396304
396356
396364
396443
396586
396600
396644
396883
397008
397033
397062
397066
397086
397120
397176
397203
397280
397297
397306
397440
397465
397516
397586
397590
397602
397654
397670
397678
397735
397881
397882
397890
397919
398012
398046
398055
398146
398250
398357
398409
398453
398514
398561
398588
398600
398622
398623
398765
398772
398774
398895
398968
399072
399098
399130
399179
399214
399270
399288
399298
399303
399332
399394
399470
399480
399581
399681
399700
399706
399735
399743
399832
399981
400140
400239
400301
400355
400358
400358
400400
400424
400460
400531
400716
400718
400737
400784
400890
400940
400994
401075
401097
401141
401187
401189
401216
401218
401220
401234
401304
401329
401343
401362
401671
401712
401781
401830
401843
401856
401861
401997
402021
402062
402099
402104
402146
402146
402291
402293
402325
402365
402365
402477
402481
402543
402598
402636
402658
402659
402750
402845
402858
402867
402901
403031
403176
403234
403270
403279
403330
403362
403402
403485
403505
403518
403547
403564
403591
403687
403864
403876
403897
403910
403978
404005
404043
404104
404113
404134
404196
404230
404303
404308
404377
404558
404582
404591
404626
404777
404935
404967
404989
404998
405011
405031
405082
405162
405204
405235
405245
405269
405347
405404
405501
405511
405608
405635
405662
405714
405716
405740
405780
405808
405813
405844
405864
405890
405896
405964
405968
406002
406026
406194
406261
406306
406339
406517
406555
406593
406625
406713
406723
406723
406810
406835
406846
407014
407031
407135
407164
407257
407259
407276
407301
407429
407522
407627
407689
407691
407710
407745
407748
407776
407784
407867
407915
407938
407998
408029
408119
408125
408187
408220
408312
408379
408402
408413
408443
408474
408495
408570
408598
408793
408827
408939
408957
408989
409028
409066
409147
409153
409355
409425
409500
409687
409735
409739
409980
410022
410074
410092
410146
410157
410225
410249
410318
410389
410461
410559
410591
410604
410757
410810
410829
410833
410943
411071
411112
411139
411167
411212
411244
411247
411325
411407
411469
411521
411594
411656
411709
411730
411776
411795
411805
411948
411980
411996
412043
412105
412122
412140
412145
412242
412264
412272
412298
412317
412504
412509
412538
412545
412571
412588
412614
412665
412761
412772
412891
412894
412958
412971
413010
413060
413076
413090
413192
413202
413220
413225
413392
413455
413612
413633
413766
413859
413876
413878
413909
413936
414078
414155
414215
414272
414288
414327
414445
414605
414608
414648
414734
414751
414794
414882
414951
414976
415056
415102
415104
415181
415229
415404
415475
415550
415569
415576
415597
415690
415710
415713
415717
415816
415994
416028
416086
416110
416133
416138
416149
416153
416170
416179
416183
416308
416364
416388
416398
416456
416485
416532
416547
416597
416679
416866
416870
416884
416906
416909
416914
416914
417078
417141
417174
417207
417401
417614
417621
417637
417639
417897
417912
417989
418000
418041
418048
418125
418151
418199
418202
418249
418304
418334
418335
418338
418438
418590
418662
418664
418680
418765
418849
418909
418959
418971
418983
419004
419095
419196
419247
419256
419291
419359
419449
419536
419588
419637
419698
419726
419755
419813
419817
419849
419891
419941
419960
420024
420315
420335
420424
420429
420568
420606
420626
420634
420649
420664
420870
420926
420939
420954
421022
421078
421099
421113
421119
421294
421442
421484
421540
421578
421737
421756
421864
421923
421944
422022
422040
422104
422184
422189
422489
422541
422574
422605
422701
422728
422778
422782
422826
422840
422923
422992
423028
423028
423053
423068
423098
423168
423233
423235
423299
423317
423363
423431
423437
423499
423532
423639
423741
423824
423905
423939
423989
423990
423996
423998
424026
424110
424165
424317
424332
424344
424349
424371
424401
424411
424434
424469
424498
424508
424605
424629
424634
424649
424672
424843
424844
424908
424973
425048
425128
425176
425183
425188
425237
425279
425427
425428
425470
425473
425478
425531
425535
425570
425671
425686
425943
425952
425954
425965
426006
426071
426166
426209
426220
426423
426512
426576
426604
426737
426840
426844
426849
426920
427004
427019
427081
427096
427227
427237
427312
427430
427451
427499
427577
427608
427608
427664
427715
427808
427830
427844
427922
428094
428104
428171
428286
428335
428350
428422
428452
428511
428583
428652
428688
428746
428765
428773
428775
428803
428816
428823
429114
429206
429278
429307
429383
429391
429418
429451
429479
429492
429495
429527
429612
429657
429718
429732
429784
429809
429826
429860
429924
429934
429995
430022
430095
430123
430141
430173
430193
430215
430242
430358
430358
430394
430465
430526
430567
430619
430665
430679
430701
430720
430759
430760
430782
430802
430829
430889
431013
431048
431066
431081
431216
431232
431327
431336
431370
431455
431535
431648
431668
431674
431691
431706
431779
431959
432030
432064
432232
432286
432332
432345
432384
432400
432414
432419
432433
432468
432504
432534
432535
432584
432588
432593
432605
432685
432692
432731
432802
432891
432966
433055
433117
433170
433248
433455
433578
433597
433603
433630
433685
433803
433818
433828
433862
434050
434134
434135
434237
434275
434304
434320
434371
434393
434413
434675
434799
434857
434882
434935
434938
434965
435025
435046
435065
435109
435140
435339
435362
435402
435438
435522
435537
435537
435599
435657
435695
435735
435766
435789
435936
435976
435991
436013
436014
436026
436112
436171
436183
436196
436268
436340
436361
436367
436493
436560
436626
436774
436888
436926
436949
436958
436981
437024
437106
437131
437142
437151
437202
437253
437269
437348
437475
437503
437525
437607
437911
437936
438044
438051
438243
438312
438444
438542
438542
438609
438669
438732
438786
438793
438882
438882
439053
439078
439110
439203
439236
439242
439326
439329
439350
439361
439412
439481
439518
439597
439597
439599
439617
439674
439911
440031
440097
440234
440253
440274
440279
440295
440299
440411
440416
440438
440504
440573
440615
440734
440764
440798
440838
440926
440950
440968
440993
440993
441065
441202
441239
441304
441323
441361
441413
441522
441550
441553
441574
441652
441768
441872
441894
442032
442226
442274
442382
442395
442485
442617
442728
442751
442775
442821
442829
442836
442911
443088
443109
443136
443242
443244
443351
443359
443366
443395
443513
443598
443635
443772
443863
443875
443914
443951
443953
444044
444098
444125
444129
444133
444140
444154
444167
444174
444226
444348
444375
444423
444557
444697
444749
444780
444898
444981
444989
445017
445027
445069
445125
445172
445279
445279
445295
445333
445404
445421
445492
445582
445691
445786
445829
445859
445915
445938
445942
445957
446019
446051
446062
446098
446395
446435
446553
446607
446662
446730
446735
446739
446818
446846
446855
446899
446922
446940
447046
447248
447285
447340
447503
447517
447521
447583
447663
447765
447846
447915
447950
447966
448000
448026
448042
448086
448124
448130
448217
448228
448246
448287
448323
448347
448351
448424
448528
448615
448649
448698
448723
448737
448759
448852
448869
448872
448931
448943
449034
449049
449106
449139
449188
449279
449542
449550
449587
449606
449616
449689
449696
449730
449736
449769
449777
449824
449928
449946
449998
450020
450149
450201
450240
450412
450458
450510
450520
450526
450562
450681
450682
450732
450932
450938
450941
450962
451018
451049
451122
451167
451201
451210
451215
451261
451324
451434
451441
451546
451587
451644
451731
451760
451777
451778
451895
451937
452001
452128
452130
452139
452324
452379
452550
452553
452557
452557
452560
452623
452625
452702
452727
452780
452986
452993
453038
453045
453242
453491
453573
453644
453697
453744
453767
453803
453809
453959
453993
454111
454183
454228
454230
454295
454395
454412
454491
454595
454701
454750
454831
454834
454872
454908
454944
454948
454989
455015
455258
455362
455425
455445
455501
455529
455654
455661
455709
455714
455734
455860
455887
455898
455912
455953
455964
456017
456107
456108
456115
456168
456180
456258
456311
456391
456540
456607
456644
456656
456849
456851
457007
457070
457085
457128
457216
457230
457240
457255
457344
457368
457405
457492
457553
457556
457569
457582
457617
457636
457678
457703
457764
457917
457923
458003
458025
458067
458083
458132
458179
458197
458225
458233
458241
458305
458337
458342
458362
458423
458425
458529
458541
458565
458595
458714
458742
458846
458896
458910
458974
458987
459056
459106
459308
459338
459348
459400
459417
459481
459563
459570
459614
459616
459699
459710
459721
459730
459756
459851
459955
459987
460001
460069
460203
460259
460309
460322
460328
460334
460414
460432
460448
460520
460635
460780
460846
460921
460964
460985
461091
461127
461159
461236
461318
461322
461339
461376
461510
461626
461638
461712
461742
461873
461880
461997
462006
462060
462105
462140
462242
462245
462284
462313
462396
462463
462511
462538
462553
462557
462657
462830
462834
462955
462972
462994
463074
463300
463499
463540
463553
463757
463786
463811
463828
463859
463886
464023
464099
464111
464185
464266
464295
464317
464349
464356
464365
464452
464494
464507
464594
464616
464775
464909
464944
464987
465014
465017
465035
465318
465426
465534
465664
465698
465832
465873
465878
465906
465929
466053
466194
466300
466457
466491
466537
466645
466652
466682
466723
466783
466839
466851
466860
466865
466960
467045
467187
467199
467200
467323
467395
467396
467444
467553
467561
467635
467693
467694
467705
467722
467724
467746
467793
467800
467826
467834
468034
468056
468093
468136
468175
468188
468198
468244
468327
468356
468366
468478
468484
468559
468592
468602
468614
468648
468652
468686
468749
468753
468800
468841
468926
469000
469001
469002
469073
469098
469130
469192
469226
469279
469324
469361
469432
469457
469527
469541
469572
469718
469738
469748
469771
469861
469902
469943
469950
470009
470144
470331
470384
470435
470462
470470
470594
470600
470664
470705
470752
470754
470817
470964
470996
471036
471047
471082
471104
471190
471240
471266
471277
471283
471296
471329
471339
471380
471594
471594
471767
471809
471839
471900
471943
471994
472035
472062
472072
472112
472150
472239
472316
472415
472419
472432
472454
472484
472568
472662
472781
472805
472827
472847
472969
473050
473099
473116
473121
473137
473149
473171
473233
473291
473409
473577
473615
473621
473655
473704
473743
473839
473914
473965
474080
474104
474125
474308
474329
474356
474410
474448
474506
474537
474600
474722
474736
474741
474744
474849
475084
475164
475311
475347
475358
475488
475552
475631
475637
475770
475851
475871
475912
475920
475947
475963
475969
476033
476109
476214
476326
476333
476410
476418
476691
476697
476697
476731
476894
477055
477059
477063
477115
477129
477131
477201
477353
477410
477411
477465
477515
477527
477543
477646
477688
477713
477738
477753
477757
477771
477825
477891
477912
478005
478112
478139
478254
478337
478419
478468
478512
478531
478584
478632
478637
478654
478756
478800
478827
478872
478880
478942
479051
479079
479160
479210
479244
479368
479377
479380
479405
479434
479467
479510
479525
479608
479625
479631
479656
479688
479703
479721
479723
479811
479836
479847
479951
479956
479966
479998
480149
480180
480353
480405
480571
480612
480707
480714
480763
480780
480875
480904
480965
481218
481279
481424
481488
481510
481536
481556
481612
481635
481661
481744
481752
481762
481783
481786
481857
481890
481905
481986
481997
482043
482059
482094
482103
482121
482255
482291
482388
482393
482414
482443
482486
482544
482578
482586
482679
482707
482724
482730
482857
482955
482957
482966
482984
483066
483124
483169
483192
483194
483262
483293
483302
483368
483424
483432
483434
483461
483502
483597
483690
483757
483772
483895
484153
484305
484369
484479
484560
484634
484644
484648
484657
484717
484744
484748
484768
484860
484908
484941
484978
485070
485158
485224
485227
485306
485350
485405
485441
485467
485482
485505
485586
485597
485611
485650
485657
485703
485709
485731
485781
485821
485869
486062
486150
486224
486274
486285
486359
486365
486377
486465
486512
486569
486777
486789
486794
486827
486866
486942
486976
487009
487039
487273
487361
487421
487436
487449
487514
487518
487556
487627
487638
487673
487760
487806
487983
487988
488012
488017
488028
488100
488112
488131
488177
488319
488352
488436
488474
488542
488616
488677
488708
488761
488766
488812
488818
488831
488831
488880
488931
489011
489049
489106
489158
489242
489267
489282
489334
489368
489422
489448
489483
489616
489653
489699
489737
489766
489942
490016
490020
490091
490096
490102
490120
490135
490189
490229
490231
490231
490310
490317
490339
490397
490511
490533
490533
490535
490692
490821
490853
490907
490992
491008
491039
491040
491056
491068
491111
491134
491150
491150
491183
491219
491277
491547
491599
491608
491644
491706
491720
491737
491774
491876
492022
492029
492075
492111
492143
492186
492237
492244
492269
492446
492453
492454
492485
492587
492609
492674
492700
492756
492871
492917
492932
492967
492968
493025
493041
493083
493170
493181
493211
493243
493275
493299
493475
493551
493552
493577
493578
493643
493675
493776
493825
493864
493873
493931
493944
494002
494006
494019
494044
494074
494074
494094
494138
494172
494200
494211
494222
494246
494252
494255
494559
494571
494574
494584
494621
494637
494712
494750
495010
495034
495037
495123
495129
495142
495221
495271
495304
495419
495465
495532
495573
495576
495683
495740
495796
495878
495937
495990
496081
496156
496257
496274
496281
496310
496321
496589
496610
496787
496818
496845
496855
496925
497061
497065
497074
497138
497150
497182
497233
497244
497266
497272
497359
497414
497479
497609
497623
497647
497659
497685
497728
497735
497827
497857
497957
498041
498049
498176
498236
498241
498261
498291
498326
498357
498388
498398
498427
498430
498435
498442
498480
498606
498625
498673
498687
498776
498844
498883
499014
499124
499161
499207
499215
499271
499285
499313
499349
499426
499443
499615
499678
499687
499692
499713
499766
499774
499899
500060
500107
500154
500160
500179
500179
500220
500280
500299
500316
500371
500420
500471
500471
500503
500664
500687
500780
500798
500852
500870
500923
500952
500988
501028
501061
501132
501143
501213
501341
501358
501534
501556
501618
501734
501763
501778
501780
501795
501823
501945
501964
501977
501987
502025
502030
502035
502039
502133
502278
502290
502373
502414
502471
502613
502646
502715
502729
502748
502756
502817
502821
502877
502986
503037
503054
503201
503225
503246
503263
503264
503334
503401
503463
503474
503479
503555
503794
503852
503919
503953
503998
504029
504051
504102
504276
504292
504339
504384
504419
504434
504466
504489
504560
504566
504630
504696
504743
504812
504854
504870
504874
505081
505164
505209
505216
505306
505318
505489
505518
505565
505637
505652
505682
505696
505761
505834
505894
505907
505922
505925
505942
506001
506040
506055
506084
506087
506193
506198
506209
506212
506234
506245
506255
506261
506317
506322
506469
506557
506646
506647
506659
506664
506766
506819
506908
506945
507018
507073
507238
507318
507339
507391
507412
507496
507529
507539
507609
507771
507811
507834
507849
507892
507905
507966
507986
508021
508039
508074
508134
508157
508173
508193
508265
508274
508314
508364
508370
508372
508403
508443
508482
508492
508502
508769
508851
508882
509049
509119
509151
509200
509231
509259
509336
509367
509478
509495
509585
509590
509624
509643
509765
509793
509838
509907
509975
510082
510192
510286
510304
510369
510453
510475
510476
510481
510658
510690
510711
510717
510723
510731
510746
510759
510855
510881
510895
510962
510983
511006
511007
511033
511056
511072
511201
511208
511280
511301
511338
511369
511423
511488
511499
511532
511610
511641
511650
511696
511740
511786
511802
511818
511823
511827
511829
511862
511957
512186
512195
512370
512416
512478
512482
512595
512604
512639
512664
512715
512719
512726
512744
512770
512927
513093
513101
513111
513114
513136
513179
513192
513216
513237
513237
513266
513278
513296
513315
513367
513386
513393
513506
513514
513549
513602
513641
513661
513669
513675
513680
513687
513720
513775
513812
513829
513900
513960
513999
514013
514078
514182
514202
514208
514278
514308
514325
514339
514343
514351
514370
514424
514429
514453
514505
514648
514685
514695
514754
514806
514816
514853
514901
514951
514996
515030
515043
515069
515106
515218
515234
515256
515414
515429
515497
515505
515718
515727
515795
515837
515842
515856
515883
515899
515961
516023
516045
516081
516091
516197
516294
516304
516333
516348
516390
516399
516451
516483
516512
516523
516590
516599
516623
516639
516714
516716
516724
516770
516906
516939
516942
516945
517010
517138
517163
517236
517251
517361
517367
517387
517524
517630
517640
517751
517796
517827
517828
517869
517882
517898
517931
518035
518061
518163
518210
518306
518336
518355
518364
518577
518655
518789
518791
518888
518923
519015
519121
519158
519167
519221
519323
519343
519362
519476
519632
519729
519738
519770
519776
519821
519919
520117
520203
520252
520268
520424
520427
520440
520519
520570
520593
520655
520711
520713
520785
520824
520863
520864
520867
521055
521059
521065
521101
521248
521262
521319
521324
521463
521495
521525
521525
521590
521601
521620
521647
521665
521683
521722
521727
521744
521831
521837
521870
521872
522033
522040
522073
522089
522122
522128
522166
522177
522187
522374
522381
522384
522400
522509
522555
522583
522605
522619
522699
522785
522788
522794
522817
522831
522906
522923
522936
522945
522952
522972
522986
523047
523067
523299
523340
523349
523388
523440
523458
523527
523582
523603
523720
523736
523747
523778
523916
523923
523923
523959
523977
524008
524042
524049
524083
524106
524212
524219
524259
524360
524606
524627
524661
524666
524760
524819
524843
524968
524986
524998
525038
525135
525268
525315
525327
525333
525410
525438
525464
525481
525547
525688
525747
525752
525849
525882
525919
525977
526026
526058
526108
526141
526152
526170
526196
526224
526354
526403
526440
526509
526560
526577
526689
526715
526734
526763
526832
526852
526891
526924
526935
526990
527013
527038
527068
527096
527150
527191
527223
527224
527282
527307
527345
527381
527383
527410
527425
527433
527470
527472
527510
527512
527538
527547
527577
527579
527798
527880
527884
528090
528105
528331
528361
528429
528466
528474
528505
528519
528589
528611
528649
528655
528663
528665
528693
528728
528742
528784
528785
528816
528873
528925
528932
529017
529040
529044
529061
529102
529108
529178
529250
529256
529270
529355
529422
529463
529478
529491
529495
529507
529512
529591
529762
529788
529818
530223
530268
530363
530374
530407
530479
530625
530663
530681
530690
530698
530712
530729
530729
530763
530785
530825
530826
530850
530852
531043
531118
531335
531343
531456
531565
531680
531747
531761
531768
531784
531802
531875
531905
531946
532020
532172
532200
532212
532305
532463
532509
532521
532704
532870
532879
532957
532973
533015
533026
533144
533172
533174
533215
533219
533280
533320
533348
533390
533466
533481
533558
533710
533753
533757
533775
533799
533880
533884
533887
533922
533929
534015
534047
534068
534209
534280
534309
534352
534399
534412
534685
534754
534759
534761
534776
534780
534827
534838
534926
535051
535101
535166
535471
535479
535522
535586
535712
535736
535748
535768
535783
535831
535849
535918
535920
536013
536048
536095
536109
536216
536229
536237
536245
536432
536499
536509
536587
536607
536708
536742
536772
536778
536813
536939
536947
536961
536974
536989
537075
537138
537195
537233
537246
537263
537299
537318
537334
537361
537366
537405
537443
537445
537483
537594
537657
537724
537746
537749
537754
537758
537800
537919
537947
537959
538025
538067
538081
538151
538155
538184
538206
538215
538242
538282
538286
538305
538384
538385
538412
538416
538447
538584
538612
538633
538702
538809
538887
538892
538894
538936
539035
539268
539296
539306
539363
539414
539445
539728
539729
539863
539919
539937
540010
540034
540055
540089
540099
540117
540123
540159
540222
540233
540260
540400
540424
540449
540581
540582
540601
540618
540642
540648
540721
540754
540773
540787
540796
540882
540888
541007
541132
541266
541353
541357
541520
541537
541555
541574
541640
541647
541874
542144
542146
542152
542245
542259
542341
542405
542411
542458
542458
542489
542534
542541
542616
542680
542711
542726
542737
542825
542860
542926
542931
542968
543046
543062
543076
543095
543237
543258
543308
543328
543386
543435
543436
543452
543516
543581
543638
543655
543829
543849
543850
543855
543876
543933
544024
544052
544084
544267
544327
544386
544406
544416
544422
544486
544500
544592
544607
544616
544629
544653
544655
544680
544719
544798
544802
544813
544826
544986
544987
545122
545129
545216
545290
545320
545355
545394
545436
545453
545592
545653
545747
545842
545901
546163
546226
546229
546329
546466
546474
546482
546515
546544
546664
546683
546704
546745
546752
546759
546760
546767
546768
546820
546873
546877
546885
546889
546974
547016
547021
547048
547063
547467
547605
547648
547687
547695
547743
547802
547881
547903
548047
548203
548288
548386
548539
548542
548744
548850
548868
548921
548942
548974
549036
549124
549135
549144
549145
549150
549219
549235
549248
549330
549364
549373
549485
549486
549563
549605
549660
549752
549755
549840
549842
549901
549982
550001
550003
550041
550078
550083
550148
550155
550230
550299
550312
550322
550434
550444
550456
550470
550526
550648
550665
550700
550722
550749
550764
550794
550856
550866
550869
550878
550889
550922
550992
551010
551076
551132
551230
551275
551301
551302
551357
551367
551475
551549
551630
551675
551726
551769
551786
551869
552076
552242
552550
552573
552689
552739
552755
552783
552789
552876
552983
552984
552987
553152
553181
553228
553247
553265
553315
553372
553391
553395
553514
553547
553560
553657
553687
553737
553761
553779
553859
553902
553933
554040
554085
554100
554144
554289
554448
554501
554501
554665
554781
554993
555035
555040
555143
555150
555166
555201
555216
555308
555354
555382
555429
555468
555489
555506
555549
555604
555692
555705
555731
555903
555953
555962
555992
556046
556064
556123
556169
556170
556178
556307
556341
556356
556390
556423
556458
556509
556564
556624
556639
556710
556713
556718
556752
556785
556814
556829
556983
557010
557115
557173
557192
557195
557203
557359
557382
557399
557423
557423
557424
557430
557478
557526
557591
557591
557659
557787
557818
557847
557856
557869
557926
557958
558134
558173
558190
558208
558219
558305
558332
558358
558385
558409
558410
558412
558432
558471
558522
558541
558576
558640
558645
558653
558701
558764
558818
558836
558907
558925
558937
558940
558946
558987
558989
558992
559184
559296
559306
559319
559454
559582
559597
559645
559701
559772
559788
559801
559848
559936
559950
560021
560026
560082
560107
560145
560153
560160
560177
560300
560301
560352
560398
560411
560446
560579
560580
560582
560647
560763
560770
560790
560935
560939
560971
560975
561032
561036
561079
561084
561182
561186
561232
561292
561342
561386
561411
561436
561452
561484
561616
561618
561785
561814
561990
562027
562103
562178
562229
562287
562290
562295
562304
562310
562386
562525
562588
562648
562736
562748
562888
562923
562936
562945
562980
563017
563050
563068
563117
563159
563170
563198
563206
563431
563453
563510
563589
563620
563642
563657
563688
563713
563739
563862
563878
563925
563970
563977
563988
564004
564019
564033
564236
564299
564335
564372
564439
564505
564549
564621
564729
564787
564836
564843
564853
564914
564920
564981
565066
565160
565181
565184
565244
565245
565255
565272
565284
565289
565340
565375
565415
565482
565535
565626
565641
565684
565759
565798
565824
565847
565863
565890
565905
565960
565993
566044
566101
566243
566279
566286
566345
566374
566395
566485
566507
566649
566703
566732
566790
566795
566941
567043
567083
567102
567124
567125
567149
567155
567174
567243
567280
567292
567333
567339
567342
567376
567392
567400
567404
567423
567444
567465
567473
567530
567533
567557
567561
567603
567619
567627
567658
567678
567821
567968
567979
567990
567991
567992
568017
568116
568166
568242
568290
568297
568398
568411
568543
568551
568560
568561
568624
568634
568730
568810
568843
568905
568906
569149
569194
569253
569306
569342
569430
569522
569528
569570
569579
569664
569683
569718
569726
569812
569821
569894
569911
569947
569975
569981
570077
570082
570090
570169
570176
570188
570282
570308
570309
570385
570406
570455
570457
570482
570523
570626
570633
570641
570693
570768
570799
570921
570938
570945
570966
570973
571090
571151
571306
571311
571377
571462
571604
571609
571711
571723
571733
571836
571860
571880
571900
571932
572023
572049
572059
572060
572096
572220
572277
572311
572368
572419
572440
572463
572508
572526
572559
572597
572696
572845
572924
572957
573009
573043
573046
573088
573218
573292
573436
573466
573503
573537
573573
573670
573699
573722
573778
573788
573789
573796
573838
573861
573889
573948
573951
574042
574134
574153
574162
574242
574316
574328
574343
574362
574462
574524
574543
574571
574603
574616
574682
574696
574715
574731
574785
574844
575065
575191
575199
575223
575309
575366
575375
575578
575654
575697
575722
575801
575831
575844
575928
575948
576017
576064
576109
576158
576184
576202
576231
576272
576454
576489
576505
576572
576605
576729
576741
576777
576858
576877
576879
576906
576922
576922
577023
577042
577046
577141
577184
577213
577267
577270
577299
577365
577371
577429
577544
577606
577644
577655
577671
577693
577731
577740
577826
577993
578025
578042
578103
578107
578161
578177
578229
578246
578324
578390
578392
578414
578467
578539
578542
578589
578634
578911
578930
578941
578978
578988
579001
579058
579199
579264
579267
579316
579399
579422
579446
579459
579516
579552
579555
579743
579763
579806
579941
579987
580032
580214
580319
580345
580438
580453
580508
580599
580718
580739
580749
580753
580814
580840
580875
580907
580955
580968
581039
581072
581123
581186
581211
581326
581331
581394
581512
581553
581709
581800
581807
581981
582078
582100
582126
582132
582262
582268
582291
582344
582416
582430
582459
582465
582477
582480
582491
582620
582713
582719
582755
582759
582780
582801
582819
582857
582914
582960
582989
583025
583043
583048
583098
583138
583148
583185
583241
583285
583500
583521
583551
583597
583655
583670
583791
583832
583832
583833
583931
584115
584258
584274
584300
584362
584399
584501
584510
584511
584546
584581
584659
584731
584732
584869
584888
584894
584957
584977
585023
585053
585147
585165
585184
585207
585247
585310
585314
585330
585379
585381
585397
585468
585507
585578
585611
585612
585724
585733
585801
585805
585843
585893
585965
585969
586209
586241
586259
586324
586562
586677
586694
586733
586737
586753
586776
586922
586981
587023
587026
587034
587061
587254
587259
587270
587295
587305
587455
587491
587530
587589
587652
587718
587773
587799
587805
587873
587943
587950
588045
588087
588227
588282
588331
588410
588430
588430
588468
588515
588542
588594
588632
588646
588674
588696
588749
588910
588982
589215
589223
589229
589266
589318
589321
589330
589424
589529
589531
589560
589618
589635
589732
589773
589777
589837
589842
589906
589948
589972
589986
590039
590077
590088
590101
590168
590173
590220
590328
590363
590481
590499
590531
590566
590590
590656
590678
590728
590871
590877
590890
590906
590911
591032
591157
591225
591273
591297
591303
591307
591310
591348
591417
591429
591459
591550
591628
591648
591656
591692
591717
591778
591781
591813
591870
591930
591949
591980
592010
592023
592060
592131
592162
592185
592403
592422
592449
592486
592605
592713
592773
592775
592839
592852
592866
592979
592989
592994
593001
593010
593081
593111
593136
593159
593198
593348
593509
593527
593542
593589
593602
593626
593647
593776
593797
593827
593840
593896
593922
593939
593978
594172
594172
594178
594235
594266
594267
594276
594335
594335
594410
594433
594468
594535
594779
594818
594909
594993
595000
595039
595086
595156
595181
595378
595477
595496
595504
595533
595598
595642
595805
595807
595826
595836
595854
595885
595898
595900
595935
595954
595960
595968
595975
595981
596037
596089
596101
596104
596120
596156
596194
596214
596339
596519
596523
596533
596700
596775
596832
596837
596840
596860
597154
597306
597317
597408
597457
597620
597650
597662
597674
597721
597743
597775
597779
597845
597868
598108
598132
598191
598200
598247
598254
598254
598268
598414
598414
598513
598520
598536
598561
598563
598585
598614
598846
598888
598946
598947
599011
599027
599058
599066
599091
599143
599176
599180
599300
599363
599366
599374
599455
599464
599478
599517
599594
599652
599667
599669
599706
599762
599832
600114
600126
600214
600230
600235
600346
600455
600474
600544
600613
600624
600673
600732
600736
600757
600764
600773
600812
600814
600850
601099
601145
601247
601310
601367
601409
601499
601520
601631
601726
601749
601856
602035
602093
602235
602235
602267
602286
602385
602456
602628
602694
602821
602902
602970
602999
603070
603141
603173
603307
603436
603535
603595
603597
603637
603738
603754
603765
603811
603843
603892
603893
603939
604030
604035
604043
604110
604111
604158
604162
604198
604229
604249
604308
604316
604477
604582
604691
604730
604748
604791
604794
604803
604838
604933
604979
605064
605093
605149
605175
605268
605338
605406
605444
605447
605517
605719
605778
605944
605979
606048
606090
606227
606254
606332
606518
606607
606655
606670
606720
606827
606843
606920
606979
607018
607125
607162
607222
607255
607263
607273
607419
607462
607485
607678
607680
607707
607717
607719
607736
607864
607888
607956
607992
608068
608099
608201
608225
608232
608339
608349
608392
608425
608433
608434
608442
608451
608504
608525
608531
608741
608845
608865
608892
608911
609071
609136
609265
609362
609420
609533
609549
609653
609656
609681
609728
609729
609765
609784
609815
609854
609886
609928
609991
610012
610032
610141
610233
610243
610250
610290
610333
610350
610450
610465
610651
610664
610671
610686
610717
610734
610813
610893
610943
610957
610962
610975
611019
611051
611079
611123
611156
611188
611191
611196
611372
611431
611484
611485
611486
611629
611649
611809
611937
612044
612211
612342
612355
612387
612464
612464
612472
612508
612600
612822
612839
612951
613035
613093
613162
613180
613222
613226
613307
613391
613463
613509
613536
613663
613664
613678
613703
613753
613819
613913
613939
613964
614066
614191
614225
614237
614247
614442
614447
614463
614472
614532
614618
614748
614780
614831
614840
614847
614870
614930
614992
615011
615215
615236
615255
615330
615375
615390
615410
615418
615445
615571
615613
615664
615666
615859
615867
615941
616030
616111
616238
616250
616291
616309
616343
616363
616452
616453
616469
616482
616561
616573
616675
616686
616707
616803
616833
616848
616940
616999
617012
617087
617136
617149
617157
617189
617230
617233
617405
617457
617487
617490
617495
617530
617570
617592
617597
617599
617652
617661
617833
618000
618047
618063
618193
618232
618235
618238
618267
618377
618540
618578
618604
618621
618643
618662
618735
618750
618750
618799
618802
618806
618902
618978
619064
619072
619135
619197
619212
619252
619294
619299
619396
619521
619579
619618
619677
619683
619727
619753
619766
619791
619877
619959
620031
620117
620238
620288
620397
620414
620415
620526
620543
620571
620708
620782
620836
620841
620936
620942
620985
621114
621338
621426
621449
621454
621473
621536
621681
621723
621744
621757
621767
621772
621796
621873
621885
621950
622046
622122
622205
622263
622305
622368
622388
622419
622556
622564
622669
622686
622741
622746
622748
622885
622902
623020
623050
623052
623067
623112
623134
623140
623161
623166
623257
623262
623316
623370
623423
623429
623469
623473
623505
623516
623545
623574
623682
623771
623850
623856
623883
623911
623928
623937
623966
623985
624087
624095
624126
624153
624200
624230
624326
624333
624370
624374
624379
624397
624480
624578
624618
624634
624698
624816
624882
624884
624885
624979
625033
625035
625045
625051
625122
625124
625205
625223
625234
625285
625295
625311
625347
625381
625549
625601
625710
625723
625752
625764
625766
625821
625968
626013
626092
626113
626130
626305
626312
626394
626462
626502
626520
626536
626545
626689
626708
626723
626726
626729
626763
626770
626788
626833
627054
627152
627176
627186
627265
627305
627337
627341
627391
627399
627399
627418
627472
627509
627707
627716
627944
627977
628000
628005
628005
628031
628044
628075
628090
628194
628242
628254
628289
628425
628568
628644
628686
628692
628784
628850
629064
629160
629190
629243
629289
629353
629360
629421
629503
629513
629564
629586
629677
629679
629784
629802
629826
629896
629913
629943
629964
629972
629974
629975
629983
630044
630195
630252
630291
630297
630329
630352
630369
630396
630404
630437
630520
630523
630553
630557
630589
630598
630603
630608
630665
630683
630691
630859
630942
631156
631167
631221
631225
631246
631377
631390
631470
631541
631644
631659
631684
631793
631833
631874
631935
631959
631979
632008
632078
632088
632129
632271
632329
632383
632424
632425
632490
632539
632565
632595
632610
632625
632653
632667
632671
632673
632687
632718
632725
632776
632903
632906
632907
632918
632927
632947
633019
633066
633069
633151
633176
633247
633379
633395
633493
633594
633645
633713
633721
633735
633813
633940
634031
634073
634087
634167
634259
634260
634260
634340
634360
634361
634364
634451
634486
634595
634694
634829
634880
634921
634994
635076
635135
635137
635197
635211
635282
635289
635400
635405
635410
635475
635522
635548
635577
635696
635794
635870
635940
635947
635958
635968
635974
635993
636035
636089
636097
636253
636261
636323
636382
636403
636521
636713
636731
636773
636805
636837
636880
636988
637096
637176
637334
637347
637467
637517
637521
637526
637632
637648
637656
637701
637774
637872
637899
637914
637923
637931
638060
638073
638195
638314
638326
638337
638377
638398
638451
638501
638637
638688
638707
638713
638727
638746
638783
638883
638904
638954
639010
639022
639023
639111
639130
639197
639258
639292
639299
639409
639447
639509
639513
639518
639551
639761
639791
639823
639828
639859
640003
640040
640092
640123
640174
640236
640237
640262
640301
640420
640604
640611
640634
640655
640669
640675
640739
640774
640796
640923
640933
641043
641112
641146
641162
641164
641246
641347
641377
641425
641472
641526
641600
641650
641661
641663
641854
641869
641916
641928
641940
641974
641979
642035
642066
642099
642103
642264
642288
642302
642307
642318
642391
642426
642481
642505
642614
642755
642794
642891
642930
642947
643003
643033
643114
643230
643305
643356
643376
643381
643493
643511
643613
643683
643701
643722
643894
643917
643942
643965
644063
644074
644133
644171
644177
644191
644294
644333
644351
644428
644484
644496
644541
644565
644581
644723
644738
644741
644775
644829
644855
644862
644904
644956
644985
645018
645113
645121
645133
645150
645154
645295
645324
645433
645459
645499
645553
645585
645632
645650
645660
645675
645801
645831
645882
645912
645913
645985
645997
646027
646066
646107
646124
646442
646506
646551
646571
646655
646680
646748
646853
646878
646915
647009
647032
647112
647136
647145
647204
647309
647361
647390
647422
647424
647591
647632
647642
647738
647778
647795
647825
647852
647876
647896
647940
647941
647980
647998
648068
648171
648265
648289
648315
648358
648398
648442
648538
648547
648640
648721
648750
648849
648859
648871
648974
649019
649046
649069
649072
649163
649277
649301
649307
649315
649333
649353
649427
649428
649454
649458
649506
649539
649553
649553
649555
649588
649685
649744
649767
649779
649830
649844
649860
649871
649897
649898
649898
649932
649975
650020
650025
650025
650032
650041
650045
650067
650075
650085
650111
650168
650297
650342
650361
650397
650408
650417
650429
650484
650500
650533
650535
650550
650741
650788
650789
650800
650811
650875
650880
650912
651055
651115
651220
651237
651266
651306
651345
651406
651478
651489
651601
651711
651787
651870
652009
652042
652045
652112
652143
652230
652307
652309
652335
652544
652732
652850
652888
652931
652948
653059
653146
653170
653175
653186
653413
653422
653501
653516
653525
653526
653583
653584
653706
653903
653929
654067
654074
654114
654134
654209
654254
654370
654401
654403
654407
654423
654442
654581
654588
654723
654766
654837
654948
654962
655038
655221
655335
655420
655421
655498
655531
655564
655574
655590
655659
655660
655693
655694
655743
655766
655792
656008
656080
656118
656154
656183
656224
656403
656413
656429
656494
656583
656592
656602
656658
656689
656827
656828
656831
657005
657017
657042
657043
657131
657216
657306
657319
657433
657458
657506
657509
657809
657895
657941
658018
658026
658121
658154
658240
658251
658278
658284
658379
658484
658486
658581
658660
658689
658735
658849
658965
659026
659048
659083
659209
659284
659492
659578
659703
659867
659871
659877
659926
659971
660006
660013
660166
660370
660372
660380
660442
660504
660543
660579
660599
660604
660607
660637
660840
660887
660888
660926
660937
660938
660948
660954
660963
660990
661037
661089
661132
661171
661283
661418
661506
661583
661745
661751
661764
661796
661820
661865
661931
661972
661977
661983
662030
662039
662098
662139
662145
662158
662169
662200
662253
662289
662297
662335
662347
662677
662732
662754
662784
662831
662875
662925
662948
662952
662956
663006
663052
663068
663113
663125
663217
663400
663473
663508
663533
663540
663621
663730
663759
663779
663874
663921
664060
664125
664179
664243
664393
664400
664587
664675
664746
664890
664924
664973
664998
665079
665163
665172
665309
665326
665330
665381
665422
665545
665617
665621
665640
665668
665694
665721
665910
665940
665967
665987
666070
666099
666120
666151
666171
666192
666246
666348
666354
666394
666522
666547
666590
666635
666649
666755
666770
666778
666831
666862
666902
666914
667013
667072
667190
667211
667219
667280
667415
667448
667485
667589
667593
667596
667689
667696
667699
667708
667788
667792
667797
667847
667871
667909
667912
668049
668133
668158
668177
668221
668237
668268
668283
668324
668339
668500
668519
668527
668567
668630
668650
668759
668778
668790
668792
668793
668826
668842
668913
668968
669082
669116
669125
669187
669303
669347
669435
669498
669500
669519
669540
669541
669628
669791
670098
670105
670123
670267
670327
670355
670370
670456
670523
670558
670563
670595
670709
670762
670813
670820
670859
670866
670870
671000
671002
671110
671168
671248
671260
671348
671362
671368
671500
671526
671551
671562
671718
671719
671770
671956
671987
672084
672133
672192
672266
672286
672295
672587
672588
672653
672670
672683
672688
672691
672739
672838
672875
672932
672982
673072
673163
673174
673181
673184
673188
673250
673270
673279
673299
673348
673356
673376
673423
673434
673443
673556
673600
673680
673709
673762
673826
673945
673949
673962
673965
673986
674100
674102
674146
674159
674169
674323
674370
674448
674472
674501
674518
674632
674668
674687
674911
674940
674941
675011
675018
675042
675074
675114
675201
675254
675378
675384
675450
675543
675567
675577
675743
675760
675790
675839
675894
675919
675991
675997
676006
676096
676138
676172
676307
676350
676373
676489
676510
676538
676561
676582
676618
676682
676956
676966
677004
677026
677052
677191
677206
677281
677341
677429
677436
677488
677513
677617
677886
677944
677949
678022
678032
678037
678057
678059
678067
678075
678186
678186
678245
678339
678383
678414
678433
678440
678444
678452
678456
678581
678747
678811
678818
678851
679124
679310
679369
679580
679616
679767
679767
679882
679957
679965
680069
680149
680191
680205
680254
680260
680380
680404
680575
680580
680594
680650
680662
680810
680855
680900
680907
680947
680948
680967
680978
681079
681081
681086
681123
681168
681211
681266
681386
681387
681391
681420
681443
681468
681475
681593
681672
681769
681785
681821
681841
681909
681954
681985
681990
681990
682163
682172
682196
682244
682300
682396
682503
682523
682554
682587
682592
682596
682618
682630
682663
682663
682677
682684
682789
682816
682897
682905
682909
682972
683020
683022
683031
683188
683270
683356
683368
683415
683540
683633
683683
683735
683831
683945
683948
683977
684014
684112
684121
684126
684182
684317
684341
684423
684464
684475
684575
684683
684700
684846
684912
684929
684954
685057
685096
685157
685166
685236
685296
685363
685404
685423
685429
685466
685505
685571
685608
685634
685670
685848
685889
685904
686024
686037
686090
686108
686127
686138
686175
686196
686200
686297
686318
686326
686412
686435
686450
686685
686729
686757
686774
686785
686799
686810
686827
686904
687047
687098
687122
687143
687149
687199
687232
687259
687277
687298
687513
687517
687621
687624
687699
687727
687892
687922
687958
688002
688059
688068
688104
688108
688145
688385
688388
688633
688662
688696
688952
688959
689019
689127
689197
689322
689324
689443
689507
689520
689591
689735
689739
689772
689774
689820
689828
689871
689941
690017
690045
690091
690123
690179
690234
690286
690374
690391
690659
690761
690761
690787
690883
690928
690932
690974
691037
691040
691087
691094
691103
691105
691199
691242
691294
691304
691376
691382
691430
691452
691597
691734
691814
691841
691848
691857
691971
692115
692128
692271
692309
692507
692516
692640
692654
692813
692922
692948
692955
693001
693028
693042
693064
693140
693150
693153
693359
693398
693457
693507
693527
693550
693584
693610
693767
693813
693865
693885
693892
693898
694150
694222
694228
694302
694330
694380
694390
694416
694526
694572
694585
694635
694681
694852
694873
694901
694917
694926
695026
695148
695243
695289
695297
695375
695425
695506
695509
695605
695631
695692
695765
695873
695919
695929
695983
696094
696102
696135
696168
696218
696241
696249
696250
696258
696351
696364
696448
696452
696554
696560
696567
696705
696712
696788
696812
696850
696975
697008
697062
697149
697174
697221
697241
697246
697362
697410
697433
697476
697560
697680
697895
697996
698014
698053
698054
698065
698079
698162
698188
698203
698344
698397
698401
698482
698486
698563
698602
698626
698628
698630
698700
698703
698782
698793
698845
698934
698945
698957
698972
698977
698980
699040
699087
699114
699124
699126
699136
699227
699252
699307
699358
699378
699384
699449
699450
699486
699508
699621
699643
699644
699664
699668
699706
699932
699973
699980
699988
700100
700129
700178
700234
700307
700346
700401
700402
700489
700501
700549
700569
700586
700594
700609
700659
700735
700878
700879
700937
700985
700986
700995
701016
701043
701075
701091
701196
701228
701298
701299
701375
701413
701498
701502
701543
701544
701556
701641
701671
701699
701764
701845
701848
701901
701948
701954
702042
702089
702150
702156
702171
702209
702308
702414
702441
702544
702579
702606
702616
702634
702663
702700
702725
702821
702837
702850
702856
702881
702911
702920
703027
703061
703075
703147
703241
703303
703304
703393
703429
703479
703505
703529
703576
703637
703650
703691
703724
703812
703870
703959
704028
704157
704212
704214
704274
704280
704297
704303
704319
704408
704418
704459
704497
704517
704637
704729
704920
704922
705023
705076
705131
705176
705186
705224
705228
705229
705334
705369
705444
705449
705452
705475
705491
705517
705580
705645
705755
705756
705766
705776
705808
705846
705958
705985
706095
706100
706108
706207
706208
706271
706303
706584
706648
706651
706673
706727
706758
706772
706808
706819
706826
706828
706877
706937
707057
707061
707202
707207
707213
707220
707222
707232
707263
707358
707477
707484
707541
707584
707593
707778
707784
707791
707806
707821
707892
707973
708030
708088
708147
708209
708277
708356
708409
708413
708445
708544
708560
708587
708614
708686
708707
708791
708792
708806
708832
708955
709018
709051
709118
709153
709182
709184
709195
709278
709313
709334
709369
709398
709440
709476
709486
709589
709649
709651
709726
709740
709744
709786
709886
709923
709995
709999
710095
710111
710148
710151
710159
710195
710271
710287
710385
710471
710551
710701
710866
710897
710913
711002
711093
711109
711274
711356
711366
711373
711426
711506
711531
711573
711612
711623
711661
711669
711711
711719
711727
711839
711850
711949
711988
711992
712045
712056
712097
712190
712273
712307
712328
712334
712388
712423
712446
712467
712553
712642
712647
712697
712780
712812
712822
712940
712949
712954
712975
713016
713081
713160
713208
713226
713229
713245
713245
713255
713389
713418
713454
713479
713587
713608
713610
713656
713778
713785
714071
714186
714286
714305
714319
714436
714499
714534
714571
714575
714632
714686
714699
714714
714764
714862
714879
714888
714992
715002
715049
715091
715109
715126
715144
715188
715219
715227
715251
715286
715347
715389
715519
715571
715577
715585
715647
715706
715715
715772
715859
715865
715907
715923
716058
716160
716292
716324
716388
716428
716447
716483
716568
716583
716625
716659
716732
716761
716761
716889
716913
716947
716952
716975
717053
717078
717148
717230
717372
717377
717574
717635
717829
717861
717928
717944
717975
718038
718052
718069
718083
718147
718148
718266
718280
718362
718391
718462
718508
718527
718589
718719
718725
718858
718912
718930
718948
719002
719164
719216
719254
719312
719334
719368
719372
719407
719523
719524
719725
719811
719824
719836
719894
720103
720118
720203
720233
720305
720346
720410
720432
720451
720459
720474
720507
720540
720554
720604
720623
720625
720635
720645
720693
720750
720812
720843
720863
720897
721000
721003
721026
721032
721134
721142
721190
721226
721427
721437
721519
721541
721553
721561
721567
721597
721649
721750
721773
721857
721865
722023
722027
722062
722069
722174
722199
722228
722236
722252
722255
722286
722295
722317
722345
722366
722375
722438
722439
722444
722461
722483
722510
722544
722564
722570
722695
722709
722736
722824
722844
723032
723106
723127
723407
723417
723423
723425
723543
723568
723678
723711
723752
723874
723930
723965
723992
724022
724034
724067
724108
724291
724305
724315
724367
724384
724386
724395
724443
724456
724546
724578
724601
724630
724655
724683
724712
724767
724773
724801
724861
724896
724962
724977
725017
725057
725095
725120
725158
725188
725202
725236
725273
725289
725350
725366
725418
725441
725462
725488
725507
725518
725522
725672
725691
725708
725769
725815
725848
725928
725931
725953
726062
726074
726127
726141
726155
726158
726252
726278
726298
726437
726444
726553
726593
726654
726693
726718
726730
726735
726737
726797
726943
726988
727053
727161
727162
727338
727342
727402
727437
727444
727461
727461
727465
727503
727692
727733
727753
727769
727870
727939
727964
728088
728092
728273
728277
728393
728455
728460
728514
728562
728611
728681
728687
728748
728786
728811
728819
728864
728966
729019
729023
729192
729228
729249
729301
729302
729314
729358
729399
729405
729406
729455
729485
729576
729731
729754
729756
729875
729925
730056
730088
730280
730412
730437
730462
730475
730485
730717
730730
730758
730803
730830
730851
730871
730955
730972
731133
731155
731167
731268
731285
731321
731324
731369
731427
731446
731480
731486
731526
731591
731765
731835
731846
731918
731963
732004
732045
732083
732200
732205
732233
732247
732265
732341
732354
732382
732423
732536
732555
732584
732598
732616
732728
732745
732750
732782
732797
732856
732881
732915
732965
732987
733017
733017
733091
733253
733256
733261
733262
733297
733357
733407
733439
733451
733505
733513
733516
733519
733524
733525
733606
733645
733670
733691
733701
733796
733819
733830
733838
733870
733908
734007
734063
734108
734120
734152
734215
734262
734285
734345
734427
734430
734435
734470
734473
734730
734736
734775
734782
734787
734979
735048
735105
735109
735297
735303
735311
735367
735418
735449
735469
735478
735479
735637
735649
735659
735713
735725
735742
735816
735887
735965
736180
736271
736274
736345
736371
736425
736537
736586
736631
736661
736700
736730
736772
736787
736793
736807
736851
736861
736866
736884
736884
736989
737028
737080
737151
737170
737201
737212
737212
737218
737264
737285
737288
737294
737390
737449
737522
737547
737565
737663
737663
737692
737722
737743
737754
737869
737916
737954
737964
738006
738048
738168
738229
738233
738299
738443
738642
738665
738680
738689
738888
738955
739142
739198
739227
739233
739240
739243
739352
739384
739447
739460
739474
739475
739491
739553
739557
739565
739733
739741
739808
739923
739964
740003
740084
740097
740168
740207
740226
740282
740322
740366
740369
740435
740457
740470
740608
740635
740662
740886
740994
741048
741096
741119
741132
741139
741214
741268
741269
741288
741362
741409
741439
741457
741474
741593
741595
741603
741641
741729
741828
741928
741928
742096
742158
742174
742194
742206
742218
742248
742352
742400
742453
742461
742537
742565
742585
742612
742704
742925
743031
743046
743087
743179
743217
743382
743399
743415
743418
743421
743468
743511
743581
743615
743639
743693
743840
743880
744005
744046
744129
744135
744165
744196
744331
744332
744407
744443
744519
744616
744620
744625
744626
744664
744678
744696
744751
744821
744890
745106
745264
745285
745302
745353
745360
745373
745408
745413
745438
745493
745611
745639
745710
745740
745768
745810
745874
745874
745916
745919
746004
746022
746181
746188
746246
746433
746435
746453
746521
746607
746656
746784
746823
746851
746869
746875
746946
746987
747140
747160
747238
747240
747321
747430
747471
747478
747742
747773
747813
747834
747875
747889
748061
748085
748105
748126
748213
748302
748310
748331
748453
748473
748498
748567
748625
748783
748829
748861
748976
748981
749052
749078
749132
749198
749226
749241
749253
749356
749369
749469
749503
749534
749551
749599
749623
749649
749656
749672
749722
749723
749754
749758
749783
749804
749817
749894
749897
749950
749962
749976
750003
750027
750042
750078
750302
750359
750360
750373
750400
750426
750433
750453
750483
750511
750533
750593
750619
750633
750695
750713
750767
750778
750822
750834
750844
750975
750998
751070
751170
751214
751242
751286
751311
751352
751369
751394
751407
751409
751422
751429
751504
751520
751528
751562
751566
751590
751620
751624
751709
751752
751768
751796
751843
751861
751884
751892
751933
751941
752004
752015
752129
752158
752188
752236
752251
752271
752353
752550
752555
752555
752579
752678
752685
752812
753013
753144
753184
753260
753358
753378
753402
753426
753485
753507
753576
753651
753667
753730
753761
753929
753997
754056
754107
754324
754331
754501
754542
754593
754651
754654
754664
754765
754839
754896
754946
754954
754966
755091
755110
755138
755141
755204
755279
755457
755491
755534
755592
755620
755722
755771
755880
755888
756072
756300
756311
756335
756534
756571
756742
756756
756760
756780
756816
756853
756895
756952
757101
757110
757126
757201
757419
757423
757431
757454
757493
757547
757705
757769
757771
757835
757849
757913
757936
757996
758031
758219
758262
758328
758338
758339
758346
758423
758491
758597
758619
758704
758726
758735
758737
758936
758950
758951
758956
759002
759041
759121
759245
759251
759385
759385
759488
759529
759592
759645
759714
759770
759846
759873
759876
760042
760108
760109
760117
760148
760233
760236
760311
760320
760342
760356
760416
760443
760451
760478
760487
760497
760527
760591
760640
760640
760738
760766
760787
760802
760823
760856
760992
761068
761108
761147
761250
761257
761290
761314
761322
761334
761524
761527
761619
761660
761668
761765
761856
761868
761878
761889
761965
762008
762015
762019
762038
762230
762402
762403
762465
762490
762525
762539
762584
762594
762705
762759
762853
762857
762864
762883
762883
762915
763073
763134
763166
763212
763284
763330
763360
763374
763378
763396
763426
763467
763484
763550
763562
763683
763743
763839
763864
763922
763926
763937
763942
763990
763999
764009
764109
764116
764278
764328
764411
764471
764513
764530
764583
764608
764634
764678
764703
764716
764841
764957
764974
764991
765012
765043
765046
765051
765066
765182
765312
765350
765352
765369
765370
765557
765605
765607
765641
765648
765678
765725
765745
765856
765861
765932
765947
766211
766280
766410
766445
766472
766551
766604
766612
766623
766756
766847
766865
766935
766956
766956
767009
767015
767038
767046
767116
767286
767351
767365
767504
767546
767664
767716
767717
767733
767756
767844
768042
768234
768248
768299
768391
768448
768540
768643
768671
768877
768893
768951
768986
769028
769047
769049
769053
769111
769141
769205
769235
769271
769275
769313
769324
769366
769508
769561
769569
769692
769707
769726
769742
769749
769770
769868
769931
769965
770012
770041
770061
770068
770219
770318
770323
770445
770496
770554
770593
770746
770802
770816
770854
770917
770933
770992
771028
771055
771074
771130
771176
771285
771326
771344
771364
771369
771578
771710
771731
771732
771779
771788
771900
771903
771907
772078
772079
772192
772197
772203
772223
772253
772267
772290
772394
772408
772418
772440
772495
772692
772712
772715
772769
772857
772893
772952
773036
773049
773056
773093
773162
773207
773219
773232
773313
773334
773359
773407
773415
773501
773501
773539
773556
773563
773597
773601
773606
773701
773729
773779
773819
773842
773845
773926
773948
773949
773988
774060
774122
774179
774288
774309
774339
774423
774424
774471
774491
774495
774506
774543
774581
774609
774642
774670
774707
774722
774737
774799
774814
774815
774942
774945
774979
775036
775039
775100
775131
775161
775195
775276
775346
775508
775530
775534
775595
775725
775769
775772
775781
775786
775791
775891
775927
776017
776028
776078
776174
776207
776223
776233
776243
776270
776366
776375
776420
776481
776486
776488
776515
776626
776649
776759
776786
776809
776814
776954
777015
777072
777110
777121
777186
777244
777250
777385
777433
777451
777508
777595
777645
777699
777699
777714
777875
777884
777888
778022
778236
778245
778270
778364
778366
778379
778405
778421
778429
778430
778451
778459
778477
778553
778568
778627
778716
778817
778829
779090
779098
779122
779189
779216
779328
779496
779498
779519
779545
779637
779653
779674
779720
779767
779777
779854
779980
780058
780087
780089
780095
780100
780144
780151
780202
780251
780279
780285
780317
780335
780341
780343
780370
780375
780388
780451
780464
780527
780585
780644
780646
780695
780808
780841
780842
780895
780977
781024
781069
781083
781129
781299
781456
781518
781587
781607
781624
781752
781868
781872
781904
782063
782097
782099
782112
782131
782224
782238
782242
782262
782287
782416
782526
782619
782661
782668
782758
782778
782926
783025
783030
783104
783200
783238
783390
783464
783545
783557
783576
783618
783657
783709
783755
783782
784109
784131
784254
784323
784364
784454
784527
784533
784536
784565
784605
784616
784664
784693
784705
784718
784718
784727
784766
784776
784808
784877
785052
785058
785140
785203
785312
785327
785365
785489
785570
785608
785695
785698
785787
785797
785799
785899
785900
785916
785947
785961
785990
786029
786033
786095
786110
786136
786165
786197
786312
786408
786422
786458
786506
786726
786748
786783
786804
786811
786818
786828
786901
786955
786993
787017
787058
787067
787102
787105
787176
787212
787239
787317
787380
787505
787628
787641
787660
787688
787771
787773
787984
788037
788053
788069
788100
788176
788216
788236
788363
788478
788561
788582
788690
788734
788836
788847
788994
789022
789089
789140
789167
789411
789477
789548
789552
789556
789576
789588
789612
789812
789844
789869
789887
789966
790005
790088
790258
790274
790300
790359
790362
790566
790645
790678
790734
790805
790827
790853
790915
791035
791048
791053
791096
791174
791309
791327
791501
791503
791530
791547
791552
791555
791593
791651
791660
791760
791788
791802
791811
791839
791847
791847
791968
791998
792014
792020
792026
792038
792055
792080
792088
792136
792200
792298
792387
792394
792477
792559
792593
792612
792631
792676
792745
792752
792754
792809
792814
792833
792888
792926
792951
793088
793313
793376
793397
793402
793450
793516
793525
793549
793616
793859
793880
793885
793900
794009
794021
794025
794045
794072
794287
794292
794306
794319
794421
794423
794472
794487
794654
794799
794825
794967
794978
795039
795109
795135
795135
795187
795218
795260
795275
795328
795391
795416
795545
795579
795663
795671
795730
795797
795851
795917
796106
796107
796133
796428
796461
796518
796584
796618
796633
796672
796713
796724
796814
796886
796970
797033
797078
797178
797200
797288
797318
797364
797435
797438
797478
797529
797592
797603
797620
797660
797789
797841
797845
797846
798006
798020
798024
798044
798097
798108
798161
798249
798334
798380
798426
798465
798491
798504
798552
798607
798658
798795
798862
798895
798925
799056
799056
799095
799130
799293
799477
799489
799545
799557
799583
799706
799718
799728
799730
799748
799848
799906
799944
799970
800062
800110
800121
800196
800224
800227
800279
800360
800400
800417
800425
800503
800540
800559
800605
800614
800759
800811
800818
800875
800888
800890
800921
800973
800974
800990
801100
801147
801327
801335
801358
801388
801468
801479
801492
801578
801659
801715
801866
802141
802169
802178
802204
802236
802279
802330
802452
802460
802479
802506
802596
802686
802791
802872
802946
802947
803037
803063
803084
803100
803127
803155
803331
803384
803438
803451
803510
803581
803642
803689
803697
803723
803756
803768
803780
803810
803817
803976
804022
804058
804080
804139
804146
804204
804271
804356
804360
804370
804371
804380
804460
804494
804496
804744
804774
804879
804956
805075
805253
805286
805332
805397
805480
805541
805564
805581
805694
805700
805714
805722
805752
805786
805824
805854
805903
806042
806047
806071
806094
806219
806222
806255
806265
806311
806407
806411
806450
806493
806532
806564
806626
806657
806842
806844
806907
806930
806965
806982
807046
807061
807096
807145
807337
807528
807575
807615
807641
807647
807648
807686
807905
807964
808134
808196
808245
808245
808312
808319
808410
808474
808609
808688
808787
808819
808896
808910
808999
809118
809226
809286
809302
809304
809344
809488
809529
809541
809583
809589
809590
809632
809633
809683
809729
809795
809870
809946
810017
810028
810122
810188
810273
810329
810399
810501
810540
810635
810654
810680
810701
810757
810816
810845
810881
810924
810930
811024
811039
811064
811072
811136
811159
811247
811316
811321
811322
811327
811334
811352
811361
811487
811535
811615
811645
811647
811734
811871
811900
812067
812069
812088
812105
812254
812290
812352
812369
812410
812416
812422
812433
812460
812509
812520
812533
812548
812630
812676
812696
812722
812818
812904
812942
812952
812968
813028
813033
813101
813150
813183
813194
813365
813371
813382
813401
813420
813427
813548
813563
813586
813594
813602
813621
813698
813844
813893
813920
813926
813935
813974
813991
814095
814171
814183
814229
814243
814370
814401
814470
814497
814499
814562
814580
814590
814614
814633
814663
814757
814819
814873
814894
814981
814988
815021
815049
815095
815164
815258
815317
815345
815367
815408
815418
815453
815465
815473
815562
815660
815670
815807
815884
815901
816000
816100
816222
816230
816263
816317
816402
816520
816591
816785
816812
816834
816891
817035
817053
817120
817176
817205
817330
817441
817445
817524
817745
817788
817800
817806
817835
817858
817867
817872
817909
817913
818079
818125
818181
818183
818206
818239
818245
818252
818258
818561
818567
818581
818618
818673
818796
818922
819130
819144
819202
819222
819238
819272
819303
819314
819382
819383
819404
819446
819451
819483
819550
819555
819574
819607
819694
819707
819757
819808
819844
819896
819974
820058
820084
820093
820160
820184
820210
820253
820300
820329
820344
820429
820440
820443
820473
820499
820536
820614
820655
820889
820913
820935
820971
821008
821033
821070
821104
821408
821552
821700
821798
821865
821878
821883
821888
821951
821955
821978
821980
822106
822153
822227
822249
822322
822341
822397
822511
822512
822547
822587
822619
822701
822717
822764
822790
822794
822845
823067
823095
823299
823328
823376
823499
823524
823530
823610
823616
823648
823705
823773
823782
823859
823898
823912
824146
824155
824158
824184
824185
824196
824211
824347
824376
824382
824405
824487
824505
824527
824579
824596
824602
824669
824678
824747
824768
824797
824836
824847
824942
824948
824970
825075
825122
825184
825216
825260
825310
825336
825376
825409
825452
825490
825599
825618
825674
825677
825691
825848
825883
825928
825964
825978
826070
826117
826155
826182
826239
826250
826278
826342
826355
826414
826416
826458
826486
826505
826535
826554
826564
826566
826639
826678
826742
826778
826819
826931
826944
826968
826998
827027
827033
827088
827125
827139
827262
827272
827276
827329
827335
827402
827479
827592
827701
827746
827772
827833
827853
827900
827924
827983
828058
828097
828111
828145
828192
828242
828323
828330
828462
828482
828543
828545
828635
828705
828714
828770
828802
829010
829036
829078
829080
829084
829096
829201
829219
829280
829305
829386
829473
829493
829495
829567
829632
829676
829713
829806
829810
829910
830068
830252
830283
830314
830316
830379
830515
830577
830662
830716
830780
830815
830883
830971
831002
831041
831054
831060
831171
831174
831276
831357
831414
831416
831498
831578
831584
831605
831637
831748
831751
831759
831781
831792
831795
831814
831899
831919
831982
832060
832093
832128
832221
832223
832260
832407
832445
832450
832468
832520
832549
832569
832632
832694
832796
832821
832831
832866
832881
832943
833024
833055
833117
833250
833285
833323
833371
833526
833600
833633
833722
833736
833817
833845
833882
833892
833930
833962
833964
833982
834017
834170
834201
834235
834264
834312
834403
834430
834483
834514
834588
834600
834647
834672
834696
834705
834757
834773
834811
834813
834819
834856
834859
835003
835031
835132
835195
835224
835240
835292
835341
835369
835370
835421
835441
835491
835496
835516
835560
835683
835742
835828
835845
835871
835957
835985
836210
836258
836275
836286
836544
836563
836616
836624
836640
836653
836698
836749
836763
836821
836842
836991
837025
837062
837239
837303
837330
837371
837392
837437
837487
837497
837801
837863
837953
838071
838086
838089
838119
838165
838340
838448
838463
838510
838552
838613
838622
838640
838681
838737
838752
838782
838920
838945
839106
839150
839157
839183
839270
839274
839320
839426
839518
839520
839520
839556
839561
839636
839641
839704
839739
839752
839762
839831
839846
839882
840067
840194
840230
840233
840269
840307
840378
840469
840475
840535
840574
840600
840606
840745
840773
840849
840856
840873
840932
840940
840955
840975
841004
841006
841013
841019
841047
841130
841152
841156
841232
841233
841297
841325
841376
841406
841470
841508
841520
841557
841616
841637
841653
841722
841837
841909
841912
841930
842054
842077
842171
842237
842240
842258
842344
842353
842425
842426
842478
842511
842747
842760
842810
842885
842953
843011
843035
843057
843059
843106
843121
843146
843155
843161
843164
843262
843269
843395
843443
843504
843554
843587
843683
843690
843717
843720
843795
843893
843900
843947
843958
843986
844015
844016
844017
844031
844062
844097
844099
844129
844137
844151
844268
844282
844283
844353
844379
844514
844572
844637
844682
844689
844749
844806
844961
844999
845013
845043
845072
845109
845139
845154
845175
845317
845475
845503
845533
845551
845633
845638
845669
845691
845846
845904
845937
845950
845953
845981
846000
846017
846042
846101
846125
846130
846133
846254
846319
846372
846442
846445
846462
846520
846533
846637
847021
847095
847097
847101
847110
847161
847201
847260
847265
847284
847302
847330
847411
847434
847481
847511
847594
847618
847666
847716
847725
847745
847756
847869
847870
847895
847977
848005
848070
848084
848090
848270
848404
848434
848439
848451
848473
848473
848474
848526
848716
848794
848808
848825
848843
848935
848955
848989
848997
849027
849038
849056
849066
849076
849085
849136
849187
849196
849201
849214
849228
849315
849330
849395
849460
849575
849735
849756
849892
849916
849919
849927
849956
849994
850052
850166
850184
850194
850209
850216
850352
850361
850435
850458
850500
850520
850537
850539
850552
850649
850715
850733
850734
850832
850879
850903
850957
851048
851051
851062
851094
851138
851226
851252
851296
851338
851421
851501
851522
851585
851620
851709
851727
851745
851781
851873
851928
851991
851997
852002
852094
852103
852143
852143
852213
852433
852445
852489
852515
852540
852570
852686
852738
852759
852759
852761
852800
852892
852905
852938
852991
852997
853033
853149
853170
853247
853262
853488
853525
853559
853608
853613
853627
853669
853781
853849
853868
854045
854053
854133
854155
854179
854221
854229
854248
854255
854347
854397
854421
854435
854527
854566
854589
854602
854618
854625
854653
854727
854840
854849
854883
854945
854952
854969
855006
855043
855066
855102
855112
855127
855162
855225
855235
855273
855277
855359
855395
855402
855451
855579
855583
855610
855674
855678
855681
855730
855804
855811
855851
855923
856103
856124
856221
856436
856479
856535
856651
856674
856752
856844
856961
856988
857131
857158
857258
857349
857362
857424
857446
857502
857505
857567
857609
857676
857698
857719
857735
857753
857757
857763
857816
857875
857907
857908
858133
858146
858272
858283
858309
858347
858372
858405
858445
858496
858505
858515
858581
858648
858698
858734
858739
858741
858779
858858
859007
859017
859062
859196
859202
859327
859422
859482
859538
859544
859664
859707
859712
859759
859838
859842
859847
859857
859894
859906
859994
860035
860090
860114
860125
860160
860172
860247
860264
860319
860325
860332
860394
860427
860447
860569
860712
860739
860742
860775
860878
860945
860964
860970
861011
861027
861175
861185
861199
861369
861466
861478
861572
861637
861680
861713
861746
861781
861851
861935
861948
861949
861980
862106
862114
862120
862208
862388
862411
862473
862498
862640
862711
862751
862755
862791
862804
862835
862870
862910
862936
863207
863298
863313
863331
863391
863404
863527
863532
863543
863543
863571
863594
863617
863671
863720
863730
863765
863773
863779
863871
863873
863936
863965
864072
864112
864140
864335
864347
864406
864454
864521
864549
864803
864809
864853
864876
864887
864962
864979
865028
865075
865106
865222
865237
865261
865446
865450
865477
865566
865652
865673
865684
865699
865700
865733
865738
865799
865810
865829
865863
865874
865913
865929
865935
865937
865992
865997
866009
866014
866054
866056
866087
866129
866202
866235
866299
866299
866300
866328
866423
866423
866456
866683
866883
866901
866969
867017
867056
867114
867199
867225
867264
867326
867433
867457
867490
867588
867614
867724
867744
867800
867971
867991
868007
868050
868082
868136
868153
868436
868438
868464
868514
868550
868583
868639
868641
868641
868678
868812
868935
869011
869082
869110
869113
869115
869119
869123
869131
869134
869286
869308
869328
869335
869344
869386
869424
869476
869575
869609
869692
869708
869720
869912
869997
870042
870077
870217
870222
870293
870293
870302
870304
870444
870452
870533
870597
870626
870674
870689
870696
870801
870889
870921
871002
871095
871115
871124
871215
871376
871413
871419
871434
871479
871492
871592
871631
871642
871645
871670
871705
871737
871788
871848
871853
871904
871952
871987
872038
872044
872053
872053
872079
872290
872366
872378
872423
872674
872808
872861
872931
872950
872973
873087
873132
873319
873374
873481
873532
873542
873548
873552
873648
873663
873717
873836
873854
873861
874032
874036
874036
874173
874174
874216
874236
874274
874296
874322
874405
874406
874413
874426
874620
874735
874766
874838
874850
874864
874864
874917
874970
874979
875157
875167
875169
875182
875193
875207
875220
875232
875336
875373
875390
875415
875525
875557
875602
875646
875703
875727
875818
875892
875945
875960
876006
876028
876033
876042
876105
876213
876264
876317
876339
876450
876567
876576
876617
876693
876779
876953
877004
877110
877236
877304
877314
877362
877379
877381
877524
877596
877671
877687
877776
877797
877894
877896
877917
878053
878065
878167
878187
878188
878197
878277
878314
878366
878544
878688
878727
878788
878868
878879
878952
878987
879051
879163
879163
879222
879271
879314
879391
879530
879608
879687
879697
879702
879835
879864
879983
880021
880073
880096
880138
880154
880170
880234
880363
880388
880418
880505
880585
880635
880723
880811
880901
881147
881233
881241
881241
881344
881398
881462
881473
881583
881638
881666
881672
881724
881743
881800
881824
881832
881879
881962
882125
882165
882224
882240
882254
882330
882348
882462
882585
882669
882669
882714
882798
882806
882874
882890
882894
882904
882914
882936
882994
883035
883049
883075
883095
883117
883193
883211
883276
883284
883339
883373
883384
883414
883465
883493
883531
883557
883635
883643
883666
883692
883781
883795
883809
883917
883950
883950
883995
884057
884076
884124
884150
884151
884152
884170
884172
884301
884303
884323
884327
884330
884339
884343
884357
884378
884414
884483
884640
884661
884720
884804
884813
884823
884893
884926
884950
885132
885180
885207
885275
885307
885315
885408
885457
885670
885741
885755
885771
885830
885850
885965
885969
886007
886015
886035
886075
886099
886226
886236
886253
886523
886566
886676
886806
886868
886882
886921
886950
886976
887044
887073
887084
887098
887279
887362
887372
887388
887393
887513
887521
887559
887596
887633
887649
887662
887674
887687
887739
887745
887844
887940
888016
888052
888088
888201
888238
888241
888247
888253
888260
888263
888313
888313
888372
888484
888566
888680
888712
888766
888798
888800
888812
888827
889019
889054
889130
889132
889181
889198
889235
889246
889374
889374
889418
889493
889515
889520
889531
889650
889763
889770
889771
889807
889957
889989
889994
890243
890276
890280
890302
890341
890374
890414
890476
890502
890557
890626
890690
890827
890935
891000
891001
891077
891133
891140
891246
891269
891291
891293
891332
891364
891460
891556
891576
891576
891632
891723
891741
891794
891801
891955
892006
892017
892062
892088
892148
892243
892265
892325
892391
892407
892425
892435
892444
892460
892525
892560
892635
892663
892687
892718
892724
892729
892756
892828
892841
892847
893017
893029
893098
893261
893367
893471
893522
893541
893632
893635
893642
893717
893728
893750
893771
893819
893863
893866
893934
893975
894010
894011
894208
894212
894279
894316
894319
894355
894358
894391
894432
894456
894486
894539
894595
894657
894719
894745
894760
894793
894870
894876
894909
895050
895056
895072
895118
895178
895189
895204
895254
895358
895382
895506
895507
895532
895557
895666
895677
895690
895731
895760
895765
895798
895870
895896
895903
895913
896080
896086
896093
896109
896127
896134
896159
896221
896232
896245
896385
896392
896413
896440
896444
896480
896525
896591
896735
896842
896846
896861
897014
897064
897094
897159
897193
897220
897269
897306
897314
897316
897383
897406
897454
897501
897591
897605
897723
897739
897768
897818
897900
897913
897923
897934
898037
898057
898059
898272
898374
898401
898405
898440
898495
898532
898557
898561
898578
898657
898674
898738
898791
898793
898833
898896
898903
898969
898972
898976
899078
899082
899094
899130
899171
899194
899233
899239
899412
899473
899552
899581
899594
899622
899655
899658
899832
899991
900011
900046
900064
900085
900109
900152
900442
900492
900599
900603
900625
900684
900694
900805
900857
900875
900877
900926
901026
901031
901121
901129
901175
901176
901185
901261
901284
901294
901322
901338
901375
901414
901425
901448
901561
901611
901659
901678
901721
901725
901880
901922
902021
902038
902076
902141
902155
902173
902213
902230
902394
902467
902624
902711
902749
902759
902824
902859
902909
902964
903033
903199
903268
903460
903467
903471
903544
903573
903601
903643
903733
903773
903797
903871
903962
903984
904031
904043
904095
904182
904186
904198
904206
904281
904355
904375
904390
904479
904528
904630
904643
904646
904649
904672
904688
904785
904790
904844
904847
904885
904957
905013
905039
905042
905109
905159
905160
905161
905163
905206
905243
905322
905345
905353
905486
905491
905575
905583
905626
905669
905735
905755
905756
905769
905802
905807
906147
906165
906246
906270
906322
906364
906392
906420
906447
906617
906636
906735
906843
906902
906985
907025
907059
907059
907064
907068
907188
907223
907282
907320
907328
907342
907453
907490
907542
907654
907753
907768
907820
907830
907953
908053
908334
908379
908417
908435
908473
908517
908520
908530
908558
908599
908626
908671
908704
908729
908750
908831
908881
908894
908988
909039
909056
909163
909165
909175
909194
909249
909287
909293
909306
909317
909357
909401
909450
909451
909479
909498
909505
909752
909777
909802
909897
909960
910049
910187
910233
910237
910291
910296
910482
910605
910677
910680
910688
910810
910851
910894
911003
911026
911036
911170
911222
911269
911322
911322
911439
911497
911516
911622
911642
911694
911745
911806
911831
912024
912029
912079
912089
912143
912153
912188
912189
912217
912270
912325
912352
912374
912386
912388
912502
912553
912630
912662
912673
912793
912808
912865
912899
912910
912931
913027
913096
913150
913175
913178
913229
913271
913319
913350
913501
913554
913565
913574
913575
913620
913646
913691
913693
913698
913718
913771
913774
913799
913837
913998
914117
914128
914172
914180
914214
914336
914367
914371
914463
914491
914654
914668
914735
914782
914815
914821
914931
914938
914976
914982
914992
915097
915223
915226
915318
915364
915365
915406
915438
915529
915539
915542
915689
915739
915764
915778
915821
916014
916154
916175
916305
916397
916421
916520
916554
916568
916571
916587
916607
916628
916630
916660
916838
916917
916945
916958
916959
916993
917040
917097
917105
917131
917187
917423
917602
917675
917739
917742
917804
917807
917894
917914
917924
917956
917980
918127
918285
918344
918352
918392
918449
918540
918609
918674
918699
918743
918796
918878
918999
919000
919004
919011
919026
919136
919146
919191
919406
919440
919458
919500
919504
919535
919544
919646
919674
919710
919786
919790
919828
919934
919960
919973
920005
920132
920140
920185
920198
920232
920314
920474
920539
920547
920646
920663
920687
920704
920746
920811
920825
920858
920932
920953
920977
920978
920979
921014
921077
921090
921108
921132
921266
921281
921452
921471
921532
921542
921554
921561
921581
921583
921706
921763
921777
921786
921876
922236
922250
922261
922319
922331
922392
922396
922398
922524
922586
922591
922613
922659
922681
922860
922939
922993
922997
923024
923137
923157
923201
923219
923279
923314
923337
923441
923502
923503
923529
923530
923533
923560
923583
923684
923697
923701
923706
923719
923772
923833
923944
923967
923975
924068
924080
924080
924107
924226
924286
924354
924393
924397
924483
924514
924615
924617
924630
924633
924635
924653
924665
924813
924918
924921
924928
924936
924999
925013
925046
925122
925302
925349
925399
925412
925504
925536
925602
925619
925642
925645
925717
925719
925733
925764
925847
925900
925910
925973
926005
926085
926093
926171
926226
926241
926246
926255
926267
926289
926291
926364
926466
926530
926712
926739
926754
926766
926797
926805
926856
926873
926874
926972
927049
927059
927064
927083
927117
927149
927207
927259
927341
927468
927521
927547
927578
927585
927604
927650
927837
927874
927900
928000
928015
928229
928252
928296
928311
928337
928357
928423
928427
928538
928547
928571
928591
928593
928598
928601
928613
928790
928816
928856
928897
928916
928966
928973
929008
929035
929035
929268
929347
929491
929673
929679
929709
929720
929757
929800
929808
929810
929977
930005
930038
930061
930091
930102
930105
930117
930132
930164
930236
930272
930313
930325
930345
930349
930410
930433
930496
930571
930585
930613
930624
930633
930758
930808
930825
930912
930948
930962
931058
931077
931096
931122
931246
931325
931327
931424
931522
931559
931584
931587
931658
931689
931851
931854
931883
931957
931962
932117
932124
932132
932143
932181
932189
932214
932215
932217
932303
932391
932462
932556
932574
932587
932733
932784
932790
932890
933035
933043
933092
933120
933144
933152
933208
933261
933262
933281
933326
933337
933361
933365
933453
933454
933644
933738
933945
933975
933987
933987
933994
934158
934209
934226
934228
934234
934254
934257
934327
934521
934551
934560
934601
934690
934692
934876
934899
934930
934977
934999
935002
935051
935057
935093
935106
935130
935139
935248
935262
935360
935369
935495
935539
935561
935602
935660
935664
935668
935752
935767
935830
935939
935967
936049
936050
936078
936101
936150
936244
936251
936276
936315
936321
936323
936382
936429
936500
936508
936518
936612
936712
936758
936782
936839
936888
937010
937025
937221
937271
937279
937312
937436
937448
937517
937625
937643
937686
937697
937704
937715
937748
937839
937875
937901
937972
938005
938038
938038
938125
938200
938204
938306
938432
938460
938500
938659
938723
938787
938852
938866
938890
938913
938929
939131
939231
939248
939295
939297
939308
939313
939368
939418
939420
939500
939520
939555
939610
939731
939741
939769
939775
939793
939814
939832
939842
939879
939901
939908
940020
940038
940078
940083
940096
940145
940171
940189
940237
940335
940395
940403
940426
940488
940512
940518
940547
940779
940849
940901
940930
940956
941107
941122
941375
941381
941386
941405
941457
941475
941501
941569
941629
941706
941740
941757
941810
941916
941930
942013
942104
942130
942135
942163
942174
942269
942299
942312
942424
942469
942544
942613
942758
942781
942867
942975
943069
943107
943144
943287
943309
943335
943350
943356
943362
943471
943553
943657
943692
943726
943747
943805
943873
943946
944249
944295
944366
944383
944519
944524
944609
944664
944669
944733
944736
944792
944897
944967
945059
945087
945089
945090
945166
945308
945379
945390
945423
945454
945490
945534
945558
945683
945728
945812
945844
945862
945943
945949
945979
945993
946005
946087
946129
946221
946228
946264
946281
946471
946486
946556
946569
946646
946663
946668
946698
946705
946714
946891
947069
947119
947145
947255
947292
947489
947533
947544
947600
947674
947677
947752
947874
947902
947977
948006
948012
948041
948070
948211
948215
948335
948365
948464
948484
948520
948526
948579
948670
948748
948767
948793
948814
948893
948895
948909
949024
949122
949150
949203
949268
949387
949466
949795
949937
949940
949991
950011
950049
950266
950356
950664
950676
950686
950748
950754
950796
950803
950936
950988
951011
951139
951278
951288
951290
951364
951489
951723
951811
951823
951861
952024
952078
952080
952102
952102
952190
952276
952298
952484
952539
952675
952692
952720
952778
952791
952843
952966
952981
953210
953237
953269
953315
953330
953340
953424
953431
953588
953590
953656
953658
953720
953918
953925
954017
954030
954112
954173
954208
954211
954216
954220
954376
954424
954431
954615
954633
954661
954742
954748
954800
954803
954911
954915
954934
954984
955028
955035
955120
955128
955130
955173
955174
955219
955325
955436
955445
955457
955625
955631
955653
955724
955818
955855
955963
956018
956073
956170
956192
956269
956328
956382
956390
956415
956459
956483
956523
956596
956641
956708
956718
956755
956854
956910
957194
957232
957263
957329
957374
957414
957516
957630
957711
957762
957769
957880
957887
957888
957927
957988
958014
958112
958112
958156
958231
958241
958269
958324
958346
958559
958568
958616
958639
958641
958674
958683
958735
958776
958779
958832
958834
958956
958988
959005
959082
959280
959326
959369
959430
959466
959505
959547
959548
959603
959647
959656
959676
959755
959790
959802
959833
959934
959973
959982
959989
960018
960085
960105
960128
960158
960261
960389
960424
960475
960479
960493
960605
960631
960683
960710
960732
960816
960819
960974
961046
961057
961154
961242
961363
961377
961429
961464
961472
961480
961577
961654
961698
961730
961767
961800
961824
961865
961869
961887
961914
961927
961942
962041
962090
962097
962137
962260
962292
962308
962334
962360
962433
962441
962443
962465
962511
962522
962555
962603
962608
962655
962666
962687
962706
962709
962856
962888
962938
962956
963029
963074
963089
963109
963208
963252
963328
963365
963444
963524
963543
963558
963656
963855
963921
964021
964031
964031
964110
964181
964215
964236
964323
964364
964397
964411
964489
964493
964524
964535
964546
964569
964590
964618
964621
964646
964675
964675
964717
964774
964776
964793
964796
964855
964966
964986
965088
965119
965126
965149
965202
965202
965260
965271
965396
965491
965558
965599
965609
965652
965714
965748
965763
965774
965786
965800
965814
965843
965887
965897
965929
966081
966091
966095
966120
966123
966169
966171
966221
966239
966248
966286
966399
966409
966410
966412
966518
966548
966614
966626
966670
966785
966866
966921
966997
967118
967143
967153
967218
967219
967311
967338
967354
967422
967466
967468
967470
967579
967673
967720
967794
967807
967859
967890
967893
967975
968031
968035
968070
968167
968192
968194
968219
968269
968284
968369
968402
968413
968472
968539
968581
968581
968642
968729
968836
968905
968932
968976
969015
969089
969189
969207
969289
969313
969358
969569
969588
969591
969617
969627
969654
969685
969687
969715
969758
969839
969839
969842
969845
969863
969877
970027
970366
970571
970782
970786
970808
970823
970849
970853
970858
970914
971007
971048
971093
971132
971138
971158
971302
971345
971394
971494
971569
971586
971589
971812
971846
971855
971928
971977
971994
972094
972133
972203
972439
972450
972474
972484
972502
972515
972546
972560
972641
972676
972678
972690
972702
972726
972826
972827
972855
972859
972969
972979
972994
973022
973101
973243
973296
973333
973348
973350
973364
973413
973424
973507
973534
973650
973718
973737
973777
973786
973791
973814
973881
973929
973957
973988
974081
974107
974111
974113
974136
974301
974365
974486
974516
974517
974674
974699
974855
974934
975039
975123
975218
975249
975295
975297
975318
975389
975416
975458
975466
975476
975484
975529
975814
975824
975889
975908
975918
975965
975984
975989
975990
976073
976090
976154
976343
976388
976400
976452
976474
976477
976483
976500
976563
976600
976644
976709
976777
976808
976827
976828
976841
976859
976860
976944
976959
976960
976969
977040
977051
977064
977187
977205
977238
977272
977287
977353
977357
977452
977494
977531
977549
977561
977573
977576
977648
977710
977740
977755
977792
978114
978254
978278
978334
978352
978371
978522
978530
978538
978560
978581
978617
978626
978663
978665
978889
978897
978931
978979
979045
979058
979275
979300
979346
979366
979402
979424
979433
979476
979484
979538
979628
979696
979805
979829
979832
979866
979911
979979
980074
980142
980154
980231
980253
980284
980413
980422
980461
980677
980731
980775
980776
980783
980785
980907
980945
980986
980992
981028
981039
981082
981092
981097
981187
981304
981313
981368
981371
981443
981486
981489
981518
981747
981848
981882
981905
981996
982002
982017
982047
982169
982202
982241
982289
982372
982381
982382
982526
982592
982756
982852
982887
982894
982928
982933
983087
983096
983105
983325
983377
983406
983410
983429
983440
983473
983486
983553
983577
983611
983637
983683
983694
983705
983740
983864
983898
983939
983943
983961
984074
984076
984149
984181
984184
984231
984291
984313
984346
984364
984397
984536
984659
984683
984708
984754
984804
984820
984867
984969
984984
985015
985028
985033
985035
985167
985550
985555
985611
985644
985876
985889
985935
985938
985944
986062
986251
986272
986297
986485
986519
986525
986722
986746
986872
986873
986908
986926
986968
987018
987077
987081
987094
987122
987145
987145
987158
987196
987221
987222
987290
987295
987296
987359
987364
987390
987402
987426
987485
987494
987533
987583
987595
987627
987716
987762
987785
988087
988093
988113
988181
988312
988327
988335
988403
988445
988449
988462
988473
988550
988563
988684
988690
988776
988799
988801
988918
989020
989066
989100
989131
989175
989175
989234
989467
989528
989573
989646
989661
989710
989827
989837
990051
990075
990093
990114
990149
990177
990202
990213
990237
990306
990327
990464
990487
990507
990511
990557
990604
990612
990613
990615
990693
990694
990752
990797
990807
990850
990949
991083
991108
991172
991184
991279
991386
991402
991402
991450
991481
991502
991574
991621
991628
991639
991699
991704
991731
991750
991800
991854
991881
991927
992195
992321
992327
992428
992494
992593
992638
992641
992644
992731
992734
992763
992814
992826
992856
993115
993136
993179
993267
993411
993662
993683
993736
993755
993813
993816
993844
993852
993879
993956
994132
994190
994264
994351
994376
994658
994708
994803
994834
994883
994901
994903
994962
994965
994992
994994
995011
995024
995025
995028
995038
995062
995130
995171
995275
995297
995345
995358
995441
995472
995472
995678
995710
995808
995809
995833
995836
995919
995925
995940
995970
995983
995985
996058
996114
996139
996283
996289
996337
996345
996363
996372
996390
996464
996465
996592
996601
996620
996622
996622
996674
996691
996694
996879
996884
996904
996992
997048
997215
997253
997288
997394
997408
997426
997458
997493
997494
997523
997531
997542
997548
997626
997682
997690
997690
997691
997769
997813
997820
997831
997841
997853
997862
997961
997967
997983
998031
998121
998237
998241
998365
998576
998626
998656
998678
998735
998765
998783
998864
998866
998876
998926
999097
999111
999144
999198
999253
999375
999444
999450
999477
999520
999566
999575
999858
999923
999927
999977
999983
999995
1000175
1000274
1000282
1000317
1000341
1000350
1000373
1000444
1000444
1000508
1000524
1000592
1000705
1000743
1000787
1000852
1001064
1001067
1001121
1001158
1001289
1001380
1001411
1001447
1001496
1001542
1001595
1001610
1001622
1001641
1001648
1001703
1001912
1002015
1002033
1002066
1002170
1002292
1002319
1002362
1002427
1002484
1002490
1002491
1002508
1002539
1002558
1002660
1002666
1002683
1002747
1002780
1002809
1002820
1002830
1002960
1002982
1003023
1003032
1003059
1003065
1003133
1003169
1003212
1003283
1003290
1003313
1003378
1003491
1003505
1003590
1003631
1003655
1003763
1003779
1003790
1003850
1003873
1003900
1003910
1003984
1004017
1004048
1004076
1004147
1004158
1004249
1004319
1004514
1004552
1004593
1004594
1004602
1004607
1004615
1004658
1004661
1004841
1004981
1005018
1005166
1005197
1005283
1005301
1005472
1005558
1005563
1005677
1005678
1005685
1005789
1005800
1005840
1005861
1005884
1005951
1005951
1005957
1006088
1006101
1006160
1006168
1006214
1006328
1006355
1006416
1006714
1006882
1006931
1006994
1007020
1007072
1007115
1007186
1007206
1007212
1007493
1007554
1007562
1007625
1007627
1007631
1007668
1007703
1007703
1007745
1007773
1007782
1007855
1007945
1008064
1008086
1008173
1008229
1008375
1008484
1008521
1008531
1008569
1008581
1008598
1008628
1008691
1008719
1008882
1008943
1008960
1008970
1009015
1009098
1009147
1009173
1009184
1009214
1009266
1009274
1009521
1009545
1009597
1009652
1009680
1009721
1009807
1009935
1009973
1010087
1010109
1010118
1010176
1010198
1010244
1010298
1010346
1010354
1010405
1010506
1010554
1010591
1010643
1010660
1010693
1010719
1010809
1010842
1010861
1010945
1011002
1011078
1011104
1011144
1011184
1011260
1011288
1011358
1011393
1011394
1011407
1011418
1011436
1011436
1011455
1011506
1011560
1011564
1011575
1011640
1011661
1011664
1011684
1011725
1011725
1011752
1011768
1011784
1011791
1011827
1011922
1011942
1011943
1012066
1012074
1012080
1012084
1012215
1012295
1012301
1012334
1012335
1012397
1012437
1012452
1012504
1012513
1012542
1012555
1012570
1012578
1012582
1012628
1012669
1012785
1012797
1012806
1012814
1012839
1012844
1012849
1012895
1012919
1012985
1012999
1013061
1013153
1013165
1013193
1013278
1013300
1013420
1013421
1013476
1013504
1013518
1013558
1013599
1013647
1013655
1013681
1013760
1013815
1013877
1013895
1014095
1014100
1014103
1014190
1014280
1014437
1014441
1014476
1014484
1014526
1014655
1014659
1014675
1014726
1014811
1014847
1014888
1014912
1015028
1015235
1015296
1015339
1015341
1015343
1015357
1015378
1015380
1015416
1015492
1015543
1015544
1015553
1015560
1015601
1015631
1015633
1015670
1015678
1015694
1015762
1015788
1015838
1015844
1015920
1016022
1016159
1016176
1016213
1016223
1016232
1016247
1016258
1016269
1016320
1016347
1016357
1016401
1016402
1016411
1016582
1016629
1016720
1016789
1016947
1017231
1017261
1017330
1017370
1017390
1017653
1017731
1017767
1017822
1017830
1017854
1017864
1017879
1018075
1018092
1018212
1018276
1018289
1018353
1018399
1018511
1018590
1018609
1018676
1018686
1018728
1018733
1018777
1018789
1018972
1019235
1019270
1019276
1019280
1019280
1019308
1019485
1019573
1019592
1019675
1019697
1019777
1019864
1019971
1020062
1020092
1020100
1020115
1020177
1020248
1020337
1020473
1020503
1020515
1020532
1020607
1020650
1020711
1020754
1020810
1020929
1021120
1021276
1021279
1021293
1021366
1021451
1021513
1021590
1021675
1021693
1021796
1021862
1021917
1021945
1022026
1022061
1022095
1022119
1022215
1022234
1022267
1022278
1022284
1022298
1022319
1022336
1022337
1022409
1022433
1022437
1022452
1022553
1022654
1022716
1022892
1022910
1022926
1022961
1023036
1023096
1023137
1023172
1023237
1023239
1023241
1023300
1023328
1023328
1023374
1023434
1023486
1023530
1023596
1023661
1023701
1023767
1023779
1023888
1023889
1023972
1023989
1024226
1024228
1024275
1024283
1024283
1024293
1024334
1024361
1024471
1024475
1024484
1024533
1024538
1024572
1024630
1024638
1024665
1024761
1024800
1024841
1024850
1024902
1025057
1025122
1025175
1025214
1025367
1025398
1025437
1025501
1025602
1025604
1025612
1025670
1025672
1025675
1025709
1025773
1025778
1025803
1025813
1025863
1025887
1025914
1025919
1025990
1026073
1026101
1026123
1026146
1026417
1026433
1026441
1026457
1026459
1026464
1026497
1026565
1026581
1026699
1026743
1026874
1026897
1026908
1026977
1027198
1027210
1027226
1027286
1027405
1027428
1027468
1027472
1027477
1027541
1027543
1027565
1027613
1027680
1027755
1027811
1027900
1027978
1027991
1028014
1028038
1028088
1028143
1028149
1028151
1028185
1028187
1028247
1028263
1028289
1028438
1028565
1028586
1028594
1028641
1028647
1028739
1028750
1028892
1028994
1029110
1029277
1029338
1029391
1029424
1029430
1029450
1029501
1029504
1029555
1029564
1029574
1029574
1029690
1029765
1029835
1029862
1029866
1029888
1030099
1030138
1030179
1030199
1030221
1030348
1030350
1030456
1030465
1030500
1030516
1030547
1030610
1030620
1030636
1030689
1030807
1030842
1030934
1031086
1031117
1031118
1031189
1031193
1031289
1031397
1031439
1031473
1031513
1031530
1031530
1031590
1031697
1031746
1031754
1031756
1031789
1031789
1031801
1031833
1031888
1031996
1032050
1032166
1032201
1032258
1032296
1032320
1032395
1032411
1032429
1032526
1032527
1032567
1032623
1032629
1032632
1032753
1032755
1033058
1033216
1033222
1033294
1033368
1033386
1033407
1033426
1033444
1033494
1033509
1033579
1033610
1033634
1033640
1033688
1033707
1033718
1033733
1033841
1033884
1033998
1034087
1034148
1034186
1034260
1034274
1034287
1034294
1034398
1034476
1034494
1034497
1034723
1034768
1034802
1034844
1034935
1034948
1034955
1034968
1035007
1035029
1035031
1035091
1035098
1035138
1035140
1035147
1035161
1035214
1035217
1035258
1035352
1035423
1035516
1035550
1035589
1035598
1035691
1035745
1035961
1036003
1036021
1036110
1036128
1036162
1036176
1036201
1036221
1036310
1036315
1036394
1036406
1036411
1036563
1036578
1036683
1036777
1036900
1036921
1036976
1036990
1037043
1037073
1037087
1037114
1037196
1037201
1037229
1037233
1037240
1037286
1037320
1037357
1037396
1037423
1037445
1037495
1037606
1037643
1037666
1037711
1037751
1037810
1037877
1037879
1037927
1038048
1038088
1038199
1038241
1038247
1038287
1038334
1038357
1038359
1038456
1038458
1038467
1038476
1038579
1038623
1038646
1038721
1038755
1038810
1039046
1039055
1039071
1039071
1039129
1039179
1039243
1039276
1039456
1039468
1039534
1039577
1039641
1039662
1039688
1039846
1039863
1039867
1039885
1040003
1040067
1040075
1040159
1040173
1040193
1040200
1040317
1040392
1040441
1040549
1040655
1040658
1040661
1040740
1040741
1040804
1040853
1040882
1040893
1040900
1040960
1040987
1041001
1041037
1041078
1041274
1041327
1041356
1041378
1041397
1041415
1041440
1041516
1041569
1041590
1041762
1041777
1041793
1041848
1041853
1041918
1041927
1042033
1042132
1042168
1042233
1042285
1042321
1042364
1042414
1042433
1042551
1042609
1042722
1042764
1042826
1042830
1042850
1042883
1042983
1043036
1043087
1043109
1043152
1043164
1043184
1043248
1043343
1043387
1043430
1043448
1043532
1043536
1043593
1043690
1043833
1043869
1043872
1043886
1043953
1044060
1044080
1044176
1044291
1044344
1044467
1044482
1044506
1044519
1044525
1044637
1044748
1044852
1044897
1045002
1045018
1045057
1045080
1045090
1045098
1045137
1045164
1045251
1045296
1045334
1045571
1045600
1045660
1045683
1045715
1045857
1045932
1046109
1046146
1046248
1046264
1046267
1046283
1046475
1046480
1046730
1046733
1046804
1046844
1046914
1046946
1047055
1047064
1047133
1047183
1047235
1047311
1047513
1047516
1047553
1047564
1047611
1047831
1047872
1047894
1048052
1048077
1048109
1048262
1048280
1048293
1048362
1048365
1048417
1048425
1048431
1048533
1048558
1048611
1048627
1048651
1048651
1048673
1048689
1048729
1048739
1048792
1048838
1048866
1048869
1048893
1048897
1049025
1049083
1049085
1049102
1049200
1049288
1049327
1049336
1049341
1049363
1049423
1049444
1049462
1049561
1049599
1049621
1049651
1049728
1049782
1049797
1049806
1049828
1049878
1049891
1049936
1050025
1050048
1050150
1050174
1050189
1050229
1050240
1050242
1050299
1050353
1050381
1050394
1050406
1050409
1050449
1050478
1050611
1050647
1050652
1050686
1050721
1050802
1050809
1050860
1050924
1051155
1051172
1051187
1051209
1051236
1051251
1051283
1051289
1051332
1051336
1051544
1051743
1051763
1051854
1051855
1051902
1052045
1052085
1052178
1052197
1052197
1052255
1052464
1052511
1052523
1052577
1052624
1052638
1052658
1052762
1052851
1052855
1052899
1052971
1052987
1053068
1053110
1053156
1053158
1053193
1053208
1053218
1053395
1053402
1053414
1053632
1053651
1053672
1053676
1053755
1053778
1053794
1053804
1053810
1053836
1053855
1053856
1053918
1053930
1053956
1053985
1054003
1054012
1054247
1054317
1054339
1054440
1054497
1054588
1054662
1054698
1054720
1054808
1054873
1054944
1054975
1055083
1055091
1055121
1055128
1055139
1055169
1055247
1055256
1055262
1055280
1055295
1055348
1055385
1055411
1055486
1055525
1055633
1055642
1055690
1055746
1055773
1055792
1055811
1055857
1055906
1055946
1055965
1055996
1056015
1056087
1056145
1056160
1056168
1056189
1056192
1056290
1056291
1056317
1056348
1056446
1056528
1056545
1056547
1056548
1056809
1056812
1056823
1056828
1056899
1056964
1057044
1057138
1057251
1057291
1057354
1057450
1057460
1057511
1057619
1057719
1057850
1057924
1057954
1057969
1058111
1058120
1058124
1058208
1058313
1058319
1058357
1058378
1058437
1058469
1058526
1058598
1058623
1058674
1058688
1058716
1058896
1058897
1058910
1058973
1059215
1059257
1059273
1059320
1059346
1059414
1059458
1059488
1059537
1059603
1059626
1059657
1059723
1059743
1059816
1059892
1059902
1059925
1059934
1059988
1059988
1060028
1060030
1060077
1060108
1060165
1060180
1060205
1060341
1060378
1060392
1060412
1060447
1060500
1060544
1060562
1060608
1060674
1060923
1061028
1061196
1061322
1061389
1061391
1061421
1061554
1061562
1061809
1061870
1061878
1061890
1061897
1061960
1062084
1062146
1062150
1062165
1062167
1062169
1062194
1062217
1062225
1062234
1062297
1062361
1062404
1062457
1062460
1062465
1062502
1062564
1062570
1062578
1062584
1062680
1062683
1062688
1062741
1062859
1062946
1062952
1062958
1062980
1063001
1063043
1063091
1063098
1063155
1063200
1063241
1063266
1063338
1063366
1063393
1063525
1063545
1063582
1063619
1063669
1063679
1063688
1063704
1063724
1063725
1063785
1063819
1063896
1063911
1063989
1064083
1064195
1064304
1064309
1064326
1064404
1064416
1064426
1064440
1064473
1064501
1064617
1064759
1064779
1064822
1064921
1064979
1064982
1064986
1065085
1065086
1065092
1065107
1065174
1065197
1065208
1065219
1065219
1065235
1065238
1065261
1065263
1065291
1065388
1065411
1065438
1065464
1065511
1065518
1065527
1065535
1065588
1065599
1065607
1065621
1065640
1065662
1065796
1065830
1065875
1065972
1066059
1066146
1066182
1066311
1066335
1066421
1066491
1066500
1066521
1066577
1066780
1066844
1067014
1067018
1067025
1067026
1067076
1067083
1067132
1067171
1067177
1067185
1067223
1067225
1067279
1067321
1067362
1067389
1067502
1067672
1067673
1067908
1067915
1067988
1068011
1068081
1068134
1068195
1068196
1068207
1068232
1068248
1068256
1068275
1068294
1068352
1068354
1068376
1068446
1068502
1068538
1068662
1068668
1068676
1068852
1068860
1068933
1068953
1068956
1068977
1069006
1069057
1069141
1069149
1069238
1069469
1069711
1069825
1069910
1069911
1069957
1069988
1069996
1070004
1070064
1070088
1070128
1070138
1070224
1070232
1070282
1070291
1070349
1070423
1070425
1070464
1070488
1070532
1070609
1070657
1070659
1070698
1070701
1070825
1070835
1070911
1070959
1071143
1071163
1071306
1071338
1071358
1071499
1071571
1071645
1071663
1071752
1071765
1071788
1071811
1072003
1072109
1072240
1072258
1072355
1072488
1072521
1072525
1072673
1072688
1072699
1072725
1072749
1072803
1072807
1072917
1072951
1072956
1073143
1073150
1073229
1073300
1073319
1073334
1073357
1073389
1073406
1073493
1073562
1073613
1073675
1073790
1073816
1073822
1073827
1073856
1073869
1073884
1073895
1073917
1073921
1073924
1074036
1074139
1074271
1074328
1074380
1074381
1074413
1074504
1074566
1074590
1074596
1074666
1074697
1074710
1074771
1074774
1074822
1074876
1074899
1074938
1074952
1074966
1075010
1075020
1075034
1075040
1075050
1075074
1075227
1075313
1075319
1075320
1075338
1075360
1075417
1075433
1075486
1075560
1075613
1075635
1075656
1075695
1075720
1075826
1076032
1076081
1076127
1076146
1076195
1076211
1076410
1076423
1076423
1076484
1076516
1076552
1076647
1076822
1077042
1077156
1077220
1077221
1077229
1077237
1077262
1077345
1077525
1077720
1077828
1077870
1077882
1077891
1077916
1077947
1077990
1078004
1078017
1078017
1078054
1078121
1078152
1078200
1078224
1078238
1078271
1078273
1078275
1078330
1078483
1078527
1078556
1078570
1078580
1078587
1078591
1078667
1078667
1078678
1078760
1078766
1078813
1078819
1078821
1078860
1078869
1078931
1078951
1078970
1079066
1079070
1079092
1079120
1079160
1079216
1079255
1079279
1079354
1079399
1079594
1079714
1079724
1079748
1079786
1079852
1079857
1079876
1080005
1080136
1080263
1080278
1080312
1080314
1080353
1080360
1080381
1080506
1080571
1080674
1080750
1080756
1080813
1080862
1080864
1080899
1080920
1080938
1080940
1081004
1081013
1081033
1081144
1081347
1081361
1081439
1081439
1081493
1081576
1081594
1081630
1081753
1081798
1081806
1081807
1081845
1081949
1081949
1081973
1082002
1082003
1082030
1082048
1082097
1082122
1082145
1082183
1082315
1082357
1082368
1082438
1082453
1082505
1082529
1082553
1082566
1082637
1082647
1082704
1082755
1083310
1083346
1083371
1083382
1083410
1083413
1083551
1083580
1083659
1083690
1083808
1083824
1083838
1083853
1083871
1083909
1083967
1083968
1084016
1084028
1084136
1084148
1084199
1084246
1084249
1084264
1084295
1084303
1084407
1084416
1084424
1084445
1084447
1084491
1084613
1084684
1084750
1084785
1084806
1084818
1084891
1084992
1085090
1085129
1085136
1085210
1085226
1085313
1085365
1085383
1085392
1085399
1085403
1085415
1085466
1085469
1085494
1085540
1085623
1085747
1085931
1085932
1085997
1086010
1086033
1086039
1086054
1086101
1086143
1086181
1086265
1086414
1086416
1086507
1086572
1086655
1086702
1086740
1086779
1086842
1086852
1086856
1086858
1087016
1087020
1087063
1087084
1087093
1087128
1087134
1087221
1087260
1087363
1087508
1087513
1087544
1087629
1087829
1087899
1087956
1087963
1088096
1088136
1088170
1088213
1088283
1088305
1088351
1088376
1088382
1088452
1088536
1088670
1088693
1088753
1088766
1088848
1088854
1088876
1088951
1088987
1089242
1089299
1089324
1089328
1089404
1089410
1089411
1089428
1089455
1089505
1089572
1089654
1089670
1089673
1089781
1089796
1089837
1089896
1089984
1090085
1090097
1090109
1090134
1090149
1090170
1090195
1090220
1090268
1090303
1090326
1090341
1090520
1090572
1090597
1090634
1090700
1090706
1090780
1090823
1090843
1090894
1090899
1090901
1090960
1090975
1091018
1091031
1091084
1091110
1091203
1091220
1091301
1091366
1091421
1091444
1091445
1091448
1091525
1091552
1091558
1091586
1091653
1091690
1091776
1091898
1091938
1091981
1092041
1092061
1092078
1092093
1092204
1092279
1092366
1092547
1092574
1092608
1092625
1092759
1092781
1092787
1092963
1093025
1093070
1093183
1093234
1093244
1093296
1093368
1093403
1093443
1093465
1093608
1093678
1093798
1093817
1093818
1094019
1094118
1094121
1094212
1094223
1094278
1094368
1094516
1094520
1094539
1094574
1094860
1094965
1094998
1095112
1095192
1095220
1095331
1095340
1095345
1095432
1095498
1095557
1095605
1095719
1095751
1095782
1095886
1095908
1095925
1095983
1095999
1096077
1096092
1096098
1096101
1096191
1096218
1096252
1096347
1096367
1096409
1096517
1096520
1096530
1096531
1096607
1096624
1096645
1096667
1096709
1096839
1096871
1096931
1096942
1096979
1097004
1097046
1097088
1097148
1097175
1097249
1097261
1097289
1097363
1097461
1097475
1097508
1097563
1097639
1097689
1097755
1097778
1097785
1097836
1097840
1097849
1097863
1097868
1097903
1097904
1097992
1098151
1098208
1098227
1098247
1098251
1098353
1098404
1098515
1098535
1098628
1098639
1098647
1098743
1098821
1098925
1098969
1099264
1099356
1099397
1099435
1099468
1099641
1099650
1099691
1099905
1100034
1100053
1100128
1100161
1100211
1100223
1100233
1100248
1100302
1100437
1100466
1100554
1100663
1100736
1100771
1100794
1100828
1100895
1100968
1101017
1101034
1101087
1101119
1101243
1101258
1101323
1101347
1101467
1101469
1101507
1101551
1101566
1101573
1101612
1101650
1101676
1101853
1101902
1101920
1101953
1102063
1102165
1102190
1102263
1102273
1102297
1102422
1102480
1102482
1102488
1102495
1102510
1102526
1102531
1102561
1102572
1102788
1102796
1102879
1102903
1102940
1102950
1102997
1103084
1103116
1103175
1103251
1103322
1103397
1103498
1103530
1103547
1103567
1103613
1103617
1103671
1103788
1103813
1103847
1103950
1103977
1104047
1104127
1104162
1104204
1104221
1104278
1104283
1104411
1104515
1104526
1104547
1104581
1104639
1104648
1104693
1104743
1104763
1104898
1104904
1104909
1104942
1104962
1104983
1105043
1105045
1105053
1105063
1105102
1105135
1105150
1105186
1105498
1105506
1105628
1105633
1105772
1105837
1105842
1105881
1105912
1105937
1105961
1105986
1106026
1106045
1106316
1106320
1106398
1106422
1106532
1106617
1106619
1106641
1106738
1106750
1106782
1106920
1106950
1106986
1107099
1107184
1107305
1107316
1107379
1107384
1107393
1107422
1107473
1107521
1107550
1107558
1107582
1107664
1107737
1107781
1107823
1107856
1107884
1107905
1107919
1107988
1107988
1108038
1108129
1108135
1108202
1108204
1108342
1108373
1108381
1108398
1108512
1108561
1108716
1108828
1108876
1108906
1108940
1109014
1109110
1109120
1109143
1109212
1109283
1109291
1109335
1109359
1109366
1109385
1109409
1109485
1109629
1109735
1109947
1109967
1109980
1110054
1110092
1110096
1110238
1110302
1110361
1110427
1110462
1110490
1110571
1110623
1110654
1110752
1110754
1110783
1110883
1110941
1110991
1111103
1111182
1111191
1111193
1111243
1111270
1111576
1111606
1111722
1111749
1111761
1111814
1111817
1111862
1111870
1111870
1111927
1111948
1111975
1112006
1112043
1112051
1112136
1112158
1112167
1112273
1112293
1112296
1112396
1112494
1112504
1112692
1112750
1112778
1112838
1112842
1113017
1113057
1113066
1113122
1113153
1113170
1113288
1113397
1113407
1113424
1113440
1113498
1113507
1113551
1113567
1113691
1113713
1113759
1113786
1113835
1113892
1113986
1114001
1114006
1114151
1114164
1114314
1114318
1114424
1114474
1114513
1114520
1114543
1114554
1114652
1114653
1114706
1114717
1114852
1114855
1114860
1114890
1114940
1115007
1115071
1115170
1115207
1115220
1115239
1115248
1115281
1115318
1115388
1115473
1115479
1115533
1115564
1115564
1115567
1115576
1115615
1115661
1115699
1115715
1115762
1115785
1115965
1116019
1116146
1116222
1116250
1116417
1116472
1116480
1116504
1116533
1116566
1116707
1116732
1116757
1116844
1117041
1117045
1117088
1117101
1117137
1117179
1117197
1117298
1117313
1117319
1117339
1117640
1117670
1117710
1118044
1118051
1118084
1118196
1118322
1118373
1118392
1118392
1118404
1118464
1118491
1118494
1118513
1118520
1118543
1118565
1118581
1118596
1118606
1118624
1118654
1118684
1118765
1118770
1118794
1118813
1118813
1118891
1118962
1119032
1119061
1119134
1119229
1119274
1119290
1119308
1119350
1119431
1119431
1119506
1119555
1119573
1119574
1119625
1119682
1119773
1119776
1119784
1119803
1119812
1119854
1119865
1119908
1119925
1119938
1119959
1119989
1120088
1120090
1120102
1120135
1120156
1120169
1120189
1120231
1120523
1120582
1120621
1120803
1120997
1121009
1121084
1121093
1121100
1121138
1121196
1121199
1121247
1121255
1121338
1121346
1121359
1121427
1121434
1121437
1121440
1121495
1121561
1121571
1121588
1121603
1121612
1121629
1121632
1121650
1121655
1121660
1121662
1121910
1121932
1121943
1121999
1122035
1122084
1122136
1122145
1122241
1122283
1122481
1122494
1122507
1122555
1122594
1122631
1122686
1122745
1122759
1122927
1122932
1122938
1122964
1123071
1123110
1123151
1123222
1123257
1123289
1123302
1123370
1123386
1123433
1123541
1123549
1123625
1123632
1123699
1123714
1123762
1123785
1123827
1123844
1124000
1124022
1124045
1124150
1124192
1124265
1124292
1124392
1124423
1124555
1124583
1124637
1124683
1124713
1124802
1124806
1124912
1124912
1125116
1125129
1125147
1125255
1125475
1125511
1125557
1125680
1125727
1125757
1125907
1125926
1125936
1125941
1126121
1126192
1126203
1126218
1126249
1126265
1126290
1126351
1126414
1126444
1126477
1126504
1126534
1126551
1126730
1126747
1126776
1126829
1126878
1127044
1127045
1127054
1127142
1127191
1127197
1127233
1127392
1127483
1127536
1127541
1127582
1127685
1127754
1127836
1127898
1127915
1127966
1127973
1127985
1128019
1128060
1128061
1128137
1128154
1128172
1128180
1128216
1128277
1128289
1128329
1128418
1128470
1128514
1128522
1128572
1128644
1128656
1128821
1128821
1128838
1128846
1128933
1128963
1128993
1129009
1129033
1129075
1129085
1129095
1129098
1129115
1129191
1129381
1129390
1129430
1129430
1129432
1129451
1129504
1129519
1129609
1129658
1129734
1129766
1129770
1129780
1129895
1129933
1130042
1130118
1130134
1130192
1130196
1130452
1130459
1130609
1130618
1130660
1130730
1130731
1130762
1130789
1130875
1130899
1130934
1131013
1131042
1131045
1131074
1131098
1131191
1131231
1131287
1131341
1131444
1131450
1131456
1131467
1131519
1131563
1131605
1131679
1131765
1131797
1131815
1131909
1131936
1132013
1132034
1132147
1132151
1132193
1132205
1132210
1132267
1132282
1132414
1132560
1132593
1132658
1132737
1132746
1132800
1132848
1132967
1132983
1133027
1133027
1133067
1133118
1133159
1133257
1133371
1133399
1133401
1133411
1133445
1133615
1133642
1133744
1133912
1133929
1133930
1134101
1134163
1134198
1134266
1134287
1134399
1134454
1134455
1134576
1134656
1134691
1134755
1134781
1134852
1134950
1134984
1135143
1135364
1135384
1135417
1135518
1135661
1135769
1135804
1135866
1135902
1135971
1135981
1136035
1136138
1136236
1136252
1136312
1136329
1136346
1136438
1136442
1136493
1136526
1136534
1136539
1136625
1136760
1136798
1136840
1136862
1137011
1137057
1137120
1137129
1137158
1137191
1137254
1137266
1137319
1137436
1137452
1137548
1137613
1137623
1137643
1137693
1137700
1137711
1137772
1137811
1137837
1137919
1137922
1138035
1138045
1138082
1138096
1138233
1138294
1138312
1138321
1138338
1138396
1138424
1138449
1138475
1138557
1138644
1138654
1138664
1138687
1138724
1138738
1138744
1138747
1138810
1138963
1139001
1139104
1139169
1139249
1139344
1139365
1139435
1139474
1139474
1139523
1139530
1139576
1139576
1139591
1139681
1139802
1139898
1139926
1139934
1139940
1140049
1140075
1140178
1140195
1140254
1140305
1140362
1140432
1140465
1140535
1140547
1140606
1140620
1140641
1140725
1140739
1140919
1140960
1140975
1141011
1141077
1141096
1141140
1141146
1141245
1141446
1141458
1141499
1141511
1141534
1141559
1141663
1141713
1141734
1141750
1141784
1141785
1141786
1141860
1141912
1141937
1141999
1142009
1142014
1142025
1142053
1142077
1142176
1142227
1142290
1142310
1142346
1142357
1142373
1142443
1142531
1142592
1142630
1142637
1142701
1142814
1142817
1142948
1143058
1143175
1143180
1143187
1143196
1143198
1143217
1143261
1143329
1143346
1143390
1143473
1143552
1143560
1143683
1143694
1143735
1143784
1143891
1143901
1143914
1143950
1144016
1144060
1144067
1144136
1144173
1144188
1144232
1144329
1144349
1144368
1144440
1144440
1144539
1144564
1144604
1144610
1144644
1144650
1144680
1144689
1144706
1144720
1144773
1144859
1144940
1144955
1145153
1145167
1145201
1145208
1145255
1145301
1145325
1145360
1145404
1145405
1145452
1145493
1145517
1145529
1145539
1145612
1145725
1145797
1145840
1145845
1145891
1145942
1145968
1145981
1146063
1146082
1146117
1146157
1146168
1146181
1146512
1146546
1146580
1146617
1146751
1146870
1146906
1146928
1146944
1147101
1147120
1147168
1147256
1147355
1147398
1147400
1147443
1147491
1147515
1147557
1147605
1147637
1147695
1147733
1147740
1147741
1147851
1147892
1148034
1148042
1148076
1148082
1148087
1148118
1148140
1148151
1148237
1148246
1148270
1148345
1148380
1148405
1148622
1148633
1148663
1148674
1148792
1148957
1149023
1149035
1149351
1149519
1149716
1149772
1149808
1149888
1149916
1149931
1149944
1149960
1149960
1150044
1150054
1150122
1150169
1150214
1150265
1150537
1150566
1150598
1150599
1150644
1150679
1150733
1150778
1150809
1150816
1150827
1150844
1150887
1150908
1150923
1150934
1151016
1151047
1151080
1151102
1151142
1151153
1151246
1151259
1151296
1151304
1151328
1151381
1151388
1151399
1151482
1151511
1151534
1151608
1151688
1151728
1151767
1151786
1151799
1151888
1151888
1151958
1152023
1152105
1152138
1152227
1152272
1152295
1152430
1152473
1152487
1152491
1152571
1152580
1152605
1152653
1152707
1152707
1152730
1152770
1152815
1152828
1152857
1152908
1152937
1152943
1152957
1153038
1153080
1153089
1153160
1153201
1153209
1153300
1153429
1153464
1153478
1153479
1153553
1153556
1153599
1153652
1153661
1153818
1153912
1153914
1153921
1153927
1153964
1153981
1153983
1154006
1154037
1154041
1154097
1154100
1154111
1154135
1154143
1154183
1154225
1154239
1154299
1154358
1154418
1154451
1154498
1154520
1154527
1154530
1154549
1154578
1154585
1154644
1154653
1154707
1154785
1154794
1154810
1154841
1154919
1154950
1154983
1155106
1155118
1155176
1155302
1155314
1155360
1155366
1155368
1155375
1155388
1155428
1155459
1155501
1155502
1155544
1155547
1155594
1155608
1155608
1155630
1155780
1155792
1155818
1155877
1155961
1155985
1155985
1155991
1156095
1156106
1156134
1156134
1156149
1156173
1156294
1156372
1156435
1156506
1156515
1156549
1156563
1156588
1156668
1156868
1156876
1156883
1157145
1157149
1157267
1157275
1157370
1157422
1157441
1157453
1157463
1157496
1157516
1157619
1157651
1157668
1157707
1157717
1157719
1157798
1157800
1157816
1157842
1157907
1157977
1158091
1158101
1158227
1158286
1158288
1158307
1158314
1158322
1158411
1158452
1158545
1158564
1158723
1158740
1158768
1158805
1158839
1158850
1158858
1158881
1158910
1158918
1158932
1158936
1158936
1158943
1158993
1159034
1159036
1159130
1159136
1159139
1159147
1159157
1159173
1159325
1159351
1159413
1159424
1159449
1159486
1159511
1159551
1159554
1159597
1159642
1159686
1159712
1159721
1159762
1159775
1159845
1159854
1159855
1159908
1159925
1160020
1160030
1160033
1160044
1160189
1160200
1160225
1160289
1160336
1160391
1160413
1160493
1160506
1160513
1160552
1160563
1160566
1160572
1160586
1160763
1160834
1160856
1160895
1160972
1160995
1161009
1161020
1161097
1161120
1161123
1161155
1161190
1161192
1161253
1161286
1161316
1161362
1161368
1161438
1161438
1161476
1161543
1161597
1161633
1161640
1161653
1161717
1161719
1161858
1161882
1161906
1161915
1161932
1162081
1162112
1162157
1162158
1162232
1162279
1162317
1162349
1162402
1162407
1162467
1162611
1162633
1162665
1162682
1162761
1162780
1162820
1162892
1163014
1163028
1163056
1163103
1163117
1163202
1163214
1163279
1163283
1163363
1163445
1163505
1163542
1163562
1163588
1163720
1163770
1163821
1164040
1164061
1164109
1164122
1164191
1164225
1164344
1164417
1164497
1164630
1164648
1164664
1164746
1164794
1164840
1164843
1164848
1164899
1164907
1164955
1165093
1165110
1165128
1165172
1165190
1165211
1165250
1165344
1165398
1165413
1165430
1165550
1165589
1165626
1165700
1165770
1165788
1165799
1165887
1165945
1165977
1166000
1166038
1166067
1166106
1166116
1166117
1166131
1166232
1166262
1166344
1166357
1166373
1166376
1166408
1166416
1166439
1166510
1166605
1166774
1166789
1166837
1166860
1167196
1167213
1167301
1167324
1167406
1167570
1167784
1167802
1167815
1167819
1167849
1167928
1167945
1167946
1167948
1168009
1168065
1168132
1168143
1168204
1168301
1168312
1168346
1168366
1168402
1168467
1168489
1168493
1168529
1168561
1168695
1168699
1168755
1168772
1168843
1168872
1169036
1169055
1169164
1169164
1169173
1169242
1169347
1169359
1169399
1169452
1169585
1169642
1169657
1169743
1169786
1169843
1169866
1169877
1170001
1170119
1170271
1170274
1170299
1170331
1170340
1170345
1170359
1170421
1170503
1170540
1170688
1170721
1170787
1170899
1170975
1171084
1171124
1171140
1171215
1171301
1171305
1171326
1171334
1171440
1171535
1171615
1171635
1171637
1171644
1171726
1171756
1171810
1171815
1171902
1171936
1171953
1171964
1172054
1172069
1172242
1172279
1172306
1172494
1172571
1172632
1172660
1172785
1172851
1172943
1172944
1172949
1172973
1173004
1173025
1173040
1173052
1173146
1173315
1173344
1173368
1173372
1173470
1173647
1173655
1173670
1173705
1173711
1173747
1173783
1173930
1173939
1173952
1174034
1174099
1174248
1174285
1174363
1174441
1174452
1174667
1174717
1174725
1174795
1174812
1174877
1174885
1174904
1174949
1175051
1175119
1175136
1175140
1175179
1175250
1175276
1175318
1175365
1175421
1175462
1175509
1175534
1175574
1175727
1175749
1175766
1175773
1176019
1176028
1176045
1176067
1176117
1176124
1176180
1176351
1176440
1176491
1176556
1176653
1176717
1176728
1176812
1176851
1176939
1176961
1176968
1177027
1177033
1177061
1177093
1177099
1177175
1177292
1177367
1177387
1177426
1177431
1177458
1177596
1177698
1177701
1177730
1177735
1177805
1177864
1177935
1177937
1177961
1178027
1178122
1178129
1178201
1178222
1178242
1178300
1178381
1178424
1178511
1178611
1178684
1178902
1178990
1179042
1179081
1179227
1179314
1179408
1179465
1179520
1179531
1179610
1179649
1179671
1179701
1179800
1179821
1179893
1179912
1179966
1180099
1180152
1180278
1180391
1180672
1180738
1180753
1180836
1180928
1181063
1181140
1181262
1181278
1181306
1181354
1181406
1181448
1181478
1181593
1181614
1181621
1181661
1181737
1181804
1181847
1181903
1181912
1181986
1182005
1182011
1182014
1182067
1182134
1182176
1182193
1182203
1182268
1182313
1182417
1182517
1182519
1182572
1182575
1182619
1182676
1182715
1182721
1182746
1182783
1182915
1182915
1182930
1183118
1183452
1183528
1183544
1183574
1183630
1183691
1183826
1183866
1183950
1183956
1184023
1184055
1184115
1184185
1184277
1184307
1184318
1184422
1184434
1184584
1184637
1184674
1184750
1184774
1184812
1184952
1184957
1184989
1185142
1185192
1185248
1185275
1185331
1185426
1185476
1185580
1185598
1185694
1185762
1185784
1185793
1185820
1185824
1185964
1186044
1186095
1186203
1186207
1186226
1186289
1186404
1186450
1186513
1186526
1186606
1186617
1186738
1186803
1186830
1186845
1186856
1186942
1186988
1187120
1187192
1187219
1187226
1187232
1187246
1187275
1187354
1187366
1187442
1187489
1187511
1187519
1187528
1187556
1187562
1187567
1187576
1187631
1187680
1187772
1187827
1187842
1187874
1187930
1187947
1187964
1188259
1188273
1188359
1188373
1188481
1188539
1188545
1188613
1188623
1188631
1188778
1189089
1189117
1189177
1189221
1189266
1189298
1189319
1189378
1189416
1189639
1189733
1189992
1190024
1190093
1190142
1190182
1190217
1190287
1190327
1190335
1190354
1190356
1190439
1190473
1190520
1190547
1190599
1190625
1190631
1190648
1190654
1190726
1190746
1190766
1190781
1190787
1190788
1190844
1190897
1190914
1190937
1191040
1191045
1191065
1191109
1191139
1191161
1191196
1191285
1191308
1191326
1191396
1191418
1191488
1191554
1191731
1191786
1191796
1191852
1191869
1191902
1191975
1192008
1192071
1192168
1192319
1192326
1192389
1192399
1192505
1192667
1192696
1192848
1192903
1192918
1193044
1193070
1193213
1193223
1193300
1193304
1193306
1193342
1193398
1193400
1193435
1193458
1193536
1193539
1193656
1193684
1193704
1193777
1193803
1193921
1193993
1194004
1194054
1194124
1194217
1194251
1194312
1194349
1194409
1194433
1194463
1194498
1194499
1194508
1194532
1194554
1194589
1194742
1194759
1194798
1194802
1194809
1194814
1194847
1194850
1194863
1194875
1194930
1194970
1194988
1195002
1195009
1195063
1195140
1195242
1195449
1195545
1195601
1195633
1195735
1195949
1195963
1195978
1196006
1196007
1196053
1196170
1196181
1196202
1196274
1196319
1196508
1196626
1196654
1196695
1196701
1196715
1196730
1196891
1196949
1196961
1196983
1197024
1197091
1197114
1197172
1197259
1197275
1197302
1197467
1197504
1197547
1197621
1197781
1197793
1197806
1197828
1197848
1197863
1197867
1197876
1197906
1197932
1197979
1198095
1198141
1198171
1198259
1198290
1198353
1198454
1198503
1198520
1198534
1198542
1198561
1198582
1198791
1198797
1198868
1198877
1198885
1198985
1199045
1199057
1199068
1199120
1199154
1199174
1199182
1199200
1199310
1199357
1199380
1199537
1199557
1199566
1199587
1199603
1199650
1199676
1199682
1199695
1199932
1199946
1200048
1200075
1200086
1200111
1200133
1200240
1200268
1200307
1200366
1200394
1200440
1200475
1200503
1200506
1200530
1200606
1200609
1200612
1200772
1200790
1200790
1200795
1200807
1200858
1200990
1201006
1201048
1201061
1201091
1201129
1201150
1201156
1201200
1201218
1201223
1201315
1201333
1201393
1201580
1201590
1201633
1201699
1201712
1201799
1201826
1201995
1202008
1202022
1202047
1202063
1202064
1202098
1202110
1202192
1202239
1202251
1202414
1202508
1202583
1202623
1202658
1202687
1202699
1202757
1202865
1202900
1202900
1202957
1203016
1203070
1203080
1203090
1203161
1203187
1203208
1203289
1203308
1203565
1203591
1203670
1203792
1203814
1203818
1204050
1204078
1204104
1204150
1204240
1204283
1204462
1204552
1204554
1204587
1204695
1204870
1204885
1204913
1204915
1204982
1205046
1205120
1205228
1205347
1205408
1205424
1205514
1205624
1205712
1205760
1205761
1205770
1205964
1206083
1206133
1206202
1206235
1206247
1206273
1206295
1206301
1206330
1206349
1206360
1206441
1206468
1206512
1206515
1206548
1206624
1206670
1206686
1206686
1206735
1206741
1206755
1206789
1206870
1206927
1206955
1206999
1207002
1207087
1207117
1207149
1207294
1207350
1207419
1207483
1207535
1207697
1207729
1207791
1207811
1207956
1208021
1208053
1208096
1208119
1208159
1208180
1208223
1208245
1208280
1208433
1208552
1208599
1208654
1208730
1208749
1208798
1208803
1208846
1208849
1208881
1208881
1208908
1208937
1208976
1208997
1209026
1209081
1209214
1209260
1209291
1209325
1209370
1209428
1209436
1209530
1209666
1209678
1209721
1209788
1210014
1210047
1210081
1210115
1210117
1210227
1210227
1210240
1210266
1210273
1210385
1210405
1210490
1210675
1210829
1211059
1211135
1211195
1211246
1211295
1211299
1211332
1211390
1211391
1211490
1211494
1211528
1211579
1211596
1211748
1211755
1211831
1211985
1212016
1212035
1212057
1212077
1212119
1212164
1212254
1212298
1212311
1212345
1212411
1212450
1212461
1212593
1212797
1212831
1212848
1212852
1212913
1212922
1212944
1213111
1213152
1213166
1213236
1213282
1213297
1213302
1213312
1213321
1213426
1213467
1213486
1213630
1213635
1213661
1213783
1213972
1213985
1214027
1214029
1214050
1214101
1214118
1214178
1214202
1214282
1214292
1214316
1214361
1214367
1214399
1214505
1214505
1214541
1214549
1214556
1214658
1214687
1214789
1214879
1214919
1215023
1215085
1215133
1215180
1215208
1215268
1215384
1215452
1215466
1215580
1215582
1215595
1215622
1215663
1215780
1215784
1215817
1215820
1215980
1216037
1216142
1216169
1216238
1216387
1216435
1216609
1216615
1216948
1216951
1217051
1217081
1217103
1217193
1217196
1217238
1217328
1217364
1217390
1217402
1217439
1217527
1217538
1217779
1217786
1217796
1217806
1217898
1217942
1217968
1217974
1217978
1218095
1218121
1218141
1218290
1218343
1218423
1218455
1218463
1218506
1218512
1218547
1218607
1218619
1218632
1218640
1218656
1218764
1218782
1218851
1218901
1218944
1219056
1219063
1219068
1219073
1219095
1219155
1219171
1219196
1219215
1219216
1219452
1219559
1219635
1219681
1219726
1219751
1219754
1219778
1219790
1219819
1219940
1220007
1220162
1220176
1220237
1220281
1220321
1220391
1220469
1220495
1220605
1220660
1220672
1220843
1220845
1220884
1220910
1220912
1220920
1220960
1220964
1220974
1221112
1221116
1221172
1221182
1221321
1221355
1221432
1221506
1221519
1221546
1221553
1221579
1221592
1221630
1221676
1221692
1221754
1221893
1221912
1221964
1222097
1222106
1222194
1222265
1222319
1222354
1222360
1222367
1222522
1222527
1222763
1222833
1222876
1222879
1223022
1223135
1223157
1223268
1223270
1223296
1223308
1223330
1223401
1223440
1223497
1223537
1223538
1223601
1223608
1223626
1223631
1223650
1223729
1223775
1223931
1223952
1224032
1224038
1224071
1224108
1224149
1224211
1224368
1224410
1224433
1224433
1224437
1224556
1224605
1224607
1224614
1224653
1224663
1224681
1224686
1224727
1224727
1224754
1224801
1224865
1224896
1225011
1225011
1225016
1225038
1225100
1225142
1225193
1225283
1225301
1225370
1225428
1225511
1225540
1225602
1225654
1225660
1225862
1225871
1225906
1225948
1226024
1226091
1226175
1226190
1226317
1226322
1226345
1226371
1226394
1226431
1226456
1226503
1226536
1226591
1226642
1226736
1226825
1226877
1226925
1226936
1226953
1227204
1227295
1227323
1227334
1227376
1227376
1227414
1227423
1227453
1227479
1227483
1227508
1227549
1227617
1227809
1227822
1227836
1227859
1227915
1228070
1228094
1228153
1228296
1228336
1228351
1228407
1228435
1228524
1228530
1228615
1228685
1228702
1228792
1228803
1228803
1228830
1228959
1228998
1228999
1229125
1229272
1229282
1229296
1229298
1229323
1229465
1229481
1229483
1229515
1229755
1229812
1229817
1229849
1229854
1229921
1229996
1229996
1230081
1230139
1230153
1230156
1230230
1230231
1230276
1230279
1230356
1230463
1230572
1230629
1230708
1230752
1230829
1230948
1231115
1231141
1231168
1231556
1231597
1231614
1231620
1231707
1231788
1231795
1231811
1231824
1231892
1231998
1232027
1232094
1232193
1232203
1232221
1232257
1232377
1232460
1232471
1232523
1232590
1232642
1232677
1232708
1232902
1232910
1232957
1232965
1232982
1232994
1233026
1233094
1233147
1233292
1233292
1233327
1233331
1233366
1233377
1233394
1233416
1233441
1233473
1233488
1233513
1233540
1233610
1233645
1233649
1233667
1233684
1233758
1233811
1233845
1233882
1233943
1234023
1234039
1234044
1234054
1234072
1234102
1234113
1234142
1234157
1234179
1234280
1234347
1234358
1234367
1234531
1234593
1234655
1234745
1234791
1234801
1234868
1234998
1235001
1235031
1235074
1235138
1235147
1235180
1235208
1235299
1235310
1235328
1235437
1235440
1235442
1235525
1235680
1235767
1235846
1235909
1235934
1236020
1236178
1236282
1236350
1236382
1236386
1236411
1236420
1236444
1236490
1236531
1236554
1236594
1236802
1236807
1236834
1236856
1236903
1237039
1237300
1237362
1237374
1237381
1237404
1237495
1237520
1237540
1237556
1237595
1237604
1237609
1237632
1237650
1237723
1237736
1237746
1237749
1237778
1237796
1238005
1238034
1238111
1238185
1238235
1238256
1238297
1238341
1238420
1238468
1238508
1238553
1238590
1238615
1238736
1238741
1238777
1238842
1238844
1238850
1238859
1238904
1238934
1239178
1239190
1239252
1239439
1239538
1239542
1239660
1239699
1239960
1240039
1240091
1240122
1240168
1240181
1240294
1240304
1240307
1240356
1240381
1240424
1240512
1240598
1240661
1240740
1240895
1240928
1240943
1240962
1240981
1240994
1241071
1241146
1241166
1241168
1241186
1241290
1241491
1241494
1241535
1241683
1241705
1241709
1241855
1241900
1241973
1242008
1242009
1242039
1242161
1242177
1242237
1242249
1242321
1242380
1242386
1242427
1242436
1242544
1242645
1242688
1242825
1242846
1242864
1242908
1243052
1243059
1243108
1243216
1243221
1243328
1243353
1243357
1243530
1243538
1243558
1243566
1243577
1243612
1243650
1243713
1243807
1243993
1244067
1244274
1244406
1244867
1244896
1244982
1245194
1245197
1245205
1245220
1245222
1245294
1245346
1245403
1245437
1245485
1245491
1245514
1245524
1245546
1245645
1245672
1245675
1245698
1245703
1245767
1245876
1245880
1245924
1245933
1245940
1246066
1246092
1246167
1246190
1246297
1246425
1246499
1246573
1246591
1246656
1246763
1246796
1246906
1246981
1247033
1247070
1247081
1247120
1247126
1247195
1247201
1247202
1247206
1247238
1247326
1247357
1247367
1247373
1247418
1247486
1247493
1247604
1247626
1247632
1247659
1247680
1247682
1247721
1247733
1247743
1247754
1247754
1247773
1247980
1248001
1248039
1248049
1248096
1248150
1248251
1248311
1248408
1248466
1248498
1248656
1248696
1248796
1248848
1248922
1248977
1249031
1249141
1249207
1249287
1249420
1249478
1249480
1249526
1249540
1249555
1249569
1249754
1249859
1249997
1250022
1250094
1250125
1250186
1250200
1250296
1250300
1250347
1250422
1250452
1250585
1250627
1250852
1250878
1250892
1250995
1251018
1251117
1251122
1251297
1251375
1251391
1251404
1251413
1251437
1251445
1251473
1251501
1251505
1251583
1251602
1251603
1251859
1251871
1251908
1251932
1251944
1252023
1252078
1252094
1252191
1252211
1252251
1252307
1252324
1252364
1252436
1252482
1252586
1252608
1252677
1252806
1252960
1253092
1253242
1253293
1253322
1253322
1253377
1253387
1253421
1253461
1253509
1253525
1253571
1253689
1253730
1253749
1253782
1253832
1253894
1254001
1254060
1254112
1254167
1254265
1254317
1254371
1254391
1254478
1254525
1254621
1254645
1254703
1254753
1254775
1254955
1254981
1255015
1255300
1255318
1255349
1255359
1255379
1255418
1255520
1255531
1255582
1255600
1255620
1255689
1255763
1255815
1255916
1256010
1256042
1256082
1256110
1256116
1256119
1256142
1256236
1256258
1256320
1256346
1256363
1256459
1256500
1256500
1256505
1256732
1256769
1256816
1256900
1256917
1256929
1257013
1257022
1257082
1257105
1257156
1257174
1257188
1257300
1257325
1257328
1257356
1257380
1257391
1257398
1257402
1257410
1257498
1257507
1257543
1257648
1257666
1257670
1257748
1257819
1257935
1257951
1258008
1258031
1258302
1258450
1258605
1258664
1258664
1258725
1258830
1258854
1258948
1259021
1259054
1259091
1259096
1259324
1259347
1259380
1259386
1259513
1259543
1259643
1259655
1259706
1259719
1259721
1259732
1259801
1259840
1259930
1260010
1260041
1260056
1260134
1260157
1260235
1260281
1260302
1260381
1260482
1260759
1260769
1260841
1260877
1260919
1261041
1261057
1261071
1261082
1261091
1261173
1261249
1261297
1261394
1261488
1261513
1261539
1261589
1261665
1261914
1262011
1262052
1262199
1262227
1262313
1262333
1262347
1262394
1262665
1262669
1262843
1262914
1262921
1262947
1262961
1263028
1263068
1263109
1263132
1263173
1263190
1263213
1263321
1263350
1263495
1263497
1263554
1263564
1263576
1263619
1263679
1263729
1263784
1263859
1263933
1263989
1264009
1264032
1264045
1264084
1264130
1264158
1264166
1264257
1264263
1264289
1264298
1264323
1264391
1264409
1264425
1264651
1264785
1264882
1264952
1264963
1264993
1265195
1265217
1265225
1265256
1265280
1265320
1265338
1265397
1265492
1265524
1265571
1265577
1265726
1265748
1265751
1265794
1265968
1265991
1266011
1266077
1266086
1266148
1266166
1266176
1266304
1266311
1266351
1266400
1266413
1266464
1266561
1266602
1266703
1266751
1266781
1266831
1266846
1267062
1267078
1267139
1267175
1267211
1267254
1267291
1267352
1267414
1267591
1267610
1267639
1267682
1267735
1267742
1267943
1267985
1268120
1268215
1268222
1268250
1268255
1268287
1268311
1268417
1268432
1268470
1268524
1268660
1268665
1268756
1268763
1268820
1268951
1268957
1268973
1269000
1269028
1269033
1269054
1269068
1269092
1269145
1269299
1269331
1269391
1269452
1269468
1269506
1269585
1269603
1269689
1269690
1269763
1269822
1269830
1270043
1270076
1270127
1270200
1270206
1270221
1270329
1270344
1270524
1270531
1270560
1270577
1270583
1270620
1270639
1270706
1270718
1270816
1270839
1270874
1270935
1271113
1271208
1271213
1271217
1271218
1271236
1271308
1271342
1271344
1271432
1271457
1271532
1271569
1271618
1271668
1271730
1271750
1271848
1271866
1271966
1271982
1272008
1272044
1272091
1272166
1272214
1272260
1272299
1272466
1272515
1272523
1272601
1272680
1272688
1272701
1272859
1272962
1272967
1272985
1272997
1273017
1273048
1273076
1273088
1273119
1273126
1273251
1273281
1273346
1273352
1273390
1273398
1273427
1273435
1273438
1273452
1273475
1273490
1273516
1273549
1273561
1273618
1273649
1273658
1273712
1273786
1273848
1273868
1274017
1274089
1274120
1274130
1274170
1274264
1274273
1274331
1274457
1274487
1274522
1274547
1274622
1274636
1274651
1274662
1274693
1274763
1274842
1274855
1274935
1274960
1275128
1275233
1275252
1275259
1275264
1275283
1275284
1275298
1275308
1275340
1275357
1275374
1275396
1275486
1275507
1275657
1275659
1275720
1275817
1275819
1276001
1276002
1276084
1276220
1276277
1276282
1276306
1276330
1276336
1276399
1276402
1276419
1276448
1276511
1276706
1276796
1276867
1276884
1276889
1277113
1277123
1277215
1277300
1277427
1277438
1277480
1277523
1277567
1277587
1277626
1277719
1277780
1277813
1277875
1277924
1277938
1277998
1278003
1278113
1278145
1278203
1278301
1278426
1278427
1278514
1278523
1278579
1278723
1278738
1278739
1278780
1278832
1278918
1278984
1278997
1279041
1279045
1279057
1279074
1279138
1279188
1279211
1279217
1279302
1279313
1279368
1279392
1279491
1279545
1279756
1279763
1279808
1279818
1279818
1279881
1279907
1279963
1280152
1280237
1280309
1280322
1280322
1280328
1280347
1280357
1280436
1280458
1280476
1280599
1280617
1280619
1280655
1280702
1280727
1280881
1280990
1280995
1281058
1281069
1281271
1281347
1281371
1281405
1281419
1281468
1281537
1281579
1281637
1281639
1281664
1281671
1281674
1281712
1281736
1281847
1281858
1281883
1282035
1282057
1282068
1282069
1282396
1282403
1282515
1282518
1282650
1282657
1282928
1282933
1282955
1283001
1283008
1283082
1283121
1283206
1283242
1283249
1283299
1283340
1283436
1283465
1283479
1283518
1283521
1283577
1283591
1283607
1283618
1283804
1283818
1283874
1283890
1283931
1283943
1283983
1284056
1284070
1284099
1284109
1284142
1284391
1284428
1284452
1284491
1284610
1284712
1284752
1284797
1284818
1284844
1284872
1284902
1284990
1284997
1285088
1285088
1285149
1285185
1285296
1285341
1285454
1285610
1285611
1285633
1285686
1285737
1285758
1285841
1285886
1285918
1285923
1286075
1286124
1286153
1286162
1286184
1286268
1286318
1286408
1286410
1286411
1286427
1286439
1286459
1286607
1286608
1286653
1286664
1286669
1286690
1286738
1286866
1286890
1286943
1286988
1287004
1287094
1287115
1287160
1287214
1287278
1287391
1287411
1287429
1287440
1287493
1287497
1287524
1287536
1287543
1287559
1287700
1287793
1287808
1287874
1288164
1288183
1288233
1288274
1288277
1288291
1288297
1288357
1288427
1288465
1288471
1288513
1288560
1288603
1288637
1288650
1288658
1288728
1288879
1288933
1289017
1289035
1289076
1289102
1289119
1289134
1289155
1289178
1289205
1289224
1289225
1289291
1289315
1289325
1289364
1289414
1289438
1289486
1289528
1289623
1289631
1289680
1289726
1289863
1289890
1289914
1289964
1290024
1290050
1290068
1290076
1290135
1290159
1290207
1290282
1290293
1290327
1290359
1290548
1290561
1290579
1290618
1290736
1290762
1290773
1290826
1290840
1290856
1290920
1290948
1290971
1291046
1291163
1291168
1291172
1291185
1291188
1291192
1291308
1291360
1291408
1291444
1291468
1291626
1291674
1291677
1291688
1291714
1291777
1291777
1291800
1291873
1291951
1291978
1292031
1292073
1292126
1292181
1292187
1292188
1292276
1292300
1292307
1292462
1292473
1292514
1292550
1292610
1292621
1292701
1292797
1292914
1292920
1292955
1292999
1293072
1293146
1293162
1293223
1293233
1293252
1293302
1293303
1293345
1293390
1293443
1293551
1293583
1293596
1293597
1293696
1293727
1293882
1294036
1294071
1294089
1294098
1294279
1294445
1294556
1294590
1294622
1294628
1294648
1294663
1294693
1294805
1294858
1294861
1294874
1294940
1295045
1295120
1295170
1295245
1295310
1295311
1295347
1295362
1295483
1295497
1295568
1295590
1295634
1295635
1295659
1295856
1295883
1295994
1296055
1296058
1296064
1296125
1296160
1296169
1296237
1296292
1296318
1296364
1296403
1296407
1296478
1296479
1296504
1296541
1296590
1296625
1296671
1296674
1296743
1296770
1296830
1296845
1296862
1297022
1297051
1297125
1297211
1297230
1297267
1297326
1297330
1297362
1297395
1297427
1297465
1297533
1297667
1297704
1297744
1297788
1297809
1297858
1298007
1298019
1298151
1298239
1298276
1298279
1298302
1298360
1298588
1298670
1298692
1298738
1298753
1298848
1298853
1298872
1298950
1298964
1299025
1299141
1299210
1299212
1299221
1299261
1299364
1299389
1299390
1299506
1299547
1299578
1299691
1299749
1299808
1299833
1299859
1299916
1299951
1300043
1300084
1300161
1300162
1300184
1300220
1300228
1300333
1300395
1300403
1300424
1300500
1300577
1300704
1300820
1300880
1300933
1301053
1301123
1301141
1301148
1301177
1301208
1301241
1301320
1301395
1301433
1301458
1301465
1301470
1301471
1301503
1301619
1301656
1301670
1301721
1301730
1301760
1301812
1301857
1301943
1302018
1302071
1302158
1302181
1302216
1302262
1302292
1302296
1302308
1302352
1302422
1302432
1302502
1302558
1302592
1302593
1302615
1302656
1302812
1302981
1302984
1303027
1303036
1303067
1303104
1303166
1303203
1303216
1303423
1303523
1303523
1303549
1303566
1303725
1303751
1303873
1303874
1303904
1304106
1304371
1304406
1304495
1304544
1304553
1304594
1304602
1304640
1304650
1304777
1304786
1304902
1304911
1304913
1304976
1304994
1304998
1305012
1305036
1305055
1305059
1305072
1305075
1305175
1305229
1305292
1305299
1305430
1305453
1305467
1305514
1305650
1305685
1305742
1305785
1305832
1305921
1305950
1305968
1305981
1306089
1306101
1306268
1306316
1306397
1306407
1306423
1306543
1306553
1306641
1306727
1306820
1306867
1306950
1306959
1307075
1307121
1307156
1307228
1307241
1307352
1307401
1307417
1307447
1307574
1307574
1307650
1307673
1307681
1307726
1307847
1308002
1308071
1308147
1308195
1308215
1308233
1308257
1308293
1308308
1308317
1308322
1308324
1308337
1308420
1308432
1308470
1308499
1308518
1308596
1308865
1308988
1309007
1309057
1309071
1309071
1309078
1309080
1309081
1309104
1309117
1309210
1309229
1309325
1309326
1309355
1309391
1309417
1309419
1309482
1309509
1309534
1309630
1309700
1309702
1309804
1309815
1309923
1309924
1310010
1310038
1310081
1310088
1310119
1310173
1310188
1310222
1310249
1310284
1310307
1310315
1310334
1310348
1310373
1310386
1310391
1310423
1310423
1310441
1310572
1310595
1310634
1310682
1310825
1310953
1311045
1311098
1311259
1311263
1311289
1311289
1311297
1311306
1311436
1311447
1311467
1311502
1311516
1311557
1311654
1311674
1311697
1311713
1311782
1311791
1311896
1311898
1312003
1312031
1312051
1312298
1312347
1312383
1312394
1312419
1312419
1312426
1312433
1312466
1312501
1312610
1312613
1312649
1312730
1312831
1312867
1312873
1313078
1313100
1313117
1313126
1313222
1313243
1313257
1313260
1313296
1313308
1313315
1313327
1313351
1313383
1313384
1313388
1313431
1313441
1313462
1313552
1313581
1313619
1313674
1313683
1313684
1313736
1313764
1313872
1313878
1313961
1314006
1314016
1314064
1314171
1314188
1314228
1314238
1314338
1314342
1314419
1314435
1314474
1314537
1314640
1314696
1314832
1314842
1314842
1314880
1314891
1314895
1314904
1314939
1314952
1314981
1314990
1315024
1315096
1315119
1315121
1315134
1315145
1315187
1315199
1315210
1315470
1315664
1315676
1315698
1315770
1315774
1315794
1315804
1315960
1315998
1316052
1316068
1316150
1316177
1316182
1316314
1316348
1316397
1316483
1316487
1316511
1316516
1316528
1316544
1316551
1316712
1316801
1316824
1316853
1316854
1316884
1316928
1316971
1317118
1317126
1317184
1317206
1317264
1317337
1317368
1317421
1317474
1317548
1317612
1317699
1317706
1317849
1317869
1317882
1317895
1317944
1317955
1317959
1317975
1317996
1318045
1318119
1318167
1318198
1318307
1318608
1318687
1318690
1318799
1319126
1319131
1319139
1319161
1319171
1319175
1319203
1319302
1319315
1319372
1319373
1319386
1319424
1319445
1319476
1319547
1319607
1319617
1319658
1319663
1319709
1319785
1319866
1319871
1319951
1320031
1320036
1320185
1320240
1320591
1320631
1320637
1320665
1320728
1320871
1320886
1320981
1321081
1321082
1321127
1321255
1321277
1321351
1321380
1321437
1321484
1321527
1321581
1321594
1321602
1321780
1321848
1321870
1321930
1321976
1322108
1322187
1322235
1322248
1322384
1322420
1322474
1322503
1322631
1322752
1322780
1322791
1322805
1322839
1322915
1322961
1323001
1323006
1323165
1323173
1323230
1323236
1323306
1323348
1323362
1323369
1323475
1323561
1323594
1323654
1323776
1323826
1323883
1323905
1323906
1323928
1324028
1324061
1324079
1324147
1324170
1324284
1324292
1324333
1324340
1324354
1324409
1324464
1324565
1324633
1324638
1324655
1324670
1324693
1324732
1324970
1324979
1325017
1325050
1325114
1325142
1325212
1325236
1325290
1325292
1325329
1325329
1325383
1325394
1325426
1325503
1325540
1325681
1325693
1325745
1325770
1325780
1325814
1325848
1325851
1325931
1325933
1325989
1325991
1326173
1326267
1326275
1326276
1326285
1326373
1326415
1326476
1326609
1326621
1326724
1326731
1326759
1326819
1326845
1326854
1326878
1327066
1327074
1327085
1327088
1327176
1327180
1327183
1327194
1327205
1327284
1327326
1327359
1327361
1327457
1327467
1327468
1327470
1327568
1327612
1327630
1327669
1327694
1327695
1327696
1327707
1327755
1327780
1327803
1327825
1327847
1327891
1327897
1327908
1327980
1328007
1328065
1328069
1328174
1328183
1328191
1328383
1328406
1328407
1328501
1328537
1328586
1328697
1328750
1328755
1328789
1328819
1328956
1328986
1329054
1329076
1329096
1329117
1329156
1329179
1329229
1329251
1329256
1329368
1329413
1329429
1329682
1329693
1329703
1329743
1329782
1329794
1329855
1329941
1329949
1329971
1330026
1330032
1330185
1330194
1330223
1330274
1330277
1330323
1330335
1330368
1330375
1330377
1330410
1330536
1330551
1330579
1330747
1330765
1330806
1330865
1330872
1330893
1330908
1330981
1330999
1331004
1331025
1331055
1331064
1331098
1331112
1331139
1331209
1331281
1331328
1331334
1331366
1331424
1331433
1331462
1331490
1331519
1331544
1331584
1331616
1331639
1331790
1331796
1331858
1331870
1331879
1331910
1331915
1331925
1332018
1332134
1332140
1332162
1332172
1332184
1332197
1332202
1332217
1332266
1332356
1332360
1332414
1332449
1332465
1332539
1332553
1332668
1332840
1332901
1332954
1332960
1333084
1333143
1333159
1333161
1333239
1333297
1333324
1333340
1333446
1333536
1333542
1333626
1333655
1333795
1333799
1333880
1333950
1334001
1334005
1334260
1334340
1334541
1334619
1334636
1334818
1334819
1334900
1334911
1334915
1335096
1335121
1335150
1335240
1335291
1335301
1335330
1335334
1335379
1335383
1335413
1335439
1335449
1335489
1335540
1335597
1335611
1335683
1335715
1335740
1335755
1335759
1335782
1335782
1335818
1335874
1335897
1335922
1335939
1335941
1336021
1336082
1336137
1336192
1336214
1336243
1336295
1336316
1336539
1336656
1336791
1336830
1336863
1336874
1336897
1336996
1337032
1337032
1337059
1337066
1337081
1337254
1337288
1337308
1337319
1337403
1337411
1337434
1337526
1337543
1337617
1337656
1337750
1337785
1337918
1337932
1338031
1338088
1338094
1338134
1338151
1338262
1338265
1338343
1338394
1338428
1338497
1338584
1338643
1338664
1338780
1338809
1338813
1338907
1338957
1338999
1339233
1339234
1339262
1339303
1339314
1339364
1339416
1339475
1339510
1339512
1339525
1339634
1339656
1339666
1339678
1339696
1339733
1339733
1339763
1339771
1339826
1339871
1339930
1339956
1339962
1339968
1340054
1340144
1340198
1340208
1340243
1340325
1340344
1340347
1340349
1340550
1340670
1340707
1340710
1340753
1340789
1340803
1340837
1340860
1340914
1340915
1340981
1341014
1341047
1341051
1341134
1341161
1341241
1341315
1341317
1341372
1341412
1341443
1341616
1341646
1341754
1341755
1341774
1341787
1341864
1341940
1341942
1342005
1342042
1342055
1342063
1342261
1342392
1342418
1342457
1342473
1342476
1342491
1342498
1342502
1342519
1342585
1342594
1342745
1342768
1342876
1342895
1342937
1342937
1342980
1342999
1343001
1343023
1343088
1343108
1343123
1343161
1343172
1343238
1343246
1343267
1343309
1343345
1343432
1343686
1343728
1343731
1343748
1343892
1343911
1344156
1344165
1344274
1344443
1344497
1344573
1344588
1344595
1344597
1344698
1344901
1344972
1345014
1345035
1345106
1345159
1345217
1345225
1345311
1345415
1345429
1345576
1345698
1345708
1345766
1345767
1345809
1345815
1345831
1345887
1346022
1346024
1346081
1346107
1346140
1346188
1346303
1346333
1346377
1346571
1346600
1346696
1346766
1346782
1346950
1346980
1347021
1347112
1347120
1347152
1347184
1347195
1347199
1347233
1347283
1347299
1347322
1347400
1347595
1347735
1347812
1347840
1347879
1347891
1347913
1348012
1348082
1348094
1348154
1348277
1348338
1348347
1348540
1348588
1348592
1348759
1348852
1348874
1348897
1349014
1349034
1349104
1349137
1349161
1349256
1349396
1349453
1349465
1349472
1349624
1349692
1349692
1349711
1349740
1349747
1349943
1349943
1349953
1350039
1350046
1350069
1350189
1350258
1350272
1350470
1350479
1350489
1350490
1350533
1350604
1350630
1350698
1350811
1350868
1350889
1350925
1350947
1350968
1350972
1350991
1351007
1351007
1351036
1351203
1351231
1351295
1351392
1351429
1351525
1351578
1351603
1351633
1351677
1351704
1351709
1351731
1351836
1351933
1351961
1352030
1352038
1352042
1352088
1352143
1352177
1352384
1352414
1352426
1352540
1352597
1352612
1352625
1352657
1352810
1352827
1352979
1353113
1353249
1353304
1353534
1353557
1353634
1353705
1353729
1353736
1353748
1353760
1353801
1353886
1354003
1354127
1354203
1354208
1354349
1354362
1354364
1354448
1354475
1354535
1354551
1354595
1354724
1354828
1354842
1354925
1354961
1355033
1355112
1355128
1355298
1355298
1355308
1355340
1355354
1355417
1355445
1355530
1355571
1355573
1355602
1355669
1355745
1355747
1355902
1355905
1355928
1355934
1355965
1355981
1355995
1356224
1356265
1356302
1356351
1356447
1356481
1356543
1356582
1356682
1356705
1356768
1356836
1356891
1356978
1356982
1356997
1357068
1357068
1357083
1357086
1357160
1357242
1357259
1357262
1357306
1357334
1357381
1357564
1357592
1357597
1357606
1357824
1357916
1357973
1358024
1358075
1358092
1358442
1358443
1358486
1358502
1358515
1358573
1358579
1358592
1358597
1358607
1358611
1358731
1358761
1358802
1358898
1358910
1358942
1359037
1359095
1359108
1359122
1359139
1359164
1359191
1359325
1359347
1359350
1359357
1359450
1359486
1359582
1359675
1359712
1359837
1359844
1360065
1360075
1360115
1360317
1360355
1360407
1360477
1360490
1360578
1360625
1360678
1360826
1360890
1360912
1360923
1360949
1361045
1361142
1361197
1361261
1361654
1361704
1361785
1361799
1361828
1361837
1361838
1361848
1361971
1362047
1362071
1362138
1362139
1362173
1362249
1362304
1362307
1362331
1362395
1362418
1362427
1362474
1362531
1362656
1362721
1362749
1362760
1362944
1362960
1363009
1363017
1363109
1363124
1363147
1363177
1363247
1363275
1363280
1363342
1363420
1363450
1363482
1363601
1363683
1363846
1363931
1363942
1363948
1363981
1364016
1364042
1364043
1364055
1364064
1364088
1364100
1364104
1364122
1364184
1364201
1364271
1364278
1364291
1364296
1364321
1364325
1364362
1364406
1364412
1364417
1364463
1364516
1364598
1364642
1364650
1364650
1364693
1364708
1364713
1364730
1364738
1364793
1364803
1364889
1364907
1364947
1364999
1365020
1365025
1365110
1365126
1365155
1365160
1365195
1365210
1365239
1365240
1365261
1365297
1365358
1365392
1365424
1365428
1365446
1365503
1365532
1365538
1365564
1365623
1365717
1365717
1365736
1365763
1365794
1365810
1365840
1365940
1365981
1365990
1366032
1366047
1366120
1366133
1366141
1366247
1366321
1366374
1366457
1366475
1366670
1366683
1366777
1366855
1366860
1366881
1366886
1366955
1366956
1366981
1367003
1367075
1367145
1367174
1367183
1367299
1367345
1367367
1367396
1367422
1367440
1367477
1367477
1367497
1367570
1367577
1367597
1367627
1367632
1367741
1367777
1367789
1367799
1367811
1367822
1367841
1367890
1367893
1367935
1368000
1368020
1368042
1368073
1368082
1368175
1368178
1368179
1368181
1368196
1368238
1368258
1368324
1368360
1368390
1368391
1368440
1368451
1368501
1368601
1368628
1368647
1368675
1368693
1368704
1368797
1368851
1368922
1368932
1368938
1369019
1369030
1369035
1369053
1369057
1369119
1369155
1369190
1369220
1369245
1369304
1369322
1369323
1369364
1369538
1369593
1369602
1369645
1369648
1369729
1369740
1369874
1369958
1369967
1369995
1369996
1370162
1370275
1370303
1370311
1370342
1370398
1370498
1370571
1370572
1370579
1370611
1370693
1370827
1370881
1370966
1370969
1371190
1371198
1371222
1371222
1371259
1371288
1371344
1371363
1371430
1371583
1371726
1371789
1371805
1371846
1371887
1371904
1371922
1372005
1372031
1372039
1372080
1372124
1372137
1372246
1372262
1372343
1372355
1372388
1372485
1372554
1372557
1372675
1372763
1372803
1372857
1372917
1372929
1372930
1372947
1373064
1373115
1373130
1373267
1373271
1373278
1373291
1373306
1373321
1373338
1373355
1373359
1373420
1373434
1373438
1373450
1373505
1373560
1373576
1373598
1373613
1373680
1373774
1374035
1374123
1374172
1374317
1374322
1374345
1374353
1374387
1374526
1374527
1374545
1374551
1374623
1374722
1374861
1374865
1375001
1375001
1375127
1375182
1375228
1375341
1375448
1375459
1375643
1375650
1375715
1375732
1375760
1375768
1375853
1375871
1375927
1375928
1375996
1376008
1376065
1376184
1376186
1376365
1376492
1376514
1376531
1376653
1376704
1376754
1376766
1376773
1376852
1376955
1376963
1377012
1377015
1377042
1377071
1377076
1377078
1377152
1377234
1377244
1377281
1377357
1377513
1377517
1377541
1377636
1377642
1377658
1377681
1377694
1377736
1377810
1377842
1377860
1377863
1377916
1377916
1377937
1377940
1377941
1377963
1378046
1378126
1378134
1378219
1378319
1378389
1378463
1378778
1378896
1378967
1378972
1378995
1379014
1379021
1379035
1379049
1379072
1379084
1379141
1379160
1379167
1379219
1379309
1379326
1379342
1379348
1379407
1379427
1379453
1379502
1379502
1379541
1379676
1379706
1379714
1379755
1379770
1379782
1379881
1379926
1379936
1379970
1380047
1380055
1380126
1380180
1380209
1380218
1380248
1380281
1380373
1380395
1380606
1380669
1380698
1380752
1380937
1380998
1381001
1381072
1381101
1381272
1381336
1381354
1381368
1381369
1381447
1381553
1381662
1381736
1381779
1381842
1381849
1381895
1381909
1381944
1381974
1382006
1382188
1382266
1382302
1382439
1382462
1382536
1382571
1382611
1382612
1382703
1382704
1382718
1382723
1382774
1382810
1382832
1382944
1382972
1383065
1383139
1383194
1383450
1383459
1383470
1383480
1383572
1383586
1383611
1383698
1383758
1383768
1383827
1383950
1383968
1384028
1384035
1384042
1384171
1384599
1384834
1384889
1384902
1384940
1384979
1385051
1385053
1385055
1385073
1385079
1385121
1385131
1385176
1385241
1385246
1385305
1385413
1385455
1385471
1385519
1385594
1385600
1385676
1385689
1385711
1385878
1385965
1386019
1386030
1386069
1386117
1386221
1386236
1386236
1386267
1386361
1386380
1386435
1386478
1386512
1386523
1386564
1386588
1386609
1386749
1386823
1386889
1386928
1386972
1387008
1387039
1387292
1387319
1387377
1387469
1387545
1387642
1387867
1388016
1388100
1388176
1388199
1388253
1388317
1388376
1388452
1388516
1388522
1388567
1388579
1388687
1388729
1388734
1388745
1388813
1388854
1388990
1389085
1389090
1389174
1389193
1389232
1389268
1389278
1389375
1389432
1389469
1389471
1389485
1389495
1389504
1389592
1389611
1389617
1389739
1389772
1389826
1389920
1389935
1390007
1390010
1390036
1390070
1390142
1390150
1390216
1390276
1390359
1390442
1390465
1390477
1390511
1390596
1390603
1390665
1390672
1390721
1390806
1390821
1390882
1390931
1391099
1391136
1391181
1391220
1391224
1391252
1391362
1391413
1391505
1391520
1391530
1391642
1391731
1391820
1391959
1392005
1392085
1392163
1392174
1392206
1392258
1392367
1392404
1392421
1392431
1392452
1392498
1392506
1392579
1392587
1392636
1392725
1392732
1392789
1392795
1392821
1392845
1392846
1392915
1392996
1393087
1393141
1393358
1393359
1393414
1393449
1393466
1393542
1393661
1393706
1393735
1393750
1393880
1393895
1393937
1393946
1394041
1394052
1394140
1394142
1394143
1394198
1394219
1394312
1394346
1394358
1394423
1394607
1394650
1394665
1394675
1394680
1394689
1394737
1394849
1394869
1394893
1394901
1394990
1394996
1395010
1395101
1395120
1395180
1395208
1395214
1395221
1395246
1395276
1395364
1395436
1395574
1395590
1395636
1395672
1395704
1395714
1395722
1395743
1395861
1395947
1395948
1396070
1396146
1396185
1396266
1396291
1396404
1396415
1396455
1396465
1396466
1396523
1396743
1396753
1396774
1396796
1396830
1396885
1396888
1396958
1397013
1397032
1397037
1397039
1397067
1397123
1397127
1397182
1397208
1397217
1397227
1397238
1397311
1397334
1397354
1397357
1397436
1397551
1397740
1397804
1397849
1397930
1397948
1397955
1397983
1398003
1398086
1398173
1398195
1398447
1398533
1398561
1398564
1398570
1398647
1398711
1398762
1398763
1398766
1398819
1398822
1398908
1398967
1398977
1399022
1399052
1399102
1399156
1399180
1399224
1399261
1399272
1399388
1399401
1399453
1399457
1399488
1399495
1399605
1399607
1399623
1399694
1399729
1399807
1399816
1399827
1399858
1399867
1399903
1399940
1399941
1399995
1400026
1400074
1400150
1400265
1400267
1400283
1400326
1400389
1400455
1400697
1400725
1400736
1400795
1400882
1400896
1400910
1400941
1401011
1401070
1401141
1401142
1401240
1401283
1401287
1401349
1401357
1401369
1401439
1401492
1401505
1401556
1401578
1401579
1401596
1401603
1401746
1401750
1401772
1401831
1401848
1401889
1402151
1402229
1402279
1402320
1402454
1402465
1402474
1402496
1402500
1402511
1402578
1402590
1402622
1402690
1402703
1402715
1402755
1402775
1402832
1402912
1402988
1403007
1403057
1403200
1403209
1403284
1403306
1403351
1403443
1403445
1403537
1403624
1403712
1403754
1403796
1403848
1403984
1404001
1404004
1404079
1404120
1404120
1404121
1404127
1404163
1404331
1404354
1404409
1404424
1404432
1404500
1404514
1404521
1404531
1404562
1404644
1404645
1404702
1404764
1404796
1404796
1404839
1404863
1405028
1405055
1405102
1405122
1405195
1405233
1405243
1405276
1405354
1405368
1405412
1405436
1405473
1405494
1405503
1405548
1405558
1405587
1405591
1405628
1405665
1405690
1405694
1405737
1405795
1405796
1405796
1405907
1406068
1406070
1406105
1406111
1406403
1406501
1406502
1406545
1406569
1406616
1406662
1406674
1406763
1406796
1406839
1406941
1406984
1407009
1407041
1407111
1407152
1407155
1407157
1407194
1407315
1407339
1407353
1407381
1407427
1407591
1407635
1407704
1407749
1407796
1407945
1407980
1407992
1408019
1408179
1408256
1408264
1408290
1408291
1408302
1408310
1408323
1408349
1408458
1408490
1408650
1408685
1408696
1408779
1408792
1408885
1409007
1409026
1409074
1409260
1409398
1409471
1409508
1409526
1409578
1409582
1409582
1409596
1409639
1409703
1409783
1409948
1409956
1409973
1410133
1410257
1410293
1410417
1410457
1410474
1410492
1410614
1410647
1410815
1410848
1410915
1410925
1410930
1410949
1410995
1411004
1411074
1411171
1411275
1411316
1411340
1411359
1411474
1411517
1411529
1411572
1411683
1411686
1411722
1411772
1411785
1411790
1411826
1411906
1412027
1412073
1412093
1412140
1412197
1412325
1412364
1412392
1412395
1412417
1412436
1412457
1412474
1412506
1412566
1412576
1412597
1412688
1412708
1412734
1412738
1412916
1412930
1412934
1413162
1413177
1413214
1413315
1413440
1413525
1413555
1413562
1413610
1413640
1413773
1413955
1413994
1414039
1414148
1414250
1414261
1414331
1414483
1414600
1414687
1414796
1414804
1414843
1414847
1414901
1414926
1414989
1415086
1415127
1415210
1415230
1415312
1415313
1415415
1415483
1415612
1415617
1415721
1415737
1415739
1415740
1415748
1415831
1415850
1415935
1415975
1416092
1416139
1416225
1416226
1416330
1416336
1416371
1416392
1416438
1416593
1416697
1416700
1416791
1416803
1416870
1417025
1417163
1417232
1417265
1417287
1417397
1417446
1417456
1417469
1417580
1417703
1417758
1417803
1417840
1417893
1418078
1418193
1418196
1418223
1418294
1418315
1418318
1418320
1418330
1418418
1418448
1418506
1418535
1418539
1418654
1418696
1418722
1418788
1418795
1418887
1418929
1419052
1419146
1419198
1419435
1419446
1419489
1419531
1419547
1419627
1419632
1419657
1419663
1419768
1419827
1419850
1419861
1419921
1419937
1419972
1420153
1420196
1420200
1420221
1420254
1420260
1420264
1420265
1420294
1420298
1420324
1420327
1420338
1420415
1420424
1420539
1420541
1420753
1420779
1420781
1420862
1420962
1420962
1421008
1421145
1421206
1421213
1421223
1421308
1421311
1421313
1421332
1421357
1421411
1421478
1421491
1421498
1421564
1421566
1421614
1421622
1421629
1421690
1421704
1421831
1421863
1421942
1422043
1422048
1422085
1422310
1422390
1422405
1422460
1422477
1422482
1422520
1422546
1422654
1422664
1422671
1422688
1422707
1422720
1422721
1422729
1422856
1422862
1422901
1422933
1422949
1423038
1423045
1423066
1423082
1423137
1423259
1423295
1423455
1423460
1423467
1423475
1423488
1423603
1423608
1423636
1423663
1423680
1423835
1423879
1423884
1423927
1424009
1424029
1424093
1424157
1424242
1424334
1424390
1424518
1424555
1424601
1424607
1424672
1424815
1424853
1424876
1424934
1425009
1425035
1425089
1425177
1425277
1425294
1425338
1425401
1425503
1425583
1425670
1425671
1425672
1425682
1425703
1425709
1425750
1425833
1425838
1425864
1425874
1425999
1426050
1426094
1426106
1426114
1426220
1426316
1426404
1426444
1426477
1426496
1426696
1426709
1426785
1426829
1426922
1426949
1426991
1427075
1427109
1427160
1427171
1427195
1427219
1427359
1427361
1427369
1427487
1427564
1427582
1427706
1427762
1427797
1427800
1427813
1427825
1427829
1427850
1427883
1427924
1427974
1427998
1428004
1428033
1428038
1428080
1428127
1428132
1428248
1428348
1428396
1428479
1428560
1428855
1428915
1428924
1428944
1428946
1428971
1428998
1429038
1429055
1429166
1429223
1429258
1429393
1429421
1429422
1429439
1429443
1429455
1429462
1429534
1429550
1429573
1429581
1429593
1429606
1429614
1429702
1429733
1429763
1429859
1429884
1429920
1429924
1430006
1430057
1430117
1430183
1430189
1430217
1430268
1430282
1430322
1430367
1430370
1430387
1430437
1430455
1430471
1430485
1430527
1430594
1430653
1430657
1430730
1430864
1430901
1430905
1430939
1431032
1431085
1431200
1431277
1431297
1431432
1431436
1431492
1431496
1431505
1431511
1431624
1431659
1431669
1431744
1431897
1431906
1431945
1431967
1432047
1432107
1432196
1432216
1432287
1432481
1432483
1432486
1432496
1432613
1432736
1432764
1432781
1432786
1432792
1432806
1432910
1432914
1432936
1432991
1433179
1433180
1433245
1433290
1433368
1433397
1433401
1433407
1433538
1433617
1433664
1433767
1433853
1433855
1433942
1434052
1434077
1434087
1434218
1434237
1434255
1434353
1434398
1434433
1434545
1434632
1434656
1434705
1434819
1434828
1434879
1434959
1434972
1434974
1435088
1435102
1435138
1435151
1435161
1435161
1435191
1435264
1435285
1435358
1435417
1435423
1435461
1435542
1435543
1435601
1435685
1435776
1435871
1435898
1435918
1436041
1436048
1436112
1436138
1436144
1436156
1436347
1436364
1436364
1436382
1436412
1436421
1436465
1436467
1436484
1436540
1436714
1436768
1436793
1436893
1436899
1436982
1436985
1436994
1437073
1437082
1437087
1437087
1437150
1437276
1437292
1437560
1437617
1437643
1437648
1437856
1437986
1437997
1438031
1438087
1438105
1438111
1438312
1438356
1438391
1438392
1438413
1438419
1438454
1438477
1438530
1438623
1438720
1438737
1438746
1438802
1438820
1438844
1438862
1438975
1439066
1439111
1439272
1439293
1439317
1439353
1439364
1439365
1439414
1439454
1439482
1439487
1439520
1439542
1439563
1439593
1439617
1439660
1439662
1439772
1439844
1439844
1439880
1440021
1440156
1440173
1440187
1440194
1440301
1440350
1440368
1440433
1440468
1440473
1440499
1440504
1440507
1440576
1440596
1440617
1440686
1440798
1440876
1440991
1441076
1441088
1441132
1441134
1441160
1441313
1441350
1441363
1441402
1441424
1441440
1441458
1441624
1441629
1441648
1441656
1441802
1441842
1441870
1441988
1442044
1442112
1442137
1442262
1442284
1442305
1442341
1442514
1442550
1442614
1442731
1442804
1442826
1442865
1443019
1443029
1443216
1443222
1443350
1443353
1443365
1443380
1443411
1443444
1443445
1443481
1443537
1443578
1443592
1443594
1443635
1443641
1443675
1443920
1443996
1444118
1444166
1444209
1444269
1444356
1444378
1444398
1444399
1444407
1444437
1444451
1444454
1444553
1444625
1444630
1444631
1444668
1444720
1444791
1444811
1445001
1445023
1445082
1445100
1445150
1445197
1445209
1445216
1445219
1445262
1445422
1445439
1445478
1445488
1445504
1445579
1445651
1445771
1445772
1445818
1445857
1445894
1445923
1445962
1445988
1446020
1446070
1446130
1446152
1446165
1446194
1446346
1446393
1446436
1446494
1446504
1446515
1446524
1446531
1446556
1446595
1446609
1446646
1446743
1446801
1446836
1446884
1446933
1446962
1447077
1447135
1447152
1447226
1447237
1447238
1447446
1447495
1447506
1447580
1447580
1447717
1447752
1447824
1447851
1447942
1447956
1447994
1448040
1448167
1448217
1448361
1448453
1448459
1448673
1448732
1448733
1448917
1448960
1449029
1449147
1449239
1449251
1449258
1449281
1449283
1449356
1449358
1449408
1449488
1449579
1449612
1449693
1449709
1449749
1449835
1449857
1449953
1449990
1450011
1450049
1450085
1450169
1450187
1450297
1450412
1450482
1450572
1450719
1450729
1450844
1450856
1450906
1450936
1451166
1451272
1451286
1451301
1451375
1451524
1451710
1451760
1451800
1451878
1451920
1452054
1452100
1452100
1452198
1452268
1452391
1452517
1452645
1452692
1452822
1452839
1452885
1452886
1452891
1452922
1452925
1452927
1452973
1452990
1452998
1453075
1453135
1453139
1453181
1453189
1453228
1453265
1453395
1453405
1453435
1453458
1453496
1453519
1453535
1453554
1453627
1453644
1453701
1453724
1453784
1453787
1453796
1453836
1454049
1454052
1454253
1454266
1454356
1454443
1454487
1454502
1454502
1454549
1454599
1454673
1454675
1454864
1454883
1454933
1454947
1455010
1455020
1455031
1455183
1455210
1455242
1455249
1455262
1455324
1455333
1455425
1455450
1455452
1455472
1455536
1455545
1455569
1455693
1455738
1455766
1455853
1455887
1455907
1455985
1456055
1456064
1456077
1456085
1456211
1456239
1456252
1456263
1456296
1456333
1456352
1456397
1456399
1456412
1456435
1456442
1456613
1456723
1456919
1456963
1456982
1456985
1456992
1456998
1457278
1457290
1457439
1457458
1457485
1457583
1457644
1457706
1457799
1457825
1457839
1457901
1457997
1458034
1458064
1458274
1458311
1458544
1458569
1458587
1458605
1458644
1458645
1458712
1458737
1458747
1458764
1458837
1458849
1459012
1459048
1459132
1459161
1459174
1459260
1459312
1459348
1459417
1459432
1459510
1459523
1459537
1459547
1459574
1459586
1459616
1459623
1459625
1459634
1459667
1459742
1459810
1459853
1459880
1459896
1459897
1459903
1459920
1459993
1459993
1459994
1460116
1460118
1460129
1460132
1460181
1460241
1460411
1460417
1460478
1460577
1460588
1460610
1460638
1460772
1460789
1460807
1460923
1460925
1461015
1461016
1461098
1461108
1461129
1461163
1461366
1461386
1461393
1461395
1461418
1461439
1461517
1461560
1461708
1461710
1461810
1461812
1461920
1461954
1461977
1462000
1462062
1462142
1462236
1462263
1462310
1462318
1462332
1462351
1462416
1462477
1462627
1462687
1462813
1462819
1462833
1462859
1462948
1462951
1462953
1462959
1463021
1463052
1463072
1463088
1463213
1463230
1463263
1463308
1463323
1463422
1463426
1463447
1463499
1463527
1463577
1463615
1463685
1463700
1463702
1463707
1463727
1463781
1463871
1463877
1463894
1464029
1464233
1464409
1464409
1464527
1464531
1464536
1464544
1464591
1464721
1464724
1464730
1465088
1465114
1465168
1465175
1465177
1465187
1465209
1465216
1465229
1465470
1465512
1465514
1465528
1465538
1465562
1465708
1465759
1465857
1466016
1466034
1466060
1466066
1466095
1466115
1466193
1466281
1466292
1466311
1466325
1466384
1466467
1466523
1466664
1466695
1466822
1467038
1467053
1467068
1467106
1467138
1467142
1467404
1467409
1467453
1467475
1467507
1467512
1467518
1467521
1467585
1467611
1467616
1467628
1467638
1467641
1467700
1467737
1467780
1467790
1467809
1467834
1467853
1467855
1467911
1467930
1467995
1468016
1468081
1468193
1468225
1468297
1468500
1468542
1468583
1468592
1468595
1468744
1468751
1468765
1468771
1468786
1468805
1468813
1468953
1468966
1468987
1469008
1469008
1469036
1469169
1469176
1469288
1469327
1469415
1469419
1469471
1469538
1469717
1469899
1469959
1470004
1470056
1470185
1470188
1470322
1470354
1470411
1470496
1470520
1470531
1470565
1470567
1470614
1470651
1470689
1470736
1470758
1470794
1470811
1470824
1470839
1470916
1470936
1470986
1471033
1471035
1471044
1471103
1471137
1471259
1471357
1471455
1471526
1471574
1471578
1471641
1471700
1471743
1471801
1471816
1471861
1471873
1471880
1471944
1472010
1472012
1472040
1472088
1472123
1472135
1472196
1472254
1472326
1472394
1472586
1472590
1472698
1472708
1472876
1472980
1473018
1473050
1473100
1473103
1473261
1473303
1473318
1473322
1473369
1473415
1473540
1473682
1473684
1473685
1473723
1473740
1473835
1473854
1473870
1473874
1473958
1473996
1474025
1474034
1474053
1474100
1474171
1474281
1474329
1474363
1474365
1474472
1474511
1474517
1474549
1474620
1474638
1474700
1474772
1474792
1474818
1474873
1474909
1474970
1474987
1475001
1475016
1475031
1475077
1475136
1475213
1475213
1475250
1475274
1475319
1475370
1475371
1475475
1475624
1475624
1475657
1475722
1475732
1475736
1475769
1475815
1475817
1475838
1475948
1476018
1476039
1476157
1476160
1476170
1476199
1476234
1476292
1476355
1476391
1476407
1476413
1476465
1476489
1476528
1476591
1476646
1476648
1476823
1476839
1476852
1476923
1476961
1476963
1477028
1477060
1477067
1477195
1477306
1477346
1477448
1477479
1477542
1477675
1477732
1477796
1477801
1477820
1477862
1477864
1477894
1477922
1477942
1477980
1477992
1478011
1478011
1478117
1478130
1478141
1478304
1478312
1478385
1478397
1478430
1478479
1478505
1478624
1478768
1478794
1478844
1478856
1478971
1478999
1479005
1479063
1479080
1479082
1479131
1479170
1479262
1479295
1479372
1479559
1479564
1479579
1479599
1479629
1479691
1479844
1479847
1479879
1479915
1479916
1479920
1480045
1480233
1480305
1480314
1480319
1480329
1480366
1480431
1480457
1480495
1480520
1480551
1480556
1480560
1480586
1480609
1480667
1480698
1480727
1480839
1480932
1480972
1480999
1481004
1481177
1481204
1481255
1481275
1481462
1481466
1481467
1481473
1481536
1481657
1481671
1481722
1481781
1481894
1481946
1481984
1481999
1482054
1482214
1482246
1482296
1482324
1482358
1482377
1482423
1482439
1482441
1482465
1482506
1482558
1482577
1482650
1482864
1482967
1482974
1483014
1483092
1483129
1483137
1483144
1483245
1483260
1483299
1483358
1483378
1483487
1483561
1483599
1483656
1483697
1483746
1483783
1483783
1483837
1483845
1483914
1483952
1484052
1484067
1484147
1484147
1484150
1484175
1484307
1484416
1484552
1484580
1484582
1484800
1484893
1484894
1484963
1484987
1485073
1485137
1485146
1485186
1485195
1485223
1485238
1485374
1485385
1485446
1485490
1485520
1485545
1485604
1485606
1485608
1485634
1485650
1485790
1485925
1486028
1486042
1486128
1486181
1486234
1486345
1486574
1486656
1486679
1486794
1486838
1486855
1486882
1486911
1486941
1487032
1487048
1487101
1487132
1487156
1487280
1487288
1487457
1487477
1487538
1487542
1487693
1487698
1487729
1487770
1487809
1488025
1488066
1488082
1488135
1488142
1488159
1488168
1488179
1488228
1488236
1488241
1488280
1488320
1488326
1488399
1488435
1488448
1488572
1488669
1488693
1488737
1488798
1488930
1488932
1489046
1489068
1489116
1489192
1489198
1489200
1489215
1489276
1489282
1489290
1489293
1489327
1489355
1489411
1489425
1489458
1489595
1489611
1489793
1489843
1489864
1489870
1489883
1490098
1490149
1490173
1490179
1490211
1490236
1490324
1490381
1490413
1490438
1490441
1490494
1490633
1490674
1490692
1490753
1490847
1490853
1490910
1491014
1491065
1491097
1491144
1491175
1491182
1491187
1491194
1491278
1491400
1491453
1491544
1491555
1491670
1491743
1491757
1491801
1491829
1491833
1491869
1491891
1491912
1491938
1491959
1492066
1492216
1492221
1492273
1492282
1492282
1492285
1492337
1492359
1492438
1492463
1492471
1492486
1492498
1492516
1492615
1492634
1492691
1492939
1492984
1492997
1493051
1493055
1493138
1493246
1493286
1493355
1493409
1493528
1493544
1493769
1493804
1493865
1493896
1493913
1493930
1493979
1493985
1493996
1493998
1493999
1494033
1494069
1494084
1494096
1494175
1494363
1494381
1494422
1494473
1494551
1494554
1494584
1494641
1494689
1494704
1494710
1494876
1494960
1495088
1495118
1495140
1495193
1495227
1495233
1495294
1495317
1495326
1495389
1495452
1495528
1495554
1495561
1495630
1495755
1495782
1495790
1495956
1495992
1496032
1496053
1496061
1496083
1496095
1496103
1496119
1496211
1496348
1496394
1496406
1496415
1496415
1496460
1496511
1496531
1496753
1496769
1496776
1496813
1496823
1496833
1496932
1496969
1497008
1497047
1497092
1497133
1497139
1497172
1497211
1497317
1497367
1497381
1497399
1497416
1497444
1497457
1497511
1497544
1497566
1497572
1497641
1497659
1497796
1497820
1497840
1497874
1498040
1498079
1498093
1498215
1498221
1498288
1498483
1498515
1498533
1498544
1498583
1498657
1498785
1498811
1498829
1498956
1498957
1499033
1499082
1499097
1499109
1499139
1499204
1499212
1499228
1499331
1499333
1499432
1499457
1499504
1499555
1499643
1499717
1499784
1499797
1499828
1499897
1499900
1499924
1499960
1500048
1500065
1500126
1500159
1500212
1500228
1500316
1500357
1500419
1500426
1500473
1500496
1500497
1500632
1500641
1500712
1500788
1500860
1500892
1500935
1501202
1501228
1501254
1501306
1501387
1501420
1501433
1501443
1501525
1501528
1501650
1501663
1501682
1501713
1501884
1501931
1501956
1502050
1502066
1502140
1502154
1502186
1502197
1502243
1502283
1502312
1502365
1502510
1502586
1502619
1502644
1502733
1502756
1502824
1502828
1502855
1502945
1502962
1502979
1503087
1503092
1503178
1503178
1503200
1503339
1503374
1503434
1503449
1503452
1503453
1503480
1503499
1503559
1503562
1503622
1503668
1503699
1503825
1503860
1503889
1503956
1503963
1503964
1503970
1504058
1504149
1504235
1504242
1504315
1504386
1504482
1504534
1504570
1504600
1504745
1504752
1504782
1504793
1504831
1504858
1504886
1504953
1504996
1505011
1505038
1505097
1505174
1505188
1505199
1505328
1505330
1505337
1505355
1505432
1505437
1505523
1505617
1505757
1505807
1505867
1505907
1505942
1505984
1505985
1506068
1506072
1506084
1506295
1506300
1506315
1506332
1506394
1506598
1506626
1506750
1506773
1506793
1506822
1506867
1506944
1507074
1507076
1507119
1507230
1507256
1507335
1507350
1507372
1507451
1507496
1507550
1507569
1507599
1507617
1507647
1507696
1507729
1507807
1507992
1508004
1508009
1508032
1508136
1508278
1508293
1508397
1508407
1508473
1508474
1508504
1508515
1508518
1508551
1508560
1508648
1508654
1508716
1508725
1508757
1508806
1508826
1508954
1508964
1508974
1508991
1509006
1509023
1509039
1509059
1509087
1509141
1509167
1509225
1509236
1509306
1509324
1509342
1509375
1509380
1509442
1509575
1509596
1509651
1509711
1509740
1509748
1509785
1509857
1509870
1509960
1510080
1510098
1510180
1510287
1510452
1510455
1510513
1510525
1510554
1510571
1510588
1510593
1510609
1510617
1510770
1510783
1510792
1510840
1510902
1510925
1510974
1511094
1511100
1511106
1511140
1511298
1511322
1511338
1511464
1511533
1511549
1511571
1511629
1511679
1511685
1511991
1512037
1512086
1512111
1512155
1512287
1512293
1512318
1512398
1512447
1512466
1512504
1512511
1512634
1512737
1513036
1513085
1513161
1513162
1513200
1513231
1513242
1513244
1513282
1513316
1513335
1513338
1513375
1513415
1513474
1513571
1513578
1513699
1513772
1513785
1513807
1513822
1513828
1513834
1513948
1513982
1514072
1514079
1514151
1514176
1514283
1514316
1514358
1514770
1514809
1514815
1514829
1514830
1514879
1514885
1514894
1514896
1514999
1515023
1515041
1515041
1515059
1515069
1515147
1515161
1515198
1515219
1515223
1515227
1515255
1515280
1515346
1515412
1515414
1515520
1515524
1515600
1515601
1515694
1515842
1515911
1515940
1515952
1515964
1516009
1516034
1516042
1516051
1516071
1516086
1516140
1516142
1516227
1516318
1516342
1516368
1516386
1516406
1516416
1516459
1516462
1516503
1516526
1516561
1516573
1516625
1516724
1516895
1516919
1516996
1517025
1517057
1517077
1517111
1517143
1517146
1517162
1517197
1517204
1517213
1517217
1517264
1517271
1517279
1517302
1517338
1517418
1517444
1517526
1517668
1517691
1517733
1517745
1517752
1517790
1517814
1517894
1517977
1518057
1518141
1518143
1518185
1518273
1518281
1518421
1518434
1518446
1518525
1518554
1518645
1518648
1518741
1518941
1519104
1519115
1519177
1519215
1519261
1519439
1519450
1519492
1519611
1519634
1519756
1519765
1519786
1519810
1519832
1519888
1519926
1519936
1520029
1520113
1520210
1520212
1520272
1520284
1520425
1520435
1520466
1520500
1520551
1520639
1520656
1520683
1520711
1520762
1520776
1520804
1520840
1520853
1520893
1521181
1521210
1521274
1521288
1521303
1521422
1521451
1521540
1521550
1521618
1521621
1521725
1521734
1521751
1521786
1521916
1521922
1521939
1521969
1522045
1522060
1522070
1522127
1522168
1522181
1522242
1522268
1522339
1522412
1522424
1522456
1522513
1522524
1522534
1522562
1522655
1522701
1522873
1522900
1522901
1522902
1522923
1522947
1523025
1523086
1523089
1523098
1523178
1523179
1523180
1523183
1523211
1523273
1523356
1523480
1523528
1523536
1523572
1523623
1523679
1523714
1523718
1523739
1523749
1523763
1523849
1523864
1523868
1523949
1523972
1524035
1524094
1524143
1524221
1524281
1524282
1524341
1524465
1524467
1524575
1524635
1524666
1524773
1524891
1524956
1525021
1525204
1525225
1525327
1525361
1525372
1525374
1525398
1525403
1525416
1525514
1525538
1525539
1525544
1525595
1525616
1525621
1525634
1525673
1525730
1525752
1525764
1525781
1525840
1525863
1526050
1526065
1526147
1526164
1526184
1526213
1526232
1526290
1526307
1526310
1526326
1526357
1526606
1526669
1526726
1526732
1526811
1526920
1526942
1527009
1527019
1527119
1527181
1527183
1527256
1527310
1527328
1527352
1527384
1527525
1527634
1527636
1527656
1527830
1527909
1528058
1528085
1528199
1528201
1528220
1528234
1528253
1528292
1528331
1528458
1528461
1528473
1528481
1528541
1528567
1528576
1528593
1528709
1528716
1528768
1528777
1528782
1528789
1528814
1528814
1528845
1528888
1528967
1529010
1529032
1529166
1529355
1529371
1529451
1529533
1529578
1529591
1529622
1529638
1529641
1529700
1529707
1529718
1529721
1529759
1529762
1529767
1529856
1530004
1530027
1530034
1530038
1530070
1530088
1530093
1530094
1530211
1530226
1530245
1530261
1530265
1530339
1530382
1530398
1530399
1530416
1530440
1530522
1530522
1530597
1530712
1530781
1530935
1530964
1531125
1531131
1531197
1531206
1531224
1531227
1531234
1531277
1531277
1531298
1531388
1531422
1531571
1531620
1531721
1531804
1531888
1531917
1531962
1531987
1532032
1532034
1532046
1532094
1532100
1532164
1532248
1532251
1532275
1532348
1532353
1532379
1532403
1532426
1532435
1532488
1532493
1532527
1532720
1532748
1532965
1532996
1533161
1533260
1533406
1533440
1533502
1533622
1533671
1533690
1533716
1533863
1533933
1533937
1533937
1533948
1533988
1534020
1534090
1534103
1534104
1534130
1534170
1534210
1534249
1534266
1534277
1534286
1534420
1534430
1534474
1534499
1534591
1534599
1534706
1534735
1534789
1534814
1534891
1534954
1534968
1535041
1535095
1535118
1535147
1535196
1535251
1535357
1535405
1535436
1535549
1535559
1535617
1535634
1535725
1535738
1535780
1535812
1535829
1535975
1535980
1536085
1536124
1536126
1536221
1536260
1536305
1536386
1536410
1536423
1536475
1536479
1536712
1536735
1536751
1536769
1536893
1536959
1536963
1537150
1537264
1537271
1537317
1537335
1537482
1537531
1537566
1537607
1537608
1537728
1537784
1537870
1537872
1537914
1537990
1537996
1538020
1538190
1538215
1538222
1538283
1538308
1538386
1538441
1538687
1538716
1538727
1538739
1538764
1538883
1538883
1538929
1538994
1539019
1539070
1539172
1539323
1539338
1539402
1539447
1539463
1539470
1539506
1539518
1539613
1539639
1539715
1539879
1539880
1539902
1539929
1539955
1540088
1540212
1540359
1540382
1540500
1540533
1540567
1540605
1540618
1540625
1540650
1540748
1540774
1540785
1540792
1540819
1540844
1540915
1540953
1541034
1541042
1541073
1541081
1541144
1541307
1541325
1541353
1541368
1541391
1541464
1541565
1541587
1541596
1541702
1541760
1541963
1542023
1542066
1542084
1542158
1542268
1542299
1542321
1542372
1542445
1542476
1542681
1542682
1542694
1542704
1542793
1542847
1542961
1542979
1543061
1543062
1543192
1543266
1543496
1543523
1543571
1543614
1543833
1543867
1543998
1544000
1544042
1544102
1544123
1544146
1544148
1544179
1544265
1544324
1544374
1544405
1544437
1544455
1544456
1544462
1544476
1544513
1544528
1544601
1544633
1544663
1544697
1544769
1544909
1544911
1544973
1545045
1545052
1545068
1545115
1545201
1545208
1545255
1545352
1545448
1545518
1545543
1545618
1545665
1545735
1545738
1545741
1545831
1545860
1545867
1545890
1545906
1545990
1546051
1546157
1546251
1546302
1546328
1546381
1546662
1546684
1546753
1546833
1546951
1546958
1547016
1547090
1547123
1547156
1547268
1547272
1547355
1547412
1547413
1547433
1547560
1547636
1547810
1547867
1547873
1547884
1547902
1547981
1547988
1548094
1548109
1548126
1548136
1548139
1548206
1548266
1548361
1548374
1548392
1548413
1548588
1548642
1548753
1548772
1548774
1548830
1548953
1548983
1548993
1549015
1549136
1549179
1549303
1549323
1549336
1549582
1549635
1549766
1549830
1549875
1549975
1550013
1550051
1550054
1550070
1550080
1550160
1550314
1550342
1550368
1550393
1550480
1550564
1550578
1550685
1550697
1550698
1550728
1550728
1550729
1550830
1550895
1550907
1550932
1551154
1551379
1551396
1551436
1551448
1551450
1551489
1551493
1551560
1551569
1551575
1551580
1551682
1551756
1551759
1551780
1551852
1551873
1551917
1551920
1551949
1552065
1552109
1552127
1552141
1552179
1552237
1552317
1552417
1552495
1552500
1552516
1552689
1552709
1552764
1552800
1552864
1552882
1552883
1552908
1553035
1553046
1553061
1553140
1553156
1553232
1553306
1553309
1553356
1553506
1553515
1553524
1553531
1553554
1553583
1553630
1553634
1553648
1553749
1553771
1553938
1554336
1554402
1554403
1554428
1554429
1554556
1554705
1554740
1554820
1554846
1554854
1554884
1554927
1554987
1555004
1555049
1555061
1555175
1555183
1555207
1555404
1555423
1555430
1555470
1555521
1555526
1555544
1555544
1555583
1555611
1555644
1555756
1555809
1555846
1555994
1556016
1556032
1556085
1556087
1556120
1556146
1556180
1556191
1556203
1556227
1556260
1556265
1556358
1556374
1556421
1556437
1556456
1556510
1556543
1556675
1556872
1556900
1556900
1556989
1557018
1557135
1557148
1557170
1557185
1557200
1557271
1557276
1557303
1557320
1557371
1557389
1557411
1557618
1557717
1557829
1557849
1557958
1558012
1558191
1558227
1558370
1558378
1558384
1558384
1558536
1558543
1558576
1558607
1558646
1558690
1558758
1558865
1559033
1559037
1559225
1559266
1559278
1559279
1559302
1559312
1559355
1559415
1559435
1559488
1559542
1559565
1559660
1559676
1559732
1559733
1559733
1559874
1559902
1559905
1559939
1559982
1559988
1560115
1560249
1560302
1560384
1560551
1560614
1560644
1560671
1560673
1560687
1560718
1560822
1560851
1560870
1560870
1560878
1560889
1560923
1561036
1561106
1561115
1561169
1561179
1561201
1561203
1561235
1561272
1561297
1561331
1561354
1561449
1561492
1561493
1561559
1561659
1561741
1561787
1561876
1561879
1561896
1561968
1562046
1562101
1562104
1562112
1562124
1562157
1562160
1562162
1562237
1562264
1562312
1562455
1562467
1562549
1562554
1562621
1562663
1562800
1562835
1562859
1562876
1562886
1562948
1562961
1563097
1563235
1563251
1563254
1563255
1563297
1563367
1563386
1563397
1563398
1563477
1563592
1563638
1563670
1563695
1563745
1563748
1563762
1563961
1564011
1564045
1564066
1564070
1564198
1564210
1564224
1564408
1564491
1564552
1564602
1564625
1564717
1564740
1564766
1564775
1564803
1564929
1564984
1564990
1564992
1565006
1565083
1565123
1565133
1565157
1565353
1565359
1565421
1565530
1565569
1565583
1565700
1565742
1565846
1565859
1565865
1565919
1565929
1566064
1566190
1566208
1566213
1566232
1566286
1566401
1566423
1566459
1566544
1566623
1566628
1566635
1566644
1566676
1566699
1566722
1566733
1566753
1566757
1566763
1566774
1566792
1566805
1566846
1566898
1566909
1566956
1567022
1567147
1567165
1567176
1567224
1567362
1567394
1567460
1567472
1567526
1567606
1567709
1567736
1567792
1567920
1567937
1568018
1568302
1568344
1568373
1568382
1568400
1568413
1568477
1568559
1568607
1568611
1568640
1568682
1568699
1568837
1568876
1568896
1568912
1568918
1568935
1568975
1569018
1569044
1569162
1569293
1569385
1569484
1569539
1569643
1569663
1569757
1569765
1569971
1569999
1569999
1570022
1570120
1570129
1570219
1570268
1570305
1570404
1570444
1570470
1570494
1570536
1570548
1570562
1570567
1570601
1570645
1570694
1570701
1570722
1570755
1570876
1570890
1570949
1570965
1570965
1571023
1571040
1571154
1571212
1571237
1571238
1571302
1571467
1571488
1571515
1571577
1571607
1571622
1571852
1571881
1571885
1571965
1572006
1572112
1572203
1572215
1572300
1572311
1572368
1572453
1572510
1572526
1572625
1572644
1572696
1572719
1572837
1572889
1572914
1572950
1573056
1573119
1573198
1573243
1573293
1573302
1573334
1573421
1573422
1573467
1573569
1573698
1573756
1573868
1573956
1574010
1574033
1574058
1574076
1574136
1574138
1574148
1574203
1574208
1574328
1574342
1574368
1574384
1574407
1574465
1574481
1574485
1574493
1574624
1574641
1574645
1574774
1574897
1574908
1574939
1575038
1575086
1575110
1575150
1575177
1575305
1575351
1575364
1575442
1575451
1575475
1575581
1575799
1575822
1575866
1575890
1575910
1575967
1575995
1576010
1576062
1576080
1576111
1576113
1576152
1576154
1576158
1576221
1576223
1576254
1576301
1576302
1576321
1576402
1576422
1576436
1576474
1576488
1576629
1576740
1576760
1576806
1576827
1576862
1576902
1576985
1576995
1577055
1577116
1577187
1577189
1577193
1577209
1577215
1577243
1577310
1577329
1577358
1577443
1577444
1577472
1577502
1577581
1577585
1577758
1577853
1577853
1577886
1577971
1578024
1578038
1578051
1578093
1578161
1578180
1578213
1578265
1578356
1578466
1578484
1578493
1578576
1578597
1578690
1578708
1578741
1578764
1578795
1578836
1578842
1578842
1578949
1579030
1579037
1579047
1579063
1579174
1579180
1579253
1579273
1579351
1579355
1579373
1579475
1579669
1579682
1579685
1579736
1579743
1579819
1579954
1579962
1580031
1580172
1580191
1580207
1580330
1580363
1580400
1580426
1580435
1580496
1580576
1580605
1580648
1580727
1580840
1580894
1580909
1580909
1580911
1580924
1580931
1580981
1581077
1581106
1581141
1581151
1581188
1581203
1581322
1581392
1581422
1581481
1581492
1581579
1581600
1581652
1581682
1581724
1581831
1581832
1581862
1581883
1582087
1582120
1582238
1582375
1582412
1582428
1582473
1582509
1582577
1582632
1582654
1582699
1582825
1582922
1583005
1583014
1583100
1583124
1583220
1583227
1583246
1583313
1583347
1583431
1583499
1583523
1583630
1583684
1583755
1583774
1583785
1583794
1583896
1583971
1584003
1584024
1584051
1584092
1584123
1584183
1584186
1584346
1584347
1584451
1584481
1584525
1584601
1584676
1584684
1584816
1584854
1584882
1584882
1584892
1584977
1584984
1585029
1585033
1585060
1585067
1585075
1585126
1585185
1585248
1585286
1585371
1585375
1585399
1585503
1585572
1585584
1585603
1585619
1585623
1585681
1585698
1585790
1585850
1585850
1585853
1585895
1585931
1585977
1585978
1585985
1586037
1586051
1586164
1586210
1586218
1586296
1586304
1586324
1586339
1586446
1586666
1586768
1586852
1586960
1587019
1587029
1587085
1587095
1587133
1587183
1587222
1587224
1587279
1587312
1587321
1587339
1587370
1587419
1587423
1587464
1587476
1587519
1587579
1587618
1587633
1587659
1587682
1587693
1587727
1587765
1587808
1587975
1588047
1588118
1588119
1588136
1588209
1588213
1588371
1588464
1588584
1588597
1588678
1588735
1588844
1588883
1588930
1588965
1588968
1588994
1589067
1589189
1589369
1589440
1589484
1589532
1589613
1589677
1589682
1589735
1589765
1589767
1589775
1589792
1589799
1589901
1589917
1589921
1589970
1590038
1590062
1590099
1590100
1590166
1590189
1590198
1590233
1590437
1590469
1590494
1590561
1590587
1590718
1590723
1590742
1590746
1590826
1590845
1590858
1590895
1590917
1590979
1590995
1591035
1591077
1591145
1591165
1591223
1591393
1591466
1591469
1591553
1591597
1591625
1591719
1591746
1591749
1591801
1591954
1591994
1592005
1592172
1592175
1592194
1592243
1592245
1592318
1592319
1592352
1592371
1592470
1592502
1592517
1592557
1592622
1592630
1592644
1592703
1592754
1592801
1592878
1592889
1592896
1592935
1592940
1592974
1593008
1593020
1593040
1593071
1593168
1593231
1593255
1593320
1593394
1593420
1593440
1593459
1593465
1593495
1593611
1593669
1593726
1593788
1593820
1593854
1593882
1593915
1593929
1593952
1594025
1594104
1594127
1594146
1594170
1594204
1594247
1594284
1594331
1594364
1594422
1594439
1594531
1594558
1594577
1594580
1594593
1594681
1595032
1595107
1595188
1595481
1595499
1595509
1595650
1595660
1595715
1595716
1595731
1595799
1595942
1596059
1596124
1596186
1596202
1596336
1596397
1596500
1596527
1596534
1596545
1596655
1596698
1596754
1596835
1596854
1596855
1596945
1597029
1597033
1597040
1597058
1597068
1597131
1597242
1597268
1597291
1597307
1597323
1597456
1597511
1597525
1597585
1597601
1597632
1597639
1597646
1597727
1597774
1597776
1597790
1597840
1597951
1597958
1597985
1598020
1598072
1598143
1598203
1598206
1598242
1598356
1598366
1598390
1598475
1598540
1598624
1598694
1598764
1598781
1598827
1598854
1598874
1598876
1598903
1598905
1598946
1599118
1599120
1599121
1599151
1599190
1599310
1599323
1599354
1599409
1599413
1599503
1599524
1599530
1599553
1599553
1599555
1599602
1599773
1599885
1599990
1600019
1600108
1600110
1600172
1600213
1600319
1600367
1600509
1600595
1600707
1600710
1600802
1600854
1600869
1600920
1600930
1600985
1601014
1601036
1601059
1601155
1601208
1601302
1601411
1601498
1601501
1601524
1601568
1601603
1601666
1601736
1601761
1601836
1601875
1601913
1601966
1601989
1602043
1602272
1602297
1602306
1602338
1602339
1602354
1602550
1602586
1602588
1602603
1602612
1602640
1602685
1602687
1602734
1602844
1602864
1602922
1602943
1602996
1603063
1603120
1603167
1603235
1603284
1603417
1603480
1603656
1603759
1603793
1603828
1603831
1603834
1603912
1603928
1603973
1604015
1604041
1604175
1604256
1604416
1604427
1604443
1604473
1604482
1604525
1604658
1604702
1604724
1604738
1604776
1604828
1604852
1604990
1605049
1605073
1605076
1605115
1605146
1605187
1605224
1605250
1605348
1605366
1605421
1605430
1605447
1605483
1605529
1605568
1605615
1605632
1605652
1605652
1605672
1605681
1605744
1605794
1605839
1605843
1605868
1605915
1606035
1606197
1606227
1606283
1606323
1606405
1606415
1606602
1606606
1606942
1606948
1606963
1606968
1607017
1607018
1607066
1607106
1607123
1607148
1607245
1607264
1607310
1607356
1607371
1607387
1607393
1607423
1607465
1607521
1607523
1607598
1607658
1607672
1607711
1607749
1607812
1607850
1607956
1607961
1608033
1608046
1608053
1608079
1608198
1608217
1608331
1608400
1608487
1608562
1608581
1608624
1608631
1608724
1608760
1608809
1608821
1608849
1608879
1608921
1608934
1608993
1609006
1609149
1609182
1609191
1609209
1609237
1609259
1609294
1609332
1609357
1609374
1609405
1609463
1609508
1609511
1609648
1609821
1609842
1610077
1610206
1610270
1610281
1610295
1610385
1610407
1610445
1610454
1610482
1610507
1610547
1610687
1610695
1610707
1610708
1610709
1610786
1610810
1610819
1610823
1610830
1610851
1610891
1610903
1610949
1611005
1611051
1611060
1611069
1611092
1611097
1611099
1611178
1611202
1611234
1611247
1611275
1611278
1611278
1611344
1611440
1611474
1611495
1611645
1611676
1611799
1611841
1611843
1611846
1611849
1611875
1611919
1611930
1611937
1611950
1611957
1611977
1612009
1612040
1612054
1612063
1612106
1612157
1612161
1612167
1612304
1612382
1612403
1612406
1612424
1612438
1612470
1612492
1612513
1612636
1612681
1612837
1612839
1612852
1612910
1612914
1612934
1612956
1613031
1613064
1613094
1613096
1613101
1613326
1613351
1613356
1613357
1613368
1613457
1613552
1613804
1613852
1613988
1614065
1614077
1614113
1614114
1614123
1614139
1614171
1614191
1614227
1614267
1614448
1614468
1614474
1614556
1614594
1614661
1614702
1614744
1614751
1614754
1614755
1614866
1615077
1615232
1615302
1615310
1615313
1615413
1615484
1615491
1615515
1615523
1615563
1615588
1615635
1615655
1615749
1615783
1615810
1615823
1615838
1615901
1615964
1616000
1616003
1616079
1616113
1616180
1616200
1616227
1616280
1616384
1616426
1616451
1616505
1616513
1616582
1616645
1616717
1616751
1616880
1616910
1616926
1617019
1617042
1617091
1617167
1617184
1617286
1617294
1617298
1617357
1617447
1617499
1617571
1617597
1617600
1617732
1617809
1617825
1617886
1617936
1618005
1618020
1618034
1618045
1618067
1618068
1618069
1618091
1618093
1618102
1618241
1618315
1618318
1618344
1618352
1618400
1618457
1618506
1618586
1618613
1618625
1618677
1618721
1618818
1618873
1618990
1619001
1619066
1619188
1619193
1619210
1619336
1619410
1619426
1619442
1619495
1619539
1619558
1619595
1619680
1619712
1619717
1619819
1619891
1620032
1620088
1620109
1620253
1620311
1620354
1620422
1620455
1620466
1620509
1620550
1620588
1620625
1620635
1620656
1620664
1620701
1620817
1620863
1620950
1621137
1621169
1621171
1621175
1621274
1621368
1621374
1621413
1621418
1621461
1621493
1621507
1621570
1621636
1621711
1621764
1621792
1621880
1621938
1622012
1622065
1622078
1622090
1622092
1622104
1622124
1622143
1622164
1622303
1622342
1622359
1622457
1622457
1622478
1622508
1622520
1622540
1622554
1622583
1622603
1622642
1622743
1622816
1622824
1622963
1622975
1622982
1623001
1623072
1623093
1623133
1623139
1623195
1623306
1623347
1623356
1623361
1623380
1623494
1623505
1623565
1623573
1623587
1623662
1623812
1623855
1623873
1623897
1623898
1623906
1623906
1623936
1623953
1623985
1624112
1624159
1624223
1624259
1624276
1624337
1624343
1624414
1624422
1624644
1624699
1624731
1624859
1624923
1624955
1624989
1625062
1625074
1625182
1625300
1625397
1625432
1625472
1625476
1625488
1625530
1625587
1625615
1625615
1625711
1625732
1625786
1625805
1625830
1625890
1625981
1625985
1626001
1626052
1626170
1626198
1626224
1626231
1626253
1626284
1626322
1626328
1626375
1626400
1626472
1626483
1626534
1626565
1626579
1626648
1626728
1626732
1626733
1626964
1626965
1627004
1627080
1627083
1627108
1627126
1627171
1627251
1627263
1627297
1627348
1627351
1627386
1627466
1627478
1627539
1627548
1627559
1627577
1627630
1627735
1627754
1627808
1627916
1627952
1628063
1628064
1628100
1628133
1628183
1628204
1628651
1628940
1629022
1629035
1629096
1629104
1629111
1629117
1629190
1629232
1629293
1629306
1629358
1629367
1629449
1629551
1629584
1629661
1629677
1629709
1629722
1629784
1629809
1629828
1629977
1630019
1630039
1630095
1630109
1630205
1630211
1630233
1630234
1630235
1630279
1630290
1630304
1630350
1630648
1630694
1630753
1630776
1630814
1630834
1630879
1630879
1630912
1630963
1631038
1631159
1631162
1631201
1631218
1631270
1631279
1631347
1631353
1631386
1631405
1631585
1631662
1631664
1631825
1631853
1631983
1631985
1631997
1632165
1632197
1632206
1632252
1632271
1632419
1632482
1632513
1632623
1632654
1632825
1632908
1632913
1632965
1633001
1633001
1633061
1633070
1633260
1633263
1633304
1633332
1633415
1633426
1633486
1633580
1633586
1633588
1633689
1633716
1633783
1633801
1633817
1633828
1633846
1633862
1633877
1633882
1633901
1633948
1633975
1634017
1634070
1634082
1634093
1634108
1634121
1634132
1634226
1634239
1634244
1634314
1634323
1634415
1634473
1634538
1634783
1634788
1634806
1634887
1634976
1635043
1635259
1635368
1635440
1635519
1635684
1635695
1635788
1635801
1635803
1635895
1635915
1635947
1635985
1635992
1636010
1636090
1636112
1636113
1636133
1636140
1636214
1636216
1636416
1636558
1636690
1636758
1636772
1636801
1637018
1637071
1637083
1637098
1637157
1637176
1637184
1637272
1637357
1637419
1637465
1637483
1637490
1637503
1637559
1637668
1637693
1637738
1637804
1637823
1637836
1637872
1637910
1637981
1638078
1638446
1638459
1638591
1638716
1638746
1638816
1638822
1638861
1638886
1638897
1639141
1639175
1639213
1639302
1639385
1639442
1639574
1639585
1639618
1639698
1639754
1639790
1639819
1639822
1639827
1639981
1640055
1640083
1640093
1640133
1640248
1640322
1640384
1640396
1640415
1640464
1640471
1640537
1640538
1640615
1640666
1640667
1640790
1640998
1641006
1641013
1641072
1641136
1641149
1641240
1641279
1641306
1641328
1641370
1641372
1641373
1641445
1641520
1641551
1641629
1641911
1641920
1641989
1642016
1642028
1642076
1642078
1642097
1642160
1642222
1642254
1642283
1642290
1642296
1642394
1642431
1642507
1642689
1642725
1642790
1642813
1642825
1642884
1642940
1643096
1643121
1643126
1643162
1643273
1643315
1643317
1643395
1643456
1643520
1643555
1643634
1643665
1643763
1643793
1643915
1643923
1643960
1643972
1643997
1644028
1644055
1644309
1644396
1644398
1644442
1644443
1644476
1644505
1644511
1644513
1644616
1644669
1644706
1644722
1644800
1644834
1644843
1644886
1644906
1644926
1644958
1644990
1644994
1645049
1645049
1645065
1645102
1645111
1645146
1645149
1645231
1645341
1645350
1645374
1645376
1645397
1645521
1645574
1645768
1645787
1645844
1645873
1645875
1645984
1645996
1646013
1646066
1646109
1646116
1646155
1646159
1646243
1646342
1646471
1646481
1646483
1646509
1646524
1646556
1646589
1646590
1646691
1646691
1646743
1646809
1646854
1646903
1646906
1646912
1646958
1646973
1646981
1647003
1647090
1647114
1647181
1647196
1647229
1647267
1647306
1647373
1647376
1647387
1647460
1647472
1647543
1647577
1647643
1647668
1647742
1647745
1647819
1647882
1647909
1647954
1647978
1648028
1648075
1648084
1648134
1648155
1648167
1648167
1648191
1648217
1648279
1648287
1648343
1648382
1648433
1648499
1648515
1648521
1648587
1648603
1648607
1648612
1648621
1648671
1648677
1648687
1648704
1648810
1648817
1648850
1648949
1649016
1649038
1649077
1649108
1649163
1649307
1649343
1649345
1649366
1649373
1649456
1649532
1649668
1649683
1649696
1649706
1649714
1649961
1649971
1650019
1650025
1650028
1650071
1650106
1650182
1650256
1650296
1650354
1650443
1650520
1650565
1650603
1650715
1650759
1650771
1650807
1650810
1650894
1650979
1651066
1651092
1651214
1651277
1651278
1651386
1651394
1651405
1651467
1651681
1651684
1651709
1651722
1651729
1651870
1651906
1652002
1652019
1652047
1652085
1652203
1652220
1652283
1652342
1652386
1652388
1652449
1652509
1652600
1652601
1652611
1652699
1652702
1652715
1652726
1652780
1652825
1652826
1652865
1652922
1652949
1653087
1653115
1653143
1653177
1653194
1653247
1653287
1653319
1653460
1653486
1653508
1653515
1653693
1653748
1653768
1653841
1653910
1653920
1653926
1653968
1654057
1654067
1654074
1654132
1654141
1654278
1654296
1654334
1654335
1654392
1654392
1654431
1654504
1654597
1654601
1654615
1654637
1654757
1654778
1654893
1654959
1654964
1654977
1654999
1655019
1655031
1655045
1655078
1655080
1655094
1655106
1655176
1655193
1655268
1655279
1655326
1655355
1655383
1655439
1655506
1655572
1655620
1655758
1655760
1655967
1656043
1656102
1656110
1656116
1656128
1656193
1656339
1656345
1656380
1656398
1656409
1656428
1656454
1656454
1656469
1656580
1656616
1656653
1656743
1656886
1656901
1657013
1657132
1657172
1657184
1657351
1657355
1657382
1657619
1657634
1657687
1657731
1657731
1657755
1657765
1657790
1657892
1657918
1657924
1657996
1658058
1658108
1658280
1658381
1658389
1658494
1658694
1658750
1658937
1658941
1658975
1658990
1659064
1659161
1659231
1659323
1659353
1659375
1659394
1659438
1659468
1659516
1659561
1659627
1659628
1659696
1659707
1659732
1659810
1659865
1659872
1659908
1660067
1660102
1660189
1660221
1660334
1660420
1660425
1660444
1660492
1660677
1660850
1660875
1660975
1660984
1661185
1661614
1661615
1661616
1661643
1661663
1661670
1661683
1661723
1661733
1661907
1661911
1662029
1662118
1662171
1662195
1662213
1662228
1662246
1662269
1662275
1662283
1662306
1662456
1662480
1662483
1662501
1662526
1662567
1662605
1662666
1662831
1662885
1663017
1663104
1663182
1663271
1663284
1663305
1663345
1663346
1663435
1663435
1663506
1663575
1663628
1663665
1663750
1663758
1663833
1663835
1663852
1663861
1663861
1663871
1663878
1664058
1664302
1664309
1664327
1664391
1664397
1664419
1664443
1664505
1664529
1664547
1664653
1664684
1664689
1664699
1664734
1664883
1664934
1664988
1665064
1665081
1665159
1665181
1665283
1665313
1665456
1665467
1665473
1665479
1665547
1665594
1665607
1665619
1665679
1665679
1665695
1665838
1665970
1665975
1665976
1666084
1666178
1666204
1666235
1666262
1666318
1666501
1666536
1666687
1666713
1666718
1666722
1666733
1666767
1666800
1666842
1666880
1667105
1667110
1667216
1667222
1667290
1667336
1667410
1667414
1667438
1667441
1667480
1667540
1667626
1667651
1667815
1667924
1667925
1667948
1667994
1668039
1668096
1668190
1668223
1668313
1668370
1668404
1668427
1668507
1668524
1668570
1668617
1668650
1668701
1668779
1668806
1668853
1668870
1668914
1668932
1668950
1668966
1668996
1669004
1669062
1669063
1669263
1669395
1669418
1669421
1669423
1669447
1669575
1669695
1669732
1669803
1669805
1669819
1669847
1669870
1669971
1670012
1670052
1670060
1670159
1670169
1670281
1670340
1670361
1670384
1670449
1670455
1670457
1670608
1670662
1670679
1670702
1670781
1670792
1670827
1670834
1670859
1670902
1670910
1670965
1670998
1671027
1671031
1671071
1671118
1671129
1671133
1671203
1671206
1671211
1671329
1671453
1671510
1671553
1671692
1671694
1671822
1671984
1672045
1672054
1672086
1672106
1672133
1672148
1672262
1672277
1672344
1672357
1672437
1672495
1672577
1672599
1672643
1672654
1672704
1672710
1672729
1672808
1673061
1673090
1673218
1673236
1673273
1673288
1673294
1673296
1673364
1673380
1673408
1673428
1673480
1673674
1673724
1673739
1673802
1673840
1673911
1674013
1674317
1674322
1674467
1674541
1674571
1674614
1674615
1674638
1674656
1674684
1674692
1674842
1674857
1674879
1674892
1674903
1674985
1675077
1675326
1675403
1675416
1675442
1675486
1675652
1675740
1675771
1675777
1675925
1675993
1676054
1676061
1676064
1676089
1676142
1676234
1676237
1676243
1676288
1676291
1676303
1676317
1676340
1676364
1676466
1676498
1676520
1676546
1676550
1676607
1676618
1676624
1676654
1676670
1676761
1676851
1676932
1676990
1677005
1677046
1677089
1677123
1677197
1677211
1677372
1677377
1677387
1677424
1677479
1677485
1677521
1677526
1677684
1677756
1677813
1677851
1678067
1678081
1678116
1678157
1678220
1678266
1678275
1678301
1678309
1678345
1678379
1678400
1678404
1678433
1678486
1678588
1678618
1678635
1678751
1678779
1678831
1678846
1678919
1678926
1678949
1678966
1678980
1678998
1679106
1679128
1679130
1679132
1679222
1679238
1679327
1679423
1679458
1679522
1679589
1679600
1679778
1679868
1679910
1679919
1679944
1680128
1680134
1680142
1680233
1680253
1680382
1680430
1680445
1680469
1680523
1680609
1680690
1680710
1680818
1680820
1680919
1680945
1680953
1681088
1681248
1681281
1681309
1681314
1681319
1681327
1681363
1681365
1681384
1681439
1681451
1681492
1681584
1681692
1681745
1681791
1681797
1681830
1681990
1682002
1682032
1682051
1682089
1682130
1682164
1682298
1682379
1682387
1682397
1682411
1682427
1682534
1682553
1682582
1682592
1682670
1682698
1682754
1682767
1682813
1682931
1682968
1683053
1683107
1683176
1683216
1683268
1683426
1683489
1683499
1683762
1683824
1683835
1683850
1683885
1683920
1684164
1684209
1684223
1684346
1684372
1684422
1684429
1684480
1684494
1684501
1684505
1684567
1684584
1684737
1684809
1684882
1684930
1684978
1685139
1685171
1685275
1685307
1685315
1685373
1685383
1685399
1685401
1685429
1685443
1685476
1685498
1685542
1685600
1685631
1685651
1685656
1685743
1685762
1685774
1685905
1685948
1686075
1686136
1686259
1686263
1686278
1686362
1686412
1686425
1686445
1686453
1686504
1686594
1686602
1686662
1686669
1686745
1686798
1686803
1686821
1686848
1686857
1686879
1686899
1687008
1687008
1687051
1687114
1687117
1687209
1687218
1687222
1687249
1687253
1687280
1687462
1687474
1687629
1687662
1687689
1687725
1687735
1687779
1687824
1687832
1687836
1687946
1687980
1688000
1688084
1688159
1688270
1688285
1688309
1688317
1688331
1688346
1688485
1688487
1688492
1688519
1688533
1688655
1688711
1688765
1688785
1688804
1688831
1688898
1688921
1688925
1688975
1688985
1689018
1689072
1689110
1689117
1689191
1689193
1689299
1689313
1689318
1689363
1689397
1689411
1689419
1689559
1689575
1689590
1689705
1689761
1689771
1689792
1689875
1689974
1689996
1690016
1690073
1690105
1690126
1690139
1690140
1690174
1690181
1690236
1690237
1690287
1690309
1690327
1690433
1690474
1690504
1690512
1690560
1690624
1690717
1690721
1690728
1690795
1690807
1690904
1691063
1691132
1691147
1691186
1691193
1691335
1691362
1691372
1691480
1691482
1691500
1691551
1691604
1691633
1691635
1691653
1691655
1691662
1691756
1691919
1691942
1692031
1692047
1692113
1692246
1692290
1692353
1692378
1692499
1692529
1692573
1692620
1692680
1692719
1692779
1692833
1692875
1692881
1692901
1692931
1693024
1693047
1693133
1693180
1693197
1693215
1693217
1693224
1693240
1693258
1693270
1693313
1693322
1693366
1693403
1693464
1693524
1693570
1693602
1693683
1693686
1693719
1693791
1693799
1693847
1693882
1694097
1694144
1694153
1694193
1694477
1694503
1694516
1694543
1694651
1694723
1694840
1694876
1695017
1695097
1695105
1695125
1695136
1695154
1695206
1695341
1695349
1695359
1695373
1695384
1695562
1695657
1695684
1695691
1695719
1695773
1695832
1695839
1695880
1695997
1696163
1696188
1696192
1696193
1696250
1696330
1696416
1696497
1696567
1696597
1696667
1696712
1696754
1696755
1696756
1696773
1697011
1697041
1697066
1697212
1697245
1697253
1697300
1697502
1697530
1697683
1697697
1697748
1697759
1697820
1697875
1697891
1697981
1697989
1697991
1698030
1698061
1698174
1698315
1698371
1698404
1698489
1698629
1698660
1698738
1698779
1698824
1698859
1698865
1698881
1698893
1698917
1698978
1699202
1699211
1699249
1699324
1699406
1699408
1699547
1699580
1699592
1699618
1699746
1699763
1699774
1699783
1699808
1699820
1699823
1700008
1700009
1700039
1700166
1700237
1700278
1700286
1700289
1700347
1700423
1700471
1700472
1700541
1700573
1700582
1700584
1700630
1700639
1700669
1700720
1700722
1700880
1700946
1700961
1700978
1700989
1700994
1701012
1701059
1701149
1701210
1701372
1701410
1701579
1701626
1701631
1701746
1701752
1701756
1701843
1701884
1701889
1701919
1701957
1702034
1702125
1702142
1702205
1702303
1702331
1702341
1702387
1702486
1702553
1702554
1702635
1702716
1702832
1702841
1702858
1702995
1703062
1703084
1703109
1703285
1703298
1703309
1703421
1703427
1703438
1703470
1703503
1703558
1703593
1703605
1703762
1703811
1703836
1703858
1703962
1704009
1704019
1704085
1704100
1704123
1704198
1704229
1704236
1704295
1704344
1704426
1704544
1704591
1704597
1704610
1704612
1704621
1704757
1704827
1704833
1704867
1704919
1704964
1705072
1705073
1705114
1705116
1705133
1705233
1705236
1705255
1705289
1705327
1705437
1705503
1705701
1705787
1705822
1705832
1705838
1705850
1705950
1705953
1705981
1706003
1706076
1706141
1706183
1706265
1706288
1706320
1706362
1706423
1706521
1706567
1706571
1706738
1706765
1706853
1706919
1706949
1707116
1707185
1707228
1707238
1707240
1707568
1707579
1707621
1707703
1707780
1707888
1708155
1708263
1708324
1708346
1708423
1708502
1708537
1708544
1708764
1708788
1708789
1708806
1708843
1708899
1708957
1709064
1709209
1709239
1709247
1709259
1709311
1709327
1709340
1709347
1709452
1709499
1709502
1709677
1709754
1709764
1709795
1709903
1709906
1709948
1709967
1709996
1710068
1710178
1710195
1710195
1710334
1710357
1710362
1710432
1710453
1710496
1710504
1710537
1710588
1710607
1710720
1710821
1710868
1710878
1710908
1710934
1710959
1710967
1710974
1710998
1711066
1711111
1711116
1711164
1711179
1711205
1711263
1711432
1711473
1711512
1711522
1711532
1711557
1711587
1711598
1711622
1711688
1711712
1711733
1711761
1711764
1711827
1711888
1712018
1712019
1712029
1712045
1712071
1712094
1712095
1712100
1712153
1712155
1712306
1712352
1712376
1712412
1712427
1712579
1712590
1712627
1712722
1712724
1712732
1712805
1712837
1712851
1712912
1712924
1713199
1713243
1713245
1713320
1713337
1713349
1713357
1713367
1713377
1713454
1713507
1713583
1713598
1713643
1713662
1713716
1713736
1713746
1713808
1713858
1713865
1713883
1713931
1713940
1714007
1714007
1714017
1714113
1714194
1714231
1714303
1714351
1714406
1714420
1714420
1714445
1714504
1714577
1714596
1714809
1714861
1714886
1714912
1714916
1714974
1715032
1715033
1715082
1715224
1715257
1715271
1715401
1715538
1715563
1715584
1715612
1715616
1715694
1715696
1715746
1715748
1715756
1715793
1715806
1715816
1715831
1715842
1715854
1715893
1715957
1715985
1716013
1716072
1716078
1716104
1716178
1716425
1716442
1716443
1716509
1716583
1716607
1716686
1716815
1716857
1716881
1716891
1716967
1717026
1717028
1717090
1717180
1717185
1717246
1717276
1717307
1717325
1717439
1717464
1717496
1717616
1717658
1717715
1717922
1717930
1717966
1717973
1718090
1718298
1718337
1718349
1718386
1718424
1718444
1718472
1718514
1718623
1718624
1718661
1718663
1718738
1718779
1718835
1719059
1719091
1719101
1719124
1719124
1719210
1719233
1719432
1719437
1719492
1719574
1719723
1719776
1719844
1719865
1719869
1719955
1720006
1720043
1720065
1720074
1720107
1720119
1720244
1720313
1720436
1720437
1720444
1720484
1720624
1720777
1720810
1720868
1720893
1720936
1720949
1720985
1721007
1721063
1721288
1721346
1721365
1721371
1721488
1721498
1721546
1721654
1721664
1721667
1721730
1721778
1721795
1721809
1721812
1721817
1721824
1721835
1721845
1721895
1721938
1721950
1722018
1722028
1722034
1722035
1722064
1722112
1722115
1722134
1722171
1722194
1722311
1722373
1722382
1722396
1722400
1722408
1722574
1722606
1722618
1722663
1722910
1722944
1722958
1723064
1723082
1723188
1723264
1723300
1723304
1723323
1723348
1723468
1723562
1723593
1723618
1723625
1723662
1723688
1723690
1723699
1723828
1723865
1723874
1723940
1723991
1724020
1724092
1724146
1724168
1724272
1724455
1724551
1724612
1724711
1724759
1724796
1724813
1724952
1724954
1724968
1725043
1725047
1725050
1725114
1725216
1725324
1725405
1725473
1725502
1725503
1725563
1725582
1725595
1725671
1725675
1725702
1725822
1725838
1725864
1725882
1725941
1725956
1726057
1726094
1726103
1726106
1726298
1726344
1726380
1726429
1726457
1726469
1726488
1726529
1726621
1726727
1726813
1726856
1726945
1726990
1727054
1727217
1727221
1727293
1727320
1727412
1727444
1727547
1727555
1727601
1727607
1727689
1727693
1727705
1727716
1727740
1727754
1727822
1727830
1727851
1727915
1727950
1727957
1727988
1727989
1727996
1728042
1728109
1728123
1728140
1728225
1728329
1728331
1728345
1728437
1728686
1728732
1728809
1728815
1728822
1728863
1728988
1729014
1729024
1729059
1729151
1729181
1729361
1729499
1729512
1729553
1729570
1729634
1729721
1729737
1729769
1729798
1729868
1730052
1730133
1730141
1730165
1730179
1730238
1730282
1730395
1730444
1730458
1730463
1730491
1730516
1730541
1730693
1730731
1730736
1730786
1730817
1730910
1730925
1730937
1731155
1731195
1731219
1731325
1731389
1731521
1731523
1731527
1731585
1731687
1731699
1731713
1731735
1731792
1731886
1731892
1731915
1731978
1732199
1732241
1732374
1732389
1732421
1732488
1732533
1732554
1732555
1732557
1732592
1732657
1732670
1732722
1732739
1732745
1732782
1732821
1732889
1732944
1733055
1733118
1733146
1733238
1733284
1733308
1733319
1733505
1733596
1733648
1733660
1733741
1733754
1733763
1733873
1733921
1734042
1734068
1734167
1734194
1734224
1734438
1734483
1734501
1734569
1734598
1734633
1734677
1734688
1734772
1734827
1734849
1734861
1734900
1735024
1735040
1735156
1735217
1735220
1735221
1735233
1735281
1735351
1735384
1735386
1735402
1735409
1735539
1735582
1735691
1735746
1735807
1735823
1735891
1735908
1735937
1736013
1736034
1736046
1736141
1736305
1736336
1736336
1736347
1736348
1736356
1736524
1736607
1736678
1736754
1736797
1736818
1736942
1736976
1736994
1736997
1736998
1737053
1737079
1737110
1737143
1737213
1737219
1737354
1737414
1737473
1737524
1737846
1737896
1737960
1738003
1738024
1738040
1738082
1738102
1738121
1738173
1738222
1738250
1738262
1738273
1738315
1738330
1738342
1738413
1738433
1738493
1738493
1738793
1738871
1738878
1738891
1738908
1738942
1739005
1739140
1739141
1739184
1739245
1739246
1739261
1739265
1739295
1739317
1739348
1739354
1739357
1739400
1739547
1739605
1739683
1739713
1739776
1739780
1739814
1739915
1740104
1740148
1740174
1740234
1740236
1740327
1740377
1740398
1740399
1740475
1740523
1740538
1740539
1740549
1740551
1740658
1740707
1740726
1740776
1740783
1740802
1740816
1740857
1740910
1740942
1740954
1741033
1741110
1741146
1741148
1741364
1741412
1741479
1741529
1741579
1741598
1741664
1741787
1741808
1741885
1741996
1742029
1742059
1742100
1742124
1742197
1742215
1742303
1742370
1742463
1742535
1742615
1742633
1742703
1742729
1742758
1742786
1742820
1742901
1742911
1743049
1743162
1743191
1743199
1743254
1743337
1743432
1743526
1743528
1743565
1743667
1743672
1743715
1743874
1743878
1744069
1744121
1744218
1744262
1744271
1744275
1744313
1744350
1744378
1744381
1744389
1744419
1744425
1744441
1744463
1744554
1744689
1744693
1744697
1744744
1744755
1744763
1744909
1744926
1744965
1745031
1745105
1745229
1745292
1745395
1745396
1745498
1745514
1745540
1745568
1745587
1745657
1745659
1745730
1745730
1745846
1746019
1746040
1746058
1746098
1746126
1746127
1746139
1746173
1746242
1746336
1746391
1746538
1746548
1746571
1746576
1746704
1746753
1746841
1746874
1746879
1746885
1746933
1746987
1747044
1747087
1747089
1747104
1747113
1747163
1747163
1747200
1747260
1747348
1747353
1747354
1747445
1747529
1747615
1747690
1747732
1747756
1747772
1747779
1747789
1747816
1747828
1747840
1747854
1747949
1747953
1747956
1747960
1747961
1747967
1748039
1748050
1748061
1748074
1748209
1748284
1748299
1748368
1748376
1748421
1748520
1748557
1748627
1748660
1748687
1748693
1748718
1748721
1748752
1748793
1748927
1748988
1749039
1749045
1749079
1749084
1749186
1749413
1749436
1749501
1749552
1749555
1749562
1749571
1749573
1749586
1749624
1749655
1749740
1749772
1749775
1749782
1749795
1749797
1749861
1749992
1749996
1750074
1750096
1750103
1750105
1750126
1750323
1750340
1750488
1750491
1750627
1750645
1750667
1750742
1750752
1750757
1750822
1750844
1750853
1750971
1751053
1751095
1751105
1751382
1751397
1751468
1751502
1751523
1751544
1751555
1751582
1751647
1751679
1751795
1751797
1751941
1751997
1752025
1752075
1752194
1752208
1752234
1752397
1752431
1752553
1752797
1752912
1752968
1752996
1753071
1753117
1753120
1753172
1753235
1753247
1753300
1753323
1753352
1753380
1753381
1753395
1753401
1753524
1753531
1753544
1753572
1753646
1753654
1753708
1753709
1753710
1753774
1753854
1753932
1753958
1753983
1754036
1754096
1754159
1754172
1754244
1754255
1754315
1754451
1754459
1754480
1754543
1754553
1754595
1754732
1754789
1754838
1754871
1754980
1755109
1755144
1755214
1755224
1755241
1755246
1755290
1755293
1755295
1755299
1755332
1755345
1755402
1755429
1755634
1755724
1755735
1755768
1755772
1755788
1755830
1755842
1755881
1755947
1755986
1756105
1756109
1756124
1756243
1756385
1756456
1756496
1756554
1756580
1756589
1756629
1756636
1756641
1756670
1756682
1756725
1756753
1756765
1756839
1756839
1756886
1756952
1757015
1757047
1757189
1757189
1757231
1757368
1757400
1757416
1757432
1757440
1757531
1757809
1757811
1757819
1757825
1757835
1757926
1757946
1757961
1757961
1757977
1758016
1758161
1758195
1758197
1758222
1758374
1758524
1758554
1758619
1758675
1758821
1758937
1759024
1759035
1759050
1759059
1759078
1759097
1759115
1759134
1759174
1759274
1759282
1759314
1759317
1759439
1759461
1759505
1759511
1759521
1759697
1759752
1759801
1759825
1759829
1759840
1759874
1759968
1760023
1760055
1760098
1760102
1760111
1760216
1760270
1760280
1760357
1760403
1760511
1760516
1760524
1760607
1760675
1760695
1760777
1760846
1760848
1760889
1760960
1760961
1760990
1761140
1761168
1761191
1761217
1761253
1761373
1761496
1761543
1761547
1761589
1761671
1761770
1761779
1761811
1761861
1761942
1762006
1762013
1762022
1762044
1762056
1762068
1762138
1762348
1762420
1762448
1762517
1762528
1762547
1762562
1762622
1762634
1762659
1762679
1762683
1762711
1762831
1762860
1762879
1762923
1762962
1762990
1763024
1763024
1763038
1763099
1763159
1763160
1763236
1763280
1763292
1763305
1763358
1763374
1763436
1763459
1763499
1763573
1763616
1763691
1763716
1763725
1763788
1763850
1763941
1764032
1764069
1764097
1764124
1764208
1764209
1764240
1764285
1764490
1764497
1764524
1764579
1764592
1764595
1764628
1764632
1764672
1764764
1764795
1764847
1764919
1765011
1765013
1765028
1765194
1765202
1765218
1765263
1765358
1765471
1765518
1765550
1765609
1765670
1765678
1765696
1765700
1765702
1765709
1765753
1765768
1765921
1765967
1766098
1766164
1766172
1766228
1766268
1766338
1766344
1766348
1766517
1766524
1766538
1766539
1766570
1766735
1766779
1766819
1766821
1766824
1766836
1767018
1767029
1767077
1767099
1767155
1767165
1767325
1767377
1767566
1767575
1767579
1767621
1767645
1767695
1767709
1767867
1767940
1767978
1767987
1768128
1768135
1768166
1768176
1768210
1768317
1768319
1768346
1768348
1768414
1768498
1768527
1768574
1768581
1768656
1768759
1768859
1768940
1768995
1769090
1769184
1769204
1769215
1769313
1769329
1769355
1769431
1769576
1769613
1769618
1769618
1769635
1769896
1769911
1769968
1769996
1770023
1770098
1770103
1770108
1770235
1770280
1770322
1770384
1770492
1770529
1770574
1770582
1770596
1770672
1770694
1770702
1770721
1770730
1770735
1770827
1770833
1770855
1770862
1770871
1770895
1770921
1771019
1771044
1771061
1771164
1771212
1771250
1771252
1771319
1771381
1771412
1771418
1771421
1771422
1771475
1771504
1771579
1771626
1771717
1771729
1771838
1771888
1771909
1771910
1771951
1771971
1771995
1772120
1772168
1772280
1772328
1772352
1772367
1772369
1772392
1772469
1772557
1772688
1772715
1772719
1772744
1772779
1772879
1772886
1772889
1772930
1772932
1772961
1773047
1773089
1773265
1773274
1773373
1773393
1773414
1773488
1773499
1773501
1773509
1773511
1773594
1773596
1773685
1773711
1773769
1773776
1773799
1773819
1773873
1773925
1773928
1773949
1773993
1774087
1774212
1774222
1774274
1774280
1774285
1774287
1774355
1774367
1774401
1774441
1774478
1774660
1774673
1774856
1774896
1774908
1774966
1774995
1775099
1775100
1775194
1775217
1775287
1775353
1775395
1775411
1775438
1775492
1775526
1775598
1775644
1775728
1775758
1775884
1775909
1776084
1776085
1776108
1776159
1776219
1776247
1776283
1776334
1776340
1776428
1776544
1776548
1776619
1776695
1776698
1776732
1776761
1776818
1776818
1776858
1776866
1776950
1776976
1777046
1777058
1777132
1777207
1777239
1777252
1777298
1777316
1777442
1777536
1777553
1777571
1777582
1777651
1777763
1777797
1777884
1777926
1777930
1777949
1778127
1778132
1778170
1778247
1778281
1778313
1778365
1778367
1778369
1778404
1778497
1778531
1778587
1778597
1778635
1778672
1778754
1778762
1778769
1778992
1779021
1779069
1779074
1779120
1779153
1779178
1779217
1779229
1779283
1779298
1779394
1779402
1779445
1779512
1779610
1779699
1779830
1779839
1779860
1779893
1779987
1780005
1780009
1780056
1780066
1780153
1780226
1780276
1780292
1780302
1780335
1780365
1780585
1780642
1780655
1780718
1780749
1780878
1780981
1781055
1781080
1781162
1781336
1781340
1781382
1781397
1781437
1781451
1781502
1781538
1781540
1781557
1781557
1781638
1781645
1781688
1781764
1781773
1781775
1781790
1781810
1781845
1781868
1781874
1781911
1781965
1782070
1782096
1782149
1782162
1782201
1782313
1782361
1782380
1782483
1782497
1782548
1782577
1782583
1782613
1782670
1782761
1782950
1783128
1783140
1783144
1783242
1783254
1783263
1783296
1783297
1783307
1783374
1783632
1783780
1783782
1783818
1783821
1783876
1783883
1783897
1783911
1783928
1783984
1784090
1784119
1784141
1784149
1784163
1784433
1784511
1784576
1784589
1784640
1784684
1784838
1784870
1784886
1784904
1784934
1784994
1785111
1785248
1785293
1785295
1785308
1785323
1785366
1785381
1785487
1785487
1785501
1785529
1785536
1785579
1785609
1785654
1785714
1785721
1785801
1785843
1785862
1785874
1785878
1785883
1785977
1785983
1785987
1786017
1786071
1786209
1786232
1786310
1786310
1786340
1786362
1786464
1786495
1786500
1786516
1786569
1786581
1786606
1786678
1786679
1786707
1786713
1786737
1786784
1786799
1786834
1786836
1786847
1787017
1787023
1787055
1787073
1787102
1787103
1787134
1787220
1787273
1787287
1787297
1787316
1787374
1787383
1787406
1787433
1787457
1787555
1787567
1787576
1787579
1787607
1787617
1787685
1787879
1787944
1788005
1788051
1788064
1788096
1788192
1788319
1788434
1788453
1788540
1788599
1788623
1788672
1788676
1788726
1788767
1788848
1788862
1788935
1788954
1788971
1789052
1789082
1789206
1789246
1789277
1789455
1789476
1789697
1789714
1789716
1789868
1789988
1790138
1790167
1790207
1790291
1790316
1790324
1790327
1790333
1790355
1790372
1790417
1790507
1790515
1790551
1790657
1790663
1790747
1790765
1790773
1790860
1791026
1791075
1791099
1791125
1791163
1791174
1791371
1791566
1791586
1791673
1791705
1791705
1791736
1791770
1791801
1791829
1791912
1791967
1791976
1791995
1792010
1792140
1792169
1792174
1792306
1792357
1792483
1792489
1792532
1792545
1792618
1792622
1792623
1792667
1792681
1792697
1792717
1792726
1792851
1792946
1792978
1793029
1793040
1793042
1793127
1793243
1793244
1793282
1793293
1793419
1793458
1793465
1793466
1793476
1793483
1793500
1793522
1793738
1793754
1793775
1793961
1794025
1794250
1794328
1794382
1794532
1794543
1794555
1794582
1794685
1794750
1794773
1794875
1795007
1795049
1795055
1795094
1795128
1795151
1795195
1795269
1795302
1795354
1795419
1795454
1795575
1795578
1795641
1795725
1795800
1795870
1795905
1796187
1796206
1796230
1796297
1796326
1796385
1796388
1796455
1796467
1796502
1796504
1796514
1796534
1796568
1796616
1796655
1796729
1796739
1796757
1796773
1796791
1796878
1796919
1796960
1797048
1797054
1797079
1797083
1797161
1797297
1797324
1797330
1797340
1797356
1797387
1797388
1797394
1797438
1797444
1797649
1797688
1797689
1797810
1797831
1797851
1797879
1797934
1798033
1798081
1798083
1798112
1798184
1798194
1798212
1798347
1798362
1798391
1798413
1798526
1798549
1798596
1798606
1798651
1798655
1798673
1798835
1798847
1798879
1799026
1799060
1799068
1799100
1799291
1799370
1799475
1799528
1799615
1799652
1799652
1799772
1799840
1799862
1799905
1800063
1800138
1800413
1800441
1800630
1800660
1800692
1800712
1800728
1800815
1800873
1801014
1801027
1801037
1801066
1801115
1801171
1801208
1801328
1801416
1801451
1801463
1801478
1801536
1801755
1801874
1801889
1801999
1802048
1802048
1802050
1802101
1802214
1802258
1802331
1802469
1802588
1802623
1802649
1802662
1802731
1802741
1802813
1802983
1803034
1803072
1803193
1803249
1803283
1803364
1803368
1803423
1803466
1803570
1803573
1803792
1803833
1803839
1803889
1803909
1803951
1803980
1803989
1804013
1804041
1804094
1804258
1804295
1804353
1804375
1804404
1804478
1804510
1804551
1804578
1804597
1804602
1804634
1804652
1804653
1804696
1804740
1804746
1804816
1804828
1804941
1804985
1805023
1805081
1805216
1805301
1805504
1805528
1805556
1805577
1805609
1805721
1805777
1805801
1805912
1805914
1805966
1805986
1806061
1806144
1806154
1806181
1806266
1806354
1806366
1806370
1806373
1806396
1806452
1806464
1806482
1806604
1806703
1806718
1806874
1806878
1806879
1807098
1807384
1807387
1807395
1807436
1807449
1807477
1807635
1807681
1807713
1807715
1807759
1807810
1807838
1807889
1808089
1808128
1808157
1808191
1808348
1808446
1808501
1808502
1808528
1808618
1808633
1808689
1808717
1808760
1808790
1808871
1808920
1809017
1809019
1809059
1809115
1809209
1809264
1809297
1809399
1809427
1809456
1809505
1809559
1809623
1809681
1809757
1809805
1809816
1809823
1809855
1809872
1810011
1810022
1810026
1810117
1810125
1810142
1810157
1810215
1810245
1810307
1810387
1810461
1810513
1810538
1810611
1810641
1810652
1810729
1810912
1810935
1810965
1811118
1811184
1811297
1811312
1811353
1811363
1811368
1811538
1811614
1811617
1811721
1811780
1811786
1811791
1811799
1811809
1811886
1811914
1811982
1811986
1812048
1812136
1812214
1812218
1812254
1812307
1812320
1812339
1812387
1812389
1812452
1812472
1812476
1812550
1812635
1812647
1812675
1812757
1812875
1812958
1813041
1813084
1813169
1813173
1813403
1813495
1813501
1813525
1813544
1813599
1813618
1813641
1813722
1813757
1813812
1813839
1813867
1813881
1813887
1814157
1814160
1814267
1814342
1814473
1814603
1814623
1814660
1814694
1814703
1814729
1814758
1814770
1814905
1814916
1814980
1815024
1815249
1815260
1815322
1815334
1815353
1815359
1815368
1815478
1815596
1815607
1815695
1815732
1815842
1815871
1815981
1816071
1816170
1816175
1816254
1816308
1816420
1816469
1816497
1816514
1816623
1816677
1816679
1816693
1816696
1816792
1816891
1816986
1817224
1817238
1817260
1817269
1817308
1817327
1817335
1817407
1817450
1817450
1817459
1817482
1817562
1817565
1817608
1817819
1817825
1817832
1817883
1818050
1818054
1818129
1818159
1818242
1818278
1818280
1818293
1818392
1818400
1818404
1818412
1818497
1818555
1818570
1818630
1818665
1818668
1818683
1818706
1818848
1818849
1818869
1818882
1819039
1819146
1819176
1819279
1819347
1819583
1819642
1819655
1819733
1819745
1819860
1819912
1819938
1819957
1819966
1820119
1820172
1820178
1820252
1820268
1820303
1820304
1820358
1820374
1820447
1820523
1820539
1820627
1820665
1820668
1820777
1820819
1820954
1820961
1821067
1821106
1821120
1821167
1821184
1821222
1821244
1821276
1821294
1821326
1821351
1821438
1821501
1821560
1821576
1821652
1821850
1821938
1821959
1822065
1822143
1822188
1822195
1822197
1822290
1822315
1822403
1822422
1822529
1822555
1822644
1822699
1822761
1822823
1822856
1822871
1822936
1822939
1822953
1823056
1823157
1823206
1823325
1823342
1823347
1823347
1823382
1823444
1823456
1823486
1823504
1823511
1823511
1823516
1823582
1823815
1823819
1823858
1823864
1823980
1823993
1824018
1824051
1824152
1824156
1824170
1824171
1824206
1824546
1824618
1824639
1824643
1824920
1824921
1824938
1824974
1825060
1825093
1825154
1825166
1825217
1825318
1825335
1825454
1825514
1825611
1825658
1825701
1825887
1825936
1825980
1826012
1826048
1826079
1826096
1826100
1826102
1826103
1826116
1826136
1826140
1826176
1826260
1826299
1826300
1826314
1826319
1826325
1826436
1826496
1826539
1826595
1826616
1826638
1826678
1826736
1826836
1826862
1826881
1827025
1827064
1827073
1827194
1827201
1827246
1827547
1827611
1827669
1827675
1827742
1827815
1827903
1827997
1828009
1828048
1828079
1828119
1828150
1828221
1828258
1828316
1828332
1828460
1828561
1828588
1828649
1828745
1828840
1828892
1828942
1828947
1829030
1829063
1829151
1829174
1829192
1829250
1829252
1829257
1829285
1829435
1829535
1829650
1829690
1829763
1829794
1829826
1829849
1829852
1829861
1829890
1829911
1829924
1829966
1830012
1830125
1830176
1830233
1830303
1830328
1830345
1830347
1830443
1830476
1830588
1830632
1830660
1830725
1830737
1830752
1830762
1830813
1830872
1830886
1830980
1831070
1831070
1831097
1831135
1831173
1831209
1831261
1831273
1831274
1831305
1831404
1831463
1831475
1831486
1831562
1831586
1831627
1831635
1831682
1831730
1831732
1831762
1831788
1831850
1831857
1831924
1831953
1832063
1832066
1832104
1832256
1832436
1832442
1832703
1832729
1832757
1832776
1832817
1832864
1832910
1832928
1832953
1832962
1832964
1832998
1833051
1833061
1833098
1833118
1833190
1833197
1833209
1833237
1833246
1833314
1833426
1833435
1833449
1833470
1833497
1833575
1833578
1833712
1833771
1833784
1833847
1833878
1833927
1833982
1834000
1834009
1834048
1834066
1834211
1834299
1834399
1834401
1834557
1834639
1834701
1834773
1834838
1834852
1834877
1834933
1834934
1834997
1835027
1835080
1835086
1835112
1835230
1835246
1835257
1835278
1835292
1835349
1835375
1835436
1835459
1835531
1835624
1835692
1835731
1835752
1835781
1835785
1835956
1835996
1836027
1836047
1836080
1836205
1836230
1836244
1836289
1836320
1836340
1836381
1836393
1836458
1836570
1836586
1836598
1836599
1836599
1836636
1836643
1836713
1836830
1836922
1837027
1837038
1837116
1837141
1837169
1837232
1837238
1837245
1837253
1837301
1837351
1837402
1837404
1837431
1837461
1837502
1837524
1837533
1837799
1837817
1837842
1837893
1837899
1838003
1838074
1838170
1838186
1838194
1838283
1838286
1838486
1838566
1838596
1838695
1838735
1838759
1838895
1839087
1839092
1839103
1839144
1839234
1839365
1839367
1839440
1839463
1839464
1839501
1839603
1839643
1839645
1839688
1839707
1839981
1840128
1840141
1840172
1840186
1840188
1840216
1840269
1840314
1840447
1840471
1840503
1840615
1840625
1840636
1840647
1840746
1840772
1840772
1840786
1840845
1840868
1840974
1840995
1841035
1841042
1841081
1841098
1841168
1841192
1841202
1841252
1841266
1841276
1841322
1841326
1841353
1841365
1841373
1841384
1841389
1841654
1841666
1841705
1841736
1841850
1841857
1841880
1841891
1841924
1841925
1841945
1842031
1842050
1842114
1842140
1842212
1842251
1842462
1842591
1842614
1842633
1842732
1842805
1842864
1842893
1842907
1842935
1842936
1843068
1843119
1843132
1843188
1843271
1843274
1843280
1843354
1843389
1843397
1843433
1843562
1843627
1843690
1843828
1843898
1843927
1843937
1843982
1843993
1844017
1844060
1844064
1844179
1844213
1844322
1844326
1844417
1844504
1844579
1844599
1844604
1844625
1844647
1844737
1844752
1844815
1844926
1844957
1845077
1845098
1845106
1845126
1845165
1845226
1845251
1845288
1845374
1845403
1845413
1845466
1845503
1845536
1845543
1845551
1845584
1845675
1845684
1845713
1845778
1845842
1845948
1845965
1846032
1846117
1846161
1846178
1846201
1846229
1846393
1846473
1846481
1846485
1846502
1846503
1846538
1846550
1846571
1846663
1846747
1846751
1846909
1846918
1846922
1846984
1846991
1847076
1847177
1847185
1847356
1847383
1847446
1847459
1847502
1847567
1847641
1847757
1847789
1847794
1847843
1847849
1847878
1847941
1847948
1848017
1848042
1848062
1848100
1848124
1848157
1848182
1848226
1848256
1848263
1848313
1848319
1848325
1848349
1848522
1848533
1848575
1848597
1848613
1848647
1848712
1848782
1848812
1849101
1849132
1849155
1849199
1849259
1849375
1849384
1849419
1849587
1849620
1849661
1849663
1849682
1849705
1849805
1849849
1850025
1850148
1850311
1850324
1850330
1850346
1850391
1850411
1850413
1850594
1850669
1850715
1850739
1850764
1850769
1850788
1850802
1850845
1850864
1851000
1851001
1851004
1851044
1851146
1851190
1851211
1851243
1851297
1851299
1851329
1851345
1851467
1851470
1851475
1851486
1851494
1851745
1851778
1851794
1851879
1851909
1852013
1852017
1852077
1852128
1852141
1852197
1852227
1852242
1852283
1852358
1852380
1852447
1852502
1852554
1852561
1852581
1852605
1852724
1852785
1852796
1852814
1852870
1852921
1853016
1853148
1853217
1853302
1853551
1853572
1853646
1853654
1853778
1853822
1853841
1853898
1853992
1854004
1854009
1854167
1854182
1854189
1854200
1854226
1854243
1854251
1854277
1854290
1854309
1854387
1854507
1854513
1854564
1854635
1854724
1854739
1854801
1854806
1854920
1854946
1854991
1855020
1855075
1855167
1855187
1855237
1855292
1855381
1855383
1855413
1855442
1855503
1855648
1855685
1855694
1855702
1855702
1855711
1855760
1855806
1855821
1855827
1855891
1855893
1855918
1856074
1856106
1856161
1856204
1856291
1856314
1856388
1856404
1856416
1856483
1856515
1856518
1856594
1856722
1856760
1856781
1856783
1856804
1856857
1856890
1856923
1857059
1857134
1857135
1857193
1857354
1857464
1857518
1857595
1857700
1857828
1857842
1857859
1857930
1857951
1857969
1857988
1858013
1858071
1858101
1858127
1858186
1858212
1858268
1858308
1858450
1858453
1858477
1858481
1858494
1858700
1858801
1858853
1858863
1858880
1858885
1859087
1859135
1859138
1859143
1859237
1859287
1859301
1859306
1859374
1859401
1859435
1859460
1859517
1859547
1859572
1859585
1859768
1859795
1859824
1859858
1859904
1859917
1860033
1860053
1860173
1860179
1860185
1860188
1860254
1860262
1860285
1860309
1860360
1860497
1860544
1860589
1860693
1860698
1860771
1860778
1860803
1860846
1860883
1860898
1860900
1860933
1861013
1861040
1861077
1861111
1861243
1861275
1861358
1861359
1861486
1861606
1861647
1861689
1861690
1861793
1861795
1861868
1862013
1862033
1862037
1862085
1862195
1862326
1862329
1862354
1862393
1862400
1862457
1862564
1862578
1862630
1862680
1862687
1862692
1862792
1862801
1862808
1862866
1862884
1862988
1863022
1863034
1863036
1863150
1863254
1863299
1863383
1863387
1863446
1863453
1863495
1863523
1863544
1863571
1863631
1863637
1863642
1863813
1863822
1863880
1863892
1863899
1863935
1863935
1863998
1864032
1864052
1864058
1864062
1864150
1864180
1864190
1864265
1864373
1864384
1864398
1864420
1864424
1864436
1864610
1864828
1864847
1864868
1864909
1864927
1864961
1865008
1865071
1865084
1865264
1865289
1865374
1865428
1865429
1865441
1865504
1865505
1865618
1865735
1865743
1865776
1865778
1865795
1865822
1865931
1866043
1866064
1866156
1866163
1866169
1866223
1866291
1866320
1866336
1866342
1866358
1866392
1866423
1866451
1866494
1866618
1866688
1866729
1866744
1866749
1866796
1866827
1866887
1866909
1866947
1867086
1867088
1867136
1867141
1867187
1867235
1867404
1867405
1867424
1867443
1867498
1867501
1867544
1867564
1867609
1867616
1867712
1867762
1867820
1867823
1867931
1867995
1868036
1868155
1868206
1868249
1868298
1868326
1868338
1868409
1868452
1868583
1868635
1868861
1868947
1869031
1869129
1869243
1869244
1869263
1869265
1869354
1869393
1869406
1869434
1869438
1869443
1869543
1869561
1869682
1869706
1869719
1869746
1869777
1869958
1870013
1870122
1870223
1870236
1870314
1870353
1870355
1870380
1870448
1870515
1870546
1870587
1870627
1870627
1870641
1870646
1870737
1870865
1870904
1870937
1871005
1871092
1871158
1871180
1871181
1871216
1871230
1871304
1871448
1871471
1871503
1871539
1871608
1871637
1871641
1871698
1871753
1871939
1871959
1871972
1871986
1872010
1872064
1872186
1872192
1872220
1872266
1872290
1872372
1872453
1872538
1872539
1872548
1872577
1872776
1872797
1872800
1872926
1872942
1872951
1872959
1873001
1873055
1873085
1873160
1873182
1873239
1873300
1873333
1873416
1873551
1873569
1873589
1873590
1873638
1873684
1873710
1873826
1873829
1874019
1874046
1874069
1874107
1874140
1874319
1874344
1874402
1874427
1874431
1874432
1874487
1874496
1874658
1874663
1874706
1874916
1874966
1875028
1875043
1875099
1875125
1875127
1875140
1875144
1875146
1875250
1875272
1875339
1875377
1875418
1875429
1875544
1875544
1875548
1875632
1875672
1875675
1875697
1875707
1875727
1875777
1875817
1875833
1875878
1875882
1875914
1875917
1875995
1875997
1876007
1876021
1876045
1876045
1876128
1876238
1876259
1876278
1876298
1876378
1876491
1876508
1876520
1876527
1876535
1876567
1876625
1876700
1876809
1876864
1876882
1876953
1877017
1877046
1877074
1877092
1877143
1877158
1877177
1877223
1877285
1877286
1877333
1877401
1877406
1877463
1877522
1877686
1877728
1877772
1877849
1877852
1877861
1877863
1877891
1877930
1877931
1877932
1877955
1877956
1877966
1878023
1878149
1878229
1878345
1878358
1878360
1878441
1878506
1878509
1878511
1878595
1878658
1878748
1878795
1878819
1878868
1878898
1878899
1879003
1879033
1879063
1879154
1879296
1879376
1879385
1879460
1879515
1879803
1879819
1879879
1879948
1879977
1879978
1880012
1880036
1880038
1880090
1880105
1880147
1880198
1880230
1880356
1880378
1880396
1880399
1880437
1880559
1880607
1880667
1880676
1880761
1880785
1880835
1880852
1880923
1880924
1880928
1881098
1881119
1881306
1881339
1881354
1881445
1881457
1881480
1881501
1881552
1881557
1881587
1881714
1881716
1881748
1881761
1881779
1881783
1881818
1881829
1881868
1881915
1881928
1882008
1882015
1882098
1882160
1882217
1882260
1882296
1882386
1882424
1882441
1882547
1882598
1882645
1882653
1882711
1882731
1882772
1882807
1882828
1882829
1882838
1882939
1882963
1882967
1883009
1883105
1883139
1883170
1883293
1883294
1883430
1883520
1883529
1883553
1883578
1883664
1883667
1883856
1883881
1883929
1883979
1884031
1884166
1884313
1884316
1884382
1884420
1884473
1884499
1884499
1884517
1884560
1884632
1884633
1884705
1884727
1884850
1884894
1884901
1884992
1885002
1885004
1885034
1885099
1885249
1885267
1885348
1885361
1885399
1885401
1885422
1885527
1885634
1885639
1885672
1885675
1885691
1885736
1885770
1885856
1885980
1885988
1886006
1886021
1886035
1886044
1886068
1886153
1886170
1886172
1886265
1886307
1886404
1886465
1886577
1886669
1886676
1886732
1886825
1886856
1886931
1886951
1887018
1887021
1887048
1887072
1887202
1887243
1887261
1887439
1887537
1887544
1887574
1887580
1887713
1887759
1887771
1887780
1887792
1887795
1887795
1887809
1887836
1887902
1887956
1887984
1887996
1888058
1888117
1888209
1888292
1888340
1888350
1888417
1888421
1888426
1888438
1888489
1888512
1888553
1888636
1888668
1888811
1888821
1888853
1888874
1889044
1889048
1889225
1889378
1889405
1889479
1889513
1889527
1889630
1889630
1889638
1889642
1889660
1889672
1889700
1889911
1889923
1890015
1890024
1890117
1890173
1890191
1890312
1890348
1890490
1890546
1890565
1890567
1890603
1890607
1890608
1890707
1890792
1890796
1890807
1890942
1890976
1890993
1891046
1891048
1891089
1891090
1891111
1891158
1891197
1891253
1891322
1891339
1891453
1891477
1891605
1891614
1891711
1891737
1891791
1891824
1892038
1892076
1892108
1892109
1892120
1892178
1892220
1892373
1892430
1892490
1892540
1892597
1892658
1892696
1892709
1892724
1892900
1892992
1893034
1893212
1893217
1893278
1893294
1893316
1893379
1893459
1893484
1893511
1893611
1893783
1893811
1893849
1893909
1894127
1894173
1894239
1894240
1894402
1894535
1894589
1894668
1894725
1894782
1894810
1894823
1894843
1894853
1894947
1895037
1895269
1895275
1895376
1895531
1895542
1895601
1895620
1895649
1895660
1895743
1895824
1895912
1895930
1895946
1896011
1896020
1896021
1896088
1896101
1896159
1896202
1896209
1896210
1896338
1896394
1896411
1896426
1896477
1896533
1896564
1896567
1896588
1896601
1896641
1896723
1896848
1896879
1896921
1896976
1897110
1897123
1897139
1897201
1897321
1897340
1897374
1897448
1897492
1897523
1897535
1897587
1897691
1897735
1897809
1897817
1897825
1897833
1897853
1897859
1897893
1897967
1898004
1898036
1898067
1898116
1898177
1898185
1898186
1898211
1898315
1898328
1898329
1898352
1898363
1898463
1898497
1898635
1898661
1898705
1898755
1898847
1898967
1899037
1899134
1899156
1899174
1899212
1899246
1899258
1899327
1899364
1899391
1899402
1899458
1899489
1899512
1899564
1899604
1899629
1899913
1899945
1900198
1900202
1900240
1900277
1900425
1900579
1900600
1900653
1900660
1900668
1900730
1900733
1900820
1900855
1900874
1900883
1900916
1900987
1901149
1901165
1901171
1901252
1901278
1901295
1901306
1901324
1901488
1901509
1901564
1901654
1901656
1901687
1901737
1901751
1901784
1901786
1901793
1901838
1901878
1901968
1901978
1902000
1902006
1902047
1902078
1902112
1902304
1902498
1902515
1902519
1902613
1902720
1902804
1902839
1902885
1902963
1902982
1903070
1903161
1903170
1903280
1903282
1903314
1903406
1903495
1903500
1903510
1903516
1903523
1903610
1903680
1903695
1903767
1903796
1903833
1903939
1904076
1904101
1904190
1904193
1904262
1904349
1904361
1904363
1904394
1904458
1904467
1904478
1904488
1904543
1904593
1904613
1904645
1904649
1904682
1904715
1904747
1904855
1904885
1904896
1904992
1905011
1905096
1905116
1905132
1905159
1905177
1905196
1905209
1905235
1905307
1905367
1905417
1905497
1905516
1905614
1905696
1905759
1905772
1905800
1905829
1905847
1905851
1905875
1905998
1906042
1906139
1906140
1906158
1906162
1906265
1906310
1906346
1906422
1906507
1906535
1906663
1906676
1906748
1906885
1906896
1906926
1907000
1907012
1907023
1907104
1907150
1907176
1907181
1907247
1907327
1907337
1907471
1907506
1907535
1907616
1907662
1907751
1907768
1907779
1907801
1907957
1908079
1908232
1908266
1908281
1908385
1908510
1908537
1908550
1908817
1908843
1908845
1908895
1908898
1908930
1909083
1909144
1909212
1909236
1909278
1909351
1909366
1909435
1909454
1909491
1909582
1909631
1909637
1909647
1909671
1909757
1909766
1909841
1909894
1909905
1910011
1910098
1910101
1910140
1910151
1910171
1910197
1910223
1910287
1910344
1910370
1910374
1910402
1910454
1910471
1910515
1910760
1910810
1910828
1910908
1910954
1910994
1911004
1911136
1911147
1911268
1911280
1911289
1911306
1911351
1911401
1911514
1911546
1911565
1911646
1911785
1911841
1911986
1911992
1912150
1912154
1912160
1912248
1912248
1912266
1912268
1912315
1912369
1912417
1912484
1912509
1912523
1912528
1912546
1912577
1912606
1912675
1912705
1912789
1912808
1912855
1912913
1912935
1912948
1913003
1913004
1913008
1913071
1913096
1913101
1913109
1913120
1913208
1913213
1913222
1913249
1913282
1913333
1913386
1913664
1913691
1913706
1913728
1913748
1913786
1913804
1913868
1913906
1914072
1914115
1914120
1914279
1914365
1914375
1914436
1914503
1914617
1914630
1914635
1914684
1914689
1914753
1914757
1914861
1915052
1915317
1915346
1915490
1915492
1915594
1915659
1915749
1915760
1915765
1915843
1915871
1915887
1915921
1916052
1916056
1916064
1916068
1916094
1916174
1916183
1916197
1916218
1916294
1916329
1916379
1916626
1916704
1916752
1916772
1916843
1916876
1916888
1917035
1917075
1917188
1917278
1917290
1917402
1917413
1917426
1917590
1917601
1917854
1917861
1917867
1917927
1917979
1918004
1918030
1918044
1918092
1918100
1918113
1918169
1918192
1918205
1918230
1918316
1918340
1918407
1918443
1918472
1918582
1918810
1918929
1918938
1918976
1919015
1919034
1919062
1919247
1919292
1919328
1919462
1919483
1919507
1919546
1919582
1919583
1919583
1919627
1919641
1919772
1919782
1919885
1919925
1920002
1920150
1920186
1920258
1920431
1920488
1920539
1920614
1920704
1920852
1920890
1920903
1920941
1920970
1921041
1921093
1921164
1921232
1921241
1921251
1921383
1921386
1921404
1921497
1921529
1921574
1921613
1921626
1921667
1921685
1921692
1921741
1921805
1921810
1921876
1921913
1921924
1921937
1921961
1921996
1922029
1922036
1922208
1922264
1922309
1922338
1922364
1922379
1922403
1922404
1922457
1922504
1922542
1922561
1922605
1922669
1922682
1922685
1922688
1922700
1922732
1922764
1922766
1922786
1922836
1922860
1922955
1923047
1923059
1923061
1923066
1923078
1923117
1923202
1923313
1923324
1923506
1923566
1923717
1923718
1923732
1923771
1923788
1923834
1923848
1923953
1923974
1924036
1924074
1924090
1924100
1924128
1924134
1924190
1924314
1924362
1924443
1924448
1924492
1924547
1924627
1924644
1924702
1924723
1924789
1924844
1924861
1924937
1925005
1925025
1925027
1925070
1925088
1925171
1925289
1925298
1925340
1925365
1925372
1925422
1925495
1925498
1925535
1925542
1925573
1925578
1925626
1925637
1925699
1925780
1925922
1925976
1926058
1926111
1926137
1926382
1926463
1926505
1926525
1926590
1926632
1926669
1926679
1926741
1926742
1926794
1926820
1926839
1926928
1926928
1926945
1927031
1927084
1927143
1927171
1927264
1927375
1927449
1927484
1927513
1927536
1927594
1927600
1927703
1927764
1927824
1928061
1928138
1928169
1928169
1928241
1928248
1928298
1928373
1928380
1928580
1928605
1928645
1928717
1928754
1928776
1928778
1928783
1928804
1928807
1928821
1928939
1928942
1928960
1928997
1929028
1929033
1929055
1929065
1929103
1929146
1929331
1929340
1929341
1929396
1929427
1929780
1929787
1929819
1929869
1929874
1929945
1930066
1930069
1930090
1930153
1930209
1930250
1930312
1930407
1930414
1930427
1930493
1930500
1930516
1930539
1930558
1930813
1930868
1930871
1930976
1931020
1931075
1931105
1931139
1931156
1931157
1931226
1931298
1931454
1931599
1931605
1931642
1931670
1931773
1931842
1931845
1931879
1931955
1931958
1931993
1932031
1932164
1932278
1932325
1932349
1932416
1932646
1932718
1932788
1932800
1932812
1932823
1932886
1932887
1932987
1933030
1933041
1933080
1933080
1933107
1933157
1933258
1933277
1933366
1933368
1933413
1933436
1933471
1933531
1933545
1933716
1933716
1933722
1933767
1933785
1933878
1933903
1933907
1933909
1933922
1933960
1933987
1934003
1934218
1934242
1934408
1934449
1934601
1934640
1934699
1934804
1934881
1934885
1934956
1935019
1935032
1935044
1935104
1935166
1935194
1935256
1935417
1935435
1935496
1935500
1935655
1935669
1935713
1935720
1935721
1935748
1935770
1935823
1935930
1936014
1936066
1936133
1936218
1936253
1936282
1936283
1936424
1936471
1936475
1936495
1936556
1936597
1936652
1936662
1936667
1936696
1936985
1936992
1937075
1937147
1937171
1937179
1937197
1937226
1937243
1937247
1937314
1937386
1937450
1937514
1937580
1937628
1937701
1937716
1937729
1937754
1937794
1937817
1937852
1937918
1937927
1938099
1938138
1938196
1938251
1938362
1938416
1938441
1938506
1938512
1938612
1938614
1938723
1938777
1938795
1938800
1938809
1938844
1938845
1938918
1938920
1938966
1938985
1939038
1939040
1939087
1939103
1939119
1939146
1939149
1939199
1939220
1939299
1939356
1939413
1939449
1939451
1939590
1939591
1939594
1939672
1939770
1939771
1939795
1939934
1939980
1940021
1940196
1940216
1940216
1940293
1940296
1940315
1940322
1940397
1940449
1940451
1940628
1940672
1940827
1940869
1940934
1941076
1941132
1941190
1941229
1941408
1941449
1941476
1941497
1941567
1941568
1941587
1941608
1941689
1941792
1941826
1941831
1941845
1941864
1941877
1941937
1942150
1942212
1942214
1942251
1942254
1942333
1942352
1942415
1942424
1942444
1942472
1942497
1942516
1942684
1942732
1942762
1942787
1942823
1942833
1942905
1942906
1942941
1942957
1943061
1943107
1943152
1943196
1943267
1943280
1943290
1943291
1943326
1943377
1943423
1943468
1943560
1943572
1943620
1943621
1943635
1943692
1943722
1943746
1943759
1943917
1943958
1944032
1944058
1944089
1944090
1944129
1944196
1944229
1944256
1944363
1944380
1944393
1944447
1944523
1944603
1944668
1944773
1944787
1944835
1945059
1945114
1945125
1945143
1945201
1945249
1945298
1945299
1945304
1945418
1945504
1945549
1945592
1945649
1945734
1945755
1945772
1945774
1945776
1945873
1945907
1945915
1945953
1945976
1946019
1946030
1946048
1946153
1946170
1946177
1946181
1946191
1946264
1946488
1946544
1946586
1946663
1946669
1946923
1947007
1947027
1947039
1947057
1947113
1947206
1947222
1947283
1947447
1947479
1947496
1947525
1947657
1947658
1947777
1947808
1947825
1947832
1947864
1947938
1947947
1948052
1948095
1948098
1948121
1948130
1948190
1948243
1948245
1948348
1948357
1948357
1948419
1948430
1948497
1948513
1948533
1948623
1948650
1948688
1948712
1948734
1948805
1948952
1948973
1949013
1949024
1949028
1949045
1949072
1949141
1949191
1949197
1949271
1949286
1949292
1949317
1949361
1949369
1949371
1949380
1949385
1949414
1949440
1949454
1949461
1949562
1949605
1949671
1949745
1949912
1949914
1949917
1949979
1950051
1950064
1950096
1950111
1950153
1950175
1950320
1950343
1950355
1950374
1950560
1950580
1950584
1950640
1950767
1950817
1950881
1950889
1950921
1950977
1951116
1951128
1951132
1951191
1951219
1951232
1951234
1951235
1951298
1951327
1951351
1951357
1951407
1951450
1951505
1951547
1951589
1951633
1951639
1951682
1951731
1951818
1951832
1951869
1952000
1952015
1952071
1952117
1952130
1952149
1952166
1952234
1952256
1952385
1952442
1952447
1952461
1952499
1952552
1952615
1952631
1952641
1952656
1952792
1952823
1952834
1952904
1953008
1953049
1953124
1953159
1953227
1953329
1953446
1953450
1953496
1953646
1953669
1953697
1953741
1953756
1953773
1953796
1953801
1953865
1953902
1953935
1953950
1953952
1954019
1954023
1954047
1954114
1954129
1954132
1954180
1954212
1954228
1954401
1954501
1954579
1954583
1954731
1954745
1954783
1954804
1954895
1954976
1955083
1955109
1955114
1955156
1955233
1955325
1955332
1955366
1955422
1955501
1955551
1955684
1955691
1955692
1955725
1955756
1955783
1955933
1956029
1956214
1956252
1956382
1956401
1956647
1956674
1956698
1956775
1956798
1956841
1956848
1956876
1956897
1956920
1956938
1957030
1957112
1957164
1957183
1957209
1957278
1957353
1957436
1957447
1957466
1957467
1957470
1957473
1957574
1957620
1957637
1957689
1957825
1957855
1957887
1957938
1958039
1958044
1958052
1958064
1958202
1958224
1958308
1958314
1958436
1958442
1958584
1958603
1958649
1958683
1958791
1958797
1958885
1958941
1958970
1958972
1959058
1959064
1959112
1959133
1959185
1959190
1959202
1959219
1959222
1959271
1959277
1959283
1959342
1959350
1959400
1959528
1959546
1959595
1959646
1959752
1959754
1959799
1959843
1959901
1959901
1959915
1959944
1959957
1960066
1960191
1960226
1960254
1960263
1960284
1960374
1960411
1960437
1960447
1960717
1960856
1961046
1961060
1961106
1961109
1961117
1961124
1961144
1961194
1961200
1961502
1961581
1961627
1961695
1961791
1961807
1961843
1961871
1961888
1961888
1961904
1962000
1962046
1962212
1962269
1962339
1962372
1962459
1962484
1962553
1962553
1962651
1962780
1962804
1962815
1962989
1963036
1963066
1963074
1963082
1963103
1963146
1963151
1963169
1963177
1963182
1963213
1963264
1963298
1963300
1963316
1963318
1963362
1963380
1963382
1963400
1963464
1963599
1963602
1963644
1963675
1963694
1963948
1963967
1963988
1964079
1964087
1964120
1964142
1964196
1964213
1964247
1964283
1964291
1964305
1964312
1964432
1964541
1964661
1964722
1964734
1964766
1964799
1964855
1964881
1964962
1965048
1965162
1965218
1965319
1965340
1965346
1965365
1965380
1965388
1965433
1965438
1965560
1965592
1965633
1965687
1965695
1965700
1965711
1965721
1965731
1965758
1965821
1965874
1965890
1965902
1965946
1965956
1966050
1966061
1966138
1966151
1966321
1966337
1966480
1966626
1966631
1966643
1966686
1966697
1966752
1966844
1966856
1966864
1966886
1966907
1966943
1966950
1967026
1967162
1967177
1967178
1967190
1967197
1967214
1967215
1967323
1967349
1967366
1967453
1967494
1967524
1967539
1967575
1967590
1967604
1967669
1967699
1967716
1967785
1967832
1967865
1967993
1968020
1968033
1968039
1968045
1968110
1968220
1968367
1968435
1968460
1968498
1968608
1968752
1968773
1968787
1968863
1969096
1969165
1969195
1969229
1969241
1969317
1969361
1969367
1969384
1969392
1969522
1969593
1969594
1969685
1969686
1969714
1969813
1969828
1969886
1969949
1970086
1970109
1970133
1970238
1970239
1970298
1970319
1970319
1970410
1970477
1970497
1970567
1970572
1970583
1970592
1970603
1970625
1970721
1970725
1970818
1970886
1970920
1970946
1971038
1971097
1971112
1971174
1971175
1971265
1971271
1971299
1971461
1971496
1971523
1971645
1971658
1971685
1971690
1971734
1971745
1971795
1971843
1971860
1971970
1971993
1972000
1972188
1972339
1972364
1972451
1972535
1972552
1972672
1972712
1972721
1972729
1972776
1972808
1972868
1972875
1972902
1972958
1973010
1973115
1973148
1973206
1973382
1973433
1973623
1973788
1973881
1973964
1974019
1974031
1974033
1974134
1974207
1974318
1974354
1974366
1974378
1974390
1974508
1974546
1974620
1974638
1974672
1974809
1974837
1974844
1974872
1975025
1975053
1975178
1975328
1975422
1975443
1975454
1975501
1975595
1975712
1975718
1975740
1975750
1975767
1975815
1976001
1976036
1976041
1976075
1976114
1976183
1976398
1976451
1976510
1976594
1976660
1976685
1976749
1976751
1976796
1976804
1976861
1976906
1976939
1977004
1977101
1977135
1977144
1977197
1977238
1977239
1977258
1977342
1977343
1977367
1977383
1977409
1977426
1977478
1977672
1977697
1977704
1977710
1977750
1977823
1977902
1977902
1977904
1977913
1977927
1977935
1978199
1978204
1978318
1978339
1978381
1978386
1978581
1978610
1978713
1978745
1978837
1978851
1978881
1978933
1978937
1978980
1979021
1979073
1979084
1979144
1979164
1979164
1979178
1979266
1979280
1979329
1979374
1979392
1979413
1979485
1979489
1979494
1979591
1979641
1979676
1979687
1979692
1979709
1979742
1979784
1979830
1979830
1979849
1979872
1979888
1979923
1979931
1979974
1979982
1979982
1980003
1980041
1980065
1980254
1980395
1980448
1980513
1980555
1980586
1980633
1980680
1980813
1980837
1980862
1980878
1980923
1980950
1980960
1980968
1980974
1981008
1981026
1981051
1981071
1981076
1981084
1981172
1981196
1981220
1981221
1981258
1981282
1981299
1981374
1981438
1981447
1981504
1981507
1981518
1981521
1981626
1981631
1981635
1981732
1981803
1981810
1981836
1981881
1981897
1982025
1982335
1982424
1982486
1982544
1982595
1982640
1982700
1982707
1982724
1982729
1982782
1982819
1982879
1982887
1982994
1983085
1983115
1983144
1983146
1983155
1983198
1983277
1983334
1983342
1983397
1983430
1983445
1983454
1983475
1983631
1983683
1983724
1983731
1983866
1983873
1983908
1983924
1983942
1983972
1984050
1984081
1984112
1984118
1984174
1984205
1984223
1984254
1984341
1984356
1984418
1984570
1984572
1984573
1984599
1984645
1984682
1984719
1984785
1984800
1984811
1984935
1984999
1985090
1985091
1985096
1985105
1985246
1985287
1985290
1985307
1985400
1985424
1985439
1985486
1985503
1985531
1985550
1985786
1985795
1985797
1985855
1985874
1985915
1985944
1985951
1985971
1985975
1985977
1986014
1986042
1986131
1986160
1986212
1986256
1986300
1986316
1986320
1986388
1986419
1986436
1986452
1986601
1986621
1986622
1986630
1986634
1986648
1986709
1986810
1986845
1986856
1986977
1986991
1987043
1987126
1987176
1987217
1987237
1987363
1987402
1987412
1987467
1987525
1987578
1987688
1987692
1987743
1987747
1987852
1987938
1987969
1988001
1988006
1988037
1988049
1988059
1988101
1988107
1988290
1988354
1988432
1988522
1988548
1988645
1988757
1988807
1988816
1988879
1988978
1989033
1989170
1989256
1989259
1989337
1989409
1989410
1989504
1989547
1989694
1989705
1989722
1989724
1989732
1989759
1989772
1989838
1989969
1989984
1990073
1990078
1990079
1990109
1990145
1990152
1990172
1990176
1990254
1990274
1990307
1990383
1990418
1990522
1990533
1990540
1990566
1990570
1990597
1990721
1990810
1990834
1990855
1990872
1990907
1990944
1990944
1990962
1991001
1991028
1991032
1991080
1991150
1991173
1991270
1991355
1991372
1991424
1991445
1991540
1991619
1991643
1991665
1991682
1991752
1991768
1991800
1991860
1991875
1991893
1991995
1992016
1992059
1992080
1992190
1992190
1992204
1992364
1992385
1992407
1992485
1992490
1992567
1992577
1992579
1992580
1992641
1992668
1992776
1992854
1992878
1992901
1992924
1992979
1993025
1993082
1993099
1993150
1993255
1993311
1993362
1993518
1993556
1993595
1993601
1993649
1993694
1993761
1993821
1993833
1993845
1993899
1993905
1993981
1994007
1994140
1994148
1994259
1994357
1994447
1994500
1994559
1994566
1994695
1994697
1994720
1994744
1994758
1994799
1995034
1995046
1995072
1995200
1995363
1995449
1995450
1995481
1995639
1995652
1995676
1995737
1995753
1995829
1995852
1995856
1995914
1995985
1996030
1996044
1996239
1996342
1996418
1996451
1996689
1996841
1996960
1996962
1997015
1997173
1997214
1997283
1997323
1997347
1997404
1997630
1997667
1997675
1997817
1997897
1997927
1997957
1997983
1998168
1998209
1998238
1998245
1998257
1998297
1998382
1998583
1998587
1998757
1998825
1998835
1998867
1998937
1998949
1998979
1999045
1999144
1999164
1999227
1999240
1999244
1999259
1999305
1999328
1999378
1999379
1999443
1999564
1999569
1999572
1999604
1999620
1999637
1999639
1999673
1999777
1999846
1999930
1999944
1999951
1999993
2000010
2000015
2000021
2000027
2000095
2000111
2000163
2000211
2000220
2000226
2000248
2000305
2000330
2000376
2000404
2000419
2000488
2000508
2000513
2000588
2000617
2000656
2000668
2000688
2000751
2000882
2000904
2000951
2000963
2000968
2000996
2001004
2001114
2001145
2001164
2001197
2001199
2001216
2001360
2001374
2001450
2001456
2001474
2001673
2001676
2001746
2001878
2001891
2001951
2001963
2002063
2002066
2002079
2002117
2002124
2002145
2002171
2002187
2002278
2002314
2002456
2002466
2002481
2002525
2002539
2002581
2002626
2002640
2002652
2002674
2002682
2002733
2002817
2002982
2003124
2003190
2003304
2003363
2003377
2003405
2003455
2003460
2003465
2003509
2003521
2003555
2003559
2003560
2003590
2003592
2003603
2003638
2003647
2003672
2003676
2003740
2003793
2003803
2003818
2003949
2003970
2003988
2004023
2004042
2004167
2004275
2004303
2004433
2004449
2004526
2004545
2004558
2004641
2004686
2004892
2004894
2004918
2004941
2005045
2005077
2005081
2005095
2005108
2005113
2005176
2005235
2005245
2005364
2005377
2005405
2005455
2005606
2005657
2005663
2005685
2005725
2005732
2005860
2005895
2005906
2006036
2006085
2006198
2006288
2006302
2006302
2006306
2006310
2006380
2006509
2006600
2006623
2006633
2006635
2006649
2006713
2006716
2006776
2006809
2006892
2007106
2007127
2007135
2007265
2007291
2007349
2007374
2007539
2007555
2007558
2007668
2007715
2007734
2007852
2007915
2008042
2008120
2008313
2008351
2008418
2008621
2008651
2008760
2008926
2008939
2009034
2009116
2009175
2009197
2009238
2009238
2009311
2009352
2009417
2009494
2009514
2009519
2009608
2009711
2009737
2009879
2010172
2010327
2010378
2010379
2010386
2010503
2010531
2010562
2010572
2010579
2010600
2010682
2010711
2010714
2010714
2010742
2010776
2010778
2010826
2010850
2010879
2010880
2010938
2010953
2010988
2011101
2011159
2011170
2011201
2011238
2011303
2011338
2011365
2011425
2011479
2011498
2011658
2011677
2011724
2011737
2011883
2011900
2011969
2012201
2012214
2012240
2012272
2012358
2012361
2012388
2012401
2012413
2012434
2012531
2012625
2012658
2012679
2012706
2012731
2012737
2012768
2012839
2012844
2012954
2013019
2013040
2013051
2013209
2013294
2013330
2013406
2013491
2013521
2013577
2013586
2013849
2013959
2014011
2014045
2014062
2014063
2014065
2014124
2014176
2014227
2014269
2014273
2014285
2014327
2014360
2014369
2014403
2014414
2014592
2014605
2014663
2014792
2014800
2014814
2014862
2014959
2015040
2015108
2015109
2015135
2015178
2015178
2015183
2015197
2015335
2015351
2015417
2015427
2015470
2015476
2015534
2015583
2015586
2015625
2015665
2015681
2015779
2015822
2015862
2015916
2015944
2015958
2016000
2016036
2016099
2016255
2016317
2016335
2016345
2016376
2016475
2016493
2016538
2016596
2016640
2016678
2016691
2016706
2016731
2016811
2016812
2016885
2016931
2017004
2017112
2017253
2017323
2017345
2017387
2017464
2017519
2017568
2017623
2017700
2017746
2017796
2017806
2017859
2017886
2017998
2018123
2018139
2018161
2018162
2018256
2018271
2018300
2018408
2018455
2018505
2018547
2018607
2018668
2018679
2018679
2018683
2018690
2018857
2018875
2018927
2018930
2019084
2019086
2019091
2019096
2019106
2019136
2019152
2019164
2019173
2019204
2019238
2019253
2019277
2019391
2019545
2019721
2019745
2019755
2019777
2019782
2019860
2019901
2019902
2019922
2019939
2019973
2020042
2020044
2020058
2020180
2020190
2020201
2020250
2020251
2020325
2020330
2020394
2020451
2020464
2020472
2020501
2020620
2020665
2020665
2020710
2020775
2020864
2020888
2020919
2020947
2021006
2021020
2021045
2021095
2021100
2021108
2021136
2021257
2021311
2021327
2021328
2021382
2021396
2021430
2021436
2021448
2021491
2021571
2021579
2021582
2021602
2021602
2021684
2021696
2021769
2021872
2021881
2021920
2021955
2022041
2022110
2022113
2022322
2022342
2022389
2022424
2022630
2022635
2022652
2022718
2022760
2022765
2022792
2022968
2022980
2023004
2023006
2023037
2023086
2023101
2023123
2023127
2023159
2023161
2023183
2023201
2023204
2023271
2023292
2023294
2023307
2023351
2023352
2023379
2023381
2023418
2023421
2023423
2023447
2023450
2023548
2023552
2023574
2023657
2023662
2023760
2023816
2024076
2024077
2024125
2024136
2024171
2024175
2024255
2024273
2024330
2024363
2024375
2024386
2024402
2024415
2024603
2024693
2024737
2024750
2024781
2024836
2024841
2024879
2024974
2025044
2025123
2025172
2025224
2025316
2025414
2025483
2025539
2025560
2025593
2025620
2025621
2025648
2025683
2025704
2025731
2025769
2025782
2025810
2025929
2025957
2025988
2026063
2026077
2026163
2026248
2026251
2026276
2026285
2026376
2026387
2026390
2026414
2026454
2026456
2026493
2026654
2026670
2026842
2026868
2026947
2026984
2027090
2027099
2027101
2027246
2027277
2027360
2027398
2027414
2027426
2027446
2027469
2027545
2027633
2027645
2027645
2027688
2027691
2027693
2027750
2027783
2027832
2027923
2027976
2028007
2028039
2028150
2028212
2028237
2028477
2028482
2028556
2028733
2028752
2028835
2028867
2028937
2028969
2029001
2029006
2029062
2029223
2029234
2029348
2029477
2029583
2029635
2029697
2029734
2029768
2029841
2029854
2029898
2029942
2029972
2030003
2030012
2030143
2030177
2030184
2030288
2030335
2030349
2030350
2030411
2030450
2030482
2030487
2030510
2030536
2030638
2030667
2030669
2030838
2030885
2031052
2031364
2031402
2031454
2031459
2031485
2031489
2031498
2031556
2031708
2031768
2031789
2031804
2031806
2031809
2031848
2031871
2031876
2031882
2031902
2031926
2032231
2032297
2032309
2032323
2032389
2032430
2032481
2032527
2032725
2032749
2032762
2032769
2032979
2033029
2033082
2033154
2033187
2033204
2033234
2033238
2033281
2033302
2033307
2033328
2033400
2033445
2033445
2033491
2033507
2033626
2033645
2033680
2033728
2033757
2033760
2033801
2033866
2033885
2033941
2033950
2034104
2034256
2034285
2034326
2034327
2034334
2034348
2034375
2034378
2034424
2034499
2034645
2034686
2034691
2034785
2034821
2034866
2034933
2034978
2035055
2035060
2035077
2035078
2035147
2035199
2035227
2035349
2035384
2035492
2035499
2035564
2035571
2035592
2035592
2035593
2035599
2035661
2035677
2035730
2035952
2036032
2036168
2036218
2036495
2036534
2036594
2036727
2036751
2036826
2036870
2036917
2037086
2037100
2037126
2037143
2037190
2037271
2037277
2037278
2037314
2037340
2037344
2037360
2037417
2037462
2037475
2037505
2037570
2037579
2037752
2037773
2037797
2037889
2037904
2037937
2038009
2038022
2038058
2038110
2038150
2038162
2038186
2038222
2038287
2038327
2038390
2038398
2038557
2038563
2038568
2038573
2038581
2038586
2038632
2038740
2038758
2038762
2038767
2038819
2038820
2038850
2038853
2038881
2038907
2038917
2039001
2039199
2039273
2039317
2039348
2039352
2039360
2039392
2039503
2039522
2039560
2039629
2039672
2039689
2039700
2039740
2039751
2039781
2039800
2039817
2039875
2039940
2039995
2039998
2040021
2040098
2040222
2040224
2040268
2040364
2040431
2040651
2040741
2040768
2040772
2040877
2040891
2040902
2040909
2040911
2040946
2040963
2040967
2040995
2041090
2041120
2041129
2041137
2041208
2041223
2041231
2041331
2041393
2041394
2041477
2041589
2041807
2041863
2041993
2042126
2042132
2042200
2042274
2042326
2042369
2042484
2042485
2042651
2042681
2042708
2042740
2042765
2042930
2043059
2043067
2043076
2043119
2043140
2043165
2043207
2043293
2043299
2043304
2043339
2043378
2043388
2043487
2043529
2043537
2043552
2043655
2043745
2043766
2043817
2043853
2043858
2043879
2043897
2043924
2043971
2043977
2044002
2044010
2044074
2044081
2044109
2044126
2044172
2044177
2044253
2044255
2044269
2044304
2044312
2044431
2044521
2044538
2044548
2044592
2044718
2044739
2044809
2044882
2044918
2044985
2045022
2045141
2045148
2045164
2045248
2045355
2045410
2045425
2045451
2045576
2045608
2045723
2045779
2045831
2045888
2045922
2045923
2046037
2046274
2046308
2046352
2046390
2046447
2046484
2046526
2046582
2046590
2046609
2046885
2046887
2046909
2046952
2046971
2047041
2047093
2047132
2047204
2047217
2047268
2047283
2047293
2047396
2047401
2047414
2047523
2047537
2047576
2047632
2047694
2047698
2047832
2047839
2047951
2047951
2048073
2048085
2048108
2048196
2048363
2048465
2048725
2048802
2048822
2048865
2048877
2048892
2048929
2048931
2048944
2049016
2049031
2049054
2049299
2049301
2049317
2049351
2049622
2049630
2049655
2049662
2049702
2049760
2049774
2049781
2049788
2049794
2049815
2049848
2049877
2049939
2049961
2050013
2050021
2050080
2050092
2050133
2050163
2050208
2050311
2050331
2050331
2050417
2050585
2050645
2050686
2050726
2050737
2050742
2050766
2050785
2050859
2050870
2050973
2050996
2051075
2051103
2051200
2051210
2051240
2051256
2051261
2051263
2051274
2051372
2051386
2051411
2051427
2051461
2051467
2051517
2051574
2051631
2051637
2051662
2051699
2051762
2051869
2051877
2051890
2051894
2052021
2052045
2052069
2052100
2052131
2052171
2052232
2052237
2052312
2052338
2052351
2052408
2052419
2052490
2052499
2052524
2052653
2052661
2052726
2052776
2052778
2052807
2052826
2052828
2052907
2052955
2053017
2053108
2053109
2053118
2053166
2053243
2053264
2053265
2053374
2053403
2053415
2053503
2053649
2053695
2053859
2053860
2053879
2053884
2053969
2054038
2054069
2054083
2054088
2054121
2054212
2054213
2054283
2054324
2054330
2054349
2054354
2054390
2054431
2054480
2054506
2054531
2054564
2054790
2054833
2054926
2054939
2054961
2054967
2054982
2054996
2055002
2055067
2055102
2055153
2055155
2055173
2055278
2055495
2055509
2055621
2055636
2055668
2055710
2055714
2055729
2055883
2055889
2055891
2055931
2055989
2055991
2056019
2056021
2056169
2056212
2056264
2056281
2056318
2056373
2056417
2056535
2056677
2056868
2056880
2056925
2057003
2057036
2057131
2057224
2057245
2057291
2057333
2057380
2057389
2057471
2057583
2057711
2057785
2057874
2057889
2058004
2058083
2058325
2058342
2058376
2058388
2058420
2058470
2058666
2058699
2058779
2058797
2058828
2058955
2058975
2059059
2059066
2059077
2059087
2059091
2059131
2059175
2059277
2059283
2059330
2059386
2059396
2059406
2059422
2059464
2059473
2059479
2059515
2059547
2059594
2059612
2059637
2059699
2059932
2060013
2060021
2060061
2060072
2060085
2060089
2060147
2060217
2060265
2060291
2060350
2060356
2060452
2060498
2060501
2060616
2060663
2060771
2060895
2060912
2060917
2060945
2060952
2060992
2061001
2061008
2061208
2061235
2061465
2061471
2061650
2061656
2061666
2061732
2061743
2061820
2061833
2061935
2061964
2061972
2062011
2062023
2062070
2062107
2062110
2062223
2062246
2062278
2062302
2062368
2062448
2062449
2062476
2062605
2062746
2062786
2062824
2062839
2062984
2063040
2063045
2063047
2063067
2063158
2063214
2063234
2063372
2063428
2063455
2063486
2063504
2063514
2063565
2063584
2063616
2063622
2063644
2063686
2063707
2063723
2063781
2063818
2063904
2063964
2064030
2064043
2064095
2064161
2064195
2064269
2064452
2064566
2064655
2064669
2064732
2064796
2064849
2064859
2064882
2064920
2064937
2064950
2064997
2064999
2065097
2065111
2065132
2065150
2065174
2065200
2065238
2065255
2065261
2065330
2065386
2065400
2065453
2065579
2065637
2065745
2065777
2065825
2065953
2065965
2065999
2066095
2066098
2066225
2066238
2066440
2066456
2066533
2066699
2066731
2066773
2066815
2066838
2066839
2066856
2066895
2066967
2067301
2067362
2067387
2067404
2067404
2067419
2067421
2067712
2067876
2067919
2067923
2067997
2068102
2068106
2068110
2068192
2068216
2068238
2068261
2068266
2068332
2068369
2068414
2068439
2068447
2068477
2068520
2068557
2068569
2068638
2068790
2068887
2068933
2068976
2068982
2068994
2069016
2069022
2069069
2069144
2069157
2069185
2069258
2069281
2069316
2069537
2069589
2069651
2069657
2069665
2069675
2069718
2069879
2069907
2069938
2069983
2070002
2070041
2070056
2070101
2070116
2070228
2070233
2070240
2070245
2070277
2070318
2070346
2070349
2070403
2070409
2070491
2070521
2070522
2070554
2070565
2070587
2070631
2070649
2070686
2070722
2070770
2070871
2070922
2070925
2070940
2070941
2071008
2071070
2071139
2071148
2071164
2071166
2071254
2071272
2071285
2071355
2071411
2071471
2071596
2071782
2071840
2071877
2072011
2072116
2072153
2072234
2072251
2072277
2072343
2072365
2072459
2072464
2072470
2072522
2072564
2072605
2072618
2072639
2072712
2072736
2072776
2072808
2072837
2072854
2072918
2072996
2073008
2073108
2073283
2073317
2073390
2073565
2073586
2073587
2073711
2073754
2073822
2073845
2073906
2073922
2074031
2074038
2074107
2074107
2074348
2074396
2074402
2074593
2074619
2074644
2074720
2074809
2074845
2074920
2074945
2074949
2075069
2075103
2075104
2075115
2075130
2075139
2075187
2075260
2075274
2075304
2075383
2075422
2075479
2075485
2075602
2075674
2075711
2075714
2075721
2075731
2075791
2075806
2076087
2076147
2076210
2076307
2076309
2076331
2076572
2076787
2076829
2076848
2076856
2076886
2076892
2076899
2076915
2076921
2076923
2076962
2077033
2077055
2077074
2077087
2077165
2077179
2077187
2077243
2077253
2077342
2077437
2077464
2077476
2077507
2077515
2077532
2077547
2077565
2077575
2077589
2077650
2077695
2077836
2077857
2077858
2077901
2077944
2077973
2077976
2077980
2078047
2078071
2078094
2078305
2078308
2078348
2078349
2078367
2078371
2078404
2078439
2078555
2078609
2078678
2078821
2079018
2079029
2079063
2079064
2079116
2079127
2079175
2079232
2079382
2079474
2079481
2079552
2079611
2079613
2079685
2079737
2079852
2079890
2079945
2079952
2079991
2080008
2080086
2080130
2080154
2080266
2080269
2080279
2080296
2080332
2080338
2080347
2080480
2080487
2080586
2080601
2080609
2080661
2080721
2080722
2080732
2080747
2080836
2080894
2081001
2081007
2081040
2081072
2081074
2081092
2081132
2081231
2081282
2081331
2081347
2081358
2081408
2081514
2081585
2081638
2081703
2081756
2081901
2082173
2082178
2082212
2082217
2082258
2082269
2082317
2082380
2082470
2082522
2082536
2082617
2082715
2082727
2082790
2082895
2082916
2082975
2082978
2082981
2083014
2083151
2083189
2083319
2083413
2083424
2083429
2083462
2083473
2083581
2083643
2083657
2083826
2083905
2083916
2083998
2084022
2084065
2084163
2084185
2084190
2084248
2084300
2084405
2084446
2084459
2084537
2084609
2084612
2084617
2084657
2084691
2084760
2084780
2084799
2084858
2084881
2084888
2084943
2084991
2085038
2085053
2085075
2085120
2085188
2085196
2085216
2085244
2085316
2085368
2085369
2085499
2085705
2085868
2085896
2086007
2086137
2086231
2086243
2086379
2086413
2086490
2086526
2086588
2086600
2086614
2086630
2086669
2086684
2086746
2086783
2086824
2086910
2086976
2086976
2087140
2087307
2087378
2087415
2087438
2087484
2087720
2087789
2087830
2087848
2087939
2087961
2087975
2087977
2088040
2088085
2088262
2088306
2088350
2088394
2088441
2088476
2088582
2088719
2088739
2088741
2088767
2088837
2088847
2088881
2088921
2088994
2089041
2089145
2089151
2089216
2089260
2089265
2089402
2089444
2089525
2089562
2089610
2089718
2089774
2089815
2089817
2089826
2089881
2089897
2089912
2089943
2090151
2090158
2090268
2090289
2090422
2090481
2090601
2090623
2090757
2090806
2090853
2090863
2090980
2091148
2091152
2091182
2091217
2091277
2091280
2091331
2091380
2091454
2091494
2091531
2091536
2091620
2091620
2091642
2091658
2091681
2091684
2091712
2091753
2091771
2091788
2091795
2091806
2091870
2091949
2092001
2092067
2092117
2092183
2092260
2092355
2092403
2092433
2092443
2092492
2092507
2092714
2092729
2092780
2092905
2092917
2093041
2093196
2093367
2093397
2093560
2093569
2093657
2093744
2093754
2093998
2094037
2094127
2094164
2094177
2094252
2094264
2094274
2094367
2094574
2094604
2094670
2094678
2094818
2094905
2094907
2095026
2095032
2095042
2095114
2095368
2095378
2095503
2095506
2095539
2095548
2095553
2095606
2095636
2095788
2095790
2095828
2095858
2095902
2095914
2095947
2095955
2095987
2095990
2096146
2096192
2096288
2096298
2096414
2096440
2096461
2096558
2096570
2096696
2096700
2096762
2096986
2097065
2097256
2097260
2097266
2097268
2097312
2097353
2097354
2097460
2097542
2097648
2097663
2097746
2097747
2097780
2097790
2097851
2097918
2098033
2098038
2098072
2098088
2098126
2098138
2098159
2098180
2098268
2098305
2098315
2098318
2098341
2098389
2098424
2098508
2098558
2098695
2098740
2098767
2098855
2098858
2098888
2098925
2098957
2098965
2098981
2099034
2099052
2099067
2099085
2099102
2099138
2099148
2099194
2099200
2099214
2099242
2099356
2099397
2099408
2099436
2099464
2099536
2099630
2099751
2099858
2099859
2099934
2099944
2099985
2100007
2100024
2100109
2100113
2100131
2100144
2100183
2100185
2100214
2100235
2100241
2100317
2100328
2100332
2100383
2100471
2100479
2100505
2100528
2100787
2100806
2100837
2100994
2101003
2101007
2101034
2101274
2101314
2101324
2101401
2101432
2101481
2101481
2101529
2101572
2101602
2101712
2101815
2101837
2101921
2102048
2102140
2102189
2102273
2102304
2102315
2102336
2102352
2102366
2102382
2102456
2102461
2102478
2102546
2102579
2102672
2102679
2102749
2102776
2102840
2102911
2102911
2102998
2103038
2103082
2103269
2103294
2103313
2103345
2103483
2103512
2103564
2103635
2103790
2103807
2103835
2103866
2103905
2103938
2103991
2104101
2104192
2104238
2104417
2104449
2104473
2104476
2104487
2104529
2104540
2104587
2104605
2104640
2104683
2104765
2104792
2104841
2104882
2104974
2105053
2105068
2105125
2105245
2105326
2105364
2105393
2105444
2105477
2105514
2105559
2105733
2105823
2105901
2105913
2105952
2105972
2106107
2106120
2106123
2106137
2106138
2106139
2106167
2106174
2106258
2106364
2106452
2106571
2106631
2106671
2106710
2106710
2106725
2106738
2106796
2106797
2106837
2106854
2106887
2106955
2107019
2107022
2107079
2107134
2107162
2107216
2107243
2107247
2107279
2107281
2107315
2107363
2107441
2107472
2107498
2107611
2107677
2107686
2107718
2107732
2107827
2107910
2107929
2107944
2107946
2107947
2107986
2108010
2108017
2108027
2108030
2108049
2108075
2108079
2108092
2108137
2108139
2108144
2108227
2108244
2108265
2108342
2108466
2108476
2108512
2108540
2108703
2108811
2108823
2108893
2108921
2108987
2109006
2109119
2109143
2109183
2109187
2109250
2109255
2109368
2109513
2109514
2109573
2109626
2109809
2109893
2109911
2109928
2109983
2110055
2110084
2110128
2110370
2110402
2110404
2110556
2110563
2110606
2110622
2110642
2110683
2110759
2110781
2110952
2111059
2111190
2111250
2111264
2111300
2111338
2111454
2111467
2111512
2111580
2111771
2111773
2111827
2111829
2111964
2111992
2112169
2112208
2112234
2112237
2112262
2112364
2112396
2112405
2112465
2112542
2112557
2112587
2112720
2112767
2112777
2112785
2112808
2112824
2112829
2112833
2112867
2112876
2112882
2112918
2112938
2112941
2112942
2113017
2113144
2113262
2113293
2113365
2113384
2113489
2113513
2113568
2113698
2113752
2113793
2113801
2113914
2113991
2114031
2114086
2114187
2114211
2114245
2114248
2114276
2114377
2114446
2114477
2114529
2114622
2114664
2114665
2114778
2115020
2115175
2115230
2115346
2115346
2115421
2115574
2115594
2115619
2115709
2115829
2115940
2116002
2116042
2116094
2116120
2116222
2116231
2116232
2116346
2116388
2116417
2116521
2116560
2116562
2116577
2116592
2116660
2116668
2116714
2116796
2116823
2116963
2117064
2117096
2117198
2117270
2117329
2117345
2117347
2117395
2117395
2117431
2117567
2117631
2117649
2117747
2117798
2117817
2117884
2117959
2117972
2118080
2118082
2118092
2118167
2118204
2118230
2118253
2118356
2118426
2118492
2118501
2118518
2118521
2118548
2118557
2118598
2118627
2118703
2118791
2118964
2118980
2119037
2119050
2119054
2119133
2119159
2119171
2119229
2119231
2119285
2119388
2119410
2119411
2119525
2119542
2119573
2119576
2119694
2119699
2119703
2119744
2119745
2119753
2119755
2119793
2119890
2119910
2119963
2119996
2120075
2120097
2120115
2120123
2120131
2120166
2120173
2120256
2120384
2120408
2120439
2120442
2120528
2120560
2120595
2120681
2120681
2120711
2120714
2120736
2120746
2120774
2120974
2120982
2121052
2121199
2121228
2121231
2121274
2121515
2121520
2121549
2121636
2121645
2121685
2121757
2121763
2121782
2121828
2121833
2122104
2122137
2122145
2122330
2122359
2122425
2122488
2122489
2122512
2122567
2122613
2122627
2122785
2122839
2122863
2122945
2122955
2122968
2122971
2123001
2123006
2123022
2123097
2123173
2123276
2123307
2123325
2123402
2123447
2123452
2123523
2123540
2123542
2123592
2123652
2123664
2123685
2123694
2123704
2123749
2123760
2123819
2123827
2123856
2123857
2123929
2123957
2123976
2123988
2123996
2124028
2124056
2124085
2124086
2124163
2124178
2124195
2124202
2124210
2124243
2124321
2124331
2124440
2124442
2124455
2124467
2124504
2124556
2124603
2124674
2124690
2124727
2124753
2124892
2124932
2124941
2124943
2124984
2125025
2125117
2125137
2125156
2125158
2125188
2125197
2125215
2125289
2125313
2125392
2125400
2125496
2125500
2125500
2125505
2125505
2125513
2125527
2125541
2125546
2125555
2125564
2125569
2125595
2125635
2125675
2125678
2125700
2125729
2125759
2125779
2125811
2125851
2125903
2125912
2125973
2126139
2126268
2126303
2126318
2126339
2126378
2126395
2126550
2126560
2126587
2126635
2126647
2126935
2126965
2127085
2127091
2127158
2127159
2127218
2127237
2127255
2127318
2127356
2127358
2127372
2127388
2127404
2127600
2127619
2127685
2127711
2127822
2127836
2127851
2127954
2127993
2128045
2128048
2128087
2128242
2128283
2128296
2128442
2128588
2128615
2128617
2128651
2128661
2128669
2128707
2128726
2128785
2128832
2128842
2128842
2128859
2129001
2129091
2129215
2129224
2129276
2129278
2129377
2129436
2129466
2129490
2129498
2129543
2129659
2129670
2129705
2129760
2129846
2129881
2129925
2129926
2129937
2130155
2130293
2130335
2130338
2130354
2130357
2130393
2130495
2130562
2130593
2130632
2130798
2130915
2130954
2130956
2131012
2131063
2131077
2131322
2131382
2131491
2131646
2131754
2131832
2131860
2131929
2131932
2131969
2132014
2132186
2132207
2132339
2132372
2132372
2132548
2132632
2132653
2132675
2132729
2132787
2132795
2132823
2133058
2133061
2133069
2133165
2133253
2133358
2133389
2133455
2133462
2133465
2133513
2133635
2133663
2133664
2133672
2133687
2133717
2133786
2133819
2133833
2133845
2133848
2133855
2133906
2133996
2134009
2134073
2134097
2134124
2134134
2134148
2134205
2134208
2134313
2134366
2134570
2134579
2134613
2134634
2134636
2134651
2134709
2134797
2134824
2134888
2134890
2134912
2135010
2135125
2135158
2135247
2135315
2135389
2135393
2135423
2135503
2135520
2135573
2135590
2135638
2135684
2135764
2135778
2135901
2135916
2135976
2136057
2136070
2136085
2136110
2136139
2136160
2136184
2136202
2136212
2136234
2136250
2136351
2136411
2136471
2136612
2136622
2136627
2136667
2136772
2136779
2136794
2137015
2137084
2137162
2137215
2137241
2137284
2137296
2137352
2137390
2137423
2137550
2137611
2137793
2137815
2137842
2137876
2137899
2137934
2138068
2138073
2138178
2138215
2138262
2138322
2138344
2138378
2138388
2138546
2138557
2138685
2138697
2138728
2138738
2138783
2138823
2138839
2138854
2138891
2138906
2138934
2138987
2138995
2138999
2139008
2139061
2139075
2139085
2139172
2139192
2139234
2139348
2139353
2139424
2139527
2139562
2139661
2139690
2139715
2139788
2139817
2139838
2139902
2139914
2140034
2140241
2140261
2140278
2140351
2140522
2140566
2140695
2140702
2140711
2140722
2140822
2140847
2140875
2140883
2140886
2140947
2141016
2141042
2141046
2141075
2141150
2141204
2141205
2141213
2141217
2141290
2141324
2141379
2141398
2141443
2141462
2141546
2141548
2141637
2141647
2141649
2141706
2141778
2141841
2141910
2142126
2142270
2142331
2142362
2142378
2142410
2142440
2142468
2142602
2142634
2142643
2142718
2142739
2142770
2142968
2142989
2143007
2143021
2143039
2143088
2143098
2143126
2143165
2143275
2143360
2143370
2143396
2143402
2143438
2143513
2143517
2143744
2143774
2143831
2143836
2143916
2144050
2144110
2144123
2144397
2144532
2144562
2144616
2144643
2144793
2144898
2144975
2144988
2145166
2145232
2145260
2145260
2145387
2145437
2145480
2145481
2145485
2145504
2145552
2145555
2145560
2145617
2145699
2145810
2145814
2145858
2145901
2145901
2145924
2145939
2145940
2145940
2145984
2146020
2146022
2146034
2146100
2146119
2146165
2146199
2146317
2146352
2146356
2146458
2146466
2146472
2146519
2146563
2146573
2146648
2146681
2146695
2146714
2146870
2146892
2146957
2147095
2147104
2147117
2147142
2147193
2147197
2147250
2147385
2147404
2147431
2147513
2147594
2147643
2147661
2147679
2147708
2147747
2147785
2147793
2147841
2147881
2147950
2147974
2148055
2148104
2148120
2148225
2148235
2148266
2148300
2148408
2148429
2148441
2148456
2148502
2148587
2148654
2148689
2148711
2148720
2148733
2148749
2148749
2148771
2148862
2148991
2149078
2149096
2149178
2149203
2149317
2149319
2149437
2149467
2149526
2149597
2149741
2149751
2149753
2149920
2149962
2149968
2149976
2150148
2150174
2150439
2150459
2150512
2150571
2150579
2150634
2150706
2150709
2150775
2150834
2150900
2151038
2151052
2151060
2151091
2151160
2151317
2151318
2151369
2151402
2151404
2151467
2151538
2151559
2151590
2151600
2151608
2151717
2151825
2151976
2152104
2152207
2152243
2152247
2152303
2152338
2152347
2152351
2152395
2152428
2152450
2152460
2152507
2152520
2152521
2152525
2152527
2152543
2152568
2152576
2152604
2152702
2152742
2152842
2152887
2152934
2153115
2153181
2153223
2153296
2153355
2153401
2153467
2153533
2153615
2153641
2153650
2153694
2153696
2153708
2153712
2153752
2153757
2153796
2153814
2153853
2153882
2153914
2153939
2154078
2154108
2154286
2154295
2154445
2154466
2154472
2154516
2154522
2154583
2154673
2154684
2154701
2154743
2154843
2154848
2154862
2154941
2154946
2154991
2155021
2155083
2155089
2155163
2155220
2155240
2155297
2155559
2155585
2155673
2155791
2155832
2155855
2155887
2155948
2156020
2156071
2156080
2156101
2156137
2156137
2156139
2156147
2156169
2156258
2156341
2156438
2156449
2156554
2156567
2156570
2156609
2156642
2156690
2156694
2156923
2156923
2156932
2157072
2157101
2157199
2157232
2157486
2157504
2157516
2157521
2157657
2157738
2157757
2157768
2157853
2157934
2157980
2158127
2158140
2158228
2158252
2158281
2158291
2158309
2158333
2158384
2158440
2158469
2158599
2158742
2158907
2158936
2159072
2159109
2159152
2159184
2159192
2159323
2159331
2159380
2159411
2159541
2159572
2159604
2159648
2159679
2159684
2159741
2159780
2159799
2159810
2159834
2159864
2159876
2159988
2160010
2160175
2160196
2160214
2160282
2160309
2160387
2160397
2160422
2160650
2160657
2160784
2160796
2160798
2160834
2161039
2161056
2161126
2161195
2161280
2161288
2161348
2161378
2161386
2161397
2161498
2161583
2161599
2161642
2161691
2161702
2161775
2161795
2161807
2161834
2161847
2161890
2161955
2161994
2162082
2162160
2162169
2162181
2162226
2162245
2162329
2162339
2162339
2162386
2162389
2162453
2162477
2162496
2162539
2162577
2162607
2162610
2162695
2162773
2162861
2162866
2162870
2162978
2163048
2163048
2163103
2163252
2163338
2163355
2163507
2163539
2163546
2163589
2163619
2163646
2163686
2163703
2163714
2163729
2163764
2163806
2163841
2163871
2164031
2164062
2164075
2164255
2164294
2164401
2164403
2164514
2164576
2164648
2164675
2164689
2164753
2164810
2164873
2164899
2164980
2165003
2165074
2165077
2165155
2165268
2165365
2165437
2165444
2165556
2165597
2165654
2165675
2165728
2165812
2165831
2165933
2165999
2166021
2166103
2166152
2166231
2166332
2166467
2166611
2166652
2166678
2166710
2166801
2166825
2166868
2166887
2166935
2167085
2167109
2167118
2167190
2167209
2167244
2167298
2167314
2167364
2167484
2167592
2167681
2167732
2167791
2167803
2167850
2167887
2167910
2167962
2167987
2168015
2168042
2168098
2168158
2168183
2168323
2168329
2168333
2168419
2168429
2168436
2168485
2168525
2168588
2168723
2168729
2168741
2168759
2168801
2168809
2168911
2168975
2168996
2169043
2169165
2169194
2169243
2169248
2169269
2169279
2169352
2169544
2169594
2169622
2169624
2169669
2169899
2169913
2169927
2169994
2170001
2170005
2170062
2170072
2170197
2170235
2170326
2170344
2170363
2170499
2170729
2170743
2170762
2170763
2170781
2170783
2170796
2170838
2170883
2170984
2171151
2171178
2171247
2171285
2171365
2171393
2171399
2171415
2171528
2171585
2171641
2171649
2171708
2171715
2171720
2171720
2171740
2171803
2171804
2171809
2171965
2171980
2172092
2172132
2172219
2172244
2172248
2172274
2172284
2172295
2172326
2172428
2172541
2172565
2172599
2172730
2172754
2172755
2172760
2172795
2173028
2173057
2173069
2173201
2173405
2173468
2173508
2173647
2173652
2173669
2173683
2173696
2173822
2173871
2173910
2173947
2173982
2174110
2174136
2174156
2174201
2174275
2174280
2174335
2174382
2174430
2174457
2174615
2174622
2174625
2174726
2174806
2174892
2174924
2174936
2174996
2175030
2175033
2175035
2175066
2175077
2175109
2175157
2175239
2175263
2175282
2175424
2175457
2175572
2175573
2175610
2175699
2175712
2175736
2175801
2175834
2175846
2175880
2175888
2175953
2176013
2176021
2176077
2176082
2176195
2176454
2176535
2176548
2176556
2176603
2176689
2176725
2176781
2176819
2176866
2176874
2176970
2176978
2177020
2177065
2177066
2177068
2177079
2177149
2177174
2177195
2177309
2177355
2177356
2177446
2177470
2177480
2177515
2177550
2177572
2177574
2177577
2177585
2177593
2177634
2177663
2177708
2177724
2177766
2177817
2177821
2177949
2177977
2177996
2178091
2178138
2178161
2178170
2178207
2178220
2178374
2178377
2178423
2178428
2178494
2178558
2178559
2178705
2178710
2178767
2178787
2178859
2178884
2178967
2178971
2178986
2179068
2179099
2179195
2179265
2179305
2179320
2179391
2179432
2179440
2179459
2179476
2179515
2179568
2179578
2179606
2179644
2179651
2179666
2179726
2179737
2179756
2179855
2179884
2179965
2180019
2180034
2180150
2180160
2180332
2180493
2180569
2180602
2180623
2180629
2180640
2180730
2180782
2180807
2180987
2181031
2181197
2181266
2181340
2181417
2181441
2181588
2181590
2181635
2181661
2181682
2181912
2181976
2182036
2182174
2182213
2182283
2182297
2182339
2182433
2182476
2182504
2182576
2182594
2182756
2182797
2182817
2182854
2182903
2182910
2182957
2182979
2183005
2183007
2183012
2183069
2183378
2183506
2183533
2183547
2183559
2183612
2183639
2183687
2183692
2183699
2183769
2183874
2183885
2183927
2183976
2183991
2184084
2184147
2184216
2184232
2184264
2184295
2184472
2184472
2184539
2184572
2184597
2184621
2184633
2184682
2184717
2184765
2184793
2184797
2184864
2184936
2184971
2185052
2185118
2185129
2185155
2185238
2185283
2185352
2185394
2185423
2185516
2185540
2185546
2185574
2185589
2185589
2185706
2185851
2185857
2185871
2185931
2185950
2185987
2185992
2186050
2186073
2186098
2186254
2186386
2186432
2186437
2186465
2186692
2186694
2186700
2186712
2186713
2186723
2186730
2186735
2186744
2186764
2186788
2186836
2186837
2186907
2187104
2187144
2187182
2187279
2187316
2187326
2187393
2187402
2187457
2187511
2187517
2187527
2187568
2187568
2187659
2187692
2187693
2187765
2187774
2187900
2187969
2188058
2188082
2188087
2188122
2188282
2188291
2188338
2188554
2188579
2188614
2188661
2188667
2188687
2188688
2188709
2188756
2188775
2188876
2189253
2189285
2189289
2189304
2189369
2189474
2189493
2189550
2189645
2189740
2189859
2190005
2190046
2190064
2190084
2190303
2190533
2190537
2190538
2190586
2190831
2190838
2190901
2190921
2190938
2190994
2191000
2191008
2191068
2191085
2191099
2191172
2191191
2191414
2191438
2191511
2191597
2191609
2191665
2191691
2191717
2191736
2191738
2191747
2192051
2192087
2192111
2192134
2192141
2192160
2192188
2192283
2192327
2192378
2192398
2192441
2192587
2192677
2192726
2192729
2192952
2192962
2193038
2193156
2193175
2193227
2193429
2193511
2193519
2193661
2193683
2193780
2193810
2193810
2193820
2193857
2193860
2193884
2193906
2193957
2193991
2194366
2194445
2194462
2194477
2194627
2194751
2194762
2194762
2194770
2194842
2194893
2194984
2195078
2195122
2195171
2195279
2195339
2195347
2195356
2195400
2195415
2195425
2195433
2195446
2195492
2195523
2195644
2195766
2195771
2195790
2195898
2195912
2196006
2196067
2196099
2196103
2196149
2196156
2196172
2196242
2196245
2196395
2196395
2196409
2196652
2196674
2196741
2196905
2197407
2197448
2197486
2197502
2197534
2197541
2197566
2197663
2197719
2197800
2197892
2197928
2197962
2198015
2198103
2198141
2198142
2198146
2198148
2198221
2198223
2198280
2198283
2198284
2198289
2198291
2198328
2198360
2198399
2198525
2198560
2198689
2198719
2198721
2198728
2198899
2198923
2199085
2199149
2199240
2199243
2199298
2199298
2199339
2199422
2199455
2199471
2199576
2199659
2199670
2199677
2199748
2199766
2199802
2199861
2199927
2199960
2199965
2199967
2200005
2200061
2200146
2200171
2200171
2200185
2200220
2200405
2200536
2200574
2200653
2200727
2200941
2200972
2201068
2201144
2201149
2201184
2201239
2201273
2201278
2201305
2201326
2201336
2201355
2201369
2201374
2201418
2201434
2201445
2201548
2201577
2201577
2201634
2201685
2201687
2201810
2201843
2201848
2201869
2201873
2201999
2202087
2202138
2202164
2202178
2202197
2202232
2202260
2202346
2202364
2202456
2202464
2202637
2202666
2202696
2202768
2202796
2202802
2202951
2203001
2203019
2203036
2203041
2203055
2203071
2203117
2203157
2203317
2203416
2203451
2203555
2203567
2203665
2203687
2203730
2203762
2203794
2203935
2203948
2203953
2204089
2204118
2204355
2204390
2204396
2204402
2204467
2204472
2204496
2204546
2204601
2204628
2204682
2204724
2204860
2204955
2204972
2204979
2205104
2205113
2205126
2205241
2205356
2205358
2205362
2205391
2205448
2205642
2205685
2205694
2205774
2205782
2205808
2205818
2205884
2205895
2205925
2205955
2205993
2205993
2206012
2206034
2206041
2206097
2206111
2206193
2206199
2206279
2206307
2206343
2206345
2206490
2206546
2206558
2206832
2206837
2206848
2207037
2207137
2207170
2207177
2207207
2207228
2207341
2207373
2207390
2207454
2207515
2207615
2207623
2207644
2207656
2207670
2207672
2207690
2207769
2207867
2207887
2207911
2208016
2208028
2208049
2208097
2208233
2208320
2208395
2208439
2208517
2208584
2208602
2208664
2208715
2208727
2208737
2208767
2208771
2208801
2208816
2208855
2208885
2209002
2209023
2209050
2209093
2209258
2209307
2209392
2209446
2209793
2209799
2209813
2209845
2209887
2209904
2210038
2210063
2210082
2210089
2210102
2210118
2210130
2210138
2210221
2210320
2210329
2210369
2210371
2210376
2210442
2210634
2210645
2210684
2210697
2210710
2210789
2210814
2210814
2210880
2210914
2210926
2210935
2210951
2211053
2211067
2211148
2211205
2211259
2211329
2211363
2211456
2211458
2211472
2211634
2211706
2211730
2211886
2211954
2211961
2211969
2212003
2212009
2212027
2212076
2212078
2212167
2212173
2212194
2212324
2212390
2212421
2212480
2212597
2212666
2212756
2212766
2212790
2212850
2212872
2212889
2212892
2212948
2213063
2213085
2213089
2213095
2213188
2213213
2213241
2213281
2213316
2213450
2213466
2213512
2213557
2213589
2213589
2213600
2213610
2213612
2213649
2213658
2213678
2213935
2214186
2214214
2214240
2214261
2214276
2214301
2214334
2214347
2214415
2214442
2214482
2214493
2214504
2214641
2214667
2214776
2214789
2214802
2214865
2214876
2214906
2214954
2214985
2215045
2215194
2215352
2215385
2215389
2215470
2215497
2215530
2215565
2215635
2215638
2215745
2215829
2215840
2215871
2215879
2215946
2216087
2216174
2216211
2216228
2216292
2216309
2216330
2216394
2216497
2216538
2216546
2216569
2216624
2216709
2216728
2216761
2216766
2216905
2216924
2216932
2216957
2216994
2217041
2217057
2217138
2217152
2217207
2217338
2217378
2217380
2217403
2217434
2217462
2217471
2217495
2217655
2217738
2217890
2217958
2218057
2218085
2218134
2218160
2218234
2218238
2218271
2218431
2218489
2218542
2218579
2218598
2218624
2218660
2218770
2218806
2218818
2218822
2218850
2218895
2219028
2219124
2219237
2219327
2219330
2219414
2219491
2219507
2219515
2219524
2219574
2219576
2219604
2219620
2219624
2219714
2219760
2219791
2219961
2220065
2220211
2220225
2220248
2220304
2220321
2220338
2220375
2220379
2220413
2220498
2220519
2220611
2220670
2220690
2220703
2220773
2220779
2220781
2220795
2220809
2220848
2220988
2221021
2221051
2221074
2221159
2221189
2221250
2221253
2221256
2221360
2221386
2221388
2221389
2221414
2221415
2221483
2221492
2221565
2221608
2221677
2221680
2221748
2222047
2222069
2222102
2222130
2222241
2222283
2222305
2222306
2222341
2222413
2222422
2222452
2222478
2222523
2222575
2222617
2222623
2222664
2222678
2222764
2222825
2222965
2223053
2223188
2223218
2223268
2223282
2223312
2223336
2223348
2223379
2223428
2223512
2223646
2223815
2223826
2223873
2223961
2223965
2223970
2223979
2224018
2224069
2224103
2224112
2224202
2224272
2224306
2224322
2224357
2224399
2224453
2224472
2224489
2224495
2224557
2224567
2224712
2224721
2224725
2224734
2224746
2224760
2224771
2224793
2224824
2224860
2224888
2224905
2224918
2224942
2224983
2225087
2225126
2225157
2225195
2225303
2225351
2225377
2225413
2225505
2225578
2225581
2225588
2225600
2225635
2225750
2225899
2225922
2225927
2226040
2226113
2226119
2226120
2226161
2226170
2226200
2226302
2226424
2226477
2226608
2226723
2226796
2226859
2226876
2226917
2226941
2226950
2226951
2227066
2227096
2227176
2227246
2227343
2227434
2227444
2227489
2227629
2227670
2227672
2227733
2227831
2227856
2227944
2228148
2228203
2228292
2228323
2228532
2228544
2228576
2228597
2228624
2228645
2228750
2228809
2228954
2228983
2229015
2229130
2229172
2229173
2229208
2229221
2229223
2229225
2229244
2229408
2229445
2229516
2229551
2229582
2229686
2229695
2229741
2229752
2229929
2229947
2229959
2230010
2230057
2230159
2230197
2230274
2230351
2230380
2230412
2230512
2230533
2230607
2230640
2230693
2230699
2230708
2230758
2230940
2231102
2231146
2231235
2231307
2231309
2231332
2231364
2231399
2231404
2231421
2231444
2231465
2231496
2231569
2231588
2231657
2231675
2231781
2231804
2231829
2231874
2231921
2231993
2232115
2232141
2232219
2232252
2232256
2232262
2232409
2232413
2232420
2232458
2232531
2232550
2232561
2232591
2232631
2232774
2232814
2232835
2232927
2232968
2232993
2232997
2233177
2233185
2233197
2233243
2233246
2233363
2233408
2233425
2233502
2233518
2233662
2233686
2233801
2233880
2233912
2233946
2233952
2234023
2234050
2234107
2234120
2234145
2234200
2234280
2234282
2234392
2234404
2234436
2234502
2234520
2234534
2234542
2234596
2234626
2234692
2234702
2234704
2234790
2234860
2234901
2234902
2234929
2234937
2234939
2234995
2235038
2235051
2235055
2235138
2235139
2235166
2235206
2235343
2235435
2235499
2235535
2235555
2235583
2235610
2235649
2235681
2235851
2235857
2235869
2235881
2235882
2235931
2235967
2236027
2236089
2236113
2236138
2236175
2236204
2236265
2236274
2236285
2236291
2236302
2236335
2236350
2236375
2236438
2236457
2236512
2236646
2236741
2236776
2236832
2236837
2236955
2236969
2236983
2237011
2237121
2237265
2237342
2237355
2237456
2237604
2237641
2237685
2237748
2237749
2237837
2237859
2237882
2237883
2237928
2238027
2238042
2238096
2238113
2238149
2238189
2238248
2238420
2238554
2238577
2238600
2238632
2238711
2238736
2238773
2238799
2238860
2238860
2238934
2238985
2239021
2239105
2239124
2239136
2239139
2239159
2239185
2239193
2239226
2239317
2239387
2239388
2239417
2239439
2239457
2239586
2239793
2239942
2239950
2239953
2239956
2240119
2240158
2240169
2240355
2240388
2240470
2240564
2240565
2240587
2240618
2240629
2240641
2240667
2240711
2240729
2240778
2240846
2240896
2241005
2241005
2241009
2241032
2241063
2241081
2241093
2241124
2241135
2241185
2241285
2241298
2241357
2241392
2241426
2241438
2241528
2241529
2241660
2241745
2241747
2241750
2241767
2241850
2242002
2242087
2242376
2242378
2242449
2242459
2242460
2242480
2242574
2242607
2242724
2242802
2242851
2242923
2242981
2242987
2243040
2243062
2243078
2243133
2243134
2243243
2243308
2243429
2243500
2243562
2243597
2243820
2243873
2243991
2243999
2244081
2244098
2244133
2244146
2244147
2244199
2244280
2244283
2244387
2244391
2244570
2244578
2244612
2244792
2244958
2245024
2245074
2245143
2245171
2245233
2245236
2245391
2245536
2245553
2245563
2245626
2245657
2245698
2245745
2245853
2245912
2245958
2246144
2246211
2246239
2246312
2246375
2246414
2246423
2246438
2246444
2246447
2246458
2246503
2246627
2246653
2246663
2246721
2246727
2246812
2246846
2246892
2246903
2246928
2246962
2247020
2247043
2247186
2247201
2247213
2247263
2247282
2247368
2247389
2247453
2247508
2247508
2247580
2247621
2247660
2247697
2247717
2247794
2247796
2247912
2247933
2247945
2247978
2248085
2248155
2248204
2248257
2248320
2248368
2248459
2248499
2248580
2248585
2248603
2248765
2248786
2248805
2248855
2248874
2248938
2249001
2249019
2249097
2249311
2249319
2249354
2249387
2249406
2249461
2249468
2249515
2249552
2249651
2249684
2249685
2249749
2249804
2249831
2249840
2249932
2250017
2250200
2250325
2250332
2250351
2250360
2250409
2250450
2250453
2250459
2250474
2250477
2250491
2250602
2250612
2250631
2250672
2250681
2250699
2250790
2250836
2250863
2250903
2250932
2251043
2251167
2251188
2251282
2251287
2251293
2251308
2251346
2251401
2251464
2251481
2251547
2251564
2251728
2251884
2251947
2252012
2252022
2252073
2252095
2252118
2252158
2252196
2252266
2252345
2252367
2252423
2252433
2252455
2252485
2252513
2252550
2252563
2252674
2252681
2252718
2252727
2252727
2252752
2252760
2252767
2252856
2252887
2252892
2252960
2253051
2253067
2253083
2253114
2253164
2253167
2253238
2253321
2253345
2253381
2253430
2253515
2253539
2253709
2253756
2253906
2253908
2254016
2254058
2254062
2254064
2254082
2254082
2254131
2254145
2254172
2254404
2254473
2254599
2254611
2254643
2254654
2254663
2254664
2254680
2254688
2254696
2254734
2254826
2254879
2254881
2254881
2254896
2254937
2254941
2255040
2255350
2255393
2255457
2255489
2255522
2255533
2255678
2255699
2255744
2255775
2255876
2255941
2256026
2256203
2256300
2256313
2256337
2256402
2256402
2256457
2256472
2256550
2256579
2256652
2256731
2256745
2256805
2256810
2256956
2257258
2257296
2257322
2257384
2257415
2257466
2257495
2257515
2257516
2257585
2257593
2257606
2257733
2257770
2257820
2257861
2257888
2257981
2258020
2258050
2258117
2258137
2258152
2258173
2258278
2258320
2258331
2258426
2258478
2258541
2258556
2258566
2258581
2258595
2258596
2258876
2258883
2258928
2258995
2259073
2259073
2259078
2259109
2259134
2259187
2259216
2259218
2259267
2259272
2259315
2259350
2259368
2259537
2259561
2259968
2260044
2260132
2260314
2260321
2260371
2260373
2260495
2260559
2260620
2260741
2260804
2260813
2260835
2260848
2260896
2260980
2261042
2261053
2261057
2261083
2261143
2261208
2261268
2261424
2261467
2261482
2261535
2261556
2261586
2261710
2261880
2261903
2261922
2261926
2262022
2262035
2262047
2262051
2262084
2262466
2262496
2262655
2262718
2262753
2262892
2262903
2263091
2263208
2263223
2263250
2263370
2263405
2263629
2263697
2263718
2263724
2263725
2263736
2263883
2263963
2264046
2264081
2264108
2264116
2264142
2264156
2264168
2264208
2264274
2264294
2264352
2264380
2264401
2264437
2264479
2264555
2264644
2264676
2264754
2264755
2264762
2264804
2264842
2264852
2264862
2264900
2264936
2265061
2265099
2265140
2265160
2265195
2265232
2265311
2265330
2265335
2265375
2265415
2265479
2265507
2265709
2265813
2265823
2265876
2265882
2265908
2265916
2265932
2266002
2266065
2266066
2266120
2266166
2266245
2266335
2266448
2266480
2266504
2266509
2266568
2266575
2266598
2266713
2266726
2266733
2266852
2266932
2266935
2266940
2266953
2266983
2267013
2267036
2267040
2267054
2267102
2267121
2267154
2267156
2267183
2267266
2267312
2267337
2267378
2267405
2267408
2267422
2267424
2267424
2267450
2267540
2267606
2267618
2267618
2267725
2267798
2267837
2267897
2267910
2267967
2268011
2268043
2268110
2268222
2268223
2268250
2268260
2268311
2268512
2268577
2268587
2268688
2268743
2268867
2268956
2268969
2268987
2269024
2269034
2269087
2269141
2269176
2269316
2269385
2269393
2269424
2269429
2269430
2269488
2269569
2269587
2269634
2269648
2269712
2269870
2269902
2269933
2270016
2270021
2270096
2270165
2270197
2270218
2270222
2270226
2270244
2270270
2270274
2270335
2270337
2270348
2270423
2270443
2270455
2270563
2270565
2270575
2270630
2270682
2270725
2270789
2270963
2271182
2271250
2271313
2271415
2271418
2271522
2271544
2271563
2271616
2271672
2271746
2271789
2271812
2271960
2271973
2271999
2272022
2272035
2272190
2272191
2272235
2272250
2272315
2272323
2272485
2272496
2272524
2272700
2272757
2272771
2272881
2272965
2273060
2273306
2273341
2273349
2273355
2273423
2273475
2273603
2273629
2273650
2273736
2273748
2273750
2273756
2273825
2273883
2273900
2273929
2273998
2274028
2274177
2274222
2274228
2274331
2274381
2274390
2274404
2274411
2274545
2274554
2274609
2274616
2274743
2274836
2274859
2274885
2274986
2274994
2275037
2275110
2275250
2275308
2275308
2275309
2275377
2275389
2275414
2275487
2275552
2275579
2275642
2275647
2275670
2275710
2275747
2275786
2275879
2276047
2276091
2276091
2276110
2276130
2276146
2276156
2276159
2276162
2276188
2276271
2276282
2276292
2276303
2276320
2276347
2276531
2276531
2276577
2276601
2276626
2276640
2276703
2276713
2276829
2276870
2276900
2276902
2276929
2276984
2277181
2277246
2277368
2277381
2277424
2277479
2277574
2277678
2277713
2277780
2277891
2278009
2278056
2278068
2278108
2278256
2278294
2278405
2278429
2278446
2278578
2278700
2278706
2278765
2278770
2279091
2279188
2279254
2279331
2279555
2279612
2279637
2279652
2279669
2279673
2279728
2279745
2279776
2279813
2279824
2279864
2279879
2279925
2279926
2279929
2279961
2279980
2280049
2280067
2280178
2280207
2280214
2280394
2280445
2280456
2280620
2280826
2280833
2280881
2280882
2280886
2280903
2280915
2280967
2280991
2281010
2281013
2281035
2281084
2281170
2281202
2281258
2281261
2281419
2281429
2281495
2281513
2281556
2281655
2281718
2281726
2281746
2281770
2281897
2281934
2282021
2282042
2282164
2282244
2282467
2282486
2282564
2282605
2282710
2282721
2282724
2282741
2282953
2283031
2283240
2283298
2283313
2283316
2283373
2283393
2283400
2283447
2283454
2283539
2283551
2283585
2283828
2283899
2283900
2283983
2284008
2284048
2284055
2284141
2284231
2284299
2284454
2284458
2284472
2284523
2284526
2284558
2284581
2284601
2284627
2284719
2284771
2284772
2284816
2284889
2284917
2285085
2285222
2285233
2285237
2285255
2285260
2285312
2285458
2285469
2285484
2285511
2285523
2285615
2285665
2285847
2285932
2286106
2286211
2286260
2286272
2286337
2286559
2286785
2286786
2286818
2286874
2286965
2287231
2287365
2287418
2287421
2287597
2287609
2287632
2287666
2287718
2287749
2287807
2287845
2287955
2287960
2287969
2287970
2287975
2287981
2288007
2288071
2288091
2288188
2288269
2288273
2288317
2288324
2288369
2288380
2288446
2288512
2288536
2288562
2288584
2288609
2288750
2288927
2288955
2289003
2289032
2289182
2289208
2289260
2289406
2289458
2289553
2289661
2289663
2289741
2289811
2289827
2289845
2289856
2289888
2289999
2290009
2290025
2290111
2290112
2290123
2290130
2290153
2290156
2290180
2290408
2290511
2290552
2290612
2290660
2290684
2290755
2290775
2290791
2290805
2290936
2290944
2290970
2291124
2291131
2291155
2291242
2291243
2291276
2291304
2291305
2291429
2291635
2291654
2291665
2291703
2291750
2291828
2291843
2292046
2292121
2292148
2292199
2292311
2292347
2292369
2292384
2292431
2292438
2292527
2292533
2292573
2292573
2292576
2292628
2292657
2292666
2292740
2292740
2292751
2292781
2292909
2292996
2293041
2293056
2293088
2293136
2293188
2293188
2293199
2293242
2293256
2293264
2293291
2293371
2293418
2293457
2293616
2293648
2293653
2293682
2293734
2293738
2293741
2293758
2293775
2293797
2293884
2293896
2293929
2293934
2293945
2293956
2293985
2294006
2294071
2294098
2294099
2294114
2294123
2294290
2294325
2294333
2294360
2294429
2294483
2294553
2294708
2294734
2294739
2294900
2294921
2294954
2294974
2294984
2294990
2295023
2295100
2295107
2295131
2295166
2295258
2295260
2295303
2295342
2295424
2295452
2295452
2295474
2295608
2295629
2295692
2295703
2295728
2295831
2295844
2295852
2295956
2295960
2296012
2296123
2296124
2296146
2296166
2296179
2296209
2296242
2296307
2296356
2296360
2296460
2296474
2296570
2296594
2296601
2296630
2296662
2296726
2296740
2296761
2296813
2296900
2296952
2296979
2296986
2297043
2297047
2297068
2297252
2297370
2297421
2297595
2297686
2297730
2297763
2297770
2297862
2297901
2297923
2297926
2298023
2298048
2298091
2298160
2298162
2298202
2298213
2298214
2298333
2298378
2298386
2298410
2298455
2298549
2298683
2298694
2298704
2298996
2299025
2299046
2299129
2299166
2299271
2299334
2299379
2299381
2299396
2299436
2299483
2299522
2299569
2299588
2299646
2299724
2299747
2299769
2299778
2299828
2299841
2299884
2299905
2299942
2300120
2300230
2300258
2300321
2300335
2300409
2300486
2300734
2300778
2300876
2300885
2300899
2300988
2300995
2301003
2301017
2301017
2301045
2301085
2301092
2301124
2301133
2301343
2301383
2301462
2301524
2301715
2301731
2301749
2301780
2301858
2301872
2301969
2302017
2302026
2302130
2302141
2302215
2302225
2302229
2302240
2302240
2302269
2302364
2302558
2302559
2302588
2302602
2302610
2302695
2302729
2302734
2302788
2302937
2302964
2302980
2302983
2302983
2302993
2303045
2303055
2303156
2303163
2303226
2303240
2303375
2303405
2303429
2303515
2303563
2303600
2303616
2303646
2303706
2303747
2303800
2303864
2303904
2303962
2304032
2304063
2304090
2304113
2304159
2304180
2304187
2304189
2304219
2304230
2304231
2304236
2304264
2304274
2304274
2304299
2304403
2304447
2304501
2304505
2304547
2304593
2304607
2304647
2304670
2304726
2304732
2304769
2304772
2304801
2304852
2304854
2304864
2304904
2304991
2305129
2305214
2305232
2305280
2305341
2305368
2305402
2305521
2305560
2305631
2305685
2305699
2305703
2305778
2305816
2305891
2305900
2305962
2305964
2305980
2306000
2306058
2306115
2306246
2306305
2306308
2306324
2306393
2306476
2306477
2306489
2306562
2306583
2306605
2306620
2306644
2306702
2306724
2306743
2306746
2306758
2306810
2306814
2306839
2306987
2307133
2307255
2307293
2307342
2307380
2307494
2307544
2307574
2307577
2307623
2307646
2307658
2307753
2307809
2307827
2307866
2307879
2307892
2307931
2307944
2307953
2307973
2308025
2308051
2308055
2308061
2308265
2308277
2308288
2308307
2308327
2308347
2308369
2308407
2308424
2308478
2308483
2308592
2308606
2308638
2308667
2308719
2308751
2308782
2309004
2309063
2309070
2309073
2309102
2309114
2309321
2309345
2309357
2309441
2309589
2309737
2309915
2309924
2310012
2310105
2310149
2310206
2310211
2310212
2310267
2310309
2310331
2310394
2310402
2310481
2310501
2310507
2310749
2310761
2310781
2310783
2310819
2310851
2310873
2310895
2310948
2310956
2310972
2311006
2311046
2311088
2311155
2311168
2311216
2311270
2311384
2311405
2311455
2311477
2311489
2311637
2311707
2311738
2311801
2311817
2311834
2311871
2311897
2311905
2311910
2311915
2311936
2311936
2311997
2312015
2312029
2312064
2312191
2312248
2312281
2312298
2312326
2312437
2312464
2312514
2312541
2312552
2312657
2312716
2312740
2312820
2312845
2312853
2312856
2312865
2312926
2312930
2312984
2312988
2313112
2313210
2313313
2313316
2313331
2313342
2313398
2313452
2313506
2313627
2313701
2313711
2313727
2313738
2313802
2314025
2314045
2314109
2314129
2314142
2314230
2314240
2314271
2314330
2314342
2314368
2314401
2314418
2314504
2314582
2314593
2314643
2314686
2314869
2314894
2314925
2314936
2314952
2314967
2314971
2315072
2315078
2315127
2315147
2315166
2315261
2315290
2315344
2315344
2315428
2315467
2315582
2315671
2315712
2315727
2315772
2315929
2315991
2316101
2316106
2316247
2316300
2316391
2316420
2316440
2316471
2316542
2316553
2316612
2316625
2316737
2316777
2316778
2316812
2316827
2316890
2316912
2316913
2316919
2317003
2317110
2317125
2317159
2317276
2317304
2317362
2317373
2317385
2317400
2317457
2317463
2317515
2317663
2317745
2317748
2317775
2317837
2317851
2317868
2317879
2318007
2318033
2318234
2318274
2318296
2318296
2318297
2318316
2318331
2318462
2318483
2318505
2318644
2318702
2318737
2318753
2318854
2318856
2319121
2319252
2319291
2319356
2319384
2319429
2319449
2319452
2319485
2319512
2319636
2319642
2319712
2319718
2319815
2319858
2319907
2319945
2319995
2319998
2320010
2320082
2320131
2320344
2320366
2320391
2320393
2320413
2320539
2320594
2320612
2320615
2320664
2320674
2320678
2320773
2320773
2320808
2320814
2321000
2321029
2321078
2321155
2321168
2321201
2321258
2321327
2321362
2321375
2321415
2321431
2321504
2321513
2321640
2321756
2321783
2321836
2322013
2322064
2322105
2322127
2322297
2322315
2322374
2322397
2322412
2322459
2322544
2322553
2322579
2322639
2322639
2322645
2322648
2322688
2322722
2322748
2322765
2322805
2322842
2322873
2322914
2323037
2323092
2323114
2323414
2323419
2323471
2323593
2323646
2323681
2323763
2323766
2323986
2324066
2324078
2324144
2324260
2324272
2324299
2324323
2324410
2324468
2324475
2324545
2324545
2324560
2324647
2324656
2324716
2324739
2324810
2324873
2324875
2324877
2324894
2324902
2324933
2324978
2324999
2325031
2325033
2325070
2325152
2325192
2325209
2325233
2325270
2325310
2325355
2325460
2325475
2325561
2325724
2325772
2325790
2325796
2325923
2325933
2325934
2326019
2326032
2326094
2326095
2326173
2326234
2326269
2326279
2326350
2326362
2326405
2326434
2326442
2326469
2326546
2326556
2326594
2326612
2326626
2326642
2326727
2326853
2326885
2326898
2326907
2326980
2327128
2327181
2327236
2327303
2327327
2327330
2327330
2327554
2327630
2327651
2327724
2327789
2327824
2327978
2328028
2328052
2328074
2328086
2328166
2328420
2328421
2328468
2328529
2328570
2328652
2328682
2328682
2328827
2328838
2328852
2328855
2328864
2328871
2328871
2328886
2328920
2328992
2329024
2329028
2329140
2329155
2329170
2329230
2329270
2329286
2329322
2329362
2329381
2329441
2329459
2329460
2329495
2329499
2329557
2329605
2329690
2329777
2329880
2329892
2329995
2330002
2330024
2330113
2330119
2330209
2330362
2330371
2330418
2330449
2330474
2330498
2330512
2330541
2330560
2330603
2330789
2330882
2330885
2330902
2330939
2330964
2331048
2331084
2331101
2331112
2331122
2331160
2331229
2331339
2331346
2331369
2331444
2331486
2331501
2331539
2331625
2331632
2331667
2331751
2331764
2331847
2331862
2331881
2331900
2331969
2331980
2332087
2332128
2332145
2332155
2332295
2332410
2332466
2332469
2332491
2332495
2332505
2332530
2332560
2332594
2332660
2332671
2332682
2332689
2332729
2332780
2332926
2332976
2333054
2333128
2333176
2333181
2333214
2333428
2333438
2333446
2333498
2333506
2333576
2333688
2333708
2333768
2333807
2333934
2333939
2333965
2333968
2333987
2334026
2334083
2334113
2334125
2334128
2334153
2334155
2334229
2334243
2334284
2334406
2334496
2334535
2334685
2334701
2334795
2334807
2334911
2334936
2334957
2334959
2335027
2335123
2335131
2335168
2335239
2335260
2335285
2335398
2335422
2335472
2335478
2335504
2335580
2335605
2335622
2335638
2335641
2335698
2335758
2335780
2335848
2335879
2335919
2336041
2336092
2336100
2336192
2336273
2336333
2336339
2336391
2336609
2336620
2336627
2336696
2336715
2336716
2336737
2336738
2336768
2336842
2336857
2336872
2336965
2337017
2337034
2337072
2337128
2337157
2337184
2337227
2337231
2337240
2337397
2337407
2337408
2337465
2337508
2337512
2337566
2337568
2337634
2337687
2337687
2337744
2337844
2337914
2338120
2338198
2338220
2338240
2338279
2338297
2338329
2338409
2338419
2338421
2338435
2338668
2338808
2338814
2338839
2338932
2338976
2339011
2339064
2339175
2339286
2339398
2339440
2339544
2339566
2339590
2339598
2339758
2339766
2339827
2339876
2340175
2340192
2340206
2340218
2340234
2340407
2340485
2340502
2340502
2340550
2340609
2340687
2340692
2340721
2340773
2340821
2340891
2340893
2340927
2340945
2340963
2341108
2341199
2341314
2341336
2341350
2341365
2341391
2341403
2341468
2341594
2341658
2341744
2341762
2342184
2342203
2342208
2342228
2342335
2342421
2342454
2342466
2342492
2342505
2342509
2342518
2342560
2342564
2342593
2342613
2342652
2342673
2342685
2342703
2342763
2343121
2343180
2343186
2343221
2343241
2343319
2343328
2343345
2343386
2343387
2343406
2343462
2343515
2343612
2343625
2343660
2343663
2343720
2343768
2343840
2343890
2343904
2343961
2344085
2344117
2344171
2344181
2344194
2344226
2344327
2344478
2344552
2344597
2344610
2344703
2344733
2344745
2344764
2344850
2344880
2344956
2344982
2344984
2344997
2345037
2345086
2345094
2345105
2345204
2345238
2345260
2345339
2345369
2345398
2345443
2345451
2345473
2345495
2345507
2345527
2345559
2345603
2345631
2345732
2345733
2346041
2346169
2346212
2346553
2346726
2346749
2346784
2346804
2346853
2346987
2347062
2347084
2347096
2347146
2347213
2347240
2347279
2347286
2347333
2347337
2347382
2347401
2347422
2347467
2347544
2347641
2347703
2347785
2347786
2347868
2347870
2347870
2347909
2347922
2347934
2347942
2347954
2348022
2348072
2348125
2348256
2348266
2348372
2348523
2348572
2348600
2348605
2348660
2348706
2348713
2348783
2348794
2348861
2348935
2348955
2349137
2349179
2349204
2349211
2349228
2349264
2349283
2349351
2349430
2349478
2349511
2349542
2349552
2349613
2349628
2349653
2349667
2349786
2349797
2349957
2350037
2350038
2350044
2350082
2350106
2350207
2350236
2350310
2350347
2350520
2350527
2350551
2350598
2350621
2350780
2350792
2350857
2350889
2350947
2350966
2350978
2351018
2351142
2351188
2351227
2351340
2351424
2351441
2351451
2351545
2351592
2351656
2351671
2351684
2351704
2351706
2351755
2351772
2351826
2351832
2351858
2351890
2351929
2351938
2351983
2352047
2352086
2352136
2352161
2352164
2352215
2352293
2352322
2352323
2352351
2352386
2352403
2352423
2352523
2352545
2352558
2352817
2352848
2352909
2352940
2352994
2353018
2353028
2353048
2353079
2353277
2353342
2353359
2353406
2353473
2353537
2353548
2353560
2353566
2353628
2353644
2353658
2353711
2353738
2353817
2353827
2353892
2353938
2353948
2353998
2354028
2354028
2354112
2354114
2354123
2354150
2354151
2354198
2354268
2354396
2354414
2354440
2354458
2354523
2354549
2354571
2354610
2354642
2354689
2354717
2354775
2354813
2354963
2354990
2355003
2355045
2355072
2355210
2355239
2355291
2355332
2355348
2355365
2355369
2355398
2355469
2355484
2355587
2355635
2355688
2355709
2355776
2355791
2355859
2355914
2355926
2355944
2355953
2356012
2356031
2356043
2356054
2356172
2356297
2356303
2356356
2356405
2356490
2356491
2356543
2356550
2356552
2356673
2356706
2356711
2356737
2356778
2356846
2356919
2356938
2356997
2357051
2357056
2357060
2357074
2357080
2357102
2357118
2357213
2357232
2357272
2357340
2357348
2357392
2357427
2357440
2357466
2357480
2357507
2357534
2357557
2357566
2357583
2357588
2357608
2357642
2357711
2357783
2357854
2357884
2357892
2357904
2357937
2357974
2358217
2358286
2358301
2358301
2358390
2358397
2358427
2358613
2358696
2358773
2358777
2358783
2358801
2358806
2358819
2358888
2358945
2358980
2358986
2359038
2359131
2359175
2359190
2359256
2359264
2359272
2359288
2359300
2359355
2359394
2359445
2359448
2359473
2359520
2359593
2359622
2359640
2359654
2359827
2359891
2359916
2360084
2360121
2360139
2360159
2360224
2360248
2360302
2360317
2360355
2360397
2360420
2360466
2360520
2360539
2360548
2360549
2360552
2360562
2360594
2360596
2360611
2360670
2360747
2360781
2360781
2360814
2360837
2361031
2361058
2361086
2361135
2361142
2361195
2361265
2361376
2361432
2361454
2361492
2361566
2361590
2361637
2361657
2361714
2361725
2361751
2361774
2361794
2361868
2362110
2362145
2362220
2362225
2362271
2362280
2362327
2362351
2362392
2362426
2362587
2362588
2362654
2362809
2362828
2362850
2362859
2362910
2363048
2363157
2363190
2363238
2363248
2363482
2363526
2363617
2363630
2363706
2363774
2363849
2363985
2364089
2364103
2364196
2364257
2364304
2364418
2364460
2364673
2364721
2364798
2364802
2364839
2364866
2364943
2364997
2365012
2365031
2365091
2365162
2365180
2365403
2365476
2365498
2365525
2365557
2365567
2365608
2365668
2365685
2365725
2365751
2365764
2365865
2365882
2365894
2365897
2365914
2365914
2366003
2366042
2366142
2366176
2366200
2366214
2366269
2366318
2366392
2366568
2366585
2366602
2366621
2366767
2366772
2366838
2366858
2366987
2366999
2367305
2367315
2367341
2367580
2367697
2367712
2367734
2367802
2367881
2367899
2367934
2367996
2368085
2368216
2368225
2368255
2368301
2368331
2368376
2368436
2368519
2368544
2368550
2368566
2368606
2368663
2368682
2368718
2368754
2368765
2368789
2368805
2368827
2368830
2368863
2368901
2368943
2369013
2369032
2369035
2369041
2369183
2369219
2369321
2369332
2369374
2369460
2369467
2369514
2369589
2369761
2369770
2369862
2369945
2369975
2370084
2370135
2370223
2370228
2370326
2370344
2370467
2370642
2370654
2370715
2370966
2370993
2371032
2371042
2371055
2371076
2371089
2371092
2371129
2371186
2371228
2371254
2371287
2371294
2371321
2371325
2371424
2371510
2371512
2371524
2371621
2371630
2371648
2371671
2371695
2371779
2371924
2371952
2372088
2372101
2372118
2372162
2372169
2372303
2372320
2372326
2372373
2372383
2372391
2372448
2372493
2372540
2372574
2372712
2372768
2372784
2372793
2372845
2372852
2372866
2372915
2372965
2372992
2373003
2373088
2373123
2373153
2373163
2373166
2373214
2373220
2373277
2373437
2373631
2373640
2373777
2373779
2373817
2373834
2373869
2373982
2374064
2374092
2374127
2374157
2374221
2374297
2374338
2374356
2374439
2374488
2374599
2374601
2374616
2374623
2374632
2374633
2374677
2374686
2374811
2374837
2374890
2374930
2374973
2375119
2375204
2375215
2375249
2375276
2375352
2375354
2375366
2375380
2375522
2375544
2375560
2375681
2375737
2375754
2375768
2375815
2375850
2375946
2376054
2376061
2376211
2376277
2376316
2376385
2376454
2376457
2376475
2376485
2376514
2376535
2376538
2376595
2376605
2376631
2376677
2376683
2376690
2376701
2376783
2376796
2376861
2377025
2377043
2377122
2377142
2377191
2377222
2377223
2377256
2377503
2377589
2377668
2377739
2377771
2377942
2377953
2378099
2378122
2378133
2378238
2378252
2378659
2378728
2378792
2378803
2378910
2378953
2378977
2378991
2379043
2379082
2379186
2379245
2379362
2379415
2379504
2379522
2379542
2379577
2379587
2379598
2379651
2379665
2379758
2379848
2379986
2380066
2380120
2380232
2380234
2380274
2380286
2380290
2380303
2380322
2380322
2380331
2380337
2380355
2380428
2380526
2380627
2380670
2380673
2380675
2380717
2380730
2380834
2380838
2380841
2381030
2381048
2381247
2381298
2381307
2381325
2381368
2381389
2381396
2381471
2381504
2381534
2381547
2381576
2381600
2381647
2381668
2381674
2381785
2381798
2381911
2381936
2381990
2382270
2382343
2382348
2382387
2382460
2382479
2382505
2382515
2382628
2382639
2382651
2382720
2382779
2382785
2382810
2382827
2382862
2382882
2382893
2382956
2383007
2383119
2383323
2383360
2383390
2383498
2383500
2383516
2383552
2383559
2383673
2383695
2383704
2383716
2383784
2383790
2383799
2383898
2383920
2383975
2384028
2384078
2384155
2384204
2384219
2384243
2384340
2384381
2384509
2384536
2384585
2384625
2384667
2384698
2384712
2384790
2384814
2384845
2384872
2384873
2384923
2385077
2385215
2385218
2385235
2385350
2385374
2385407
2385439
2385445
2385539
2385552
2385612
2385630
2385640
2385648
2385727
2385839
2385878
2385882
2385917
2386056
2386063
2386086
2386159
2386233
2386444
2386480
2386540
2386562
2386680
2386728
2386754
2386772
2386800
2386898
2386976
2387007
2387021
2387054
2387113
2387156
2387169
2387247
2387253
2387261
2387278
2387311
2387322
2387346
2387351
2387365
2387378
2387531
2387669
2387681
2387783
2387896
2387921
2387929
2387969
2388044
2388191
2388202
2388268
2388276
2388379
2388440
2388472
2388478
2388543
2388551
2388559
2388683
2388709
2388726
2388804
2388814
2388817
2388830
2388833
2388992
2389071
2389122
2389215
2389239
2389272
2389302
2389345
2389447
2389510
2389526
2389545
2389585
2389598
2389693
2389886
2389886
2389893
2389913
2389998
2390035
2390152
2390248
2390280
2390374
2390423
2390529
2390578
2390665
2390718
2390879
2390908
2390960
2390979
2390987
2390997
2390999
2391123
2391225
2391238
2391252
2391253
2391286
2391336
2391384
2391572
2391573
2391599
2391647
2391733
2391746
2391802
2391837
2391873
2391903
2391919
2391997
2392096
2392103
2392153
2392171
2392268
2392270
2392381
2392441
2392484
2392636
2392703
2392720
2392783
2392927
2392993
2393158
2393189
2393211
2393294
2393312
2393326
2393338
2393376
2393435
2393508
2393535
2393603
2393629
2393639
2393652
2393653
2393676
2393780
2393878
2393978
2394060
2394086
2394141
2394472
2394702
2394773
2394841
2394914
2394914
2394924
2394978
2395147
2395149
2395231
2395300
2395317
2395320
2395413
2395435
2395521
2395582
2395589
2395593
2395713
2395713
2395799
2395815
2395818
2395872
2395905
2395958
2395987
2396002
2396041
2396102
2396301
2396304
2396345
2396519
2396571
2396720
2396867
2396907
2396936
2397009
2397011
2397017
2397049
2397119
2397162
2397244
2397262
2397326
2397368
2397409
2397490
2397549
2397587
2397751
2397773
2397790
2397892
2397906
2397921
2398074
2398132
2398181
2398198
2398279
2398357
2398378
2398382
2398436
2398466
2398504
2398550
2398591
2398610
2398622
2398726
2398798
2398799
2398815
2398851
2398907
2398919
2398962
2398980
2399003
2399191
2399321
2399354
2399357
2399442
2399530
2399550
2399555
2399581
2399590
2399656
2399683
2399706
2399706
2399723
2399877
2399987
2400062
2400092
2400094
2400265
2400323
2400353
2400483
2400506
2400515
2400588
2400674
2400688
2400728
2400733
2400782
2400931
2400988
2401004
2401020
2401037
2401091
2401124
2401147
2401167
2401170
2401314
2401328
2401391
2401458
2401560
2401605
2401645
2401696
2401777
2401812
2401860
2401881
2401959
2401984
2402061
2402074
2402159
2402160
2402182
2402244
2402258
2402287
2402294
2402436
2402477
2402497
2402505
2402564
2402586
2402618
2402621
2402698
2402699
2402711
2402947
2403061
2403073
2403180
2403185
2403230
2403263
2403286
2403286
2403319
2403355
2403422
2403422
2403477
2403530
2403547
2403757
2403768
2403851
2403858
2403926
2403941
2403952
2403966
2404092
2404137
2404147
2404235
2404297
2404367
2404395
2404469
2404487
2404508
2404634
2404635
2404688
2404727
2404753
2404866
2404872
2404910
2404947
2404964
2404985
2405015
2405048
2405090
2405214
2405236
2405291
2405420
2405522
2405567
2405572
2405618
2405741
2405769
2405795
2405860
2405919
2405944
2405977
2406022
2406054
2406071
2406128
2406139
2406226
2406302
2406320
2406408
2406410
2406432
2406470
2406492
2406518
2406540
2406580
2406583
2406673
2406718
2406790
2406829
2406833
2406872
2407006
2407294
2407332
2407336
2407338
2407409
2407441
2407448
2407519
2407524
2407558
2407584
2407585
2407649
2407658
2407664
2407672
2407694
2407763
2407789
2407799
2407810
2407865
2407890
2407902
2407936
2408008
2408037
2408083
2408106
2408118
2408119
2408197
2408215
2408272
2408347
2408384
2408387
2408424
2408507
2408516
2408655
2408656
2408657
2408710
2408735
2408737
2408894
2408951
2409030
2409050
2409088
2409144
2409156
2409173
2409266
2409274
2409344
2409359
2409399
2409491
2409501
2409587
2409681
2409690
2409772
2409821
2409824
2409857
2409859
2409928
2409995
2409998
2410040
2410124
2410133
2410138
2410211
2410271
2410273
2410286
2410373
2410395
2410437
2410469
2410477
2410484
2410557
2410559
2410584
2410598
2410609
2410642
2410687
2410709
2410757
2410813
2410851
2410943
2410981
2411054
2411061
2411076
2411095
2411125
2411144
2411185
2411186
2411248
2411439
2411440
2411457
2411548
2411552
2411556
2411614
2411644
2411653
2411843
2411871
2411872
2411982
2412061
2412065
2412129
2412162
2412178
2412211
2412221
2412260
2412399
2412433
2412495
2412533
2412616
2412626
2412641
2412647
2412676
2412684
2412700
2412734
2412794
2412861
2412886
2412953
2412954
2413135
2413163
2413191
2413206
2413241
2413261
2413583
2413597
2413753
2413791
2413871
2413876
2413899
2413926
2413971
2414008
2414018
2414048
2414129
2414159
2414236
2414315
2414332
2414337
2414449
2414463
2414477
2414499
2414538
2414540
2414550
2414572
2414619
2414628
2414661
2414682
2414720
2414750
2414821
2414838
2414881
2414921
2414944
2414969
2414998
2415017
2415017
2415037
2415107
2415127
2415137
2415239
2415304
2415334
2415360
2415391
2415431
2415475
2415515
2415668
2415679
2415745
2415823
2415857
2415914
2415987
2416082
2416088
2416141
2416165
2416523
2416557
2416582
2416639
2416823
2416889
2416968
2417033
2417050
2417094
2417106
2417112
2417159
2417270
2417292
2417319
2417403
2417575
2417602
2417609
2417640
2417663
2417676
2417680
2417726
2417735
2417763
2417784
2417821
2417863
2418088
2418160
2418177
2418193
2418209
2418283
2418284
2418327
2418379
2418393
2418451
2418485
2418569
2418604
2418625
2418661
2418688
2418695
2418763
2418770
2418832
2418837
2418847
2418998
2419031
2419049
2419058
2419066
2419094
2419135
2419138
2419220
2419271
2419286
2419332
2419385
2419424
2419438
2419469
2419518
2419685
2419726
2419822
2419863
2419879
2419970
2420071
2420187
2420301
2420338
2420402
2420408
2420466
2420485
2420513
2420521
2420547
2420563
2420576
2420712
2420940
2420972
2421038
2421053
2421111
2421118
2421131
2421140
2421183
2421192
2421302
2421319
2421344
2421437
2421613
2421664
2421773
2421785
2421834
2421866
2421867
2421871
2421928
2422070
2422110
2422185
2422288
2422295
2422297
2422300
2422417
2422446
2422577
2422653
2422690
2422707
2422760
2422827
2422981
2423007
2423068
2423212
2423216
2423235
2423246
2423259
2423282
2423309
2423340
2423358
2423411
2423487
2423495
2423514
2423545
2423593
2423614
2423625
2423719
2423739
2423774
2423810
2423849
2423881
2423907
2424037
2424046
2424082
2424123
2424191
2424250
2424264
2424382
2424534
2424579
2424590
2424649
2424660
2424682
2424754
2424806
2424820
2424842
2424869
2424888
2424901
2424967
2425188
2425535
2425542
2425570
2425672
2425680
2425779
2425782
2425814
2425815
2425832
2425936
2425972
2425982
2426054
2426125
2426150
2426220
2426326
2426332
2426471
2426493
2426627
2426694
2426733
2426816
2426915
2426949
2426953
2426985
2427006
2427061
2427076
2427117
2427160
2427203
2427263
2427309
2427345
2427418
2427446
2427501
2427582
2427600
2427771
2427806
2427833
2427846
2427929
2427931
2427933
2428033
2428127
2428147
2428150
2428152
2428169
2428193
2428232
2428352
2428379
2428398
2428474
2428519
2428596
2428630
2428639
2428660
2428750
2428796
2428871
2428888
2428900
2428902
2428996
2429055
2429067
2429071
2429091
2429231
2429233
2429302
2429386
2429396
2429432
2429565
2429596
2429771
2429785
2429832
2429838
2429841
2429904
2429951
2430041
2430056
2430076
2430113
2430120
2430176
2430235
2430256
2430272
2430275
2430330
2430345
2430393
2430557
2430558
2430575
2430633
2430635
2430646
2430836
2430847
2430855
2430865
2430898
2430956
2431120
2431127
2431157
2431402
2431498
2431553
2431573
2431684
2431707
2431718
2431786
2431846
2431873
2431892
2431901
2431909
2431941
2431969
2432005
2432050
2432102
2432154
2432276
2432284
2432285
2432325
2432354
2432391
2432408
2432411
2432489
2432544
2432578
2432641
2432725
2432781
2432796
2432803
2432911
2432967
2432980
2432992
2433018
2433129
2433219
2433233
2433236
2433272
2433344
2433351
2433376
2433447
2433582
2433635
2433653
2433809
2433822
2433833
2433948
2433949
2434006
2434055
2434100
2434107
2434111
2434132
2434190
2434222
2434230
2434316
2434357
2434453
2434534
2434653
2434780
2434801
2434824
2434871
2434932
2434956
2435032
2435052
2435090
2435173
2435193
2435375
2435512
2435520
2435538
2435582
2435625
2435635
2435680
2435723
2435738
2435764
2435801
2435868
2435910
2435990
2436016
2436031
2436040
2436058
2436097
2436141
2436161
2436172
2436182
2436356
2436453
2436679
2436683
2436753
2436789
2436798
2436817
2436837
2436899
2436967
2437019
2437148
2437230
2437231
2437249
2437287
2437309
2437320
2437366
2437376
2437430
2437549
2437659
2437843
2437898
2437935
2438054
2438067
2438110
2438126
2438321
2438333
2438449
2438483
2438502
2438515
2438548
2438559
2438621
2438644
2438665
2438680
2438711
2438776
2438991
2439011
2439033
2439050
2439117
2439127
2439175
2439187
2439218
2439249
2439302
2439604
2439608
2439727
2439761
2439882
2439900
2439987
2440079
2440129
2440190
2440193
2440256
2440359
2440373
2440522
2440526
2440558
2440689
2440767
2440809
2440854
2441035
2441076
2441112
2441124
2441142
2441157
2441183
2441192
2441250
2441278
2441291
2441347
2441400
2441409
2441421
2441431
2441440
2441493
2441532
2441745
2441745
2441760
2441824
2441885
2441890
2441941
2441975
2441990
2442090
2442133
2442137
2442177
2442192
2442195
2442268
2442283
2442317
2442353
2442367
2442414
2442459
2442567
2442574
2442628
2442819
2442843
2442915
2442920
2443082
2443159
2443177
2443257
2443366
2443382
2443595
2443650
2443674
2443692
2443709
2443717
2443741
2443800
2443819
2443820
2443833
2443889
2443920
2444009
2444085
2444110
2444130
2444223
2444236
2444297
2444305
2444335
2444385
2444417
2444549
2444567
2444666
2444780
2444869
2444929
2445019
2445035
2445063
2445065
2445083
2445161
2445189
2445191
2445204
2445242
2445247
2445254
2445262
2445300
2445347
2445374
2445448
2445474
2445501
2445523
2445672
2445718
2445757
2445792
2445869
2445955
2446013
2446088
2446159
2446159
2446191
2446192
2446205
2446260
2446282
2446300
2446468
2446498
2446592
2446593
2446620
2446632
2446667
2446679
2446717
2446784
2446903
2447142
2447198
2447269
2447422
2447527
2447561
2447596
2447626
2447653
2447735
2447738
2447818
2447935
2448069
2448082
2448181
2448325
2448397
2448530
2448549
2448621
2448780
2448852
2448926
2449080
2449088
2449100
2449175
2449195
2449271
2449275
2449319
2449328
2449394
2449415
2449487
2449516
2449570
2449632
2449658
2449662
2449767
2449800
2449894
2449960
2449961
2449999
2450001
2450017
2450063
2450107
2450110
2450293
2450384
2450387
2450533
2450562
2450565
2450605
2450629
2450746
2450753
2450790
2450832
2450993
2451000
2451046
2451087
2451136
2451206
2451227
2451248
2451323
2451340
2451371
2451516
2451543
2451569
2451578
2451663
2451678
2451686
2451709
2451716
2451726
2451758
2451765
2451786
2451840
2451889
2451894
2451906
2451917
2451921
2452003
2452006
2452027
2452080
2452134
2452144
2452160
2452174
2452277
2452314
2452324
2452349
2452374
2452521
2452565
2452669
2452674
2452701
2452706
2452806
2452816
2452972
2452995
2453009
2453030
2453075
2453160
2453258
2453314
2453322
2453394
2453458
2453461
2453514
2453688
2453721
2453725
2453824
2453829
2453880
2453914
2453933
2453947
2453997
2454007
2454026
2454050
2454051
2454360
2454395
2454400
2454430
2454446
2454483
2454528
2454583
2454821
2454825
2454862
2455223
2455245
2455412
2455467
2455582
2455596
2455649
2455667
2455703
2455718
2455725
2455755
2455771
2455837
2455911
2455934
2455955
2456067
2456082
2456104
2456221
2456228
2456344
2456374
2456375
2456376
2456398
2456410
2456436
2456463
2456615
2456652
2456701
2456715
2456811
2456869
2456896
2456924
2457013
2457061
2457094
2457152
2457160
2457197
2457300
2457443
2457447
2457477
2457572
2457583
2457725
2457769
2457832
2457836
2457980
2458015
2458023
2458098
2458228
2458301
2458356
2458360
2458381
2458405
2458417
2458480
2458536
2458716
2458734
2458854
2459037
2459137
2459180
2459207
2459237
2459243
2459359
2459509
2459638
2459683
2459719
2459800
2459833
2459887
2459944
2460108
2460113
2460135
2460188
2460212
2460232
2460300
2460363
2460416
2460530
2460532
2460534
2460543
2460586
2460664
2460769
2460800
2460827
2460848
2460922
2460945
2460978
2461018
2461119
2461133
2461161
2461397
2461416
2461526
2461552
2461560
2461568
2461626
2461681
2461725
2461745
2461955
2462015
2462106
2462129
2462179
2462243
2462269
2462276
2462374
2462432
2462442
2462593
2462612
2462632
2462698
2462713
2462720
2462745
2462907
2462921
2462962
2463049
2463128
2463376
2463380
2463412
2463418
2463487
2463605
2463744
2463866
2463901
2464066
2464068
2464190
2464248
2464254
2464266
2464301
2464318
2464339
2464403
2464515
2464573
2464650
2464683
2464700
2464730
2464825
2464826
2464899
2464908
2464957
2464996
2465004
2465062
2465102
2465126
2465132
2465139
2465231
2465238
2465273
2465343
2465415
2465429
2465465
2465557
2465579
2465584
2465636
2465637
2465638
2465641
2465673
2465684
2465792
2465849
2465869
2466035
2466056
2466072
2466085
2466164
2466192
2466294
2466334
2466358
2466377
2466455
2466514
2466578
2466668
2466693
2466698
2466746
2467059
2467064
2467179
2467186
2467289
2467292
2467337
2467386
2467417
2467467
2467511
2467573
2467614
2467713
2467744
2467782
2467897
2467937
2468039
2468057
2468068
2468090
2468155
2468156
2468181
2468190
2468278
2468360
2468540
2468555
2468621
2468693
2468775
2468782
2468801
2468860
2468868
2468915
2469037
2469066
2469226
2469231
2469272
2469296
2469329
2469467
2469511
2469538
2469613
2469639
2469699
2469714
2469764
2469804
2469905
2469960
2470037
2470057
2470061
2470067
2470122
2470174
2470175
2470201
2470294
2470400
2470458
2470517
2470586
2470613
2470673
2470792
2470801
2470828
2470897
2470957
2470978
2471042
2471198
2471226
2471552
2471595
2471735
2471761
2471830
2471890
2471913
2471916
2471970
2472047
2472071
2472135
2472214
2472242
2472254
2472255
2472259
2472271
2472331
2472423
2472510
2472529
2472561
2472570
2472768
2472821
2472882
2472997
2473060
2473160
2473187
2473282
2473296
2473302
2473390
2473522
2473672
2473677
2473707
2473710
2473804
2473806
2473813
2473820
2473873
2473886
2474141
2474142
2474245
2474267
2474273
2474302
2474355
2474485
2474500
2474526
2474574
2474634
2474740
2474750
2474770
2474796
2474853
2474854
2474856
2474943
2474972
2474974
2475012
2475158
2475171
2475187
2475253
2475327
2475336
2475350
2475480
2475545
2475596
2475644
2475665
2475716
2475825
2475828
2475946
2475982
2475993
2476078
2476095
2476158
2476246
2476253
2476280
2476301
2476409
2476543
2476563
2476597
2476636
2476689
2476694
2476705
2476707
2476745
2476875
2476885
2476933
2476939
2476976
2476984
2476994
2477065
2477122
2477161
2477208
2477240
2477267
2477400
2477415
2477462
2477487
2477596
2477632
2477706
2477722
2477781
2477847
2477947
2477947
2477989
2478024
2478106
2478111
2478137
2478139
2478168
2478239
2478244
2478481
2478557
2478590
2478624
2478663
2478750
2478903
2478924
2478970
2479066
2479116
2479133
2479222
2479502
2479569
2479575
2479654
2479666
2479689
2479727
2479736
2479743
2479757
2479884
2479887
2479932
2479960
2480026
2480039
2480046
2480117
2480154
2480334
2480356
2480428
2480464
2480569
2480603
2480612
2480659
2480676
2480685
2480689
2480722
2480873
2481030
2481036
2481107
2481117
2481323
2481361
2481548
2481549
2481561
2481594
2481609
2481620
2481620
2481651
2481705
2481797
2481816
2481826
2481895
2481907
2481947
2482019
2482045
2482108
2482187
2482198
2482228
2482348
2482372
2482470
2482541
2482547
2482559
2482572
2482577
2482600
2482642
2482721
2482734
2482765
2482773
2482844
2482853
2482900
2483089
2483093
2483105
2483169
2483175
2483201
2483239
2483426
2483709
2483733
2483738
2483856
2483870
2483901
2483930
2483962
2483999
2484036
2484064
2484075
2484169
2484251
2484279
2484286
2484340
2484404
2484483
2484581
2484598
2484658
2484670
2484744
2484828
2484876
2484893
2484894
2484927
2484932
2484932
2484972
2484984
2485038
2485054
2485159
2485159
2485196
2485199
2485222
2485238
2485259
2485531
2485637
2485669
2485724
2485743
2485816
2485854
2485862
2485892
2485928
2485981
2486014
2486018
2486147
2486167
2486195
2486204
2486280
2486290
2486410
2486422
2486468
2486513
2486518
2486522
2486544
2486588
2486625
2486655
2486680
2486719
2486741
2486753
2486818
2486857
2486870
2486884
2486937
2487065
2487072
2487074
2487089
2487094
2487097
2487112
2487132
2487155
2487193
2487306
2487345
2487398
2487422
2487477
2487508
2487513
2487658
2487660
2487678
2487743
2487748
2487842
2487886
2487926
2488029
2488063
2488089
2488117
2488168
2488233
2488234
2488262
2488418
2488456
2488468
2488661
2488666
2488708
2488734
2488851
2488917
2488965
2489007
2489044
2489092
2489154
2489193
2489282
2489326
2489443
2489475
2489496
2489529
2489732
2489770
2489830
2489878
2489918
2490082
2490090
2490119
2490156
2490269
2490330
2490345
2490374
2490408
2490479
2490540
2490639
2490691
2490704
2490731
2490861
2490955
2490972
2491003
2491034
2491057
2491137
2491180
2491332
2491448
2491465
2491502
2491559
2491617
2491636
2491771
2491908
2491909
2491996
2492028
2492060
2492101
2492106
2492131
2492137
2492139
2492166
2492180
2492241
2492258
2492350
2492355
2492415
2492443
2492447
2492459
2492504
2492539
2492674
2492722
2492766
2492775
2492809
2492811
2492857
2492861
2492869
2492895
2493032
2493139
2493194
2493264
2493317
2493333
2493408
2493410
2493412
2493431
2493459
2493482
2493502
2493524
2493576
2493614
2493687
2493694
2493847
2493886
2493898
2493928
2493929
2493954
2494035
2494056
2494077
2494079
2494094
2494152
2494188
2494207
2494220
2494234
2494278
2494280
2494297
2494351
2494397
2494578
2494622
2494626
2494659
2494664
2494665
2494666
2494677
2494767
2494782
2494802
2494829
2494840
2494842
2494883
2494967
2494997
2494997
2495043
2495095
2495291
2495340
2495348
2495360
2495366
2495379
2495380
2495523
2495553
2495611
2495651
2495687
2495689
2495753
2495818
2495858
2496175
2496302
2496312
2496429
2496466
2496503
2496560
2496661
2496692
2496802
2496850
2496917
2496918
2496955
2496960
2497026
2497031
2497046
2497085
2497183
2497282
2497316
2497467
2497472
2497518
2497560
2497580
2497679
2497722
2497748
2497807
2497972
2498040
2498083
2498114
2498117
2498170
2498239
2498245
2498256
2498274
2498292
2498300
2498320
2498428
2498529
2498558
2498629
2498675
2498685
2498695
2498811
2498818
2498823
2498876
2499051
2499081
2499204
2499221
2499311
2499317
2499403
2499524
2499555
2499680
2499680
2499846
2499885
2499971
2500032
2500080
2500084
2500186
2500204
2500208
2500209
2500236
2500260
2500269
2500294
2500382
2500460
2500497
2500554
2500717
2500721
2500783
2500795
2500861
2500866
2501003
2501011
2501016
2501053
2501077
2501095
2501164
2501166
2501191
2501213
2501278
2501285
2501318
2501365
2501379
2501450
2501468
2501702
2501833
2501850
2501874
2501877
2501883
2501917
2501954
2502049
2502067
2502083
2502102
2502127
2502152
2502209
2502217
2502228
2502471
2502521
2502544
2502574
2502633
2502659
2502670
2502699
2502726
2502800
2502823
2502888
2502943
2502988
2502994
2503068
2503076
2503096
2503127
2503139
2503169
2503201
2503235
2503306
2503405
2503437
2503438
2503474
2503494
2503576
2503591
2503717
2503770
2503846
2503851
2503861
2503877
2503919
2504047
2504145
2504214
2504252
2504292
2504407
2504426
2504463
2504585
2504615
2504715
2504760
2504890
2504930
2504972
2505034
2505089
2505100
2505172
2505173
2505202
2505217
2505235
2505318
2505322
2505393
2505403
2505442
2505589
2505637
2505653
2505660
2505761
2505810
2505834
2505968
2506016
2506022
2506157
2506277
2506294
2506294
2506340
2506353
2506365
2506551
2506616
2506734
2506745
2506766
2506789
2506879
2506998
2507101
2507124
2507155
2507159
2507177
2507194
2507206
2507397
2507437
2507464
2507464
2507493
2507544
2507576
2507616
2507627
2507744
2507804
2507818
2507822
2507826
2507888
2507929
2507933
2507961
2507965
2507987
2508007
2508032
2508152
2508229
2508237
2508281
2508375
2508414
2508456
2508483
2508528
2508729
2508764
2508822
2508831
2509201
2509237
2509300
2509339
2509349
2509378
2509498
2509500
2509555
2509603
2509646
2509693
2509695
2509712
2509779
2509855
2509878
2510052
2510088
2510108
2510189
2510215
2510412
2510438
2510558
2510575
2510585
2510630
2510646
2510718
2510778
2510843
2510976
2511028
2511035
2511079
2511087
2511104
2511134
2511139
2511214
2511274
2511288
2511307
2511361
2511383
2511421
2511445
2511455
2511474
2511504
2511511
2511533
2511600
2511612
2511750
2511764
2511783
2511867
2511870
2511942
2512016
2512123
2512125
2512134
2512145
2512170
2512227
2512304
2512389
2512423
2512551
2512640
2512673
2512747
2512749
2512773
2512780
2512836
2512862
2512887
2512912
2512953
2513034
2513035
2513064
2513172
2513227
2513331
2513472
2513673
2513712
2513716
2513768
2513796
2513805
2513884
2513971
2514023
2514026
2514092
2514109
2514116
2514118
2514334
2514370
2514391
2514468
2514496
2514527
2514550
2514576
2514686
2514796
2514957
2514968
2514973
2515010
2515022
2515090
2515115
2515174
2515181
2515228
2515261
2515290
2515296
2515356
2515382
2515419
2515435
2515440
2515570
2515579
2515607
2515631
2515660
2515679
2515717
2515722
2515724
2515806
2515831
2515897
2515916
2515922
2516136
2516156
2516166
2516169
2516175
2516218
2516288
2516294
2516310
2516333
2516404
2516425
2516437
2516498
2516529
2516645
2516653
2516670
2516718
2516757
2516910
2516935
2516967
2517010
2517062
2517159
2517195
2517209
2517211
2517226
2517484
2517542
2517569
2517573
2517702
2517702
2517732
2517791
2517856
2517895
2517965
2518037
2518053
2518065
2518182
2518304
2518362
2518383
2518397
2518490
2518526
2518543
2518548
2518576
2518676
2518734
2518828
2518831
2518882
2518921
2519013
2519099
2519119
2519119
2519164
2519280
2519313
2519429
2519454
2519579
2519587
2519691
2519745
2520184
2520196
2520219
2520257
2520413
2520461
2520630
2520651
2520744
2520759
2520807
2520830
2520863
2520890
2520911
2520917
2520974
2521027
2521033
2521063
2521065
2521102
2521109
2521190
2521201
2521305
2521366
2521387
2521438
2521452
2521475
2521490
2521538
2521541
2521567
2521691
2521726
2521743
2521858
2521921
2521943
2521994
2522030
2522129
2522131
2522136
2522215
2522322
2522359
2522407
2522415
2522579
2522762
2522810
2522810
2522840
2522849
2522872
2522917
2522951
2523014
2523026
2523051
2523121
2523146
2523236
2523383
2523506
2523508
2523525
2523622
2523622
2523813
2523817
2523880
2523891
2523906
2523922
2523992
2524035
2524047
2524170
2524178
2524336
2524361
2524436
2524441
2524506
2524646
2524779
2524806
2524808
2525044
2525164
2525170
2525304
2525358
2525484
2525518
2525552
2525573
2525610
2525726
2525762
2525839
2525920
2525937
2525975
2526027
2526082
2526148
2526251
2526255
2526275
2526275
2526344
2526366
2526411
2526518
2526540
2526556
2526592
2526610
2526649
2526663
2526759
2526814
2526857
2526883
2526894
2526953
2526964
2527105
2527118
2527157
2527162
2527182
2527190
2527354
2527386
2527556
2527589
2527620
2527637
2527690
2527694
2527730
2527873
2527966
2528033
2528042
2528086
2528116
2528165
2528345
2528400
2528448
2528470
2528542
2528578
2528614
2528619
2528663
2528731
2528875
2528994
2529012
2529097
2529120
2529123
2529139
2529205
2529224
2529245
2529264
2529300
2529314
2529370
2529526
2529598
2529638
2529768
2529792
2529799
2530003
2530010
2530072
2530137
2530163
2530211
2530266
2530309
2530379
2530469
2530500
2530525
2530545
2530580
2530589
2530653
2530670
2530791
2530830
2530836
2530847
2530945
2530983
2530984
2530988
2531008
2531086
2531135
2531346
2531500
2531678
2531740
2531801
2531811
2531870
2531898
2531926
2532000
2532014
2532016
2532032
2532072
2532112
2532115
2532140
2532242
2532313
2532384
2532504
2532567
2532589
2532619
2532887
2532889
2532946
2532957
2532984
2533017
2533029
2533070
2533081
2533297
2533400
2533403
2533442
2533481
2533516
2533525
2533561
2533572
2533576
2533791
2533803
2533883
2533900
2533941
2533944
2534043
2534303
2534314
2534353
2534357
2534387
2534597
2534605
2534628
2534730
2534785
2534860
2534861
2534871
2534881
2535056
2535217
2535230
2535261
2535303
2535329
2535427
2535518
2535622
2535648
2535724
2535763
2535815
2535885
2535893
2535896
2535919
2535926
2535972
2535978
2536015
2536262
2536282
2536367
2536430
2536492
2536542
2536615
2536742
2536746
2536782
2536852
2536859
2536958
2536967
2536991
2537055
2537080
2537169
2537174
2537175
2537178
2537195
2537241
2537257
2537386
2537388
2537483
2537492
2537529
2537553
2537576
2537637
2537652
2537727
2537841
2537923
2537994
2538140
2538143
2538194
2538221
2538236
2538262
2538368
2538375
2538430
2538451
2538500
2538506
2538529
2538538
2538588
2538595
2538691
2538722
2538753
2538761
2538826
2538831
2538857
2538909
2538956
2538993
2538998
2539044
2539110
2539131
2539149
2539176
2539264
2539301
2539372
2539406
2539416
2539502
2539536
2539617
2539647
2539768
2539862
2539877
2539879
2539886
2539994
2540002
2540054
2540055
2540081
2540151
2540174
2540179
2540213
2540224
2540306
2540330
2540372
2540496
2540535
2540547
2540568
2540666
2540691
2540729
2540737
2540750
2540780
2540784
2540856
2540962
2541000
2541021
2541238
2541272
2541498
2541550
2541560
2541563
2541833
2541836
2541863
2541870
2541893
2541947
2542006
2542103
2542189
2542202
2542237
2542306
2542321
2542352
2542359
2542446
2542500
2542570
2542579
2542590
2542597
2542639
2542690
2542710
2542712
2542738
2542746
2542796
2542917
2542952
2542965
2542971
2543004
2543080
2543119
2543128
2543135
2543186
2543435
2543470
2543474
2543487
2543503
2543519
2543535
2543535
2543649
2543698
2543840
2543888
2543973
2544003
2544031
2544038
2544077
2544108
2544152
2544166
2544188
2544194
2544225
2544233
2544262
2544272
2544286
2544311
2544317
2544318
2544323
2544345
2544474
2544474
2544497
2544529
2544612
2544642
2544693
2544702
2544743
2544755
2544758
2544790
2544803
2544917
2544929
2544933
2544968
2544970
2544995
2545006
2545024
2545064
2545070
2545076
2545267
2545325
2545330
2545343
2545372
2545439
2545462
2545462
2545476
2545581
2545620
2545637
2545639
2545694
2545698
2545742
2545774
2545798
2545813
2545929
2545932
2546017
2546101
2546115
2546231
2546270
2546304
2546360
2546380
2546415
2546448
2546453
2546464
2546534
2546560
2546673
2546693
2546795
2546844
2546968
2547044
2547095
2547098
2547125
2547127
2547186
2547245
2547343
2547344
2547349
2547369
2547450
2547581
2547621
2547623
2547649
2547653
2547658
2547770
2547943
2548002
2548022
2548065
2548100
2548134
2548204
2548239
2548288
2548386
2548501
2548538
2548613
2548617
2548902
2548906
2548930
2548990
2549004
2549009
2549135
2549146
2549219
2549233
2549362
2549372
2549455
2549513
2549544
2549560
2549562
2549584
2549609
2549672
2549743
2549825
2549841
2549927
2549927
2549941
2550115
2550128
2550196
2550198
2550255
2550265
2550297
2550314
2550354
2550397
2550429
2550434
2550444
2550474
2550497
2550516
2550613
2550653
2550663
2550678
2550739
2550855
2550882
2550916
2550940
2550991
2551038
2551048
2551157
2551173
2551189
2551227
2551241
2551343
2551389
2551398
2551481
2551493
2551502
2551507
2551535
2551550
2551557
2551574
2551604
2551610
2551648
2551701
2551704
2551734
2551752
2551811
2551904
2551904
2551977
2552024
2552025
2552210
2552306
2552330
2552333
2552338
2552364
2552371
2552410
2552443
2552444
2552463
2552512
2552514
2552550
2552564
2552570
2552598
2552729
2552729
2552856
2552865
2552868
2552876
2552959
2553036
2553142
2553223
2553266
2553279
2553297
2553305
2553345
2553361
2553377
2553472
2553541
2553579
2553656
2553692
2553779
2553784
2553797
2553798
2553851
2553853
2553882
2553885
2553946
2554023
2554046
2554177
2554206
2554267
2554366
2554367
2554410
2554447
2554509
2554524
2554561
2554623
2554698
2554701
2554742
2554756
2554758
2555022
2555082
2555153
2555233
2555250
2555261
2555375
2555428
2555453
2555498
2555532
2555536
2555556
2555646
2555718
2555734
2555745
2555834
2555894
2555920
2555994
2556009
2556128
2556150
2556171
2556190
2556194
2556241
2556309
2556406
2556428
2556500
2556558
2556583
2556603
2556608
2556633
2556701
2556920
2556940
2557003
2557044
2557049
2557085
2557115
2557176
2557290
2557335
2557426
2557426
2557428
2557490
2557567
2557598
2557602
2557703
2557797
2557892
2557900
2558065
2558119
2558138
2558142
2558207
2558331
2558355
2558370
2558453
2558490
2558501
2558520
2558572
2558602
2558666
2558748
2558782
2558784
2558829
2558848
2558862
2558928
2558965
2559110
2559163
2559201
2559212
2559229
2559315
2559421
2559499
2559519
2559629
2559759
2559786
2559798
2559851
2559919
2559924
2559957
2559970
2560018
2560072
2560119
2560122
2560123
2560132
2560164
2560167
2560167
2560198
2560400
2560406
2560491
2560520
2560548
2560549
2560593
2560597
2560805
2560835
2560914
2560959
2560982
2560982
2561086
2561206
2561230
2561239
2561308
2561348
2561386
2561387
2561432
2561498
2561619
2561676
2561723
2561856
2561895
2561940
2562140
2562210
2562386
2562396
2562397
2562429
2562439
2562477
2562521
2562569
2562593
2562596
2562742
2562759
2562778
2562850
2562905
2562972
2563099
2563222
2563234
2563252
2563291
2563328
2563329
2563359
2563422
2563452
2563512
2563512
2563559
2563581
2563664
2563719
2563759
2563788
2563790
2563802
2563819
2563890
2563900
2563963
2564041
2564104
2564139
2564168
2564170
2564383
2564446
2564473
2564477
2564557
2564572
2564669
2564672
2564677
2564725
2564726
2564728
2564810
2564854
2564983
2564997
2565179
2565192
2565192
2565204
2565227
2565234
2565332
2565356
2565378
2565386
2565505
2565527
2565582
2565741
2565745
2565757
2565841
2565849
2565875
2565884
2565961
2566103
2566105
2566165
2566194
2566329
2566389
2566454
2566472
2566476
2566532
2566565
2566638
2566641
2566658
2566674
2566721
2566738
2566789
2566809
2566902
2566935
2566964
2566966
2567057
2567100
2567182
2567280
2567363
2567366
2567387
2567390
2567394
2567432
2567530
2567536
2567597
2567724
2567727
2567757
2567760
2567778
2567791
2567819
2567821
2567858
2567916
2567923
2567946
2567950
2568020
2568101
2568176
2568181
2568235
2568256
2568282
2568338
2568442
2568471
2568541
2568571
2568602
2568651
2568681
2568731
2568760
2568817
2568834
2568899
2569015
2569017
2569033
2569077
2569155
2569178
2569232
2569307
2569400
2569512
2569576
2569613
2569729
2569841
2569845
2569897
2570031
2570031
2570069
2570092
2570097
2570109
2570191
2570197
2570215
2570235
2570243
2570254
2570278
2570302
2570303
2570403
2570410
2570736
2570899
2570982
2571011
2571042
2571106
2571119
2571132
2571182
2571215
2571234
2571298
2571307
2571311
2571365
2571375
2571419
2571529
2571603
2571626
2571638
2571700
2571707
2571773
2571871
2571916
2571931
2572084
2572122
2572139
2572261
2572285
2572302
2572358
2572373
2572384
2572474
2572479
2572555
2572597
2572686
2572784
2572787
2572881
2572905
2573042
2573185
2573219
2573239
2573277
2573278
2573343
2573344
2573356
2573361
2573396
2573572
2573715
2573720
2573768
2573774
2573879
2573922
2574058
2574091
2574143
2574169
2574266
2574318
2574363
2574425
2574527
2574542
2574543
2574603
2574609
2574633
2574722
2574722
2574730
2574758
2574797
2574828
2574836
2574866
2574936
2574944
2574961
2575017
2575156
2575225
2575232
2575248
2575253
2575344
2575656
2575664
2575714
2575723
2575739
2575766
2575925
2575985
2575990
2576030
2576068
2576068
2576426
2576451
2576480
2576517
2576529
2576564
2576593
2576701
2576714
2576870
2576953
2576965
2576993
2577049
2577056
2577100
2577103
2577104
2577125
2577161
2577164
2577203
2577212
2577230
2577267
2577300
2577325
2577413
2577558
2577586
2577611
2577705
2577844
2577906
2577925
2577988
2578015
2578117
2578142
2578211
2578259
2578282
2578287
2578310
2578513
2578623
2578646
2578666
2578689
2578690
2578693
2578831
2578892
2578894
2578917
2579015
2579115
2579153
2579310
2579447
2579513
2579673
2579686
2579742
2579773
2579774
2579826
2579841
2579841
2579994
2580052
2580117
2580248
2580275
2580377
2580430
2580442
2580462
2580552
2580563
2580567
2580710
2580850
2580891
2580926
2581013
2581032
2581047
2581066
2581095
2581201
2581203
2581207
2581244
2581322
2581325
2581376
2581529
2581537
2581729
2581780
2581816
2581936
2581949
2581993
2582026
2582049
2582054
2582078
2582152
2582200
2582274
2582488
2582519
2582557
2582588
2582599
2582617
2582619
2582635
2582637
2582718
2582741
2582786
2582813
2582823
2582831
2583096
2583217
2583248
2583251
2583275
2583285
2583340
2583435
2583464
2583465
2583559
2583581
2583633
2583679
2583738
2583778
2583790
2583860
2583913
2584009
2584032
2584066
2584141
2584162
2584207
2584261
2584265
2584274
2584351
2584358
2584358
2584396
2584418
2584427
2584451
2584483
2584550
2584731
2584818
2584832
2584883
2584905
2584922
2585144
2585166
2585253
2585261
2585261
2585309
2585353
2585419
2585479
2585538
2585773
2585791
2585801
2585847
2585873
2585875
2586013
2586038
2586061
2586064
2586085
2586160
2586178
2586327
2586363
2586428
2586454
2586464
2586569
2586605
2586654
2586678
2586782
2586791
2586802
2586818
2586842
2587013
2587017
2587018
2587065
2587069
2587074
2587088
2587096
2587157
2587175
2587240
2587261
2587326
2587329
2587494
2587619
2587633
2587648
2587713
2587762
2587863
2587924
2587969
2587997
2588003
2588083
2588149
2588294
2588422
2588456
2588486
2588494
2588515
2588559
2588577
2588610
2588653
2588682
2588691
2588716
2588719
2588736
2588743
2588763
2588845
2588890
2589002
2589123
2589280
2589350
2589370
2589656
2589716
2589719
2589747
2589766
2589782
2589849
2589895
2589907
2589927
2589927
2589933
2589940
2590093
2590097
2590100
2590130
2590133
2590160
2590268
2590387
2590441
2590457
2590479
2590542
2590639
2590767
2590947
2590969
2591123
2591271
2591327
2591398
2591476
2591580
2591636
2591691
2591808
2591842
2591864
2591889
2591889
2591940
2591950
2592000
2592046
2592158
2592287
2592307
2592393
2592435
2592444
2592479
2592501
2592693
2592715
2592787
2592822
2592847
2592971
2592975
2593002
2593102
2593190
2593222
2593238
2593239
2593378
2593472
2593600
2593670
2593691
2593704
2593793
2593849
2593872
2593889
2593891
2594030
2594038
2594063
2594094
2594363
2594365
2594385
2594470
2594471
2594490
2594542
2594586
2594637
2594655
2594847
2594864
2594901
2594957
2594995
2595056
2595102
2595106
2595111
2595115
2595237
2595252
2595327
2595417
2595419
2595438
2595621
2595691
2595741
2595795
2595867
2595993
2596060
2596120
2596148
2596230
2596232
2596275
2596284
2596298
2596456
2596487
2596507
2596593
2596640
2596734
2596787
2596828
2596853
2596876
2597025
2597119
2597210
2597225
2597240
2597330
2597364
2597440
2597687
2597702
2597706
2597709
2597996
2598006
2598046
2598050
2598055
2598064
2598070
2598148
2598157
2598168
2598190
2598299
2598308
2598399
2598412
2598418
2598443
2598494
2598512
2598522
2598540
2598579
2598684
2598767
2598839
2598843
2598910
2598956
2598994
2599005
2599031
2599054
2599138
2599352
2599467
2599621
2599650
2599752
2599799
2599815
2599829
2599851
2599888
2599964
2599973
2600060
2600221
2600236
2600281
2600288
2600312
2600337
2600347
2600348
2600369
2600442
2600451
2600466
2600501
2600519
2600555
2600726
2601049
2601287
2601386
2601440
2601494
2601499
2601558
2601656
2601684
2601684
2601785
2601804
2601827
2601849
2601952
2601962
2601967
2602040
2602045
2602188
2602221
2602256
2602273
2602313
2602326
2602355
2602372
2602432
2602589
2602600
2602699
2602757
2602777
2602797
2602800
2602821
2602908
2603059
2603111
2603166
2603172
2603252
2603359
2603373
2603413
2603488
2603495
2603588
2603599
2603625
2603626
2603654
2603736
2603773
2603798
2603982
2604113
2604173
2604221
2604288
2604355
2604435
2604534
2604557
2604600
2604700
2604721
2604773
2604804
2604989
2605049
2605118
2605290
2605338
2605362
2605400
2605453
2605528
2605565
2605617
2605618
2605673
2605692
2605761
2605981
2606012
2606031
2606049
2606102
2606128
2606151
2606196
2606238
2606381
2606462
2606557
2606665
2606752
2606844
2606929
2607009
2607097
2607114
2607146
2607165
2607182
2607230
2607291
2607361
2607384
2607442
2607456
2607476
2607550
2607613
2607614
2607617
2607628
2607655
2607731
2607771
2607800
2607906
2607963
2608078
2608097
2608271
2608286
2608335
2608354
2608368
2608393
2608409
2608586
2608685
2608802
2608828
2608859
2608867
2608937
2608988
2609201
2609288
2609288
2609290
2609441
2609465
2609565
2609565
2609578
2609594
2609666
2609771
2609782
2609821
2609822
2609872
2609939
2609968
2609997
2610034
2610088
2610096
2610111
2610119
2610139
2610250
2610277
2610308
2610373
2610395
2610496
2610548
2610590
2610592
2610869
2610891
2610930
2610993
2611008
2611033
2611052
2611125
2611173
2611314
2611486
2611501
2611586
2611600
2611612
2611664
2611688
2611774
2611860
2611877
2611904
2611927
2611973
2611973
2612005
2612023
2612032
2612040
2612152
2612227
2612241
2612270
2612277
2612350
2612357
2612389
2612407
2612416
2612569
2612671
2612704
2612775
2612888
2613007
2613011
2613039
2613203
2613278
2613310
2613372
2613391
2613414
2613556
2613618
2613619
2613631
2613647
2613689
2613742
2613762
2613785
2613807
2613922
2613986
2613989
2614032
2614105
2614211
2614304
2614320
2614379
2614400
2614453
2614545
2614551
2614580
2614598
2614598
2614599
2614601
2614650
2614677
2614779
2614791
2614933
2614980
2614981
2615001
2615129
2615134
2615179
2615202
2615404
2615411
2615469
2615584
2615638
2615702
2615720
2615743
2615791
2615860
2615913
2615933
2615961
2616022
2616028
2616069
2616075
2616079
2616138
2616177
2616372
2616425
2616431
2616435
2616490
2616517
2616628
2616713
2616718
2616788
2616791
2616817
2616818
2616828
2616846
2616889
2616902
2616997
2617002
2617062
2617136
2617146
2617183
2617197
2617272
2617304
2617359
2617375
2617499
2617511
2617578
2617605
2617645
2617648
2617650
2617651
2617744
2617759
2617761
2617763
2617765
2617765
2617893
2617902
2617940
2617950
2617984
2618018
2618022
2618026
2618026
2618062
2618289
2618408
2618442
2618460
2618462
2618490
2618591
2618698
2618741
2618748
2618797
2618860
2618931
2618957
2619005
2619033
2619062
2619065
2619080
2619085
2619105
2619168
2619172
2619174
2619234
2619294
2619300
2619300
2619314
2619443
2619466
2619470
2619518
2619528
2619578
2619611
2619621
2619648
2619669
2619687
2619718
2619755
2619793
2619914
2619990
2620008
2620014
2620018
2620076
2620153
2620163
2620166
2620419
2620440
2620479
2620617
2620647
2620727
2620751
2620839
2620928
2620999
2621005
2621013
2621101
2621115
2621120
2621191
2621245
2621257
2621266
2621342
2621422
2621448
2621450
2621469
2621582
2621644
2621661
2621713
2621722
2621725
2621785
2621956
2621981
2622086
2622113
2622151
2622261
2622263
2622328
2622357
2622393
2622491
2622601
2622627
2622775
2622811
2622897
2622953
2622962
2622990
2623019
2623034
2623053
2623180
2623182
2623220
2623222
2623256
2623293
2623295
2623308
2623379
2623408
2623445
2623455
2623569
2623594
2623688
2623696
2623749
2623751
2623782
2623824
2623876
2623902
2623914
2624005
2624043
2624116
2624124
2624275
2624290
2624371
2624428
2624442
2624486
2624566
2624568
2624591
2624609
2624686
2624744
2624819
2624824
2624946
2625012
2625052
2625053
2625085
2625137
2625157
2625200
2625221
2625375
2625482
2625577
2625597
2625616
2625731
2625748
2625757
2625783
2625867
2625894
2625979
2626006
2626040
2626049
2626051
2626053
2626094
2626141
2626159
2626168
2626171
2626207
2626307
2626330
2626468
2626496
2626621
2626699
2626711
2626730
2626777
2626788
2626885
2626897
2626948
2626976
2626997
2627114
2627330
2627399
2627400
2627414
2627431
2627530
2627543
2627572
2627586
2627632
2627660
2627674
2627697
2627718
2627727
2627734
2627785
2627808
2627811
2627958
2627998
2628015
2628054
2628056
2628161
2628281
2628282
2628298
2628393
2628483
2628516
2628541
2628541
2628641
2628653
2628813
2628843
2628947
2628950
2628956
2628993
2629082
2629133
2629158
2629161
2629164
2629190
2629309
2629310
2629386
2629390
2629430
2629653
2629735
2629741
2629756
2629784
2629799
2629822
2630026
2630160
2630210
2630291
2630339
2630454
2630466
2630513
2630586
2630740
2630783
2630839
2630902
2630952
2630998
2631052
2631222
2631274
2631275
2631329
2631416
2631423
2631486
2631514
2631529
2631586
2631615
2631654
2631664
2631747
2631747
2631819
2631884
2632114
2632119
2632185
2632191
2632272
2632368
2632376
2632440
2632469
2632476
2632510
2632569
2632689
2632701
2632711
2632748
2632870
2632895
2633002
2633007
2633010
2633154
2633167
2633177
2633238
2633316
2633334
2633375
2633396
2633489
2633489
2633531
2633540
2633677
2633775
2633861
2633882
2634064
2634094
2634111
2634198
2634265
2634289
2634309
2634328
2634338
2634341
2634344
2634367
2634455
2634481
2634570
2634690
2634759
2634847
2634928
2634966
2634969
2635000
2635147
2635152
2635176
2635183
2635224
2635403
2635411
2635473
2635482
2635532
2635601
2635617
2635654
2635736
2635809
2635960
2635975
2636043
2636126
2636173
2636196
2636268
2636378
2636385
2636389
2636468
2636482
2636601
2636735
2636928
2637034
2637036
2637074
2637133
2637226
2637273
2637281
2637305
2637340
2637412
2637470
2637545
2637572
2637653
2637683
2637687
2637703
2637882
2637899
2638052
2638159
2638186
2638189
2638202
2638216
2638270
2638409
2638427
2638460
2638478
2638509
2638687
2638727
2638869
2638878
2638943
2638944
2639012
2639032
2639179
2639233
2639245
2639257
2639312
2639325
2639353
2639451
2639489
2639620
2639621
2639688
2639701
2639712
2639747
2639886
2639962
2640171
2640191
2640221
2640288
2640289
2640332
2640403
2640582
2640614
2640653
2640681
2640741
2640751
2640813
2640834
2640878
2640882
2641011
2641146
2641154
2641162
2641191
2641234
2641240
2641251
2641334
2641368
2641489
2641512
2641632
2641651
2641662
2641667
2641676
2641679
2641817
2641826
2641874
2641881
2641903
2641949
2642015
2642028
2642087
2642092
2642116
2642155
2642180
2642214
2642293
2642346
2642363
2642445
2642522
2642657
2642698
2642771
2642799
2642874
2642924
2642963
2643108
2643110
2643122
2643126
2643176
2643209
2643320
2643339
2643360
2643436
2643438
2643553
2643622
2643645
2643681
2643828
2643842
2643881
2643916
2643967
2643983
2644018
2644057
2644080
2644303
2644331
2644348
2644441
2644466
2644593
2644637
2644735
2644838
2644995
2645044
2645092
2645093
2645135
2645251
2645285
2645487
2645618
2645634
2645658
2645694
2645744
2645783
2645804
2645868
2645905
2645952
2645958
2645983
2646014
2646064
2646092
2646107
2646147
2646194
2646244
2646264
2646298
2646311
2646387
2646455
2646495
2646523
2646587
2646690
2646690
2646882
2646977
2646980
2647063
2647076
2647078
2647131
2647137
2647233
2647243
2647259
2647261
2647337
2647352
2647353
2647472
2647511
2647550
2647681
2647723
2647780
2647788
2647796
2647964
2647969
2647990
2647994
2648003
2648039
2648125
2648159
2648181
2648193
2648385
2648397
2648444
2648525
2648546
2648573
2648580
2648585
2648711
2648728
2648733
2648758
2648835
2649048
2649137
2649213
2649247
2649362
2649388
2649394
2649396
2649402
2649435
2649549
2649587
2649605
2649617
2649626
2649670
2649686
2649734
2649832
2649842
2649909
2649916
2649929
2649971
2649991
2650101
2650225
2650265
2650310
2650407
2650451
2650515
2650538
2650580
2650659
2650758
2650832
2650845
2650856
2651000
2651074
2651120
2651137
2651283
2651415
2651509
2651520
2651520
2651604
2651636
2651640
2651801
2651805
2651851
2651859
2651890
2651960
2651964
2651966
2652040
2652091
2652092
2652206
2652259
2652338
2652353
2652356
2652365
2652587
2652588
2652613
2652692
2652725
2652845
2652870
2652878
2652895
2652939
2652982
2653069
2653112
2653172
2653173
2653241
2653289
2653289
2653335
2653430
2653478
2653506
2653543
2653595
2653604
2653707
2653737
2653776
2653859
2653876
2653878
2653905
2653949
2654037
2654070
2654174
2654193
2654255
2654259
2654293
2654296
2654409
2654530
2654588
2654715
2654811
2654834
2654841
2654887
2654949
2654956
2655097
2655103
2655122
2655206
2655411
2655417
2655447
2655494
2655547
2655684
2655768
2655769
2655769
2655779
2655826
2655926
2656012
2656050
2656082
2656189
2656406
2656498
2656618
2656660
2656776
2656827
2656837
2656872
2656887
2656910
2656915
2656979
2657010
2657011
2657087
2657119
2657148
2657164
2657181
2657264
2657397
2657421
2657422
2657513
2657556
2657594
2657692
2657760
2657773
2657798
2657822
2657848
2657909
2657915
2657939
2658117
2658119
2658184
2658259
2658266
2658305
2658404
2658483
2658584
2658653
2658861
2658872
2658879
2658902
2658954
2658979
2659032
2659045
2659056
2659075
2659135
2659156
2659179
2659243
2659258
2659305
2659427
2659469
2659490
2659515
2659518
2659546
2659647
2659661
2659671
2659740
2659953
2660031
2660170
2660172
2660208
2660220
2660359
2660397
2660575
2660624
2660633
2660663
2660830
2660951
2661072
2661078
2661118
2661162
2661163
2661197
2661203
2661218
2661218
2661347
2661353
2661392
2661435
2661455
2661516
2661549
2661598
2661613
2661734
2661813
2661870
2661888
2661988
2662071
2662216
2662283
2662333
2662362
2662364
2662416
2662426
2662545
2662546
2662578
2662582
2662592
2662627
2662643
2662763
2662865
2663012
2663022
2663037
2663062
2663101
2663114
2663147
2663190
2663230
2663269
2663322
2663382
2663464
2663480
2663512
2663583
2663638
2663640
2663663
2663804
2664019
2664034
2664392
2664460
2664523
2664589
2664601
2664622
2664648
2664662
2664673
2664676
2664705
2664789
2664803
2664957
2665025
2665034
2665060
2665123
2665176
2665255
2665258
2665353
2665356
2665362
2665404
2665432
2665443
2665517
2665542
2665589
2665611
2665669
2665731
2665854
2665879
2665907
2665913
2665950
2665953
2666058
2666086
2666125
2666198
2666235
2666241
2666278
2666338
2666381
2666398
2666495
2666519
2666808
2666935
2666956
2666971
2667025
2667136
2667310
2667317
2667362
2667399
2667399
2667403
2667433
2667463
2667554
2667606
2667608
2667621
2667649
2667742
2667845
2667854
2667913
2668035
2668140
2668188
2668288
2668414
2668416
2668419
2668458
2668459
2668539
2668666
2668782
2668804
2668854
2668868
2668899
2668927
2668954
2669060
2669087
2669188
2669287
2669319
2669329
2669474
2669638
2669652
2669721
2669740
2669758
2669778
2669861
2669867
2669909
2670022
2670056
2670069
2670078
2670106
2670194
2670218
2670242
2670312
2670495
2670656
2670702
2670707
2670768
2670787
2670842
2671034
2671154
2671260
2671371
2671484
2671513
2671586
2671612
2671654
2671725
2671790
2671820
2671870
2671876
2671950
2671963
2672071
2672076
2672135
2672149
2672213
2672251
2672259
2672286
2672310
2672428
2672438
2672527
2672644
2672663
2672743
2672784
2672802
2672820
2672921
2672954
2672991
2672994
2673012
2673052
2673076
2673117
2673146
2673297
2673304
2673326
2673343
2673366
2673438
2673518
2673556
2673592
2673636
2673687
2673721
2673761
2673781
2673871
2673874
2673989
2674088
2674103
2674119
2674121
2674190
2674238
2674250
2674287
2674293
2674325
2674394
2674416
2674480
2674707
2674773
2674791
2674822
2674833
2674850
2674874
2674919
2674919
2674942
2675001
2675044
2675081
2675138
2675181
2675196
2675200
2675293
2675337
2675353
2675387
2675494
2675510
2675549
2675579
2675599
2675625
2675630
2675720
2675720
2675847
2675849
2675867
2675885
2675931
2675987
2676172
2676216
2676243
2676403
2676417
2676468
2676539
2676595
2676694
2676704
2676711
2676858
2676960
2677057
2677107
2677135
2677186
2677229
2677320
2677370
2677477
2677504
2677540
2677655
2677735
2677893
2677904
2677917
2677997
2678024
2678082
2678126
2678151
2678170
2678178
2678230
2678247
2678287
2678353
2678366
2678406
2678509
2678540
2678545
2678585
2678613
2678615
2678685
2678708
2678708
2678899
2678949
2678977
2678989
2679011
2679168
2679293
2679368
2679426
2679449
2679460
2679554
2679578
2679603
2679611
2679636
2679712
2679760
2679794
2679856
2679919
2679922
2679994
2680011
2680146
2680188
2680204
2680268
2680304
2680306
2680314
2680331
2680369
2680403
2680429
2680455
2680489
2680522
2680523
2680523
2680530
2680581
2680696
2680946
2680973
2680992
2681045
2681110
2681184
2681193
2681211
2681329
2681392
2681427
2681430
2681471
2681524
2681669
2681684
2681700
2681717
2681848
2681878
2681903
2681921
2681956
2682049
2682070
2682101
2682110
2682127
2682299
2682313
2682355
2682361
2682424
2682453
2682461
2682488
2682501
2682569
2682602
2682621
2682680
2682687
2682893
2682911
2682980
2683028
2683124
2683134
2683197
2683276
2683284
2683331
2683403
2683406
2683416
2683470
2683504
2683523
2683537
2683539
2683668
2683722
2683725
2683749
2683821
2683833
2683892
2683897
2683952
2684018
2684037
2684053
2684145
2684162
2684207
2684237
2684260
2684299
2684312
2684359
2684369
2684400
2684416
2684452
2684461
2684489
2684502
2684513
2684532
2684602
2684689
2684705
2684822
2684868
2684905
2684934
2685039
2685046
2685097
2685137
2685208
2685225
2685248
2685288
2685318
2685339
2685452
2685466
2685476
2685502
2685510
2685563
2685612
2685689
2685770
2685808
2685880
2685941
2685973
2686057
2686082
2686254
2686257
2686264
2686278
2686332
2686421
2686460
2686493
2686532
2686624
2686692
2686883
2686888
2686991
2687057
2687063
2687151
2687268
2687277
2687322
2687324
2687398
2687460
2687475
2687558
2687566
2687630
2687694
2687706
2687792
2687868
2687913
2687943
2687965
2687973
2688106
2688114
2688187
2688200
2688283
2688477
2688481
2688498
2688657
2688710
2688810
2688813
2688869
2688957
2689038
2689154
2689262
2689283
2689376
2689378
2689435
2689438
2689457
2689470
2689575
2689590
2689593
2689600
2689679
2689685
2689712
2689848
2689848
2689921
2689941
2689990
2690114
2690128
2690244
2690397
2690422
2690469
2690586
2690614
2690653
2690661
2690678
2690683
2690905
2691032
2691155
2691177
2691228
2691333
2691415
2691455
2691463
2691478
2691503
2691517
2691572
2691652
2691737
2691738
2691838
2691857
2691859
2691860
2692041
2692067
2692105
2692125
2692167
2692236
2692277
2692316
2692339
2692387
2692537
2692734
2692742
2692761
2692814
2692827
2692905
2692964
2692979
2692994
2693105
2693137
2693155
2693248
2693283
2693375
2693383
2693467
2693484
2693504
2693560
2693583
2693625
2693698
2693755
2693838
2693857
2693860
2693862
2693897
2693902
2693908
2693931
2693964
2693995
2694000
2694020
2694384
2694394
2694452
2694472
2694572
2694594
2694693
2694705
2694757
2694779
2694841
2694845
2694877
2694900
2694919
2694922
2694949
2694991
2695002
2695005
2695008
2695060
2695063
2695081
2695094
2695123
2695208
2695467
2695558
2695577
2695853
2695916
2696059
2696080
2696137
2696208
2696224
2696251
2696300
2696349
2696490
2696516
2696600
2696625
2696859
2696922
2697052
2697058
2697062
2697175
2697205
2697290
2697310
2697383
2697449
2697477
2697493
2697528
2697559
2697570
2697604
2697605
2697633
2697661
2697674
2697766
2697934
2697948
2698007
2698125
2698135
2698164
2698220
2698318
2698447
2698449
2698469
2698511
2698611
2698757
2698832
2698949
2698954
2698955
2699030
2699054
2699115
2699196
2699234
2699367
2699399
2699487
2699507
2699593
2699614
2699621
2699683
2699688
2699884
2699905
2700026
2700067
2700069
2700153
2700179
2700231
2700244
2700250
2700327
2700379
2700388
2700468
2700499
2700582
2700683
2700696
2700707
2700728
2700830
2700908
2700978
2700979
2700980
2701002
2701008
2701015
2701051
2701095
2701145
2701153
2701199
2701293
2701377
2701377
2701384
2701435
2701677
2701773
2701813
2701825
2701839
2701844
2701894
2701907
2701908
2701925
2701941
2701980
2702036
2702052
2702101
2702103
2702106
2702185
2702332
2702425
2702458
2702467
2702479
2702552
2702560
2702580
2702603
2702633
2702874
2702880
2702903
2702920
2702976
2702994
2703015
2703087
2703092
2703151
2703192
2703197
2703212
2703226
2703280
2703405
2703445
2703504
2703635
2703670
2703722
2703745
2703791
2703842
2703846
2704056
2704140
2704146
2704161
2704165
2704211
2704262
2704344
2704373
2704389
2704395
2704457
2704491
2704524
2704546
2704551
2704561
2704643
2704713
2704717
2704743
2704750
2704792
2704914
2704997
2705010
2705024
2705026
2705054
2705064
2705184
2705295
2705311
2705369
2705395
2705469
2705471
2705501
2705544
2705550
2705580
2705664
2705802
2705829
2705846
2705887
2705929
2706010
2706031
2706061
2706177
2706194
2706199
2706271
2706280
2706322
2706376
2706429
2706469
2706469
2706554
2706612
2706678
2706704
2706708
2706754
2706810
2706892
2707048
2707074
2707121
2707257
2707261
2707358
2707415
2707478
2707520
2707591
2707597
2707621
2707706
2707761
2707782
2707853
2707862
2707906
2707946
2707974
2707983
2708029
2708090
2708097
2708319
2708481
2708487
2708491
2708577
2708586
2708628
2708686
2708756
2708767
2708922
2709008
2709044
2709062
2709172
2709174
2709209
2709232
2709249
2709256
2709270
2709292
2709311
2709352
2709463
2709505
2709509
2709518
2709573
2709593
2709629
2709759
2709768
2709810
2709828
2709838
2709842
2709890
2710051
2710123
2710138
2710153
2710177
2710186
2710227
2710365
2710395
2710450
2710504
2710634
2710762
2710779
2710827
2710830
2710842
2710880
2710949
2710960
2710969
2711034
2711077
2711086
2711129
2711173
2711229
2711286
2711345
2711426
2711520
2711615
2711642
2711736
2711810
2711893
2712028
2712114
2712169
2712215
2712228
2712337
2712364
2712389
2712455
2712499
2712533
2712568
2712602
2712603
2712721
2712764
2712784
2712866
2712872
2712989
2713057
2713069
2713173
2713239
2713290
2713459
2713529
2713593
2713596
2713669
2713748
2713768
2713779
2713915
2713979
2714063
2714094
2714099
2714104
2714318
2714435
2714448
2714546
2714602
2714623
2714660
2714748
2714809
2714916
2714942
2715272
2715292
2715303
2715309
2715330
2715386
2715417
2715426
2715455
2715560
2715619
2715641
2715655
2715670
2715678
2715683
2715702
2715751
2715760
2715797
2715866
2715867
2715869
2716010
2716017
2716083
2716203
2716216
2716296
2716320
2716347
2716368
2716434
2716440
2716440
2716473
2716525
2716533
2716579
2716585
2716613
2716781
2716800
2716803
2716834
2716842
2716916
2716919
2717011
2717029
2717075
2717090
2717174
2717295
2717296
2717317
2717336
2717346
2717403
2717446
2717474
2717683
2717724
2717734
2717739
2717747
2717785
2717805
2717816
2717850
2717937
2718033
2718045
2718077
2718129
2718160
2718189
2718222
2718306
2718331
2718384
2718385
2718430
2718532
2718558
2718612
2718782
2718804
2718823
2718853
2718870
2718944
2719004
2719010
2719051
2719106
2719304
2719352
2719382
2719409
2719413
2719431
2719483
2719498
2719512
2719628
2719634
2719702
2719708
2719718
2719790
2719798
2719812
2719816
2719838
2719852
2719862
2719888
2719894
2719955
2720006
2720037
2720107
2720137
2720150
2720223
2720335
2720523
2720568
2720903
2720957
2721002
2721016
2721035
2721079
2721147
2721150
2721185
2721205
2721239
2721262
2721269
2721294
2721474
2721514
2721534
2721536
2721616
2721731
2721776
2721832
2721845
2721917
2721942
2722028
2722052
2722108
2722145
2722169
2722196
2722231
2722317
2722366
2722380
2722387
2722423
2722445
2722486
2722565
2722791
2722805
2722824
2722876
2722891
2722948
2722971
2723087
2723194
2723211
2723223
2723314
2723345
2723382
2723385
2723409
2723475
2723502
2723530
2723539
2723541
2723577
2723654
2723674
2723700
2723855
2723907
2723979
2723989
2724039
2724080
2724185
2724239
2724286
2724291
2724292
2724360
2724406
2724428
2724457
2724469
2724512
2724513
2724519
2724595
2724654
2724671
2724733
2724822
2724922
2724995
2725000
2725087
2725105
2725163
2725221
2725383
2725406
2725465
2725497
2725555
2725583
2725620
2725679
2725706
2725727
2725761
2725817
2725831
2725876
2725911
2726126
2726135
2726158
2726260
2726312
2726328
2726329
2726362
2726426
2726503
2726548
2726628
2726663
2726699
2726782
2726868
2726897
2726965
2726971
2727053
2727063
2727091
2727098
2727114
2727242
2727261
2727273
2727284
2727292
2727305
2727308
2727399
2727565
2727579
2727649
2727686
2727740
2727750
2727783
2727827
2727874
2727875
2727878
2727947
2728019
2728116
2728193
2728202
2728307
2728314
2728319
2728375
2728463
2728478
2728479
2728480
2728528
2728567
2728572
2728599
2728601
2728606
2728654
2728719
2728739
2728805
2728987
2729030
2729042
2729047
2729082
2729142
2729155
2729253
2729271
2729298
2729423
2729434
2729469
2729636
2729655
2729735
2729781
2729845
2729912
2729977
2730032
2730069
2730078
2730108
2730119
2730120
2730155
2730211
2730299
2730368
2730385
2730558
2730703
2730741
2730777
2730778
2730803
2730895
2731127
2731135
2731253
2731264
2731300
2731327
2731340
2731360
2731368
2731415
2731482
2731614
2731771
2731816
2731834
2731850
2731868
2731905
2731957
2732061
2732139
2732171
2732283
2732305
2732348
2732353
2732358
2732406
2732428
2732483
2732488
2732492
2732507
2732570
2732611
2732626
2732667
2732761
2732798
2732806
2732846
2733023
2733124
2733184
2733190
2733209
2733241
2733246
2733294
2733351
2733405
2733475
2733530
2733646
2733669
2733704
2733770
2733872
2733901
2734014
2734175
2734183
2734189
2734241
2734249
2734441
2734460
2734531
2734533
2734559
2734686
2734699
2734705
2734713
2734728
2734807
2734901
2734950
2734962
2734974
2734982
2735070
2735085
2735133
2735212
2735230
2735232
2735281
2735332
2735381
2735420
2735450
2735453
2735457
2735492
2735503
2735630
2735725
2735782
2735793
2735841
2735904
2735922
2735954
2736055
2736132
2736255
2736275
2736317
2736353
2736359
2736397
2736404
2736504
2736506
2736529
2736652
2736663
2736668
2736760
2736832
2736870
2736873
2736992
2736992
2736995
2737001
2737029
2737087
2737156
2737213
2737274
2737281
2737318
2737419
2737422
2737467
2737487
2737523
2737590
2737675
2737696
2737715
2737775
2737796
2737800
2737804
2737874
2738076
2738239
2738244
2738439
2738490
2738511
2738591
2738599
2738606
2738737
2738761
2738774
2738828
2738832
2738912
2739046
2739215
2739239
2739388
2739436
2739466
2739473
2739482
2739530
2739574
2739577
2739740
2739815
2739899
2739907
2740043
2740045
2740151
2740168
2740170
2740263
2740296
2740346
2740390
2740394
2740408
2740410
2740507
2740549
2740573
2740603
2740632
2740739
2740744
2740844
2740856
2741073
2741109
2741179
2741213
2741354
2741357
2741582
2741607
2741623
2741777
2741823
2741853
2741883
2741900
2741911
2741977
2741979
2741998
2742066
2742186
2742226
2742230
2742245
2742312
2742335
2742392
2742414
2742443
2742474
2742487
2742579
2742627
2742678
2742703
2742719
2742735
2742810
2742824
2742841
2742842
2742844
2742896
2742905
2742939
2743051
2743504
2743558
2743589
2743681
2743745
2743762
2743911
2743917
2743964
2743979
2743997
2744030
2744053
2744231
2744252
2744270
2744290
2744306
2744351
2744417
2744576
2744579
2744599
2744667
2744798
2744804
2744906
2744968
2745000
2745265
2745268
2745327
2745346
2745378
2745453
2745473
2745628
2745691
2745711
2745712
2745749
2745787
2745798
2745873
2745894
2745972
2746049
2746165
2746331
2746425
2746427
2746440
2746514
2746528
2746608
2746621
2746630
2746637
2746662
2746712
2746786
2746802
2747047
2747047
2747062
2747088
2747116
2747139
2747168
2747190
2747216
2747241
2747288
2747301
2747338
2747353
2747384
2747393
2747395
2747572
2747578
2747690
2747721
2747816
2747913
2747941
2748046
2748186
2748189
2748249
2748255
2748276
2748307
2748368
2748379
2748413
2748414
2748486
2748504
2748573
2748574
2748613
2748633
2748660
2748677
2748686
2748733
2748803
2748840
2748844
2748917
2749000
2749060
2749122
2749369
2749382
2749444
2749481
2749530
2749552
2749557
2749570
2749575
2749709
2749750
2749882
2750018
2750228
2750270
2750372
2750462
2750481
2750498
2750535
2750556
2750601
2750607
2750688
2750793
2750840
2750907
2750907
2750921
2750939
2750960
2751022
2751067
2751102
2751118
2751267
2751331
2751375
2751390
2751424
2751525
2751658
2751781
2751784
2751851
2751875
2751970
2752138
2752140
2752154
2752223
2752262
2752318
2752355
2752373
2752425
2752440
2752492
2752520
2752719
2752719
2752743
2752750
2752805
2752829
2752857
2752859
2752865
2752930
2752932
2753016
2753018
2753087
2753202
2753216
2753293
2753314
2753346
2753349
2753431
2753436
2753455
2753489
2753533
2753548
2753615
2753649
2753743
2753905
2753909
2753937
2753952
2753978
2754000
2754023
2754082
2754138
2754155
2754185
2754300
2754422
2754440
2754455
2754476
2754524
2754638
2754671
2754709
2754802
2754822
2755036
2755156
2755168
2755215
2755286
2755289
2755289
2755317
2755331
2755456
2755478
2755608
2755624
2755855
2755882
2755895
2756012
2756024
2756029
2756044
2756063
2756101
2756189
2756219
2756353
2756432
2756449
2756450
2756504
2756540
2756603
2756666
2756699
2756718
2756824
2756829
2756853
2756855
2756930
2757131
2757132
2757339
2757412
2757428
2757483
2757534
2757542
2757592
2757680
2757733
2757748
2757839
2757877
2757899
2758005
2758016
2758034
2758049
2758057
2758066
2758104
2758232
2758244
2758258
2758263
2758337
2758364
2758420
2758462
2758505
2758577
2758806
2758829
2758834
2758854
2758926
2758957
2759022
2759024
2759028
2759091
2759104
2759218
2759303
2759316
2759327
2759381
2759422
2759474
2759481
2759498
2759545
2759610
2759700
2759705
2759735
2759758
2759762
2759780
2759862
2759872
2759891
2759900
2759917
2760144
2760153
2760180
2760258
2760274
2760427
2760520
2760654
2760723
2760787
2760809
2760885
2760911
2760976
2761019
2761084
2761234
2761299
2761332
2761343
2761352
2761478
2761651
2761679
2761780
2761958
2761987
2762083
2762109
2762117
2762144
2762144
2762273
2762317
2762357
2762388
2762403
2762471
2762481
2762494
2762541
2762557
2762646
2762678
2762694
2762705
2762722
2762760
2762787
2762895
2762900
2762900
2762928
2762928
2762960
2762977
2763083
2763096
2763104
2763139
2763156
2763236
2763238
2763244
2763282
2763458
2763477
2763486
2763507
2763521
2763765
2763797
2763850
2763859
2763888
2763920
2763991
2764059
2764174
2764221
2764308
2764310
2764344
2764356
2764432
2764448
2764483
2764572
2764595
2764634
2764656
2764665
2764676
2764974
2764975
2764992
2765048
2765048
2765157
2765166
2765268
2765323
2765381
2765398
2765437
2765549
2765560
2765565
2765567
2765639
2765644
2765752
2765823
2765857
2765904
2765920
2766023
2766024
2766124
2766128
2766273
2766278
2766325
2766396
2766551
2766570
2766609
2766673
2766710
2766755
2766770
2766774
2766815
2766973
2766981
2767002
2767046
2767058
2767154
2767160
2767255
2767315
2767321
2767456
2767539
2767655
2767661
2767667
2767756
2767943
2767995
2768058
2768087
2768132
2768147
2768179
2768185
2768208
2768239
2768263
2768300
2768311
2768330
2768333
2768438
2768451
2768537
2768561
2768592
2768695
2768704
2768718
2768771
2768805
2768831
2768955
2768986
2768989
2769051
2769119
2769128
2769153
2769170
2769221
2769273
2769322
2769343
2769344
2769374
2769399
2769415
2769431
2769476
2769519
2769525
2769611
2769643
2769658
2769762
2769789
2769903
2770087
2770156
2770220
2770295
2770336
2770348
2770352
2770392
2770472
2770507
2770633
2770646
2770675
2770782
2770975
2771018
2771078
2771123
2771141
2771216
2771221
2771230
2771288
2771310
2771407
2771408
2771414
2771441
2771455
2771482
2771499
2771542
2771561
2771606
2771660
2771724
2771746
2771752
2771792
2771892
2772051
2772093
2772100
2772145
2772232
2772294
2772531
2772533
2772538
2772570
2772584
2772665
2772712
2772748
2772793
2772803
2772808
2772855
2772865
2772925
2772937
2772984
2773017
2773181
2773217
2773352
2773355
2773418
2773524
2773558
2773647
2773711
2773728
2773794
2773884
2774018
2774079
2774085
2774122
2774130
2774135
2774149
2774162
2774201
2774224
2774309
2774330
2774332
2774333
2774424
2774634
2774653
2774681
2774716
2774812
2774883
2774924
2774993
2775038
2775047
2775123
2775182
2775187
2775211
2775249
2775361
2775362
2775434
2775486
2775491
2775502
2775505
2775561
2775588
2775617
2775689
2775759
2775769
2775774
2775778
2775818
2775859
2775880
2776022
2776059
2776061
2776065
2776083
2776113
2776146
2776184
2776188
2776252
2776360
2776364
2776494
2776555
2776556
2776593
2776610
2776723
2776761
2776824
2776887
2776899
2777029
2777045
2777107
2777175
2777192
2777245
2777268
2777287
2777307
2777312
2777440
2777488
2777500
2777516
2777529
2777540
2777552
2777565
2777584
2777689
2777725
2777769
2777905
2777917
2777944
2777996
2778036
2778040
2778091
2778188
2778203
2778269
2778294
2778329
2778404
2778410
2778433
2778488
2778660
2778661
2778688
2778729
2778752
2778881
2778883
2778932
2778940
2779159
2779215
2779227
2779364
2779404
2779405
2779408
2779417
2779532
2779599
2779778
2779784
2779857
2779878
2779895
2779997
2780022
2780025
2780047
2780214
2780227
2780227
2780244
2780248
2780321
2780363
2780396
2780412
2780475
2780540
2780546
2780605
2780687
2780706
2780722
2780727
2780753
2780786
2780819
2780820
2781018
2781023
2781204
2781228
2781338
2781439
2781487
2781488
2781497
2781634
2781643
2781752
2781826
2781872
2781925
2781956
2781971
2781998
2782026
2782026
2782053
2782077
2782154
2782302
2782338
2782469
2782546
2782549
2782677
2782693
2782777
2782806
2782849
2783037
2783044
2783103
2783103
2783169
2783214
2783220
2783242
2783298
2783308
2783359
2783413
2783440
2783487
2783519
2783701
2783842
2783886
2783894
2783909
2783933
2783972
2784028
2784060
2784067
2784071
2784084
2784143
2784149
2784246
2784272
2784299
2784388
2784417
2784427
2784430
2784452
2784469
2784511
2784600
2784607
2784721
2784748
2784774
2784979
2785009
2785056
2785095
2785164
2785289
2785581
2785604
2785642
2785671
2785673
2785681
2785708
2785759
2785891
2785898
2785936
2785940
2786000
2786055
2786098
2786118
2786169
2786189
2786206
2786236
2786519
2786531
2786552
2786563
2786573
2786610
2786656
2786780
2786820
2786910
2786926
2786985
2787078
2787090
2787109
2787271
2787294
2787467
2787528
2787538
2787606
2787624
2787625
2787641
2787700
2787708
2787802
2788077
2788091
2788161
2788168
2788174
2788238
2788447
2788472
2788702
2788738
2788826
2788853
2788853
2788861
2788890
2788983
2789076
2789078
2789162
2789199
2789216
2789330
2789495
2789580
2789623
2789667
2789672
2789678
2789689
2790004
2790051
2790084
2790089
2790211
2790251
2790385
2790420
2790500
2790511
2790617
2790621
2790680
2790684
2790775
2790796
2790854
2790861
2790897
2790918
2790935
2790947
2791039
2791055
2791200
2791232
2791273
2791542
2791628
2791658
2791730
2791740
2791755
2791790
2791861
2791905
2792042
2792059
2792140
2792221
2792265
2792345
2792472
2792503
2792598
2792613
2792623
2792746
2792770
2792831
2792837
2792888
2792904
2792921
2793099
2793121
2793155
2793161
2793205
2793216
2793219
2793556
2793592
2793729
2793836
2793865
2793917
2793955
2793956
2793961
2793980
2794086
2794090
2794128
2794135
2794152
2794199
2794216
2794220
2794255
2794285
2794298
2794336
2794366
2794388
2794456
2794478
2794514
2794536
2794611
2794649
2794653
2794797
2794821
2795008
2795024
2795107
2795150
2795162
2795184
2795203
2795218
2795294
2795323
2795329
2795336
2795373
2795439
2795463
2795466
2795527
2795581
2795837
2796033
2796058
2796064
2796149
2796160
2796170
2796232
2796240
2796328
2796372
2796400
2796484
2796519
2796523
2796603
2796652
2796720
2796801
2796816
2796897
2796911
2796938
2796963
2797120
2797122
2797266
2797405
2797480
2797504
2797581
2797650
2797677
2797697
2797818
2797967
2798044
2798184
2798199
2798202
2798273
2798301
2798354
2798417
2798512
2798552
2798554
2798566
2798667
2798682
2798785
2798866
2798902
2798964
2798968
2798975
2799008
2799008
2799071
2799082
2799111
2799123
2799136
2799379
2799510
2799591
2799660
2799675
2799854
2799879
2800044
2800203
2800396
2800408
2800495
2800536
2800576
2800672
2800674
2800675
2800711
2800741
2800803
2800807
2800988
2801080
2801086
2801163
2801179
2801450
2801560
2801601
2801669
2801723
2801769
2801828
2801938
2801948
2801971
2802004
2802059
2802098
2802247
2802291
2802338
2802382
2802659
2802869
2802939
2803076
2803243
2803262
2803274
2803280
2803357
2803407
2803417
2803439
2803528
2803536
2803571
2803663
2803739
2803746
2803792
2803806
2803823
2803829
2803903
2803907
2803911
2803977
2804017
2804025
2804183
2804212
2804300
2804363
2804366
2804475
2804538
2804562
2804731
2804815
2804826
2804852
2804894
2804895
2804979
2805000
2805112
2805189
2805205
2805213
2805243
2805261
2805262
2805302
2805350
2805367
2805436
2805472
2805498
2805627
2805668
2805788
2805918
2806001
2806026
2806136
2806194
2806217
2806234
2806301
2806312
2806317
2806351
2806373
2806433
2806494
2806522
2806586
2806599
2806825
2806841
2806891
2806891
2806928
2807085
2807264
2807303
2807412
2807438
2807501
2807503
2807592
2807601
2807743
2807769
2807814
2807846
2807898
2807922
2807992
2808012
2808052
2808063
2808123
2808140
2808164
2808214
2808255
2808294
2808312
2808348
2808363
2808444
2808455
2808476
2808575
2808657
2808674
2808815
2808838
2808840
2808953
2808990
2809017
2809031
2809031
2809118
2809143
2809175
2809207
2809265
2809269
2809322
2809336
2809354
2809402
2809431
2809436
2809448
2809509
2809568
2809672
2809831
2809905
2809952
2809956
2809963
2810019
2810170
2810219
2810268
2810278
2810292
2810298
2810353
2810368
2810575
2810602
2810622
2810662
2810675
2810848
2810862
2810892
2810940
2811071
2811096
2811127
2811168
2811212
2811368
2811453
2811491
2811705
2811706
2811756
2811767
2811804
2811878
2811900
2811907
2811927
2812104
2812147
2812188
2812321
2812373
2812373
2812377
2812403
2812490
2812527
2812528
2812530
2812673
2812675
2812680
2812738
2812763
2812772
2812828
2812829
2812831
2813017
2813085
2813091
2813107
2813116
2813152
2813329
2813409
2813505
2813557
2813616
2813689
2813738
2813760
2813791
2813806
2813836
2813895
2813974
2814107
2814126
2814173
2814223
2814290
2814376
2814498
2814517
2814706
2814747
2814784
2814814
2814845
2814927
2814961
2815088
2815096
2815154
2815216
2815232
2815244
2815247
2815275
2815303
2815449
2815449
2815508
2815538
2815601
2815608
2815686
2815694
2815704
2815731
2815734
2815737
2815791
2815805
2815925
2816085
2816233
2816291
2816436
2816458
2816575
2816630
2816681
2816714
2816716
2816811
2816834
2816847
2816936
2816975
2817040
2817125
2817160
2817183
2817196
2817360
2817362
2817390
2817446
2817446
2817563
2817564
2817754
2817825
2817998
2818007
2818103
2818258
2818260
2818307
2818385
2818449
2818513
2818513
2818554
2818574
2818612
2818627
2818647
2818722
2818734
2818744
2818768
2818853
2818857
2818905
2818927
2819015
2819216
2819230
2819235
2819308
2819330
2819385
2819385
2819417
2819417
2819502
2819524
2819533
2819553
2819595
2819614
2819618
2819641
2819657
2819660
2819677
2819677
2819685
2819704
2819711
2819726
2819877
2819948
2819972
2819977
2820025
2820089
2820120
2820127
2820199
2820205
2820208
2820243
2820355
2820454
2820500
2820552
2820553
2820557
2820651
2820738
2820788
2820811
2820821
2820851
2820991
2821504
2821521
2821522
2821632
2821741
2821815
2821832
2821964
2822028
2822100
2822133
2822144
2822171
2822289
2822334
2822352
2822395
2822458
2822639
2822649
2822721
2822812
2822816
2822926
2823007
2823054
2823121
2823125
2823139
2823198
2823205
2823325
2823337
2823528
2823587
2823594
2823651
2823821
2823897
2823915
2823944
2824013
2824045
2824052
2824066
2824179
2824188
2824206
2824424
2824426
2824471
2824542
2824566
2824646
2824659
2824792
2824890
2824942
2824979
2825047
2825067
2825110
2825113
2825113
2825129
2825134
2825159
2825159
2825196
2825375
2825399
2825401
2825531
2825552
2825641
2825732
2825770
2825805
2825865
2825881
2825952
2826048
2826073
2826111
2826158
2826170
2826246
2826316
2826325
2826341
2826361
2826396
2826446
2826491
2826546
2826547
2826708
2826714
2826798
2826822
2826825
2826901
2826924
2826938
2826951
2826981
2826984
2827002
2827021
2827058
2827101
2827113
2827122
2827185
2827198
2827201
2827315
2827330
2827375
2827439
2827515
2827556
2827583
2827596
2827636
2827651
2827660
2827780
2827882
2828012
2828015
2828025
2828164
2828204
2828221
2828230
2828246
2828253
2828297
2828331
2828334
2828354
2828395
2828469
2828538
2828698
2828751
2828862
2828864
2828926
2828927
2829078
2829102
2829107
2829216
2829353
2829443
2829488
2829489
2829535
2829536
2829591
2829674
2829680
2829793
2829818
2829859
2829863
2829902
2830017
2830150
2830192
2830200
2830342
2830343
2830532
2830537
2830548
2830592
2830663
2830687
2830708
2830759
2830840
2830846
2830864
2830879
2830879
2830898
2830899
2830996
2831042
2831211
2831232
2831359
2831401
2831419
2831503
2831593
2831598
2831613
2831670
2831729
2831732
2831755
2831822
2831941
2832096
2832098
2832189
2832215
2832223
2832315
2832347
2832575
2832636
2832637
2832871
2832947
2832989
2833059
2833079
2833090
2833095
2833128
2833141
2833249
2833316
2833357
2833388
2833407
2833442
2833450
2833452
2833464
2833486
2833582
2833596
2833606
2833628
2833633
2833715
2833716
2833746
2833861
2833873
2833925
2833977
2833993
2834023
2834024
2834039
2834070
2834080
2834098
2834157
2834208
2834268
2834305
2834311
2834335
2834444
2834483
2834546
2834613
2834644
2834685
2834703
2834750
2834771
2834804
2834885
2834918
2834926
2834946
2835180
2835191
2835303
2835401
2835419
2835427
2835472
2835474
2835511
2835516
2835529
2835617
2835652
2835679
2835695
2835725
2835819
2835910
2835960
2835968
2835991
2836167
2836403
2836444
2836467
2836622
2836668
2836808
2836947
2837065
2837078
2837078
2837085
2837109
2837219
2837374
2837555
2837598
2837603
2837615
2837699
2837744
2837752
2837768
2837792
2837801
2837995
2838009
2838039
2838147
2838221
2838332
2838397
2838399
2838555
2838624
2838638
2838668
2838689
2838712
2838757
2838777
2838788
2838879
2838974
2838974
2839047
2839108
2839123
2839199
2839353
2839549
2839665
2839764
2839852
2839864
2839883
2839889
2839936
2839943
2840032
2840096
2840126
2840179
2840349
2840359
2840418
2840426
2840556
2840664
2840776
2840845
2840891
2840940
2840959
2841031
2841067
2841108
2841192
2841341
2841374
2841428
2841441
2841463
2841548
2841557
2841607
2841704
2841706
2841708
2841823
2841853
2841965
2842020
2842059
2842064
2842218
2842250
2842261
2842287
2842426
2842475
2842489
2842492
2842553
2842574
2842583
2842597
2842675
2842945
2843049
2843082
2843096
2843225
2843270
2843468
2843524
2843532
2843579
2843636
2843661
2843670
2843743
2843797
2843854
2843876
2843884
2843929
2843978
2844027
2844064
2844179
2844264
2844282
2844398
2844408
2844417
2844453
2844726
2844946
2845003
2845034
2845128
2845206
2845239
2845304
2845505
2845693
2845729
2845877
2845989
2846046
2846047
2846161
2846220
2846358
2846389
2846389
2846485
2846505
2846537
2846630
2846649
2846940
2846944
2846948
2846951
2846952
2846973
2847103
2847147
2847175
2847190
2847259
2847347
2847379
2847390
2847401
2847531
2847541
2847652
2847688
2847697
2847702
2847718
2847741
2847771
2847825
2847922
2847965
2847982
2848026
2848051
2848093
2848155
2848161
2848202
2848317
2848500
2848511
2848559
2848568
2848651
2848687
2848756
2848776
2848917
2848925
2848979
2849040
2849220
2849224
2849288
2849356
2849417
2849471
2849512
2849584
2849706
2849792
2849822
2850053
2850170
2850272
2850351
2850420
2850504
2850604
2850614
2850621
2850621
2850705
2850753
2850758
2850765
2850784
2850820
2850865
2850927
2850982
2851019
2851029
2851044
2851072
2851192
2851218
2851230
2851240
2851306
2851445
2851557
2851635
2851665
2851680
2851701
2851738
2851804
2851811
2851918
2851989
2852141
2852156
2852278
2852405
2852443
2852445
2852457
2852576
2852617
2852623
2852671
2852691
2852736
2852892
2852902
2852934
2852941
2853020
2853147
2853174
2853300
2853363
2853364
2853365
2853367
2853453
2853454
2853464
2853499
2853528
2853545
2853553
2853557
2853637
2853667
2853732
2853800
2853804
2853821
2854055
2854058
2854072
2854072
2854077
2854132
2854235
2854375
2854420
2854468
2854545
2854607
2854622
2854675
2854822
2854897
2854971
2855010
2855133
2855143
2855154
2855237
2855256
2855381
2855486
2855630
2855729
2855744
2855747
2855788
2855822
2855876
2855968
2856123
2856146
2856345
2856390
2856411
2856427
2856434
2856576
2856580
2856643
2856723
2856728
2856884
2856897
2856935
2856975
2856979
2857051
2857065
2857093
2857097
2857114
2857146
2857153
2857191
2857222
2857230
2857290
2857405
2857523
2857599
2857624
2857649
2857700
2857714
2857736
2857763
2857800
2857804
2857837
2857853
2857855
2857907
2857929
2857979
2857983
2857998
2858016
2858042
2858088
2858120
2858150
2858171
2858171
2858207
2858447
2858465
2858466
2858532
2858551
2858729
2858873
2858890
2858907
2858921
2858934
2859002
2859069
2859173
2859217
2859385
2859401
2859407
2859429
2859531
2859641
2859668
2859673
2859786
2859848
2859949
2859969
2860000
2860055
2860067
2860071
2860092
2860120
2860205
2860236
2860266
2860294
2860393
2860431
2860517
2860571
2860626
2860628
2860756
2860766
2860779
2860784
2860832
2860839
2860879
2860890
2860901
2861039
2861097
2861101
2861162
2861163
2861275
2861488
2861491
2861518
2861540
2861545
2861553
2861623
2861630
2861631
2861663
2861679
2861712
2861835
2861905
2861908
2861934
2862018
2862033
2862107
2862117
2862119
2862141
2862183
2862326
2862385
2862393
2862494
2862495
2862511
2862562
2862686
2862814
2862819
2862847
2862900
2862905
2862976
2863029
2863082
2863100
2863103
2863174
2863304
2863434
2863462
2863472
2863513
2863514
2863525
2863586
2863606
2863607
2863618
2863706
2863709
2863727
2863921
2863944
2863963
2864097
2864134
2864155
2864185
2864232
2864260
2864438
2864492
2864500
2864508
2864589
2864671
2864696
2864699
2864870
2864885
2864890
2864977
2864995
2865041
2865068
2865094
2865115
2865118
2865171
2865352
2865354
2865473
2865644
2865964
2866021
2866049
2866060
2866126
2866151
2866163
2866187
2866265
2866289
2866347
2866354
2866354
2866379
2866389
2866549
2866569
2866605
2866663
2866686
2866699
2866709
2866760
2866859
2866877
2866914
2866966
2866996
2867037
2867111
2867155
2867221
2867229
2867317
2867364
2867388
2867394
2867410
2867497
2867529
2867529
2867535
2867582
2867613
2867622
2867742
2867888
2867908
2867919
2867940
2867998
2868004
2868034
2868038
2868076
2868135
2868178
2868196
2868221
2868249
2868299
2868396
2868416
2868496
2868557
2868643
2868727
2869084
2869211
2869215
2869296
2869310
2869387
2869528
2869560
2869615
2869631
2869671
2869802
2869868
2869905
2869919
2870033
2870123
2870142
2870143
2870191
2870196
2870249
2870262
2870337
2870373
2870430
2870433
2870435
2870438
2870540
2870592
2870608
2870614
2870643
2870668
2870672
2870731
2870743
2870872
2870882
2870893
2870983
2871078
2871147
2871174
2871335
2871350
2871365
2871449
2871464
2871471
2871473
2871503
2871510
2871563
2871696
2871766
2871769
2871884
2871967
2872020
2872046
2872068
2872096
2872112
2872128
2872154
2872186
2872187
2872306
2872346
2872380
2872481
2872522
2872701
2872750
2872838
2872860
2872921
2872935
2873021
2873041
2873070
2873074
2873290
2873316
2873322
2873405
2873559
2873583
2873604
2873614
2873634
2873651
2873699
2873723
2873761
2873800
2873804
2873837
2873880
2873947
2873969
2873983
2874050
2874067
2874103
2874191
2874204
2874208
2874408
2874418
2874613
2874637
2874720
2874823
2874839
2874850
2874873
2874919
2875155
2875158
2875277
2875293
2875310
2875360
2875368
2875479
2875545
2875580
2875582
2875585
2875599
2875629
2875784
2875852
2875872
2875885
2875944
2875970
2876061
2876068
2876071
2876073
2876096
2876193
2876227
2876249
2876323
2876336
2876392
2876524
2876539
2876550
2876600
2876624
2876691
2876769
2876806
2876809
2876816
2876876
2876929
2876980
2877009
2877030
2877091
2877092
2877124
2877209
2877232
2877265
2877288
2877326
2877365
2877417
2877527
2877554
2877699
2877711
2877725
2877732
2877747
2877769
2877837
2878023
2878087
2878105
2878169
2878184
2878276
2878317
2878443
2878448
2878461
2878538
2878545
2878713
2878722
2878727
2878787
2878815
2878827
2878830
2878846
2878864
2878903
2879222
2879244
2879299
2879300
2879337
2879363
2879426
2879452
2879454
2879500
2879509
2879517
2879616
2879755
2879925
2880091
2880114
2880207
2880261
2880290
2880430
2880467
2880567
2880605
2880716
2880738
2880754
2880778
2880900
2880904
2880911
2880935
2880963
2880984
2881078
2881093
2881151
2881172
2881184
2881215
2881217
2881239
2881265
2881509
2881533
2881585
2881625
2881728
2881942
2881954
2882057
2882060
2882173
2882215
2882225
2882268
2882328
2882336
2882419
2882423
2882535
2882548
2882557
2882560
2882602
2882618
2882634
2882678
2882772
2882842
2882884
2882961
2882981
2883006
2883014
2883026
2883045
2883093
2883106
2883154
2883201
2883214
2883258
2883292
2883316
2883398
2883404
2883441
2883505
2883520
2883556
2883567
2883664
2883701
2883726
2883880
2883945
2883955
2884023
2884089
2884140
2884146
2884199
2884243
2884269
2884274
2884303
2884317
2884348
2884459
2884486
2884525
2884531
2884540
2884593
2884738
2884753
2884791
2884804
2884904
2884992
2884992
2885031
2885105
2885232
2885285
2885385
2885471
2885553
2885632
2885643
2885658
2885669
2885755
2885772
2885829
2885870
2885906
2885926
2885996
2886253
2886291
2886296
2886374
2886449
2886507
2886570
2886682
2886797
2886865
2886884
2886987
2887010
2887219
2887312
2887354
2887406
2887463
2887552
2887562
2887568
2887568
2887623
2887651
2887660
2887699
2887752
2887753
2887779
2887787
2887812
2887906
2887953
2888053
2888145
2888205
2888211
2888217
2888236
2888261
2888310
2888495
2888672
2888796
2888870
2888963
2888986
2889017
2889037
2889085
2889251
2889280
2889321
2889348
2889457
2889481
2889491
2889506
2889646
2889655
2889682
2889709
2889804
2889819
2889876
2889906
2889927
2890015
2890048
2890115
2890127
2890159
2890180
2890276
2890382
2890393
2890463
2890565
2890590
2890596
2890611
2890712
2890770
2890995
2891002
2891011
2891067
2891100
2891108
2891197
2891266
2891288
2891360
2891456
2891555
2891572
2891589
2891610
2891630
2891665
2891677
2891702
2891733
2891847
2891874
2891886
2891930
2892033
2892038
2892062
2892086
2892092
2892266
2892317
2892333
2892438
2892491
2892502
2892539
2892549
2892563
2892618
2892619
2892633
2892682
2892689
2892707
2892825
2892859
2892894
2892918
2892956
2892978
2893018
2893080
2893241
2893251
2893272
2893308
2893389
2893528
2893582
2893640
2893656
2893685
2893717
2893719
2893742
2893836
2893847
2893952
2893956
2893990
2894095
2894099
2894124
2894266
2894315
2894327
2894335
2894478
2894518
2894565
2894645
2894675
2894745
2894895
2895058
2895084
2895134
2895175
2895348
2895350
2895494
2895514
2895531
2895643
2895673
2895742
2895754
2895872
2895898
2895974
2896086
2896105
2896121
2896136
2896232
2896278
2896380
2896481
2896534
2896670
2896683
2896694
2896710
2896725
2896726
2896745
2896758
2896783
2896787
2896900
2897038
2897079
2897129
2897178
2897178
2897200
2897214
2897233
2897324
2897377
2897423
2897499
2897517
2897576
2897607
2897634
2897752
2897794
2897925
2897936
2897964
2897991
2898024
2898059
2898108
2898129
2898169
2898242
2898272
2898409
2898421
2898424
2898467
2898571
2898674
2898702
2898716
2898743
2898893
2899022
2899059
2899080
2899087
2899144
2899188
2899264
2899291
2899309
2899407
2899440
2899548
2899577
2899667
2899685
2899694
2899728
2899770
2899809
2899817
2899865
2899879
2899944
2899961
2899986
2900001
2900010
2900091
2900144
2900222
2900430
2900479
2900570
2900598
2900734
2900749
2900830
2900957
2901044
2901102
2901283
2901292
2901385
2901399
2901414
2901420
2901424
2901465
2901521
2901547
2901555
2901627
2901750
2901917
2901986
2902001
2902053
2902054
2902092
2902206
2902220
2902236
2902239
2902336
2902387
2902546
2902582
2902587
2902590
2902767
2902791
2902849
2902866
2902922
2902925
2902999
2903224
2903245
2903256
2903305
2903314
2903368
2903567
2903599
2903617
2903644
2903689
2903714
2903835
2903877
2903911
2903974
2903996
2904004
2904083
2904113
2904147
2904218
2904221
2904250
2904287
2904385
2904489
2904495
2904512
2904592
2904644
2904695
2904742
2904753
2904924
2904948
2904955
2904993
2905021
2905026
2905056
2905063
2905135
2905189
2905215
2905255
2905537
2905602
2905774
2905839
2905870
2905944
2905958
2906064
2906078
2906131
2906221
2906372
2906475
2906588
2906600
2906708
2906786
2906805
2906807
2906808
2906859
2906883
2906974
2906991
2907057
2907060
2907179
2907246
2907272
2907368
2907378
2907452
2907607
2907649
2907661
2907736
2907782
2907860
2907899
2907946
2907972
2907990
2908034
2908050
2908084
2908147
2908238
2908299
2908321
2908352
2908393
2908428
2908517
2908631
2908690
2908760
2908783
2909177
2909189
2909208
2909236
2909302
2909335
2909340
2909392
2909404
2909457
2909512
2909527
2909531
2909627
2909630
2909640
2909750
2909776
2909849
2909854
2909873
2909931
2909947
2910036
2910041
2910125
2910146
2910158
2910279
2910344
2910559
2910602
2910617
2910674
2910759
2910817
2910984
2911040
2911050
2911097
2911113
2911131
2911148
2911156
2911158
2911380
2911448
2911499
2911517
2911552
2911707
2911804
2911811
2911814
2911842
2911899
2912156
2912274
2912284
2912287
2912292
2912366
2912371
2912391
2912451
2912484
2912489
2912507
2912524
2912568
2912737
2912906
2912924
2912941
2912979
2913001
2913018
2913054
2913161
2913171
2913192
2913268
2913303
2913307
2913391
2913422
2913445
2913452
2913473
2913501
2913509
2913517
2913599
2913619
2913679
2913731
2913866
2913879
2913931
2913999
2914125
2914170
2914192
2914227
2914267
2914330
2914435
2914476
2914683
2914757
2914813
2914988
2915129
2915141
2915179
2915193
2915206
2915206
2915417
2915528
2915539
2915592
2915616
2915638
2915754
2915774
2915805
2915816
2915913
2915961
2916014
2916051
2916117
2916149
2916179
2916213
2916215
2916227
2916303
2916431
2916490
2916601
2916603
2916614
2916643
2916648
2916710
2916736
2916748
2916754
2916889
2916983
2916986
2917059
2917104
2917129
2917135
2917224
2917227
2917241
2917365
2917370
2917434
2917441
2917461
2917495
2917606
2917718
2917851
2917948
2918003
2918101
2918162
2918164
2918191
2918214
2918229
2918234
2918369
2918376
2918380
2918421
2918469
2918495
2918529
2918553
2918593
2918627
2918659
2918668
2918762
2918813
2918845
2919008
2919035
2919112
2919202
2919227
2919228
2919261
2919283
2919294
2919302
2919405
2919709
2919723
2919734
2919781
2919846
2919911
2919918
2919952
2919961
2920008
2920078
2920179
2920221
2920332
2920481
2920492
2920547
2920551
2920627
2920663
2920709
2920802
2920831
2920877
2920884
2920915
2920928
2920936
2920948
2921009
2921094
2921148
2921175
2921224
2921278
2921353
2921455
2921469
2921530
2921558
2921575
2921578
2921578
2921657
2921729
2921804
2921805
2921826
2921857
2921890
2922102
2922213
2922254
2922336
2922353
2922386
2922412
2922473
2922474
2922489
2922538
2922559
2922563
2922575
2922604
2922613
2922622
2922727
2922742
2922897
2922982
2922982
2923051
2923051
2923109
2923126
2923166
2923204
2923307
2923341
2923390
2923518
2923539
2923575
2923607
2923610
2923621
2923654
2923687
2923687
2923698
2923753
2923855
2923857
2923990
2924031
2924082
2924181
2924327
2924356
2924438
2924492
2924507
2924522
2924570
2924607
2924622
2924629
2924686
2924691
2924738
2924762
2924833
2925187
2925230
2925508
2925579
2925582
2925583
2925607
2925670
2925696
2925721
2925861
2925897
2926001
2926004
2926007
2926076
2926088
2926102
2926161
2926168
2926196
2926326
2926334
2926386
2926480
2926481
2926663
2926743
2926908
2926939
2927011
2927025
2927035
2927185
2927274
2927382
2927387
2927394
2927439
2927579
2927604
2927636
2927743
2927813
2927869
2927889
2927889
2927968
2927990
2928053
2928061
2928174
2928176
2928191
2928200
2928207
2928253
2928293
2928295
2928385
2928439
2928440
2928485
2928612
2928617
2928905
2928941
2929074
2929120
2929156
2929209
2929297
2929380
2929419
2929431
2929432
2929453
2929464
2929512
2929558
2929567
2929598
2929606
2929612
2929670
2929679
2929716
2929723
2929743
2929796
2929804
2929807
2929828
2929873
2929885
2930032
2930039
2930067
2930159
2930262
2930292
2930409
2930575
2930583
2930629
2930639
2930755
2930774
2930778
2930812
2930835
2930867
2931028
2931067
2931088
2931094
2931178
2931218
2931308
2931347
2931400
2931414
2931455
2931548
2931586
2931605
2931620
2931647
2931786
2931872
2932025
2932029
2932065
2932079
2932132
2932209
2932258
2932309
2932311
2932393
2932439
2932548
2932558
2932649
2932730
2932778
2932831
2932900
2932998
2933216
2933224
2933248
2933293
2933310
2933328
2933366
2933377
2933442
2933475
2933486
2933611
2933713
2933715
2933727
2933750
2933837
2933852
2933852
2933887
2933947
2933973
2933974
2934029
2934081
2934087
2934150
2934186
2934218
2934289
2934381
2934396
2934460
2934555
2934657
2934674
2934691
2934815
2934852
2934884
2934899
2934905
2934982
2935000
2935030
2935047
2935075
2935131
2935153
2935156
2935261
2935274
2935309
2935318
2935343
2935350
2935409
2935421
2935428
2935441
2935460
2935506
2935572
2935584
2935607
2935614
2935667
2935686
2935695
2935738
2935781
2935784
2935784
2935795
2935935
2935996
2936185
2936186
2936279
2936325
2936329
2936379
2936492
2936493
2936577
2936633
2936657
2936751
2936771
2936779
2936842
2936855
2936873
2936968
2936980
2936991
2936995
2937008
2937117
2937176
2937277
2937337
2937352
2937421
2937423
2937448
2937497
2937536
2937669
2937713
2937733
2937737
2937807
2937828
2937830
2937865
2937872
2937977
2938009
2938069
2938074
2938127
2938146
2938167
2938170
2938446
2938585
2938618
2938640
2938811
2938865
2938888
2939006
2939024
2939151
2939300
2939314
2939318
2939331
2939418
2939510
2939583
2939603
2939727
2939735
2939809
2939911
2939940
2940065
2940077
2940129
2940217
2940307
2940353
2940379
2940422
2940429
2940588
2940611
2940619
2940627
2940639
2940785
2940870
2940952
2941062
2941121
2941175
2941180
2941187
2941337
2941465
2941559
2941585
2941625
2941731
2941758
2941763
2941788
2941928
2941966
2941987
2941988
2942091
2942107
2942164
2942180
2942271
2942291
2942317
2942365
2942508
2942523
2942551
2942574
2942602
2942616
2942672
2942713
2942718
2942761
2942776
2942783
2942865
2942866
2942958
2943145
2943269
2943342
2943357
2943386
2943395
2943396
2943446
2943504
2943508
2943557
2943586
2943606
2943720
2943733
2943885
2943914
2943925
2943963
2944050
2944095
2944155
2944225
2944262
2944442
2944500
2944532
2944545
2944566
2944631
2944694
2944695
2944703
2944718
2944727
2944768
2944849
2944867
2944870
2944936
2945079
2945087
2945120
2945329
2945422
2945426
2945476
2945540
2945561
2945712
2945752
2945774
2945844
2945893
2945965
2946058
2946113
2946164
2946206
2946242
2946246
2946325
2946368
2946468
2946521
2946546
2946580
2946601
2946677
2946721
2946835
2946842
2946853
2946886
2947041
2947105
2947125
2947215
2947218
2947256
2947322
2947350
2947401
2947426
2947446
2947461
2947475
2947570
2947603
2947622
2947647
2947694
2947707
2947761
2947796
2947878
2947946
2947980
2948005
2948062
2948099
2948116
2948201
2948225
2948265
2948290
2948525
2948536
2948536
2948561
2948663
2948689
2948697
2948793
2948823
2948891
2948934
2948943
2949074
2949156
2949205
2949271
2949279
2949283
2949361
2949365
2949404
2949488
2949490
2949551
2949560
2949596
2949651
2949742
2949832
2949870
2949885
2949914
2950019
2950143
2950149
2950152
2950189
2950191
2950287
2950397
2950421
2950427
2950438
2950591
2950596
2950676
2950901
2950915
2950950
2951017
2951129
2951132
2951159
2951160
2951161
2951171
2951202
2951248
2951266
2951352
2951425
2951533
2951568
2951603
2951682
2951686
2951761
2951762
2951785
2951801
2951840
2951926
2952071
2952075
2952264
2952276
2952379
2952388
2952423
2952465
2952508
2952512
2952515
2952529
2952625
2952628
2952646
2952648
2952748
2952795
2952826
2952857
2952903
2953005
2953012
2953058
2953129
2953194
2953388
2953460
2953468
2953527
2953608
2953636
2953649
2953667
2953683
2953736
2953767
2954002
2954064
2954087
2954114
2954172
2954181
2954241
2954286
2954415
2954437
2954519
2954525
2954574
2954624
2954733
2954734
2954754
2954768
2954768
2954772
2954807
2954845
2954923
2954991
2955116
2955185
2955219
2955220
2955240
2955274
2955328
2955340
2955348
2955367
2955396
2955399
2955414
2955615
2955908
2955935
2955953
2955994
2956039
2956079
2956188
2956190
2956226
2956250
2956278
2956291
2956355
2956447
2956611
2956655
2956658
2956710
2956711
2956724
2956739
2956768
2956789
2956868
2956882
2956934
2956935
2956961
2956986
2957011
2957023
2957049
2957181
2957195
2957203
2957388
2957389
2957499
2957541
2957544
2957573
2957676
2957688
2957822
2957853
2957870
2957944
2958087
2958181
2958252
2958259
2958356
2958392
2958427
2958570
2958573
2958587
2958647
2958737
2958758
2958761
2959026
2959039
2959060
2959104
2959241
2959321
2959329
2959343
2959392
2959471
2959579
2959649
2959731
2959767
2959902
2959944
2960000
2960083
2960088
2960110
2960117
2960172
2960190
2960241
2960292
2960306
2960337
2960358
2960417
2960509
2960522
2960617
2960741
2960800
2960837
2960839
2960919
2960953
2961003
2961005
2961019
2961032
2961161
2961188
2961245
2961259
2961293
2961305
2961333
2961461
2961483
2961519
2961654
2961673
2962023
2962084
2962086
2962096
2962205
2962223
2962288
2962392
2962413
2962488
2962521
2962570
2962631
2962669
2962802
2962827
2962856
2962883
2962964
2962974
2963070
2963102
2963144
2963183
2963195
2963195
2963212
2963272
2963312
2963401
2963586
2963597
2963672
2963695
2963730
2963784
2963794
2963898
2963954
2963984
2964000
2964058
2964153
2964175
2964270
2964479
2964629
2964766
2964818
2964856
2965034
2965184
2965223
2965295
2965345
2965362
2965368
2965411
2965501
2965522
2965530
2965640
2965650
2965707
2965809
2965828
2965839
2965892
2965920
2965971
2966018
2966202
2966224
2966225
2966265
2966300
2966322
2966347
2966456
2966567
2966571
2966587
2966668
2966748
2966849
2966947
2967027
2967182
2967196
2967380
2967391
2967392
2967430
2967463
2967508
2967532
2967612
2967624
2967706
2967760
2967793
2967929
2967955
2967958
2968202
2968223
2968242
2968266
2968323
2968332
2968345
2968408
2968426
2968551
2968581
2968583
2968608
2968620
2968629
2968722
2968786
2968789
2968826
2968851
2968922
2968926
2968927
2969102
2969114
2969223
2969229
2969277
2969427
2969450
2969624
2969791
2969951
2970041
2970133
2970148
2970196
2970315
2970317
2970345
2970347
2970364
2970436
2970493
2970511
2970521
2970607
2970765
2970789
2970937
2970945
2970955
2970981
2970988
2970992
2971039
2971046
2971099
2971113
2971120
2971195
2971283
2971394
2971438
2971501
2971603
2971604
2971605
2971673
2971749
2971804
2971836
2971925
2971957
2972033
2972059
2972188
2972285
2972287
2972297
2972306
2972306
2972310
2972340
2972415
2972424
2972539
2972575
2972617
2972642
2972652
2972758
2972794
2972828
2972885
2972967
2972977
2973056
2973099
2973111
2973209
2973259
2973272
2973311
2973342
2973356
2973374
2973418
2973430
2973435
2973500
2973560
2973605
2973642
2973669
2973670
2973751
2973761
2973762
2973788
2973803
2973868
2973932
2973940
2973994
2974029
2974039
2974060
2974098
2974099
2974134
2974169
2974291
2974301
2974365
2974389
2974429
2974436
2974452
2974503
2974560
2974565
2974584
2974617
2974758
2974775
2974786
2974867
2974871
2974911
2974942
2975055
2975084
2975148
2975232
2975292
2975319
2975346
2975391
2975404
2975487
2975542
2975745
2975901
2975969
2975970
2976002
2976010
2976019
2976061
2976127
2976150
2976231
2976237
2976322
2976331
2976397
2976464
2976474
2976503
2976505
2976515
2976545
2976550
2976765
2976808
2976854
2976932
2976946
2976958
2976981
2976992
2977015
2977238
2977262
2977392
2977424
2977436
2977441
2977472
2977591
2977645
2977667
2977784
2977871
2977981
2978011
2978064
2978065
2978129
2978237
2978381
2978398
2978430
2978456
2978458
2978472
2978480
2978511
2978552
2978615
2978635
2978696
2978809
2978819
2978842
2978849
2978878
2978949
2978984
2979092
2979103
2979146
2979152
2979167
2979182
2979219
2979449
2979551
2979641
2979657
2979809
2979817
2979894
2979973
2979974
2980059
2980079
2980156
2980332
2980372
2980488
2980498
2980582
2980658
2980664
2980765
2980768
2980897
2980932
2980980
2980997
2981030
2981137
2981156
2981259
2981262
2981296
2981351
2981581
2981607
2981706
2981767
2981960
2981962
2982004
2982037
2982071
2982098
2982128
2982182
2982227
2982244
2982288
2982343
2982485
2982499
2982502
2982597
2982631
2982761
2982814
2982943
2982964
2983067
2983142
2983168
2983181
2983203
2983208
2983220
2983308
2983321
2983387
2983412
2983449
2983629
2983634
2983661
2983696
2983746
2983758
2983807
2983855
2983895
2983900
2983912
2984097
2984147
2984229
2984243
2984339
2984350
2984383
2984508
2984561
2984662
2984674
2984674
2984697
2984723
2984747
2984971
2985018
2985117
2985416
2985538
2985593
2985632
2985667
2985677
2985691
2985701
2985704
2985734
2985740
2985763
2985801
2985821
2985872
2985896
2985971
2985971
2986005
2986061
2986129
2986132
2986164
2986198
2986201
2986209
2986210
2986218
2986338
2986362
2986384
2986411
2986457
2986466
2986479
2986487
2986590
2986619
2986675
2986735
2986916
2986967
2986974
2986998
2987017
2987121
2987185
2987238
2987247
2987573
2987618
2987675
2987768
2987892
2987899
2987984
2988018
2988027
2988050
2988181
2988243
2988295
2988301
2988366
2988371
2988401
2988455
2988473
2988572
2988585
2988625
2988677
2988718
2988763
2988869
2988887
2988980
2989017
2989141
2989184
2989250
2989307
2989370
2989414
2989422
2989445
2989502
2989507
2989536
2989574
2989742
2989855
2989859
2989879
2989912
2989925
2990039
2990046
2990053
2990122
2990215
2990279
2990308
2990311
2990343
2990399
2990424
2990450
2990558
2990593
2990625
2990677
2990692
2990776
2990904
2990912
2990938
2990977
2990991
2990997
2991067
2991077
2991330
2991433
2991438
2991575
2991596
2991620
2991625
2991659
2991735
2991746
2991795
2991871
2991880
2991893
2991893
2992022
2992143
2992224
2992339
2992363
2992430
2992461
2992496
2992497
2992628
2992685
2992748
2992822
2992848
2992959
2992969
2992983
2992999
2993087
2993131
2993142
2993149
2993222
2993230
2993280
2993340
2993354
2993491
2993507
2993620
2993624
2993653
2993674
2993778
2993875
2993895
2994001
2994085
2994306
2994357
2994418
2994512
2994522
2994576
2994580
2994622
2994630
2994671
2994732
2994783
2994848
2994877
2994958
2995099
2995136
2995169
2995227
2995242
2995262
2995299
2995349
2995377
2995465
2995497
2995508
2995522
2995556
2995605
2995612
2995757
2995772
2995783
2995786
2995817
2995836
2995898
2996075
2996188
2996250
2996252
2996330
2996346
2996352
2996366
2996440
2996454
2996477
2996549
2996683
2996737
2996834
2996875
2996915
2996945
2996983
2997039
2997119
2997126
2997149
2997311
2997352
2997360
2997396
2997421
2997424
2997505
2997545
2997620
2997675
2997710
2997711
2997722
2997965
2997979
2998010
2998012
2998016
2998022
2998042
2998094
2998121
2998144
2998265
2998272
2998273
2998321
2998337
2998371
2998422
2998505
2998576
2998700
2998777
2998936
2998946
2998952
2998985
2998995
2999069
2999082
2999140
2999173
2999346
2999512
2999550
2999692
2999725
2999761
2999769
2999873
2999877
2999889
2999892
3000012
3000026
3000030
3000123
3000200
3000211
3000268
3000298
3000392
3000452
3000493
3000529
3000560
3000576
3000580
3000611
3000618
3000770
3000794
3000800
3000819
3000820
3000865
3000934
3001006
3001052
3001080
3001106
3001196
3001218
3001237
3001263
3001303
3001360
3001413
3001420
3001477
3001478
3001543
3001575
3001718
3001740
3001774
3001902
3002046
3002049
3002092
3002134
3002182
3002241
3002242
3002259
3002259
3002260
3002346
3002415
3002464
3002572
3002625
3002725
3002858
3002936
3002995
3003042
3003059
3003164
3003186
3003338
3003349
3003360
3003376
3003436
3003567
3003605
3003658
3003740
3003806
3003856
3004020
3004066
3004077
3004139
3004146
3004266
3004269
3004314
3004341
3004400
3004401
3004600
3004683
3004706
3004765
3004849
3005013
3005030
3005090
3005100
3005127
3005143
3005145
3005173
3005196
3005279
3005322
3005369
3005481
3005530
3005653
3005678
3005757
3005769
3005769
3005835
3005841
3005907
3005942
3005962
3005992
3006024
3006029
3006036
3006039
3006111
3006145
3006311
3006441
3006464
3006484
3006502
3006506
3006608
3006622
3006636
3006710
3006783
3006786
3006819
3006875
3006978
3007064
3007081
3007170
3007266
3007338
3007382
3007404
3007407
3007416
3007438
3007440
3007460
3007490
3007566
3007595
3007625
3007728
3007809
3007940
3008006
3008091
3008094
3008167
3008179
3008187
3008195
3008200
3008287
3008316
3008450
3008467
3008495
3008592
3008603
3008708
3008718
3008721
3008742
3008783
3008854
3008883
3008933
3009057
3009102
3009124
3009129
3009199
3009267
3009284
3009393
3009395
3009416
3009441
3009465
3009465
3009519
3009527
3009601
3009604
3009626
3009636
3009657
3009670
3009688
3009754
3009785
3009786
3009805
3009812
3009952
3010034
3010069
3010072
3010147
3010219
3010320
3010349
3010433
3010519
3010557
3010636
3010751
3010849
3010905
3010934
3010989
3010994
3011066
3011078
3011088
3011128
3011203
3011227
3011272
3011278
3011330
3011436
3011495
3011542
3011578
3011743
3011784
3011832
3011862
3011866
3011879
3011907
3011920
3011927
3011950
3012085
3012085
3012087
3012124
3012224
3012235
3012260
3012320
3012349
3012413
3012514
3012562
3012586
3012721
3012724
3012760
3012790
3012828
3012832
3012837
3012911
3012952
3012972
3013102
3013193
3013197
3013218
3013227
3013311
3013321
3013399
3013405
3013471
3013471
3013514
3013538
3013621
3013631
3013638
3013677
3013779
3013883
3013942
3013955
3013974
3014057
3014098
3014104
3014194
3014230
3014291
3014338
3014353
3014429
3014443
3014522
3014524
3014546
3014557
3014646
3014673
3014709
3014744
3014750
3014976
3014982
3015070
3015078
3015111
3015231
3015254
3015356
3015374
3015473
3015485
3015517
3015529
3015571
3015678
3015694
3015811
3015877
3015877
3015927
3015963
3015982
3016044
3016129
3016215
3016233
3016276
3016308
3016471
3016483
3016562
3016630
3016709
3016967
3017030
3017058
3017106
3017125
3017169
3017275
3017349
3017421
3017528
3017557
3017611
3017658
3017816
3017851
3017903
3018012
3018084
3018096
3018102
3018217
3018239
3018317
3018341
3018368
3018403
3018405
3018405
3018443
3018489
3018493
3018520
3018520
3018549
3018629
3018666
3018686
3018690
3018803
3018809
3018843
3018919
3018923
3019083
3019119
3019171
3019199
3019236
3019265
3019317
3019457
3019567
3019600
3019658
3019675
3019713
3019724
3019737
3019845
3019865
3019880
3019903
3020204
3020210
3020321
3020424
3020504
3020540
3020647
3020735
3020762
3020779
3020780
3020903
3020921
3020931
3020945
3021210
3021364
3021404
3021515
3021578
3021606
3021608
3021624
3021776
3021863
3021928
3022225
3022236
3022249
3022253
3022269
3022352
3022494
3022568
3022692
3022861
3022897
3022902
3022969
3022986
3023037
3023076
3023121
3023184
3023311
3023318
3023436
3023459
3023478
3023583
3023585
3023602
3023649
3023752
3023769
3023994
3024030
3024037
3024130
3024145
3024230
3024322
3024379
3024404
3024408
3024410
3024465
3024476
3024480
3024498
3024520
3024550
3024555
3024561
3024573
3024583
3024592
3024598
3024794
3024810
3024867
3024894
3024996
3025041
3025056
3025124
3025161
3025180
3025223
3025224
3025227
3025228
3025270
3025293
3025309
3025398
3025458
3025463
3025537
3025540
3025548
3025618
3025656
3025689
3025726
3025744
3025790
3025901
3025975
3026103
3026117
3026244
3026318
3026377
3026452
3026464
3026471
3026491
3026737
3026770
3026785
3026888
3026891
3026935
3026961
3027002
3027016
3027040
3027044
3027211
3027215
3027236
3027305
3027305
3027312
3027329
3027338
3027390
3027395
3027400
3027452
3027464
3027603
3027647
3027671
3027715
3027719
3027769
3027808
3027822
3027970
3027975
3028110
3028171
3028218
3028298
3028304
3028352
3028410
3028496
3028513
3028520
3028548
3028718
3028731
3028739
3028754
3028833
3028856
3028903
3028919
3028954
3028962
3028963
3028974
3029028
3029056
3029063
3029250
3029298
3029358
3029378
3029435
3029436
3029452
3029455
3029471
3029479
3029489
3029524
3029575
3029606
3029606
3029629
3029703
3029729
3029836
3029938
3029970
3030025
3030061
3030156
3030193
3030199
3030252
3030298
3030329
3030449
3030487
3030489
3030492
3030666
3030679
3030714
3030749
3030787
3030790
3030797
3030865
3030893
3031027
3031063
3031067
3031077
3031122
3031174
3031176
3031180
3031223
3031308
3031317
3031334
3031346
3031442
3031457
3031458
3031577
3031661
3031664
3031874
3032061
3032096
3032096
3032131
3032168
3032203
3032204
3032217
3032222
3032242
3032328
3032352
3032374
3032406
3032422
3032431
3032438
3032519
3032521
3032624
3032774
3032800
3032877
3032957
3032983
3033073
3033074
3033119
3033122
3033164
3033250
3033271
3033311
3033344
3033425
3033435
3033480
3033558
3033673
3033688
3033705
3033813
3033868
3033885
3033923
3033930
3034029
3034057
3034158
3034224
3034225
3034266
3034391
3034415
3034439
3034524
3034591
3034622
3034666
3034690
3034723
3034743
3034784
3034801
3034808
3034863
3034955
3034974
3035137
3035216
3035376
3035420
3035468
3035469
3035552
3035553
3035612
3035690
3035696
3035707
3035750
3035807
3035902
3035905
3035944
3035964
3035990
3036068
3036238
3036335
3036349
3036371
3036391
3036433
3036470
3036603
3036692
3036745
3037010
3037057
3037086
3037120
3037178
3037201
3037250
3037286
3037323
3037360
3037475
3037506
3037526
3037588
3037741
3037850
3038026
3038096
3038102
3038160
3038164
3038283
3038321
3038322
3038468
3038557
3038623
3038740
3038773
3038819
3038820
3039013
3039029
3039086
3039098
3039122
3039133
3039159
3039174
3039190
3039349
3039381
3039478
3039499
3039604
3039760
3039768
3039868
3039870
3039989
3040004
3040019
3040057
3040114
3040120
3040178
3040181
3040207
3040225
3040338
3040410
3040462
3040551
3040561
3040591
3040689
3040725
3040797
3041034
3041038
3041042
3041115
3041140
3041240
3041273
3041450
3041457
3041496
3041618
3041698
3041873
3041950
3041977
3042006
3042114
3042152
3042180
3042269
3042270
3042275
3042469
3042576
3042620
3042621
3042773
3042774
3042791
3042807
3042846
3042864
3042895
3043008
3043033
3043045
3043047
3043087
3043128
3043165
3043282
3043283
3043349
3043390
3043412
3043468
3043531
3043547
3043611
3043635
3043673
3043732
3043880
3043881
3043902
3043925
3044065
3044078
3044165
3044177
3044180
3044271
3044386
3044451
3044512
3044526
3044558
3044587
3044606
3044614
3044626
3044631
3044686
3044714
3044804
3044862
3044903
3044945
3044974
3044989
3045050
3045080
3045140
3045184
3045218
3045248
3045348
3045399
3045416
3045435
3045640
3045678
3045831
3045891
3045944
3046001
3046054
3046055
3046087
3046267
3046294
3046298
3046308
3046421
3046478
3046515
3046521
3046564
3046635
3046641
3046678
3046729
3046832
3046837
3046884
3046910
3046966
3046968
3047025
3047106
3047152
3047154
3047162
3047257
3047344
3047345
3047357
3047364
3047400
3047451
3047466
3047466
3047530
3047576
3047697
3047700
3047761
3047784
3047790
3047799
3047943
3048016
3048062
3048065
3048087
3048119
3048132
3048134
3048407
3048468
3048488
3048535
3048600
3048611
3048663
3048686
3048690
3048756
3048829
3048831
3048855
3048874
3048892
3048920
3048941
3048974
3049014
3049060
3049129
3049140
3049175
3049267
3049399
3049405
3049700
3049707
3049708
3049796
3049804
3049839
3049876
3049904
3049964
3049970
3050029
3050036
3050083
3050100
3050100
3050101
3050285
3050373
3050432
3050475
3050492
3050524
3050551
3050603
3050611
3050671
3050715
3050782
3050848
3050861
3050898
3051030
3051095
3051173
3051270
3051340
3051344
3051371
3051412
3051443
3051456
3051543
3051609
3051610
3051661
3051747
3051816
3051832
3051874
3051887
3051948
3052029
3052035
3052081
3052128
3052172
3052203
3052225
3052286
3052291
3052355
3052379
3052483
3052486
3052510
3052535
3052669
3052706
3052722
3052730
3052842
3052857
3052864
3052880
3053033
3053064
3053120
3053165
3053166
3053270
3053275
3053275
3053392
3053422
3053440
3053447
3053511
3053797
3053957
3054058
3054141
3054149
3054261
3054274
3054285
3054306
3054340
3054468
3054507
3054572
3054710
3054811
3054887
3054905
3054910
3054934
3054943
3054981
3055053
3055106
3055119
3055171
3055207
3055392
3055420
3055426
3055489
3055504
3055522
3055535
3055748
3055766
3055852
3055919
3056024
3056035
3056039
3056048
3056057
3056078
3056106
3056146
3056174
3056249
3056445
3056473
3056572
3056613
3056729
3056746
3056748
3056764
3056770
3056816
3056849
3056875
3056883
3056896
3056908
3057100
3057132
3057169
3057181
3057182
3057194
3057201
3057366
3057394
3057517
3057525
3057545
3057612
3057651
3057756
3057757
3057775
3057817
3057928
3057929
3058007
3058048
3058089
3058111
3058154
3058160
3058172
3058200
3058223
3058327
3058339
3058424
3058495
3058511
3058620
3058693
3058797
3058962
3058994
3059034
3059069
3059081
3059086
3059184
3059192
3059198
3059202
3059203
3059227
3059240
3059259
3059343
3059378
3059419
3059507
3059536
3059550
3059567
3059661
3059662
3059714
3059729
3059777
3059872
3060007
3060050
3060087
3060096
3060098
3060183
3060196
3060224
3060244
3060263
3060266
3060309
3060458
3060482
3060585
3060654
3060710
3060802
3060812
3060879
3060898
3060907
3060952
3060954
3061199
3061237
3061265
3061279
3061306
3061409
3061468
3061525
3061535
3061539
3061554
3061581
3061589
3061595
3061676
3061685
3061769
3061824
3061986
3062060
3062121
3062131
3062132
3062234
3062265
3062282
3062298
3062368
3062395
3062461
3062492
3062570
3062667
3062772
3062877
3062952
3062971
3063045
3063117
3063122
3063145
3063201
3063233
3063389
3063394
3063395
3063417
3063455
3063469
3063498
3063529
3063589
3063614
3063661
3063819
3063841
3063853
3063864
3063942
3063968
3064019
3064139
3064178
3064197
3064227
3064313
3064341
3064406
3064536
3064548
3064629
3064745
3064863
3064892
3065034
3065102
3065119
3065148
3065181
3065222
3065242
3065304
3065304
3065336
3065352
3065557
3065597
3065636
3065639
3065647
3065654
3065660
3065767
3065879
3065911
3065923
3065936
3066035
3066278
3066285
3066421
3066532
3066538
3066765
3066773
3066870
3066877
3066922
3066925
3067026
3067049
3067055
3067095
3067156
3067186
3067241
3067295
3067337
3067349
3067396
3067458
3067526
3067539
3067583
3067691
3067713
3067758
3067930
3067943
3067975
3067985
3068117
3068137
3068185
3068198
3068276
3068289
3068365
3068370
3068427
3068529
3068551
3068722
3068825
3068838
3068858
3068921
3068987
3069018
3069038
3069212
3069281
3069370
3069392
3069420
3069465
3069558
3069634
3069637
3069674
3069721
3069769
3069772
3069840
3069875
3069876
3069913
3069951
3069988
3069991
3069997
3070031
3070070
3070086
3070088
3070213
3070215
3070222
3070232
3070246
3070300
3070310
3070336
3070349
3070449
3070541
3070626
3070630
3070698
3070764
3070778
3070818
3070884
3070916
3071022
3071147
3071326
3071329
3071334
3071406
3071449
3071464
3071471
3071507
3071521
3071581
3071581
3071602
3071632
3071684
3071706
3071710
3071811
3071831
3071919
3071959
3072242
3072246
3072288
3072315
3072325
3072419
3072477
3072582
3072599
3072617
3072699
3072701
3072877
3072878
3072907
3072915
3072920
3072966
3072990
3073020
3073035
3073124
3073148
3073160
3073169
3073177
3073287
3073382
3073391
3073425
3073485
3073560
3073610
3073840
3073846
3073890
3073912
3074020
3074027
3074037
3074046
3074064
3074095
3074138
3074142
3074247
3074381
3074398
3074429
3074485
3074502
3074516
3074568
3074605
3074632
3074637
3074642
3074723
3074802
3074816
3074913
3074924
3074988
3074995
3075020
3075024
3075033
3075102
3075169
3075174
3075274
3075299
3075348
3075404
3075409
3075435
3075474
3075557
3075744
3075785
3075790
3075843
3075921
3076078
3076159
3076159
3076280
3076325
3076373
3076383
3076421
3076460
3076703
3076706
3076709
3076765
3076853
3076875
3076979
3076984
3077032
3077033
3077077
3077080
3077081
3077144
3077272
3077281
3077282
3077413
3077464
3077488
3077508
3077685
3077715
3077774
3077887
3077889
3077911
3077943
3077966
3078110
3078117
3078156
3078177
3078305
3078353
3078360
3078445
3078488
3078511
3078571
3078596
3078635
3078651
3078708
3078711
3078871
3079017
3079082
3079088
3079119
3079162
3079242
3079266
3079375
3079418
3079461
3079533
3079594
3079892
3079975
3080000
3080018
3080029
3080032
3080054
3080148
3080187
3080286
3080388
3080542
3080723
3080732
3080744
3080896
3080919
3080953
3081132
3081195
3081254
3081255
3081341
3081421
3081445
3081468
3081469
3081498
3081520
3081544
3081572
3081643
3081672
3081685
3081700
3081729
3081758
3081905
3081945
3081982
3082011
3082013
3082115
3082135
3082233
3082235
3082291
3082407
3082469
3082513
3082781
3082788
3082848
3082883
3082892
3082915
3082941
3082974
3083100
3083105
3083181
3083302
3083308
3083472
3083529
3083531
3083548
3083577
3083637
3083667
3083740
3083740
3083794
3083795
3083795
3083926
3083998
3083998
3084027
3084131
3084197
3084270
3084329
3084336
3084337
3084402
3084433
3084644
3084671
3084690
3084712
3084792
3084882
3084928
3085032
3085113
3085189
3085240
3085311
3085311
3085390
3085454
3085467
3085513
3085537
3085599
3085646
3085666
3085674
3085708
3085713
3085859
3085923
3085925
3085983
3086078
3086162
3086410
3086441
3086522
3086552
3086688
3086761
3086766
3086803
3086823
3086926
3086929
3087064
3087139
3087219
3087221
3087283
3087345
3087469
3087527
3087680
3087689
3087691
3087787
3087819
3087858
3087915
3087956
3088021
3088068
3088103
3088177
3088186
3088332
3088454
3088466
3088515
3088527
3088528
3088602
3088641
3088760
3088892
3089001
3089033
3089086
3089189
3089240
3089276
3089297
3089302
3089304
3089331
3089440
3089462
3089549
3089596
3089598
3089604
3089613
3089635
3089736
3089774
3089843
3089853
3089879
3090069
3090078
3090084
3090113
3090125
3090129
3090238
3090264
3090418
3090536
3090717
3090725
3090737
3090743
3090758
3090807
3090834
3090885
3091113
3091121
3091240
3091254
3091265
3091304
3091329
3091358
3091362
3091416
3091460
3091462
3091520
3091567
3091571
3091571
3091587
3091597
3091609
3091857
3091910
3091959
3091960
3091975
3091986
3092050
3092057
3092111
3092228
3092282
3092408
3092438
3092510
3092516
3092523
3092551
3092628
3092679
3092697
3092700
3092775
3092789
3092922
3092956
3092988
3093001
3093090
3093113
3093160
3093218
3093301
3093442
3093474
3093594
3093596
3093628
3093689
3093791
3093799
3093842
3093925
3093930
3093994
3094062
3094101
3094240
3094268
3094311
3094363
3094396
3094407
3094409
3094430
3094441
3094477
3094508
3094514
3094528
3094540
3094568
3094571
3094575
3094587
3094759
3094848
3094849
3094906
3094954
3094971
3094985
3094990
3095002
3095137
3095144
3095146
3095458
3095522
3095561
3095566
3095567
3095569
3095722
3095746
3095874
3095881
3095940
3095956
3096030
3096078
3096104
3096171
3096227
3096373
3096429
3096460
3096485
3096567
3096569
3096932
3096934
3096951
3096963
3097037
3097239
3097291
3097363
3097438
3097472
3097525
3097525
3097551
3097657
3097728
3097789
3097804
3097911
3097958
3097992
3098106
3098385
3098432
3098452
3098461
3098497
3098537
3098560
3098566
3098570
3098574
3098581
3098596
3098681
3098772
3098784
3098792
3098835
3098872
3098893
3098928
3098935
3098945
3098950
3098992
3099040
3099157
3099158
3099195
3099246
3099293
3099317
3099424
3099473
3099671
3099735
3099753
3099782
3099809
3099822
3099822
3099831
3099851
3099895
3099899
3099928
3099953
3099990
3099991
3100025
3100103
3100126
3100160
3100200
3100210
3100354
3100387
3100522
3100528
3100728
3100733
3100767
3100835
3100849
3100937
3100997
3101021
3101115
3101128
3101201
3101203
3101282
3101285
3101387
3101428
3101483
3101514
3101626
3101707
3101748
3101915
3101930
3101989
3102017
3102020
3102044
3102085
3102142
3102147
3102175
3102205
3102210
3102314
3102320
3102334
3102359
3102402
3102408
3102412
3102482
3102623
3102686
3102692
3102706
3102717
3102779
3102817
3102842
3102854
3102876
3102905
3102913
3102914
3102928
3103030
3103047
3103056
3103066
3103079
3103088
3103145
3103216
3103237
3103267
3103349
3103415
3103429
3103528
3103584
3103786
3103851
3103881
3103902
3104056
3104106
3104113
3104121
3104192
3104346
3104389
3104498
3104671
3104672
3104674
3104678
3104685
3104715
3104810
3104843
3104884
3104884
3104893
3105012
3105059
3105104
3105152
3105306
3105548
3105592
3105632
3105704
3105723
3105724
3105754
3105944
3105984
3105995
3106051
3106091
3106137
3106221
3106231
3106243
3106343
3106351
3106433
3106445
3106536
3106648
3106707
3106710
3106729
3106852
3106856
3106888
3106888
3107034
3107063
3107098
3107187
3107199
3107206
3107247
3107255
3107265
3107453
3107463
3107575
3107590
3107643
3107652
3107706
3107707
3107735
3107766
3107844
3107854
3107885
3107907
3107918
3108010
3108022
3108034
3108050
3108219
3108224
3108320
3108344
3108351
3108378
3108494
3108668
3108686
3108823
3108902
3108920
3108937
3108941
3109003
3109009
3109022
3109024
3109096
3109120
3109180
3109236
3109247
3109440
3109641
3109646
3109668
3109674
3109698
3109759
3109943
3110049
3110056
3110078
3110183
3110229
3110249
3110275
3110285
3110382
3110389
3110446
3110505
3110531
3110542
3110553
3110564
3110619
3110619
3110620
3110646
3110687
3110711
3110804
3110811
3110818
3110828
3110842
3110876
3110903
3110910
3110913
3110982
3111002
3111045
3111073
3111086
3111123
3111143
3111178
3111183
3111186
3111186
3111253
3111338
3111416
3111515
3111519
3111614
3111634
3111639
3111797
3111820
3111930
3111958
3112019
3112054
3112075
3112156
3112163
3112231
3112232
3112294
3112377
3112396
3112407
3112458
3112565
3112622
3112744
3112817
3112837
3112876
3112923
3112993
3113098
3113106
3113142
3113163
3113180
3113180
3113184
3113209
3113221
3113244
3113257
3113258
3113281
3113289
3113418
3113476
3113484
3113519
3113525
3113530
3113559
3113607
3113639
3113679
3113729
3113797
3113869
3113877
3113915
3113931
3114006
3114116
3114216
3114277
3114365
3114373
3114427
3114460
3114468
3114491
3114503
3114511
3114517
3114538
3114578
3114596
3114711
3114755
3114848
3114852
3114864
3115005
3115011
3115021
3115071
3115143
3115171
3115299
3115344
3115386
3115396
3115422
3115441
3115500
3115595
3115674
3115727
3115889
3115916
3115925
3115956
3116064
3116167
3116313
3116323
3116390
3116425
3116509
3116602
3116650
3116677
3116678
3116707
3116742
3116748
3116777
3116838
3116853
3116950
3117004
3117068
3117170
3117175
3117184
3117285
3117304
3117311
3117315
3117321
3117401
3117405
3117427
3117427
3117440
3117542
3117583
3117617
3117663
3117720
3117725
3117756
3117890
3117940
3117966
3118092
3118155
3118300
3118304
3118514
3118546
3118666
3118717
3118753
3118860
3118867
3119014
3119067
3119074
3119102
3119130
3119289
3119291
3119301
3119366
3119397
3119398
3119443
3119521
3119557
3119565
3119592
3119606
3119652
3119805
3119826
3119841
3119855
3119916
3120060
3120146
3120170
3120172
3120256
3120292
3120294
3120304
3120370
3120384
3120416
3120461
3120556
3120710
3120725
3120805
3120816
3120816
3120860
3120940
3120973
3121039
3121055
3121062
3121190
3121193
3121304
3121309
3121320
3121322
3121388
3121424
3121427
3121507
3121549
3121609
3121612
3121645
3121671
3121779
3121825
3121850
3121959
3122006
3122013
3122069
3122125
3122147
3122162
3122304
3122311
3122378
3122389
3122465
3122522
3122525
3122525
3122564
3122598
3122623
3122754
3122805
3122891
3122934
3122992
3123117
3123167
3123219
3123264
3123278
3123430
3123480
3123480
3123482
3123486
3123488
3123526
3123569
3123603
3123700
3123754
3123774
3123794
3123820
3123833
3123837
3123882
3123910
3123950
3124012
3124035
3124057
3124109
3124124
3124155
3124229
3124255
3124315
3124362
3124443
3124468
3124473
3124491
3124631
3124636
3124642
3124664
3124668
3124713
3124719
3124783
3124819
3124963
3124964
3124989
3125008
3125063
3125109
3125123
3125128
3125170
3125261
3125288
3125365
3125442
3125510
3125520
3125535
3125557
3125578
3125618
3125620
3125688
3125705
3125749
3125808
3125851
3125936
3126021
3126030
3126060
3126068
3126069
3126114
3126203
3126297
3126306
3126328
3126357
3126381
3126408
3126462
3126484
3126560
3126685
3126714
3126775
3126786
3126819
3126837
3126844
3126855
3126867
3126891
3127001
3127117
3127210
3127220
3127259
3127370
3127461
3127473
3127528
3127601
3127622
3127625
3127729
3127729
3127784
3127799
3127829
3127843
3127884
3128065
3128144
3128206
3128262
3128318
3128330
3128351
3128380
3128385
3128445
3128450
3128464
3128568
3128757
3128793
3128802
3128907
3128916
3128966
3128986
3129001
3129008
3129031
3129032
3129104
3129117
3129136
3129207
3129220
3129325
3129385
3129393
3129526
3129827
3129838
3129848
3129888
3129897
3129944
3130007
3130185
3130312
3130331
3130517
3130555
3130693
3130697
3130822
3130902
3130965
3131018
3131029
3131175
3131176
3131211
3131215
3131219
3131251
3131262
3131287
3131287
3131302
3131311
3131317
3131325
3131346
3131458
3131566
3131566
3131611
3131679
3131732
3131772
3131775
3131792
3131833
3131866
3131879
3131946
3131987
3132014
3132017
3132044
3132154
3132178
3132331
3132345
3132375
3132457
3132554
3132628
3132725
3132935
3133037
3133091
3133188
3133207
3133250
3133381
3133411
3133488
3133495
3133541
3133642
3133659
3133659
3133674
3133682
3133743
3133785
3133813
3133878
3133904
3133916
3133998
3134000
3134033
3134085
3134199
3134209
3134266
3134284
3134364
3134388
3134430
3134447
3134591
3134630
3134774
3134829
3134873
3134914
3134962
3135152
3135160
3135203
3135332
3135439
3135460
3135518
3135546
3135562
3135568
3135666
3135683
3135727
3135758
3135831
3135838
3135985
3135999
3136033
3136098
3136112
3136145
3136276
3136289
3136412
3136470
3136570
3136641
3136701
3136739
3136838
3136917
3136953
3136979
3137015
3137037
3137045
3137070
3137123
3137145
3137158
3137197
3137232
3137270
3137271
3137349
3137557
3137645
3137654
3137665
3137688
3137715
3137805
3137835
3137913
3137945
3138025
3138074
3138241
3138242
3138382
3138387
3138398
3138414
3138595
3138610
3138613
3138658
3138730
3138842
3138919
3138931
3138939
3139023
3139031
3139044
3139049
3139052
3139072
3139080
3139095
3139095
3139104
3139168
3139173
3139175
3139223
3139265
3139270
3139290
3139304
3139367
3139373
3139410
3139434
3139449
3139553
3139803
3139854
3139866
3139924
3139925
3139950
3140055
3140065
3140167
3140243
3140243
3140251
3140285
3140372
3140388
3140414
3140434
3140508
3140571
3140599
3140624
3140642
3140683
3140702
3140731
3140826
3140864
3140937
3141198
3141216
3141260
3141277
3141327
3141341
3141356
3141372
3141390
3141558
3141568
3141679
3141744
3141786
3141849
3141889
3141909
3141941
3141993
3142021
3142021
3142028
3142191
3142192
3142310
3142317
3142357
3142441
3142446
3142452
3142475
3142575
3142577
3142627
3142644
3142753
3142776
3142826
3142953
3142973
3143025
3143127
3143140
3143158
3143304
3143318
3143433
3143456
3143530
3143587
3143679
3143758
3143796
3143804
3143902
3143928
3143934
3144248
3144293
3144428
3144437
3144445
3144561
3144640
3144676
3144744
3144866
3145007
3145025
3145032
3145066
3145075
3145079
3145132
3145233
3145273
3145281
3145287
3145323
3145345
3145353
3145408
3145414
3145474
3145517
3145521
3145533
3145563
3145585
3145601
3145653
3145701
3145713
3145726
3145745
3145763
3145836
3145845
3145883
3145978
3145997
3146017
3146020
3146147
3146164
3146184
3146313
3146318
3146429
3146488
3146504
3146646
3146705
3146978
3146979
3146984
3147002
3147009
3147064
3147069
3147114
3147123
3147147
3147158
3147225
3147238
3147297
3147319
3147349
3147372
3147565
3147573
3147579
3147614
3147624
3147651
3147773
3147801
3147925
3147966
3147991
3147994
3148124
3148137
3148294
3148317
3148335
3148517
3148529
3148622
3148682
3148738
3148769
3148787
3149019
3149045
3149118
3149214
3149254
3149267
3149335
3149471
3149475
3149511
3149536
3149594
3149697
3149705
3149805
3149826
3149838
3149964
3149965
3149983
3150101
3150120
3150198
3150212
3150284
3150307
3150340
3150384
3150410
3150411
3150502
3150543
3150596
3150632
3150854
3150861
3150879
3150879
3150903
3150929
3150982
3150998
3151180
3151229
3151334
3151349
3151355
3151372
3151431
3151439
3151532
3151700
3151732
3151735
3151830
3151895
3151897
3152016
3152020
3152027
3152061
3152223
3152260
3152265
3152309
3152323
3152352
3152352
3152354
3152357
3152403
3152513
3152521
3152639
3152641
3152745
3152773
3152774
3152775
3152787
3152848
3152904
3153070
3153157
3153246
3153305
3153341
3153380
3153447
3153549
3153581
3153606
3153625
3153670
3153682
3153744
3153784
3153963
3153983
3154023
3154078
3154270
3154362
3154487
3154630
3154633
3154851
3154896
3154910
3154935
3154975
3155000
3155115
3155195
3155214
3155229
3155257
3155301
3155301
3155317
3155375
3155402
3155460
3155498
3155517
3155531
3155534
3155556
3155636
3155732
3155847
3155919
3155924
3156145
3156170
3156175
3156259
3156337
3156348
3156416
3156441
3156506
3156548
3156629
3156705
3156726
3156751
3156788
3156806
3156857
3156863
3156930
3156951
3156996
3157015
3157120
3157211
3157222
3157227
3157243
3157378
3157411
3157622
3157686
3157759
3157870
3157875
3157903
3157912
3157986
3158135
3158144
3158191
3158230
3158381
3158383
3158420
3158496
3158506
3158516
3158543
3158548
3158601
3158643
3158665
3158679
3158742
3158770
3158834
3158874
3158940
3159081
3159117
3159198
3159229
3159238
3159270
3159277
3159281
3159372
3159504
3159563
3159587
3159609
3159616
3159754
3159852
3159860
3159904
3159934
3160085
3160096
3160126
3160152
3160161
3160264
3160285
3160299
3160346
3160353
3160413
3160433
3160461
3160513
3160526
3160629
3160714
3160769
3160804
3160837
3160851
3160936
3160999
3161001
3161045
3161079
3161082
3161122
3161294
3161418
3161512
3161607
3161621
3161654
3161740
3161766
3161994
3162010
3162028
3162032
3162042
3162111
3162153
3162262
3162272
3162354
3162459
3162546
3162548
3162562
3162618
3162623
3162679
3162687
3162745
3162764
3162830
3162849
3162871
3162949
3162955
3162963
3162984
3163042
3163088
3163103
3163108
3163110
3163124
3163147
3163148
3163148
3163150
3163196
3163203
3163243
3163266
3163285
3163291
3163322
3163328
3163354
3163398
3163427
3163427
3163567
3163613
3163735
3163842
3163863
3163907
3163937
3164076
3164094
3164158
3164296
3164299
3164463
3164498
3164499
3164554
3164558
3164604
3164728
3164764
3164803
3164817
3164842
3164904
3164957
3165125
3165229
3165304
3165318
3165319
3165415
3165431
3165518
3165575
3165615
3165623
3165629
3165631
3165716
3165745
3165780
3165811
3165840
3165909
3165923
3165941
3165943
3165949
3165975
3166136
3166150
3166215
3166262
3166292
3166395
3166525
3166562
3166574
3166610
3166621
3166636
3166647
3166751
3166780
3166829
3166902
3167022
3167027
3167066
3167092
3167120
3167158
3167208
3167242
3167282
3167306
3167453
3167491
3167559
3167631
3167640
3167703
3167748
3167758
3167770
3167870
3167875
3167912
3167922
3167954
3168080
3168103
3168116
3168166
3168214
3168237
3168238
3168249
3168268
3168379
3168387
3168431
3168469
3168485
3168499
3168511
3168523
3168553
3168664
3168671
3168690
3168702
3168746
3168812
3168817
3168845
3168857
3168941
3168949
3168958
3168982
3168997
3169348
3169432
3169439
3169494
3169504
3169563
3169695
3169697
3169751
3169787
3169818
3169866
3169970
3170202
3170252
3170258
3170486
3170503
3170523
3170597
3170609
3170625
3170660
3170663
3170687
3170713
3170764
3170858
3170885
3170892
3170990
3170992
3171019
3171209
3171305
3171311
3171317
3171338
3171379
3171402
3171433
3171446
3171528
3171567
3171573
3171587
3171649
3171716
3171942
3171973
3172029
3172110
3172432
3172444
3172571
3172614
3172625
3172636
3172721
3172748
3172833
3172865
3172906
3172921
3172990
3173009
3173054
3173078
3173127
3173136
3173138
3173156
3173170
3173194
3173199
3173205
3173227
3173398
3173431
3173698
3173741
3173806
3173930
3173986
3173991
3173994
3174084
3174155
3174196
3174209
3174219
3174271
3174275
3174295
3174302
3174358
3174402
3174423
3174474
3174541
3174635
3174705
3174801
3174856
3174880
3174890
3174939
3174952
3174958
3175029
3175129
3175129
3175141
3175225
3175228
3175233
3175239
3175250
3175272
3175351
3175428
3175494
3175585
3175586
3175699
3175737
3175751
3175881
3175987
3176015
3176061
3176116
3176130
3176161
3176166
3176468
3176471
3176521
3176580
3176619
3176627
3176712
3176741
3176924
3176927
3176964
3176969
3177184
3177190
3177236
3177301
3177337
3177372
3177475
3177477
3177578
3177595
3177607
3177673
3177679
3177717
3177779
3177894
3177894
3177914
3177953
3177957
3178049
3178069
3178082
3178095
3178187
3178214
3178253
3178394
3178442
3178446
3178645
3178704
3178765
3178790
3178829
3178860
3178951
3179012
3179079
3179084
3179114
3179120
3179149
3179286
3179309
3179382
3179397
3179523
3179542
3179603
3179638
3179662
3179976
3179988
3180011
3180028
3180081
3180134
3180185
3180195
3180227
3180260
3180408
3180472
3180484
3180502
3180573
3180632
3180663
3180669
3180681
3180691
3180728
3180761
3180774
3180798
3180815
3180816
3180842
3180928
3180930
3180947
3180969
3181125
3181292
3181334
3181360
3181382
3181416
3181481
3181519
3181522
3181696
3181727
3181742
3181800
3181831
3181847
3181850
3181949
3181995
3181995
3182121
3182139
3182158
3182176
3182195
3182279
3182316
3182334
3182338
3182340
3182370
3182426
3182548
3182549
3182562
3182604
3182792
3182906
3182963
3182995
3183020
3183045
3183084
3183316
3183418
3183496
3183498
3183523
3183538
3183553
3183672
3183753
3183782
3183870
3183888
3183961
3183961
3184172
3184285
3184297
3184321
3184330
3184384
3184394
3184398
3184552
3184576
3184758
3184811
3184822
3184833
3184837
3184876
3184970
3184985
3185008
3185061
3185108
3185213
3185290
3185453
3185465
3185716
3185743
3185769
3185817
3185826
3185827
3185870
3185967
3186017
3186059
3186123
3186189
3186226
3186232
3186313
3186351
3186367
3186377
3186392
3186513
3186528
3186547
3186606
3186614
3186656
3186724
3186823
3187006
3187080
3187102
3187166
3187193
3187210
3187236
3187474
3187528
3187591
3187595
3187654
3187708
3187750
3187838
3187840
3187869
3188067
3188095
3188106
3188142
3188145
3188175
3188194
3188228
3188245
3188295
3188322
3188324
3188374
3188379
3188400
3188411
3188474
3188485
3188576
3188720
3188782
3188811
3188820
3188846
3188863
3188901
3188919
3189059
3189084
3189101
3189117
3189144
3189360
3189513
3189530
3189532
3189661
3189707
3189741
3189794
3189822
3189824
3189837
3189858
3189918
3189991
3190046
3190078
3190194
3190216
3190228
3190404
3190413
3190500
3190539
3190564
3190566
3190713
3190744
3190755
3190777
3190778
3190779
3190795
3190802
3190853
3190918
3190937
3190947
3190958
3191130
3191150
3191194
3191251
3191278
3191422
3191489
3191507
3191568
3191589
3191608
3191618
3191693
3191825
3191894
3191985
3191993
3191999
3192012
3192012
3192044
3192120
3192171
3192200
3192232
3192353
3192397
3192399
3192480
3192523
3192595
3192656
3192697
3192720
3192783
3192784
3192868
3192874
3192978
3193017
3193018
3193048
3193079
3193103
3193122
3193192
3193217
3193327
3193393
3193396
3193418
3193576
3193587
3193669
3193718
3193803
3193865
3193984
3194076
3194117
3194126
3194148
3194184
3194200
3194336
3194409
3194511
3194563
3194578
3194674
3194682
3194711
3194763
3194904
3194935
3194989
3195135
3195229
3195250
3195312
3195359
3195372
3195388
3195394
3195418
3195435
3195478
3195540
3195547
3195553
3195598
3195627
3195633
3195663
3195711
3195766
3195792
3195814
3195851
3195863
3195876
3195933
3196136
3196140
3196160
3196263
3196270
3196361
3196457
3196511
3196575
3196644
3196671
3196675
3196767
3196896
3196933
3196936
3196954
3196972
3196978
3197011
3197019
3197055
3197061
3197202
3197240
3197268
3197295
3197349
3197395
3197410
3197463
3197509
3197532
3197594
3197703
3197714
3197751
3197758
3197793
3197793
3197850
3197863
3198222
3198279
3198300
3198362
3198378
3198411
3198441
3198475
3198522
3198550
3198609
3198625
3198646
3198646
3198689
3198834
3198837
3198900
3198942
3198950
3198980
3199003
3199119
3199127
3199137
3199165
3199182
3199184
3199206
3199413
3199433
3199436
3199499
3199551
3199591
3199645
3199657
3199844
3199881
3199905
3199942
3199978
3200099
3200135
3200168
3200205
3200270
3200359
3200554
3200575
3200584
3200602
3200711
3200829
3200860
3200886
3200897
3200898
3200906
3200911
3201034
3201044
3201054
3201058
3201066
3201097
3201215
3201234
3201237
3201390
3201412
3201467
3201568
3201569
3201632
3201684
3201744
3201769
3201869
3201929
3202064
3202132
3202138
3202143
3202206
3202280
3202314
3202373
3202383
3202563
3202622
3202777
3202783
3202870
3202885
3202948
3202996
3203029
3203044
3203083
3203099
3203156
3203184
3203374
3203382
3203440
3203480
3203588
3203630
3203705
3203776
3203781
3203799
3203826
3203954
3203973
3204030
3204041
3204142
3204147
3204227
3204231
3204296
3204375
3204377
3204399
3204414
3204437
3204451
3204466
3204486
3204748
3204859
3205056
3205091
3205091
3205171
3205210
3205218
3205259
3205283
3205290
3205334
3205510
3205551
3205598
3205627
3205848
3205923
3205947
3205971
3205987
3206122
3206207
3206214
3206246
3206247
3206309
3206458
3206513
3206621
3206628
3206673
3206677
3206771
3206874
3206895
3206975
3206985
3207012
3207013
3207037
3207055
3207063
3207074
3207236
3207272
3207354
3207354
3207383
3207433
3207464
3207472
3207481
3207515
3207573
3207578
3207693
3207699
3207735
3207756
3207798
3207817
3207886
3207907
3207948
3208005
3208025
3208025
3208035
3208167
3208181
3208228
3208255
3208290
3208307
3208321
3208383
3208446
3208464
3208522
3208628
3208630
3208764
3208764
3208826
3208871
3208883
3209074
3209090
3209249
3209254
3209495
3209585
3209619
3209716
3209727
3209784
3209832
3209954
3210037
3210047
3210149
3210165
3210367
3210389
3210414
3210497
3210578
3210729
3210751
3210802
3210847
3210855
3210927
3210933
3210983
3211094
3211115
3211141
3211250
3211271
3211302
3211315
3211340
3211381
3211398
3211413
3211433
3211496
3211615
3211626
3211654
3211713
3211733
3211782
3211815
3211943
3211947
3211953
3212008
3212035
3212097
3212108
3212123
3212157
3212171
3212207
3212268
3212298
3212332
3212336
3212350
3212378
3212409
3212436
3212555
3212575
3212596
3212612
3212612
3212614
3212630
3212664
3212677
3212679
3212719
3212753
3212764
3212799
3212819
3212820
3212840
3212945
3212989
3213188
3213241
3213394
3213531
3213554
3213576
3213655
3213699
3213753
3213780
3213782
3213793
3213818
3213877
3213891
3213970
3214022
3214046
3214054
3214076
3214085
3214289
3214435
3214464
3214483
3214494
3214674
3214680
3214747
3214787
3214870
3214880
3214901
3214941
3215020
3215049
3215079
3215203
3215278
3215280
3215320
3215376
3215398
3215400
3215418
3215420
3215539
3215599
3215624
3215640
3215643
3215666
3215667
3215737
3215758
3215779
3215887
3215894
3215930
3216040
3216061
3216129
3216173
3216181
3216183
3216280
3216336
3216344
3216392
3216492
3216496
3216513
3216529
3216604
3216714
3216824
3216916
3217003
3217060
3217076
3217149
3217164
3217215
3217274
3217338
3217445
3217509
3217530
3217608
3217664
3217677
3217729
3217782
3217845
3217999
3218020
3218107
3218127
3218342
3218354
3218434
3218471
3218474
3218524
3218593
3218639
3218697
3218699
3218757
3218765
3218854
3218878
3218902
3218904
3218909
3218918
3218922
3218975
3219034
3219090
3219143
3219145
3219150
3219159
3219168
3219199
3219227
3219296
3219314
3219322
3219404
3219469
3219469
3219536
3219732
3219762
3219767
3219854
3219871
3219937
3219988
3220037
3220070
3220145
3220147
3220181
3220223
3220236
3220286
3220307
3220400
3220451
3220467
3220550
3220589
3220614
3220616
3220647
3220704
3220802
3220826
3220897
3220913
3220914
3221030
3221059
3221078
3221135
3221171
3221171
3221265
3221325
3221333
3221373
3221381
3221401
3221435
3221509
3221560
3221617
3221678
3221689
3221914
3221919
3221938
3221949
3221964
3222000
3222030
3222034
3222150
3222185
3222210
3222237
3222314
3222349
3222357
3222414
3222445
3222475
3222521
3222580
3222606
3222681
3222712
3222799
3222823
3222916
3222952
3222956
3222969
3223006
3223021
3223029
3223101
3223116
3223116
3223123
3223128
3223133
3223209
3223276
3223285
3223294
3223323
3223349
3223401
3223527
3223528
3223563
3223641
3223648
3223649
3223652
3223711
3223724
3223749
3223800
3223813
3223879
3223942
3223975
3224102
3224175
3224229
3224370
3224436
3224471
3224561
3224655
3224657
3224686
3224686
3224789
3224796
3224847
3224869
3224871
3224929
3224931
3224939
3225025
3225036
3225046
3225119
3225216
3225240
3225285
3225477
3225535
3225595
3225809
3225850
3225869
3226024
3226113
3226156
3226184
3226238
3226414
3226684
3226713
3226935
3226959
3226993
3227014
3227020
3227058
3227081
3227107
3227129
3227144
3227146
3227199
3227210
3227311
3227341
3227375
3227433
3227531
3227552
3227556
3227678
3227684
3227749
3227782
3227785
3227798
3227934
3227935
3227953
3228026
3228042
3228077
3228081
3228096
3228203
3228215
3228230
3228274
3228298
3228388
3228403
3228458
3228492
3228712
3228728
3228734
3228799
3228834
3228834
3228867
3228911
3228924
3228956
3229017
3229073
3229128
3229130
3229131
3229162
3229173
3229339
3229355
3229375
3229574
3229590
3229605
3229653
3229773
3229812
3229819
3229893
3229898
3229958
3229976
3230064
3230107
3230115
3230141
3230252
3230259
3230390
3230456
3230540
3230543
3230589
3230655
3230669
3230678
3230761
3230808
3230827
3230874
3230999
3231052
3231121
3231166
3231170
3231205
3231236
3231267
3231275
3231288
3231332
3231408
3231433
3231518
3231539
3231580
3231630
3231657
3231684
3231762
3231881
3231978
3232010
3232016
3232026
3232050
3232096
3232098
3232114
3232122
3232198
3232220
3232281
3232308
3232334
3232395
3232436
3232438
3232603
3232609
3232693
3232801
3232846
3232892
3232918
3232932
3233030
3233108
3233172
3233289
3233361
3233427
3233435
3233444
3233464
3233478
3233566
3233618
3233631
3233700
3233711
3233758
3233986
3233996
3234047
3234052
3234066
3234093
3234098
3234109
3234374
3234396
3234418
3234545
3234551
3234552
3234748
3234781
3234782
3234832
3234860
3234891
3234970
3235013
3235145
3235154
3235189
3235221
3235222
3235415
3235484
3235640
3235645
3235915
3235925
3236045
3236079
3236290
3236314
3236490
3236565
3236664
3236699
3236706
3236730
3236756
3236791
3236818
3236832
3236949
3236950
3236991
3237116
3237122
3237137
3237165
3237219
3237430
3237628
3237817
3237821
3237833
3237841
3237841
3238065
3238127
3238127
3238128
3238186
3238237
3238251
3238417
3238478
3238515
3238550
3238586
3238620
3238697
3238757
3238887
3238897
3238940
3238944
3238958
3238964
3238968
3239010
3239017
3239041
3239072
3239078
3239094
3239099
3239131
3239139
3239158
3239183
3239233
3239350
3239391
3239392
3239450
3239491
3239541
3239568
3239615
3239701
3239711
3239716
3239781
3239800
3239817
3239833
3239931
3239938
3239951
3239976
3240008
3240018
3240027
3240245
3240276
3240341
3240348
3240404
3240442
3240478
3240486
3240489
3240511
3240559
3240561
3240646
3240677
3240779
3240817
3240817
3240847
3240848
3240856
3240875
3240903
3240937
3241005
3241116
3241137
3241241
3241258
3241259
3241268
3241269
3241300
3241406
3241410
3241538
3241596
3241613
3241629
3241676
3241778
3241858
3241870
3241929
3241938
3241938
3241945
3241968
3242018
3242195
3242247
3242258
3242273
3242366
3242368
3242382
3242393
3242706
3242738
3242744
3242777
3242785
3242809
3242921
3242954
3242964
3242981
3243045
3243074
3243105
3243124
3243207
3243224
3243320
3243392
3243527
3243529
3243557
3243578
3243612
3243681
3243729
3243730
3243907
3244009
3244100
3244142
3244198
3244302
3244308
3244330
3244340
3244387
3244435
3244465
3244662
3244668
3244691
3244700
3244896
3244985
3245047
3245063
3245140
3245466
3245484
3245557
3245699
3245707
3245711
3245735
3245736
3245786
3245803
3245875
3245939
3245958
3246068
3246109
3246156
3246186
3246291
3246397
3246408
3246488
3246515
3246555
3246625
3246754
3246756
3246836
3246961
3247001
3247049
3247133
3247149
3247201
3247228
3247244
3247299
3247340
3247413
3247483
3247487
3247522
3247531
3247583
3247618
3247649
3247650
3247666
3247732
3247800
3247803
3247852
3247861
3247879
3247942
3247968
3247969
3248039
3248120
3248155
3248329
3248382
3248405
3248413
3248417
3248461
3248465
3248501
3248611
3248632
3248633
3248649
3248746
3248783
3248904
3248916
3248936
3249073
3249257
3249321
3249473
3249501
3249730
3249759
3249806
3249821
3249841
3249843
3250031
3250103
3250128
3250147
3250174
3250251
3250336
3250360
3250411
3250449
3250628
3250763
3250799
3250815
3250832
3250839
3250849
3251003
3251006
3251022
3251088
3251135
3251210
3251275
3251331
3251435
3251437
3251497
3251587
3251613
3251651
3251667
3251688
3251791
3251844
3251935
3252032
3252092
3252093
3252196
3252243
3252274
3252296
3252302
3252304
3252315
3252411
3252585
3252698
3252709
3252742
3252820
3252824
3252825
3252866
3252898
3252953
3252981
3252997
3252999
3253039
3253058
3253195
3253199
3253306
3253427
3253444
3253456
3253461
3253503
3253712
3253769
3253836
3253857
3253892
3253904
3253935
3253972
3254141
3254194
3254240
3254269
3254293
3254302
3254328
3254417
3254432
3254481
3254483
3254569
3254595
3254614
3254615
3254629
3254677
3254679
3254693
3254756
3254766
3254804
3254867
3254883
3254884
3254918
3254993
3255066
3255072
3255076
3255172
3255189
3255250
3255272
3255286
3255360
3255513
3255573
3255671
3255800
3255835
3255883
3255927
3255963
3255976
3256001
3256025
3256046
3256070
3256229
3256369
3256425
3256592
3256663
3256666
3256743
3256837
3256852
3256871
3257074
3257249
3257353
3257514
3257517
3257574
3257582
3257616
3257657
3257730
3257730
3257861
3257969
3258070
3258123
3258134
3258195
3258483
3258607
3258678
3258684
3258732
3258785
3258827
3258830
3258931
3258994
3259007
3259037
3259079
3259162
3259263
3259304
3259413
3259429
3259453
3259478
3259551
3259559
3259696
3259871
3259956
3259970
3260011
3260017
3260052
3260074
3260080
3260091
3260091
3260094
3260156
3260223
3260295
3260341
3260362
3260493
3260558
3260581
3260649
3260683
3260767
3260955
3260958
3260975
3261063
3261085
3261118
3261169
3261273
3261275
3261394
3261398
3261401
3261434
3261458
3261463
3261495
3261597
3261615
3261631
3261654
3261676
3261680
3261696
3261735
3261756
3261766
3261795
3261906
3262015
3262034
3262050
3262050
3262057
3262118
3262165
3262172
3262195
3262267
3262273
3262281
3262308
3262318
3262350
3262457
3262505
3262642
3262835
3262892
3262892
3262893
3262960
3263018
3263063
3263123
3263166
3263178
3263223
3263281
3263319
3263323
3263337
3263351
3263396
3263460
3263468
3263495
3263550
3263574
3263602
3263644
3263677
3263688
3263693
3263742
3263746
3263779
3263930
3263935
3263940
3263952
3263958
3263967
3263975
3263983
3263985
3264033
3264164
3264251
3264285
3264285
3264307
3264362
3264375
3264380
3264411
3264453
3264559
3264679
3264684
3264751
3264830
3264943
3264965
3265010
3265041
3265074
3265081
3265221
3265252
3265260
3265273
3265296
3265308
3265329
3265351
3265406
3265515
3265548
3265600
3265624
3265670
3265671
3265686
3265805
3265826
3265848
3265858
3265931
3265934
3265949
3265960
3265963
3265965
3265973
3266026
3266034
3266061
3266088
3266117
3266130
3266167
3266320
3266477
3266496
3266506
3266513
3266665
3266685
3266688
3266770
3266827
3266834
3266852
3266966
3266980
3267028
3267069
3267175
3267187
3267221
3267246
3267350
3267388
3267392
3267407
3267472
3267497
3267776
3267912
3267919
3268024
3268047
3268057
3268081
3268128
3268149
3268185
3268253
3268263
3268311
3268326
3268423
3268452
3268476
3268489
3268515
3268599
3268648
3268697
3268701
3268711
3268747
3268750
3268793
3268821
3268827
3268846
3268882
3268908
3269006
3269103
3269107
3269134
3269159
3269181
3269290
3269406
3269422
3269424
3269494
3269500
3269508
3269656
3269762
3269789
3269881
3269944
3269990
3270038
3270115
3270121
3270155
3270186
3270195
3270348
3270349
3270381
3270424
3270453
3270481
3270483
3270560
3270647
3270695
3270710
3270711
3270736
3270742
3270771
3270863
3270877
3270926
3270987
3270990
3271047
3271070
3271101
3271108
3271111
3271149
3271277
3271283
3271318
3271340
3271377
3271403
3271482
3271508
3271508
3271569
3271718
3271755
3271773
3271808
3271995
3272040
3272138
3272308
3272408
3272423
3272442
3272449
3272452
3272458
3272485
3272718
3272789
3272848
3272848
3272866
3272869
3272933
3273063
3273123
3273171
3273182
3273238
3273285
3273329
3273330
3273450
3273534
3273605
3273695
3273704
3273727
3273880
3273957
3274170
3274218
3274433
3274479
3274492
3274496
3274546
3274568
3274600
3274606
3274759
3274792
3274848
3274885
3275042
3275195
3275280
3275290
3275319
3275328
3275453
3275493
3275519
3275521
3275526
3275607
3275760
3275778
3275799
3275810
3275864
3275888
3275933
3275974
3276066
3276201
3276230
3276255
3276275
3276367
3276411
3276413
3276453
3276516
3276535
3276550
3276581
3276656
3276712
3276722
3276735
3276756
3276817
3276837
3276982
3277045
3277053
3277062
3277067
3277090
3277148
3277199
3277246
3277283
3277369
3277372
3277469
3277513
3277554
3277649
3277768
3277809
3277810
3277944
3277948
3278021
3278091
3278200
3278233
3278302
3278362
3278381
3278390
3278418
3278619
3278654
3278719
3278726
3278761
3278762
3278790
3278826
3278868
3278995
3279077
3279178
3279179
3279203
3279232
3279273
3279322
3279382
3279383
3279426
3279427
3279497
3279544
3279598
3279680
3279704
3279832
3279918
3279924
3279944
3279977
3279988
3280152
3280233
3280245
3280271
3280299
3280407
3280491
3280518
3280537
3280605
3280639
3280728
3280770
3280792
3280966
3281165
3281263
3281273
3281328
3281330
3281361
3281398
3281398
3281522
3281542
3281548
3281570
3281573
3281761
3281763
3281790
3281810
3281818
3281964
3281972
3282038
3282043
3282099
3282171
3282172
3282242
3282271
3282277
3282303
3282305
3282330
3282353
3282453
3282487
3282499
3282539
3282579
3282651
3282675
3282676
3282763
3282839
3282895
3282940
3282978
3283030
3283072
3283139
3283234
3283345
3283359
3283376
3283441
3283490
3283642
3283672
3283895
3283951
3284002
3284010
3284075
3284138
3284209
3284257
3284355
3284363
3284375
3284451
3284529
3284538
3284600
3284621
3284648
3284683
3284802
3284840
3284906
3284980
3285042
3285062
3285144
3285153
3285157
3285231
3285265
3285303
3285338
3285360
3285461
3285517
3285569
3285587
3285605
3285609
3285628
3285676
3285782
3285858
3285864
3285869
3285967
3285985
3286021
3286106
3286187
3286218
3286220
3286331
3286358
3286359
3286424
3286443
3286520
3286586
3286638
3286664
3286686
3286690
3286739
3286834
3287009
3287017
3287024
3287039
3287073
3287088
3287109
3287159
3287186
3287220
3287245
3287302
3287346
3287370
3287467
3287512
3287568
3287580
3287628
3287652
3287673
3287765
3287842
3287844
3287849
3287851
3287865
3287894
3287898
3287899
3287917
3288042
3288078
3288112
3288165
3288165
3288177
3288179
3288217
3288227
3288267
3288320
3288330
3288373
3288464
3288473
3288478
3288520
3288546
3288550
3288565
3288682
3288697
3288740
3288836
3288864
3288955
3288978
3288986
3289073
3289090
3289127
3289349
3289415
3289426
3289548
3289596
3289611
3289725
3289757
3289763
3289871
3289880
3289917
3289940
3289974
3290068
3290112
3290137
3290141
3290202
3290216
3290242
3290317
3290320
3290339
3290343
3290361
3290440
3290470
3290477
3290504
3290769
3290776
3290849
3290888
3291006
3291069
3291085
3291107
3291203
3291222
3291246
3291316
3291351
3291382
3291387
3291392
3291394
3291495
3291495
3291526
3291545
3291553
3291559
3291590
3291617
3291695
3291755
3291890
3291915
3291983
3292024
3292103
3292230
3292487
3292600
3292636
3292648
3292672
3292726
3292742
3292756
3292763
3292771
3292841
3292905
3292923
3292943
3292952
3293029
3293051
3293160
3293194
3293195
3293231
3293313
3293403
3293411
3293445
3293603
3293710
3293718
3293760
3293760
3293772
3293845
3293899
3293917
3294031
3294225
3294316
3294321
3294414
3294435
3294484
3294488
3294490
3294522
3294634
3294673
3294870
3294882
3294904
3295023
3295165
3295264
3295286
3295297
3295319
3295381
3295484
3295490
3295513
3295567
3295648
3295671
3295699
3295715
3295745
3295769
3295815
3295820
3295854
3295872
3295894
3295932
3295937
3296093
3296094
3296296
3296315
3296347
3296487
3296510
3296530
3296589
3296644
3296687
3296807
3296821
3296826
3296941
3296943
3297010
3297074
3297083
3297102
3297156
3297168
3297281
3297337
3297474
3297612
3297631
3297688
3297763
3297882
3297929
3297973
3297979
3298045
3298107
3298231
3298266
3298343
3298396
3298407
3298454
3298570
3298630
3298654
3298686
3298781
3298928
3298947
3298952
3299038
3299062
3299105
3299107
3299119
3299122
3299138
3299155
3299159
3299172
3299249
3299309
3299312
3299366
3299449
3299560
3299607
3299622
3299632
3299632
3299643
3299711
3299748
3299753
3299786
3299880
3299949
3299954
3299960
3299986
3300032
3300114
3300169
3300204
3300205
3300239
3300443
3300451
3300531
3300559
3300611
3300618
3300636
3300672
3300681
3300704
3300761
3300786
3300808
3300816
3300869
3300908
3301046
3301110
3301218
3301296
3301337
3301342
3301377
3301498
3301557
3301588
3301616
3301638
3301738
3301763
3301838
3301851
3301868
3301926
3301933
3301935
3301952
3301986
3302028
3302061
3302190
3302256
3302264
3302399
3302483
3302573
3302575
3302674
3302674
3302696
3302765
3302786
3302842
3302914
3302924
3302943
3303008
3303012
3303072
3303095
3303231
3303282
3303325
3303423
3303424
3303461
3303480
3303560
3303591
3303641
3303685
3303691
3303704
3303710
3303877
3303882
3303911
3304091
3304100
3304140
3304155
3304163
3304211
3304272
3304318
3304359
3304391
3304424
3304454
3304504
3304564
3304565
3304573
3304602
3304602
3304747
3304760
3304897
3304911
3304949
3305007
3305043
3305158
3305182
3305310
3305350
3305373
3305395
3305403
3305470
3305515
3305600
3305618
3305625
3305696
3305700
3305738
3305760
3305788
3305822
3305828
3305851
3305861
3305890
3305924
3305966
3305977
3305994
3306151
3306168
3306303
3306321
3306322
3306335
3306398
3306421
3306447
3306480
3306500
3306536
3306554
3306631
3306655
3306666
3306750
3306764
3306977
3307008
3307023
3307024
3307102
3307246
3307258
3307271
3307279
3307342
3307408
3307510
3307510
3307542
3307545
3307557
3307642
3307666
3307688
3307780
3307828
3307956
3307967
3308001
3308101
3308146
3308354
3308357
3308357
3308386
3308423
3308502
3308528
3308551
3308564
3308566
3308704
3308799
3308834
3308866
3308910
3308933
3309007
3309040
3309068
3309075
3309078
3309094
3309167
3309184
3309195
3309306
3309335
3309339
3309415
3309420
3309432
3309458
3309634
3309812
3309827
3309833
3309860
3310153
3310287
3310458
3310469
3310488
3310562
3310626
3310637
3310729
3310747
3310999
3311098
3311112
3311127
3311163
3311197
3311206
3311324
3311386
3311445
3311552
3311562
3311566
3311627
3311657
3311675
3311694
3311698
3311805
3311807
3311895
3311988
3312043
3312058
3312170
3312201
3312214
3312326
3312354
3312448
3312477
3312506
3312527
3312535
3312608
3312620
3312621
3312633
3312704
3312707
3312736
3312785
3313014
3313041
3313051
3313156
3313188
3313231
3313260
3313265
3313271
3313273
3313345
3313388
3313390
3313418
3313569
3313621
3313670
3313679
3313727
3313735
3313753
3313823
3313865
3313968
3313973
3313996
3314011
3314037
3314066
3314176
3314225
3314422
3314498
3314621
3314669
3314684
3314743
3314788
3314804
3314810
3314848
3314905
3314914
3314936
3315146
3315220
3315228
3315305
3315322
3315475
3315497
3315555
3315614
3315645
3315690
3315814
3315844
3315860
3315872
3315880
3315975
3315997
3316006
3316019
3316044
3316110
3316157
3316192
3316233
3316234
3316278
3316285
3316302
3316349
3316377
3316512
3316562
3316680
3316688
3316699
3316812
3317106
3317206
3317261
3317386
3317436
3317477
3317501
3317511
3317677
3317728
3317750
3317854
3317869
3317923
3318003
3318158
3318208
3318295
3318549
3318638
3318666
3318756
3318814
3318846
3318861
3318864
3318908
3318910
3318949
3318951
3319066
3319186
3319205
3319220
3319238
3319257
3319274
3319381
3319450
3319554
3319606
3319612
3319637
3319643
3319650
3319671
3319708
3319709
3319721
3319736
3319745
3319750
3319802
3319809
3319902
3319954
3320276
3320318
3320538
3320597
3320615
3320969
3321026
3321035
3321050
3321072
3321076
3321134
3321189
3321209
3321231
3321344
3321384
3321408
3321535
3321541
3321576
3321577
3321624
3321665
3321679
3321701
3321840
3321864
3321884
3321888
3321910
3321925
3322010
3322074
3322340
3322358
3322362
3322427
3322480
3322576
3322689
3322701
3322754
3322780
3322793
3322812
3322822
3322870
3322903
3323055
3323066
3323102
3323159
3323191
3323214
3323221
3323268
3323292
3323398
3323459
3323577
3323580
3323631
3323698
3323730
3323752
3323770
3323820
3323874
3323875
3323901
3323951
3324011
3324071
3324159
3324166
3324193
3324299
3324367
3324432
3324451
3324512
3324570
3324647
3324650
3324778
3324809
3324834
3324847
3324930
3325044
3325188
3325219
3325355
3325385
3325582
3325597
3325603
3325639
3325644
3325697
3325773
3325816
3325942
3325991
3325994
3326013
3326032
3326039
3326081
3326104
3326190
3326199
3326330
3326389
3326424
3326430
3326563
3326598
3326604
3326656
3326683
3326693
3326757
3326956
3326962
3327043
3327081
3327114
3327240
3327482
3327513
3327567
3327586
3327636
3327637
3327696
3327709
3327740
3327770
3327770
3327870
3327961
3328088
3328107
3328194
3328287
3328304
3328350
3328357
3328385
3328469
3328478
3328480
3328522
3328645
3328665
3328671
3328810
3328856
3328926
3328968
3329008
3329039
3329248
3329295
3329296
3329329
3329351
3329377
3329401
3329407
3329418
3329476
3329505
3329591
3329984
3330076
3330154
3330246
3330259
3330325
3330366
3330448
3330465
3330482
3330579
3330632
3330653
3330659
3330802
3330924
3330949
3331052
3331090
3331100
3331128
3331242
3331346
3331524
3331586
3331604
3331721
3331733
3331752
3331795
3331944
3331979
3332001
3332063
3332130
3332171
3332215
3332284
3332344
3332372
3332415
3332442
3332461
3332471
3332518
3332643
3332726
3332771
3332818
3332827
3332849
3332989
3333121
3333329
3333376
3333382
3333385
3333417
3333473
3333489
3333583
3333611
3333654
3333915
3333956
3333961
3334097
3334107
3334121
3334143
3334151
3334162
3334170
3334245
3334265
3334405
3334505
3334652
3334680
3334776
3334946
3334953
3335086
3335149
3335195
3335262
3335416
3335451
3335474
3335513
3335555
3335567
3335600
3335612
3335647
3335702
3335751
3335853
3335877
3335881
3335914
3335942
3336008
3336116
3336227
3336261
3336364
3336399
3336496
3336511
3336554
3336597
3336650
3336651
3336688
3336745
3336926
3337068
3337154
3337165
3337172
3337184
3337269
3337297
3337303
3337342
3337356
3337470
3337487
3337511
3337602
3337646
3337707
3337728
3337964
3338000
3338068
3338131
3338137
3338139
3338268
3338344
3338417
3338472
3338485
3338519
3338650
3338689
3338699
3338704
3338728
3338770
3338786
3338851
3338957
3339118
3339135
3339192
3339267
3339342
3339412
3339499
3339511
3339556
3339699
3339822
3339832
3339851
3339867
3339884
3339917
3339988
3340037
3340115
3340127
3340252
3340285
3340351
3340377
3340470
3340486
3340668
3340694
3340695
3340705
3340772
3340784
3340813
3340834
3340952
3341063
3341090
3341108
3341120
3341138
3341220
3341233
3341324
3341350
3341359
3341390
3341430
3341479
3341493
3341524
3341562
3341576
3341625
3341736
3341764
3341791
3341850
3342062
3342095
3342178
3342247
3342369
3342399
3342508
3342523
3342575
3342605
3342638
3342660
3342671
3342702
3342768
3342849
3342945
3342966
3342971
3343061
3343123
3343152
3343179
3343407
3343428
3343449
3343477
3343495
3343521
3343588
3343690
3343719
3343765
3343774
3343829
3343844
3343912
3343926
3343993
3344064
3344147
3344159
3344163
3344163
3344234
3344292
3344309
3344314
3344362
3344388
3344389
3344408
3344418
3344425
3344500
3344642
3344781
3344795
3344813
3344830
3344872
3344886
3344909
3344971
3344985
3344999
3345020
3345025
3345072
3345097
3345131
3345138
3345201
3345265
3345366
3345368
3345369
3345463
3345477
3345538
3345554
3345727
3345751
3345785
3345832
3345848
3345975
3346060
3346071
3346197
3346227
3346273
3346345
3346379
3346412
3346427
3346503
3346597
3346614
3346644
3346725
3346748
3346799
3346844
3346944
3346951
3347056
3347063
3347096
3347148
3347190
3347241
3347294
3347302
3347310
3347315
3347342
3347409
3347504
3347505
3347552
3347602
3347621
3347630
3347689
3347733
3347773
3347838
3347933
3347947
3347950
3348123
3348153
3348162
3348166
3348244
3348265
3348290
3348353
3348439
3348462
3348469
3348574
3348588
3348774
3348813
3348847
3348977
3349009
3349057
3349084
3349174
3349279
3349309
3349340
3349381
3349382
3349388
3349448
3349476
3349514
3349548
3349648
3349663
3349677
3349691
3349701
3349706
3349742
3349751
3349778
3349883
3349913
3349922
3349937
3349965
3350278
3350302
3350359
3350662
3350793
3350855
3350885
3350986
3351002
3351023
3351047
3351082
3351364
3351390
3351408
3351414
3351448
3351542
3351572
3351577
3351650
3351689
3351796
3351865
3351882
3351951
3351992
3352013
3352060
3352071
3352110
3352121
3352126
3352154
3352199
3352211
3352224
3352359
3352370
3352380
3352408
3352423
3352519
3352629
3352640
3352642
3352651
3352654
3352656
3352801
3352816
3352835
3352905
3352938
3353008
3353047
3353182
3353202
3353220
3353293
3353310
3353474
3353501
3353539
3353661
3353681
3353764
3353933
3354055
3354099
3354108
3354136
3354232
3354242
3354245
3354272
3354287
3354300
3354327
3354357
3354389
3354404
3354478
3354481
3354486
3354571
3354612
3354681
3354731
3354763
3354771
3354845
3354854
3354880
3354884
3354909
3354984
3355070
3355236
3355257
3355269
3355327
3355354
3355420
3355423
3355427
3355464
3355468
3355472
3355508
3355518
3355597
3355652
3355684
3355706
3355771
3355781
3355859
3355951
3355990
3356016
3356023
3356037
3356038
3356052
3356069
3356107
3356153
3356205
3356232
3356236
3356267
3356302
3356432
3356455
3356486
3356624
3356730
3356740
3356769
3356821
3356835
3356841
3356889
3356957
3357033
3357041
3357117
3357142
3357163
3357280
3357296
3357515
3357651
3357663
3357666
3357682
3357749
3357817
3357844
3357853
3357863
3357903
3358063
3358174
3358195
3358227
3358330
3358373
3358449
3358512
3358527
3358542
3358567
3358639
3358669
3358685
3358701
3358729
3358789
3358793
3358798
3358815
3358817
3358928
3359014
3359061
3359084
3359149
3359169
3359212
3359243
3359293
3359321
3359343
3359482
3359564
3359643
3359725
3359859
3360030
3360037
3360050
3360090
3360149
3360217
3360306
3360331
3360367
3360404
3360467
3360480
3360507
3360669
3360698
3360822
3360846
3360851
3360920
3361050
3361112
3361119
3361150
3361185
3361365
3361410
3361429
3361431
3361438
3361490
3361580
3361591
3361628
3361684
3361684
3361696
3361916
3361999
3362055
3362078
3362107
3362119
3362251
3362282
3362312
3362428
3362429
3362645
3362719
3362723
3362756
3362768
3362793
3362798
3362832
3362846
3362903
3362913
3362923
3362991
3363078
3363126
3363188
3363279
3363401
3363425
3363492
3363524
3363540
3363579
3363596
3363635
3363650
3363822
3363830
3363856
3363872
3363901
3363919
3363938
3363964
3363979
3363988
3364001
3364106
3364130
3364136
3364162
3364168
3364262
3364396
3364455
3364470
3364482
3364494
3364496
3364497
3364557
3364611
3364621
3364634
3364680
3364695
3364700
3364908
3364926
3364970
3364997
3364998
3365062
3365138
3365170
3365170
3365247
3365252
3365306
3365316
3365359
3365405
3365407
3365492
3365510
3365532
3365576
3365609
3365610
3365705
3365723
3365773
3365811
3365819
3365827
3366052
3366104
3366123
3366168
3366262
3366314
3366352
3366476
3366487
3366494
3366494
3366529
3366694
3366989
3366999
3367018
3367066
3367073
3367113
3367175
3367192
3367270
3367303
3367355
3367360
3367390
3367429
3367456
3367503
3367521
3367566
3367606
3367640
3367642
3367643
3367689
3367915
3367925
3367947
3368027
3368036
3368043
3368090
3368115
3368157
3368186
3368204
3368242
3368369
3368374
3368396
3368466
3368504
3368536
3368540
3368804
3368811
3368819
3368860
3368892
3368926
3368985
3369263
3369302
3369309
3369498
3369560
3369595
3369696
3369718
3369837
3369858
3369921
3369923
3370112
3370167
3370200
3370297
3370303
3370363
3370384
3370453
3370610
3370610
3370649
3370660
3370800
3370987
3371234
3371299
3371304
3371335
3371361
3371379
3371427
3371482
3371531
3371533
3371549
3371569
3371581
3371778
3371939
3371958
3372005
3372008
3372013
3372034
3372173
3372279
3372320
3372334
3372421
3372514
3372514
3372536
3372720
3372777
3372852
3372869
3372896
3372936
3372955
3373025
3373047
3373104
3373157
3373284
3373364
3373364
3373406
3373412
3373442
3373457
3373473
3373517
3373566
3373762
3373821
3373931
3373938
3373959
3374104
3374108
3374142
3374155
3374277
3374382
3374443
3374461
3374476
3374598
3374712
3374744
3374814
3374829
3374942
3374978
3375068
3375090
3375268
3375295
3375410
3375441
3375513
3375578
3375581
3375642
3375649
3375774
3375834
3375839
3375845
3375901
3375913
3375965
3375968
3376116
3376120
3376172
3376241
3376265
3376302
3376337
3376390
3376413
3376463
3376464
3376630
3376642
3376700
3376701
3376703
3376759
3376775
3376809
3376824
3376915
3376945
3376947
3376957
3376995
3376997
3377029
3377050
3377055
3377063
3377167
3377223
3377290
3377390
3377426
3377541
3377554
3377626
3377822
3377896
3377901
3377902
3377911
3377978
3378077
3378086
3378314
3378329
3378347
3378429
3378441
3378444
3378570
3378674
3378696
3378778
3378826
3378920
3378971
3378972
3379070
3379099
3379099
3379111
3379115
3379416
3379431
3379437
3379540
3379628
3379667
3379816
3379835
3379861
3380008
3380040
3380070
3380074
3380076
3380141
3380516
3380581
3380625
3380636
3380743
3380770
3380948
3380968
3381010
3381170
3381191
3381294
3381406
3381414
3381442
3381455
3381538
3381570
3381572
3381577
3381597
3381624
3381677
3381704
3381706
3381769
3381770
3381971
3381999
3382081
3382108
3382203
3382242
3382328
3382360
3382458
3382483
3382486
3382491
3382507
3382509
3382626
3382762
3382777
3382869
3382875
3382933
3383004
3383017
3383046
3383095
3383133
3383147
3383284
3383298
3383345
3383370
3383401
3383485
3383503
3383529
3383616
3383639
3383653
3383669
3383681
3383804
3383838
3383980
3384021
3384103
3384111
3384229
3384319
3384347
3384360
3384380
3384599
3384610
3384622
3384624
3384688
3384745
3384746
3384920
3384932
3384972
3384989
3385002
3385057
3385151
3385265
3385371
3385494
3385502
3385669
3385732
3385778
3385813
3385859
3385931
3385935
3386017
3386048
3386077
3386213
3386232
3386240
3386279
3386296
3386378
3386520
3386554
3386575
3386588
3386624
3386751
3386756
3386770
3386810
3386819
3386894
3387110
3387148
3387166
3387246
3387387
3387483
3387544
3387591
3387597
3387605
3387637
3387661
3387671
3387718
3387778
3387789
3387880
3388045
3388176
3388182
3388300
3388409
3388451
3388515
3388522
3388544
3388594
3388619
3388668
3388726
3388740
3388792
3388793
3388793
3388851
3388881
3388920
3389075
3389099
3389112
3389175
3389198
3389232
3389370
3389404
3389459
3389464
3389546
3389578
3389670
3389801
3389813
3389908
3389967
3389976
3390053
3390096
3390163
3390225
3390351
3390390
3390425
3390489
3390699
3390714
3390797
3390801
3390812
3390942
3390954
3391037
3391056
3391060
3391062
3391186
3391197
3391256
3391363
3391397
3391465
3391477
3391540
3391545
3391546
3391560
3391820
3391836
3391923
3391968
3391989
3392005
3392042
3392044
3392116
3392140
3392180
3392266
3392534
3392613
3392675
3392712
3392759
3392781
3392943
3393076
3393110
3393127
3393147
3393208
3393218
3393378
3393483
3393504
3393555
3393585
3393619
3393681
3393701
3393707
3393813
3393815
3393867
3393914
3393980
3393987
3393999
3394092
3394188
3394204
3394413
3394447
3394465
3394467
3394560
3394574
3394610
3394611
3394670
3394738
3394844
3394865
3394880
3394891
3394898
3394906
3394915
3395165
3395325
3395356
3395410
3395450
3395465
3395482
3395499
3395524
3395557
3395630
3395645
3395750
3395754
3395785
3395849
3395858
3395899
3395903
3395958
3396004
3396011
3396129
3396150
3396206
3396207
3396303
3396348
3396527
3396544
3396571
3396592
3396617
3396630
3396782
3396793
3396809
3396873
3396875
3396877
3397035
3397118
3397199
3397221
3397331
3397348
3397399
3397410
3397431
3397443
3397455
3397497
3397509
3397512
3397527
3397551
3397652
3397828
3397885
3397905
3397929
3397944
3397991
3398019
3398086
3398169
3398210
3398262
3398351
3398532
3398693
3398741
3398747
3398876
3398883
3398884
3398925
3399091
3399175
3399177
3399194
3399220
3399257
3399272
3399315
3399411
3399554
3399647
3399711
3399713
3399720
3399756
3399762
3399800
3399902
3399927
3399976
3400061
3400074
3400076
3400159
3400214
3400304
3400311
3400394
3400409
3400522
3400573
3400806
3400827
3400841
3400908
3400972
3401023
3401162
3401191
3401214
3401232
3401283
3401304
3401320
3401401
3401464
3401482
3401532
3401611
3401686
3401688
3401692
3401790
3401842
3401904
3402170
3402182
3402193
3402225
3402226
3402240
3402269
3402276
3402333
3402337
3402351
3402395
3402435
3402741
3402751
3402900
3402920
3402977
3403007
3403021
3403130
3403155
3403206
3403250
3403289
3403296
3403307
3403313
3403333
3403433
3403480
3403480
3403489
3403635
3403635
3403668
3403754
3403765
3403780
3403832
3403905
3404011
3404136
3404162
3404175
3404318
3404332
3404398
3404583
3404599
3404609
3404621
3404669
3404676
3404685
3404814
3404928
3405009
3405068
3405076
3405076
3405076
3405093
3405140
3405348
3405350
3405381
3405504
3405563
3405698
3405713
3405762
3405791
3405810
3405877
3405935
3406016
3406199
3406226
3406252
3406261
3406283
3406330
3406587
3406632
3406702
3406769
3406801
3406837
3406840
3406841
3406844
3406898
3407037
3407046
3407076
3407115
3407132
3407280
3407307
3407319
3407346
3407458
3407551
3407628
3407651
3407685
3407690
3407800
3407836
3407860
3407905
3407939
3407959
3408007
3408049
3408077
3408092
3408145
3408280
3408309
3408435
3408473
3408534
3408550
3408609
3408624
3408665
3408717
3408734
3408795
3408818
3408853
3408987
3409019
3409064
3409122
3409161
3409204
3409252
3409254
3409261
3409460
3409550
3409589
3409598
3409623
3409629
3409632
3409694
3409697
3409710
3409810
3409850
3410063
3410071
3410092
3410168
3410204
3410341
3410385
3410410
3410418
3410474
3410504
3410542
3410583
3410605
3410608
3410624
3410659
3410717
3410740
3410748
3410753
3410777
3410814
3410927
3410947
3411109
3411110
3411157
3411177
3411212
3411265
3411273
3411372
3411378
3411426
3411434
3411467
3411595
3411707
3411720
3411728
3411746
3411761
3411768
3411770
3411821
3411867
3411872
3411873
3411909
3411941
3411981
3412002
3412039
3412131
3412141
3412286
3412314
3412473
3412482
3412515
3412563
3412623
3412647
3412675
3412762
3412805
3412879
3412904
3412924
3413016
3413068
3413115
3413142
3413177
3413202
3413244
3413342
3413385
3413415
3413431
3413454
3413624
3413669
3413687
3413711
3413728
3413789
3413792
3413817
3413874
3413897
3413918
3413920
3414357
3414372
3414541
3414551
3414554
3414571
3414592
3414597
3414606
3414650
3414695
3414705
3414856
3414895
3414947
3414949
3415000
3415001
3415063
3415069
3415202
3415228
3415269
3415306
3415329
3415483
3415538
3415574
3415602
3415650
3415658
3415666
3415679
3415706
3415712
3415751
3415929
3415960
3416001
3416052
3416057
3416071
3416237
3416313
3416386
3416474
3416528
3416535
3416636
3416659
3416662
3416696
3416715
3416814
3416839
3416842
3416925
3416940
3416953
3416962
3417115
3417190
3417221
3417259
3417306
3417319
3417367
3417437
3417440
3417511
3417579
3417605
3417610
3417663
3417759
3417794
3417871
3417941
3417986
3417987
3417989
3418218
3418238
3418422
3418437
3418466
3418472
3418643
3418654
3418670
3418684
3418834
3418905
3418918
3418920
3419239
3419259
3419265
3419303
3419340
3419471
3419594
3419628
3419786
3419789
3419812
3419964
3419996
3420006
3420014
3420046
3420183
3420227
3420272
3420320
3420337
3420388
3420412
3420438
3420461
3420521
3420611
3420691
3420887
3420916
3420950
3420975
3421042
3421075
3421105
3421170
3421180
3421232
3421331
3421386
3421412
3421490
3421556
3421628
3421632
3421688
3421714
3421819
3421851
3421852
3421896
3421947
3421951
3422018
3422078
3422125
3422180
3422218
3422282
3422282
3422365
3422379
3422470
3422498
3422512
3422552
3422668
3422824
3422882
3422903
3422910
3422923
3423078
3423128
3423154
3423186
3423216
3423251
3423268
3423365
3423374
3423442
3423499
3423619
3423633
3423746
3423765
3423806
3423835
3423854
3423860
3424028
3424034
3424191
3424348
3424349
3424436
3424458
3424469
3424514
3424642
3424829
3424852
3425007
3425029
3425104
3425108
3425120
3425140
3425202
3425221
3425228
3425253
3425328
3425342
3425368
3425515
3425520
3425543
3425552
3425555
3425608
3425622
3425809
3425856
3425949
3425971
3426024
3426051
3426059
3426079
3426128
3426131
3426133
3426331
3426335
3426359
3426507
3426687
3426784
3426799
3426831
3426935
3426987
3427150
3427189
3427340
3427689
3427691
3427722
3427773
3427805
3427828
3427895
3427909
3427960
3427993
3428010
3428071
3428090
3428109
3428212
3428369
3428395
3428438
3428501
3428541
3428541
3428546
3428602
3428659
3428674
3428772
3428822
3428857
3428909
3428926
3428967
3428994
3429091
3429112
3429148
3429185
3429240
3429244
3429406
3429435
3429496
3429497
3429606
3429677
3429687
3429733
3429873
3429908
3429918
3429939
3429950
3430007
3430093
3430189
3430308
3430353
3430390
3430397
3430422
3430459
3430495
3430558
3430588
3430634
3430663
3430680
3430694
3430724
3430748
3430770
3430822
3430945
3430972
3431003
3431074
3431173
3431254
3431266
3431366
3431385
3431439
3431472
3431484
3431511
3431598
3431608
3431611
3431691
3431708
3431709
3431777
3431794
3431795
3432078
3432114
3432222
3432307
3432334
3432403
3432459
3432487
3432513
3432658
3432696
3432705
3432783
3432887
3432934
3432945
3433041
3433110
3433127
3433142
3433148
3433187
3433289
3433452
3433461
3433556
3433721
3433744
3433747
3433777
3433788
3433850
3433860
3433908
3433924
3433970
3433987
3434037
3434091
3434138
3434163
3434286
3434300
3434349
3434486
3434546
3434567
3434586
3434589
3434710
3434772
3434804
3434857
3434898
3434930
3434955
3434978
3434984
3434996
3435043
3435123
3435198
3435198
3435270
3435282
3435332
3435356
3435394
3435398
3435433
3435456
3435491
3435522
3435613
3435625
3435858
3435960
3435980
3436008
3436025
3436078
3436145
3436159
3436257
3436291
3436354
3436361
3436612
3436647
3436795
3436815
3436940
3436950
3436999
3437026
3437145
3437173
3437265
3437390
3437400
3437427
3437427
3437428
3437441
3437448
3437530
3437595
3437825
3437979
3438011
3438024
3438057
3438080
3438100
3438149
3438156
3438179
3438181
3438226
3438264
3438303
3438323
3438351
3438421
3438453
3438533
3438554
3438559
3438599
3438676
3438731
3438749
3438797
3438871
3438907
3438973
3439238
3439241
3439331
3439394
3439576
3439604
3439687
3439747
3439761
3439858
3440146
3440303
3440320
3440391
3440469
3440539
3440580
3440629
3440740
3440742
3440756
3440796
3440803
3440858
3440878
3441012
3441050
3441171
3441171
3441207
3441261
3441302
3441311
3441426
3441544
3441577
3441593
3441642
3441708
3441849
3441880
3441915
3442014
3442103
3442123
3442172
3442202
3442288
3442303
3442596
3442632
3442652
3442692
3442695
3442814
3442865
3442929
3442941
3442950
3442983
3443043
3443123
3443210
3443235
3443364
3443427
3443449
3443490
3443501
3443529
3443539
3443606
3443615
3443622
3443647
3443741
3443765
3443771
3443826
3443853
3443881
3443890
3443903
3443926
3443943
3444006
3444024
3444046
3444121
3444124
3444210
3444304
3444407
3444414
3444417
3444484
3444495
3444516
3444611
3444644
3444702
3444730
3444755
3444795
3444798
3444864
3444884
3444945
3444973
3444976
3445001
3445080
3445109
3445148
3445152
3445183
3445189
3445277
3445290
3445336
3445470
3445554
3445578
3445645
3445656
3445667
3445816
3445902
3445922
3445996
3446045
3446048
3446093
3446115
3446119
3446173
3446179
3446195
3446218
3446359
3446391
3446594
3446634
3446637
3446664
3446795
3446798
3446895
3446923
3446941
3446942
3446965
3447067
3447139
3447285
3447345
3447595
3447616
3447629
3447635
3447690
3447724
3447849
3447873
3447933
3447977
3448068
3448097
3448239
3448343
3448408
3448479
3448481
3448497
3448516
3448924
3449043
3449066
3449146
3449175
3449258
3449304
3449343
3449394
3449460
3449573
3449587
3449615
3449683
3449846
3449861
3450466
3450470
3450473
3450514
3450527
3450549
3450550
3450581
3450756
3450785
3450835
3450937
3451027
3451040
3451061
3451126
3451139
3451153
3451202
3451203
3451322
3451323
3451447
3451465
3451468
3451473
3451583
3451609
3451653
3451765
3451810
3451839
3451892
3451998
3452005
3452223
3452264
3452310
3452464
3452520
3452599
3452607
3452639
3452644
3452774
3452781
3452887
3452968
3452975
3452998
3453030
3453067
3453075
3453077
3453084
3453148
3453153
3453177
3453191
3453211
3453261
3453377
3453396
3453421
3453422
3453423
3453516
3453536
3453741
3453764
3453768
3453808
3453838
3453848
3453882
3453916
3454091
3454107
3454114
3454176
3454221
3454227
3454301
3454359
3454435
3454477
3454487
3454519
3454554
3454560
3454742
3454744
3454759
3454817
3454888
3455079
3455104
3455123
3455135
3455183
3455234
3455243
3455417
3455447
3455574
3455656
3455733
3455741
3455829
3455840
3455842
3455889
3456012
3456051
3456060
3456151
3456165
3456215
3456356
3456362
3456440
3456454
3456475
3456503
3456547
3456548
3456588
3456602
3456708
3456726
3456749
3456759
3456773
3456785
3456929
3456961
3456987
3457002
3457048
3457082
3457124
3457139
3457168
3457297
3457333
3457349
3457413
3457426
3457459
3457474
3457475
3457549
3457754
3457765
3457836
3457850
3457925
3458030
3458120
3458175
3458218
3458261
3458263
3458332
3458556
3458674
3458769
3458796
3458889
3458974
3459085
3459091
3459129
3459267
3459267
3459369
3459373
3459378
3459388
3459435
3459497
3459568
3459606
3459630
3459645
3459702
3459762
3459832
3459835
3459836
3459931
3459961
3460013
3460097
3460105
3460263
3460317
3460396
3460409
3460430
3460480
3460504
3460537
3460552
3460567
3460583
3460628
3460653
3460674
3460775
3460913
3461060
3461072
3461072
3461131
3461141
3461158
3461175
3461182
3461186
3461224
3461253
3461381
3461399
3461415
3461476
3461492
3461547
3461573
3461651
3461672
3461696
3461752
3461769
3461860
3461868
3461870
3461896
3461897
3461946
3462021
3462076
3462150
3462194
3462269
3462276
3462300
3462347
3462391
3462396
3462430
3462436
3462461
3462524
3462578
3462615
3462692
3462831
3462870
3462889
3462939
3462943
3462958
3463009
3463059
3463069
3463085
3463101
3463116
3463120
3463134
3463136
3463158
3463223
3463304
3463338
3463403
3463414
3463448
3463549
3463588
3463764
3463864
3463913
3464057
3464178
3464287
3464304
3464320
3464352
3464408
3464451
3464459
3464582
3464593
3464656
3464665
3464679
3464687
3464750
3464989
3465073
3465130
3465198
3465249
3465257
3465315
3465343
3465422
3465527
3465548
3465565
3465577
3465664
3465760
3465772
3465829
3465897
3465915
3465946
3466070
3466075
3466082
3466159
3466161
3466227
3466238
3466406
3466478
3466495
3466495
3466500
3466549
3466554
3466661
3466672
3466680
3466741
3466767
3466776
3466793
3466803
3466862
3466864
3467140
3467156
3467272
3467346
3467353
3467379
3467380
3467449
3467473
3467482
3467500
3467501
3467585
3467606
3467664
3467711
3467744
3467755
3467838
3467847
3467864
3467891
3468011
3468043
3468086
3468099
3468115
3468163
3468201
3468234
3468259
3468264
3468297
3468298
3468336
3468340
3468422
3468423
3468519
3468555
3468631
3469008
3469133
3469217
3469305
3469375
3469438
3469464
3469599
3469764
3469818
3469833
3469855
3469946
3469961
3469999
3470296
3470350
3470358
3470363
3470391
3470439
3470443
3470508
3470516
3470519
3470563
3470581
3470610
3470622
3470741
3470814
3470907
3470959
3470969
3471029
3471117
3471123
3471188
3471256
3471324
3471400
3471404
3471420
3471451
3471452
3471651
3471738
3471741
3471775
3471787
3471822
3471891
3472088
3472213
3472304
3472315
3472362
3472455
3472604
3472850
3472922
3472981
3473085
3473125
3473133
3473198
3473297
3473320
3473341
3473359
3473362
3473371
3473376
3473382
3473386
3473415
3473517
3473527
3473617
3473655
3473683
3473735
3473788
3473805
3473935
3473986
3473990
3474052
3474126
3474133
3474232
3474241
3474250
3474256
3474259
3474321
3474402
3474469
3474526
3474599
3474626
3474718
3474743
3474804
3474850
3474941
3474947
3474950
3474960
3474967
3474984
3475014
3475052
3475073
3475108
3475348
3475518
3475519
3475637
3475651
3475662
3475778
3475832
3475862
3475872
3475874
3475911
3475920
3475926
3475966
3475970
3475972
3475977
3476064
3476090
3476359
3476385
3476414
3476444
3476463
3476486
3476510
3476533
3476633
3476739
3476772
3476789
3476816
3476822
3476866
3476886
3476990
3477056
3477102
3477104
3477151
3477203
3477369
3477373
3477395
3477414
3477546
3477584
3477607
3477795
3477880
3477916
3477921
3477947
3477970
3478011
3478026
3478037
3478043
3478050
3478083
3478233
3478247
3478331
3478365
3478485
3478493
3478518
3478538
3478561
3478562
3478569
3478636
3478642
3478668
3478723
3478791
3478801
3478808
3479009
3479025
3479031
3479123
3479334
3479371
3479377
3479382
3479437
3479496
3479657
3479720
3479784
3479828
3479837
3479976
3479980
3480023
3480038
3480105
3480112
3480286
3480341
3480348
3480392
3480482
3480488
3480530
3480534
3480552
3480554
3480635
3480642
3480691
3480747
3480777
3480911
3480914
3481040
3481119
3481132
3481223
3481305
3481336
3481378
3481407
3481429
3481438
3481469
3481505
3481585
3481605
3481632
3481685
3481812
3481995
3482018
3482046
3482131
3482178
3482306
3482370
3482375
3482385
3482438
3482479
3482480
3482489
3482530
3482584
3482660
3482695
3482735
3482772
3482784
3482851
3482857
3482866
3482946
3482951
3483019
3483039
3483107
3483209
3483342
3483343
3483433
3483448
3483466
3483503
3483593
3483665
3483677
3483678
3483708
3483753
3483816
3483819
3483850
3483953
3484083
3484084
3484109
3484193
3484193
3484321
3484336
3484490
3484490
3484505
3484583
3484583
3484627
3484726
3484731
3484856
3484865
3484965
3484972
3485014
3485065
3485067
3485104
3485118
3485133
3485158
3485202
3485265
3485302
3485346
3485355
3485364
3485413
3485416
3485438
3485651
3485666
3485698
3485840
3485895
3485921
3485940
3486028
3486038
3486067
3486074
3486090
3486118
3486124
3486209
3486238
3486286
3486342
3486357
3486384
3486431
3486503
3486558
3486568
3486581
3486582
3486620
3486660
3486690
3486765
3486792
3486822
3486899
3486917
3487032
3487049
3487094
3487099
3487186
3487325
3487364
3487430
3487480
3487550
3487557
3487585
3487620
3487630
3487631
3487647
3487657
3487725
3487766
3487793
3487816
3487841
3487842
3487937
3487943
3487957
3488163
3488255
3488296
3488334
3488349
3488351
3488370
3488370
3488395
3488416
3488459
3488590
3488633
3488659
3488693
3488718
3488753
3488774
3488843
3489040
3489095
3489120
3489178
3489311
3489323
3489352
3489394
3489414
3489441
3489488
3489519
3489529
3489605
3489684
3489804
3489815
3489973
3489987
3489992
3490079
3490108
3490116
3490329
3490363
3490412
3490519
3490559
3490638
3490661
3490740
3490763
3490793
3490841
3490958
3490980
3491082
3491298
3491303
3491349
3491363
3491363
3491384
3491397
3491448
3491453
3491512
3491538
3491597
3491622
3491704
3491720
3491894
3492087
3492113
3492262
3492312
3492339
3492360
3492366
3492382
3492385
3492425
3492429
3492448
3492452
3492493
3492524
3492625
3492659
3492708
3492716
3492745
3492749
3492750
3492758
3492778
3492797
3492801
3492999
3493146
3493179
3493244
3493272
3493328
3493332
3493340
3493365
3493369
3493386
3493422
3493482
3493485
3493500
3493528
3493540
3493577
3493637
3493697
3493749
3493760
3493769
3493801
3493811
3493821
3493990
3494204
3494212
3494271
3494296
3494303
3494305
3494310
3494347
3494427
3494436
3494452
3494506
3494539
3494559
3494561
3494596
3494650
3494677
3494794
3494831
3494837
3494861
3494923
3495021
3495025
3495065
3495070
3495101
3495107
3495117
3495134
3495227
3495293
3495320
3495367
3495372
3495473
3495513
3495544
3495601
3495617
3495725
3495820
3495999
3496012
3496061
3496103
3496203
3496230
3496305
3496350
3496358
3496378
3496405
3496441
3496559
3496561
3496592
3496595
3496598
3496605
3496609
3496654
3496656
3496734
3496759
3496784
3496792
3496825
3496891
3497019
3497042
3497055
3497077
3497110
3497118
3497130
3497211
3497232
3497256
3497286
3497291
3497333
3497348
3497391
3497497
3497558
3497569
3497581
3497716
3497764
3497800
3497808
3497829
3498014
3498114
3498130
3498213
3498217
3498250
3498252
3498274
3498326
3498377
3498388
3498392
3498453
3498479
3498484
3498500
3498547
3498584
3498585
3498590
3498688
3498763
3498794
3498929
3498951
3498982
3499052
3499069
3499095
3499192
3499249
3499286
3499339
3499401
3499434
3499483
3499500
3499563
3499616
3499686
3499706
3499719
3499723
3499795
3499796
3499835
3499847
3499889
3499915
3500034
3500040
3500056
3500073
3500155
3500213
3500219
3500442
3500460
3500604
3500702
3500732
3500743
3500758
3500891
3500966
3501015
3501143
3501164
3501186
3501226
3501246
3501313
3501363
3501365
3501380
3501388
3501409
3501446
3501448
3501539
3501539
3501573
3501617
3501650
3501726
3501778
3501818
3501840
3501852
3502035
3502132
3502191
3502194
3502201
3502260
3502270
3502272
3502335
3502340
3502345
3502394
3502477
3502522
3502789
3502870
3503076
3503110
3503155
3503177
3503296
3503378
3503487
3503594
3503605
3503606
3503634
3503683
3503834
3503857
3504084
3504130
3504156
3504218
3504315
3504404
3504456
3504508
3504593
3504664
3504823
3504870
3504973
3505003
3505039
3505067
3505072
3505089
3505152
3505154
3505221
3505235
3505328
3505341
3505346
3505348
3505354
3505394
3505625
3505630
3505673
3505677
3505747
3505841
3505906
3506001
3506036
3506106
3506216
3506371
3506448
3506712
3506718
3506842
3506858
3506927
3506937
3507038
3507072
3507098
3507110
3507177
3507191
3507237
3507247
3507273
3507351
3507370
3507405
3507444
3507542
3507555
3507635
3507645
3507737
3507808
3507838
3507850
3507965
3508010
3508011
3508022
3508029
3508037
3508130
3508148
3508164
3508179
3508288
3508315
3508359
3508399
3508430
3508472
3508509
3508597
3508671
3508741
3508743
3508768
3508850
3508885
3508938
3508953
3509043
3509126
3509159
3509209
3509210
3509230
3509267
3509267
3509368
3509405
3509462
3509503
3509516
3509546
3509577
3509690
3509736
3509768
3509810
3509814
3509824
3509880
3509999
3510016
3510024
3510252
3510286
3510315
3510339
3510370
3510385
3510599
3510607
3510647
3510662
3510820
3510857
3510891
3510946
3510950
3511028
3511134
3511197
3511242
3511384
3511388
3511388
3511497
3511503
3511506
3511587
3511619
3511648
3511721
3511772
3511793
3511894
3511902
3511929
3512103
3512111
3512172
3512179
3512234
3512247
3512280
3512380
3512434
3512434
3512436
3512441
3512457
3512477
3512504
3512515
3512533
3512582
3512646
3512730
3512745
3512823
3512825
3512855
3512876
3512876
3512905
3512932
3513042
3513044
3513130
3513208
3513306
3513400
3513419
3513498
3513501
3513515
3513616
3513742
3513786
3513933
3514032
3514035
3514091
3514092
3514177
3514216
3514310
3514375
3514393
3514418
3514432
3514468
3514493
3514649
3514651
3514935
3514975
3515043
3515135
3515222
3515270
3515306
3515312
3515385
3515387
3515418
3515537
3515539
3515602
3515766
3515774
3515803
3515891
3515922
3516021
3516053
3516075
3516116
3516137
3516164
3516278
3516316
3516409
3516417
3516483
3516534
3516546
3516556
3516593
3516629
3516699
3516732
3516853
3516875
3516920
3516940
3516951
3517105
3517108
3517118
3517125
3517148
3517157
3517249
3517269
3517303
3517328
3517382
3517387
3517496
3517568
3517704
3517859
3517864
3517981
3518009
3518061
3518125
3518135
3518224
3518336
3518422
3518432
3518453
3518543
3518585
3518611
3518639
3518652
3518751
3518776
3518930
3518965
3519012
3519054
3519177
3519374
3519420
3519446
3519558
3519572
3519620
3519690
3519710
3519732
3519803
3519826
3519834
3519845
3519862
3519887
3519973
3519997
3520041
3520052
3520057
3520185
3520197
3520233
3520260
3520300
3520308
3520308
3520310
3520381
3520548
3520629
3520678
3520681
3520768
3520785
3520796
3520823
3520879
3520899
3520936
3520968
3520972
3520987
3520991
3520998
3521119
3521141
3521159
3521165
3521259
3521324
3521369
3521446
3521663
3521796
3521834
3521843
3522020
3522026
3522026
3522067
3522098
3522170
3522177
3522361
3522437
3522451
3522522
3522613
3522633
3522701
3522828
3522828
3522830
3522846
3522889
3522899
3522908
3523064
3523188
3523193
3523238
3523271
3523302
3523395
3523407
3523408
3523462
3523470
3523527
3523630
3523672
3523706
3523889
3523927
3523971
3523986
3524003
3524019
3524063
3524082
3524084
3524131
3524279
3524303
3524307
3524341
3524367
3524396
3524541
3524724
3524726
3524763
3524837
3524897
3524926
3524943
3524969
3524979
3525026
3525076
3525132
3525142
3525163
3525310
3525321
3525551
3525560
3525577
3525580
3525636
3525654
3525754
3525763
3525768
3525799
3525802
3525803
3525815
3525833
3525841
3525897
3525898
3525902
3525959
3525972
3526008
3526040
3526286
3526303
3526308
3526319
3526402
3526463
3526799
3526835
3526899
3526947
3527000
3527000
3527052
3527072
3527106
3527143
3527171
3527256
3527283
3527327
3527343
3527430
3527571
3527585
3527661
3527779
3527785
3527786
3528009
3528068
3528122
3528122
3528222
3528404
3528425
3528444
3528456
3528461
3528638
3528683
3528693
3528697
3528701
3528745
3528761
3528777
3528858
3528866
3528968
3528978
3529079
3529101
3529143
3529183
3529185
3529204
3529236
3529297
3529303
3529379
3529387
3529410
3529486
3529508
3529516
3529631
3529660
3529677
3529710
3529763
3529815
3529837
3529865
3529984
3530010
3530052
3530079
3530141
3530194
3530243
3530243
3530245
3530284
3530425
3530504
3530529
3530573
3530617
3530641
3530709
3530719
3530730
3530732
3530859
3530902
3530962
3530963
3531117
3531131
3531149
3531153
3531163
3531192
3531234
3531285
3531286
3531372
3531384
3531432
3531459
3531476
3531486
3531561
3531626
3531681
3531816
3531906
3532067
3532339
3532343
3532349
3532356
3532369
3532401
3532562
3532756
3532887
3532915
3532916
3533049
3533083
3533105
3533188
3533278
3533299
3533303
3533305
3533427
3533442
3533512
3533535
3533565
3533582
3533587
3533676
3533816
3533865
3533931
3534023
3534113
3534123
3534127
3534179
3534247
3534278
3534363
3534366
3534372
3534400
3534413
3534538
3534609
3534895
3535047
3535109
3535156
3535160
3535256
3535287
3535433
3535505
3535514
3535640
3535660
3535670
3535694
3535728
3535815
3535817
3535822
3535904
3535906
3535958
3535964
3536066
3536069
3536111
3536126
3536182
3536215
3536271
3536276
3536279
3536324
3536343
3536442
3536480
3536493
3536547
3536563
3536617
3536655
3536780
3536852
3536883
3537089
3537189
3537253
3537261
3537262
3537289
3537328
3537373
3537381
3537419
3537501
3537550
3537571
3537677
3537788
3537798
3537836
3537844
3537846
3537970
3538071
3538150
3538151
3538159
3538274
3538319
3538331
3538408
3538446
3538471
3538497
3538580
3538583
3538765
3538798
3538810
3538849
3538917
3538945
3539004
3539047
3539073
3539213
3539470
3539486
3539490
3539576
3539596
3539602
3539681
3539700
3539768
3539794
3539805
3539835
3539840
3539843
3539887
3539984
3539996
3540025
3540079
3540098
3540120
3540246
3540441
3540457
3540526
3540530
3540587
3540587
3540681
3540713
3540752
3540788
3540899
3540909
3541078
3541172
3541196
3541257
3541289
3541414
3541495
3541501
3541515
3541518
3541577
3541677
3541688
3541702
3541717
3541782
3541855
3541857
3541899
3541911
3541919
3541934
3541956
3541981
3541997
3542113
3542427
3542472
3542502
3542620
3542653
3542682
3542739
3542819
3542827
3542833
3542858
3542896
3542917
3542997
3543057
3543202
3543221
3543365
3543447
3543462
3543547
3543552
3543557
3543567
3543644
3543744
3543771
3543789
3543841
3543842
3543844
3543949
3544036
3544039
3544087
3544113
3544172
3544220
3544266
3544323
3544350
3544469
3544477
3544494
3544575
3544596
3544636
3544719
3544786
3544796
3544832
3544851
3544867
3545043
3545098
3545137
3545181
3545235
3545277
3545306
3545337
3545470
3545631
3545667
3545749
3545817
3545824
3545885
3545917
3545988
3546021
3546054
3546062
3546117
3546168
3546212
3546220
3546279
3546285
3546316
3546390
3546460
3546487
3546488
3546502
3546523
3546566
3546716
3546729
3546754
3546796
3546911
3546924
3546977
3547148
3547155
3547175
3547275
3547332
3547338
3547342
3547538
3547562
3547662
3547672
3547676
3547789
3547791
3547843
3547945
3548036
3548057
3548095
3548175
3548390
3548457
3548513
3548575
3548613
3548614
3548657
3548662
3548688
3548701
3548716
3548770
3548773
3548788
3548816
3548846
3548851
3548872
3548994
3548999
3549006
3549119
3549182
3549220
3549230
3549392
3549524
3549527
3549550
3549558
3549568
3549588
3549609
3549819
3549859
3549932
3549976
3550023
3550153
3550154
3550192
3550215
3550238
3550428
3550589
3550675
3550692
3550708
3550846
3550946
3551048
3551103
3551140
3551150
3551284
3551363
3551367
3551390
3551395
3551405
3551432
3551508
3551630
3551657
3551694
3551786
3551871
3551890
3551921
3551955
3551957
3552048
3552091
3552110
3552127
3552155
3552179
3552200
3552226
3552258
3552324
3552337
3552346
3552352
3552469
3552490
3552549
3552601
3552645
3552690
3552809
3552852
3552867
3552904
3552913
3553073
3553130
3553156
3553166
3553183
3553358
3553456
3553472
3553473
3553485
3553676
3553771
3553824
3553835
3553866
3553932
3554061
3554146
3554210
3554232
3554233
3554245
3554284
3554366
3554401
3554432
3554583
3554588
3554598
3554599
3554651
3554728
3554872
3554900
3555011
3555090
3555231
3555249
3555448
3555460
3555482
3555492
3555524
3555542
3555568
3555588
3555596
3555612
3555699
3555739
3555799
3555820
3555857
3555883
3556028
3556069
3556226
3556273
3556305
3556401
3556442
3556479
3556485
3556508
3556616
3556619
3556622
3556646
3556655
3556676
3556728
3556775
3557041
3557173
3557223
3557254
3557274
3557336
3557360
3557384
3557476
3557515
3557631
3557714
3557755
3557820
3557872
3558024
3558033
3558066
3558190
3558240
3558413
3558415
3558442
3558449
3558496
3558569
3558583
3558624
3558626
3558725
3558729
3558746
3558766
3558772
3558885
3558908
3558940
3559068
3559135
3559164
3559224
3559243
3559257
3559265
3559282
3559334
3559363
3559538
3559605
3559615
3559665
3559711
3559746
3559770
3559778
3559824
3559887
3559938
3560010
3560053
3560084
3560100
3560117
3560231
3560252
3560272
3560308
3560350
3560442
3560535
3560539
3560595
3560616
3560655
3560761
3560784
3560839
3560877
3561237
3561273
3561285
3561286
3561299
3561311
3561312
3561378
3561448
3561466
3561619
3561627
3561692
3561734
3561742
3561781
3561956
3562074
3562141
3562184
3562306
3562372
3562386
3562396
3562652
3562677
3562714
3563002
3563022
3563027
3563041
3563059
3563060
3563140
3563330
3563502
3563517
3563621
3563666
3563677
3563735
3563784
3563797
3563866
3564095
3564194
3564242
3564295
3564338
3564359
3564382
3564383
3564422
3564439
3564491
3564532
3564563
3564644
3564649
3564684
3564695
3564725
3564769
3564795
3564805
3564889
3564969
3564972
3565017
3565026
3565073
3565092
3565105
3565135
3565153
3565175
3565191
3565303
3565325
3565326
3565439
3565441
3565558
3565587
3565654
3565657
3565684
3565734
3565766
3565777
3565963
3566026
3566046
3566094
3566144
3566260
3566300
3566338
3566350
3566453
3566469
3566469
3566526
3566562
3566604
3566627
3566705
3566708
3566827
3566861
3566963
3567051
3567123
3567146
3567171
3567342
3567386
3567554
3567831
3567937
3567944
3567980
3567994
3568016
3568078
3568121
3568138
3568210
3568260
3568270
3568358
3568371
3568405
3568417
3568531
3568544
3568592
3568631
3568669
3568675
3568787
3568828
3568839
3568963
3568980
3569016
3569020
3569021
3569045
3569127
3569197
3569312
3569354
3569361
3569379
3569432
3569556
3569762
3569999
3570134
3570164
3570346
3570360
3570497
3570560
3570563
3570563
3570623
3570629
3570698
3570760
3570803
3570960
3571026
3571072
3571086
3571110
3571112
3571173
3571500
3571558
3571582
3571624
3571758
3571781
3571797
3571898
3571942
3571947
3572048
3572307
3572358
3572414
3572566
3572670
3572885
3572915
3572976
3572986
3573026
3573123
3573132
3573144
3573187
3573221
3573319
3573369
3573424
3573434
3573452
3573592
3573641
3573650
3573710
3573773
3573902
3573925
3573992
3573996
3574003
3574060
3574152
3574167
3574255
3574269
3574298
3574371
3574461
3574490
3574498
3574645
3574795
3574802
3574842
3574866
3574886
3574894
3574954
3574972
3575031
3575038
3575206
3575253
3575273
3575324
3575337
3575357
3575420
3575581
3575606
3575633
3575692
3575720
3575766
3575776
3575809
3576005
3576040
3576069
3576178
3576231
3576236
3576326
3576342
3576420
3576421
3576421
3576444
3576455
3576518
3576546
3576583
3576595
3576599
3576794
3576996
3577034
3577068
3577081
3577186
3577189
3577249
3577266
3577296
3577356
3577364
3577418
3577514
3577663
3577698
3577703
3577735
3577831
3577847
3577896
3577912
3577953
3578066
3578121
3578183
3578217
3578281
3578331
3578458
3578532
3578712
3578844
3578915
3578936
3578937
3578940
3578992
3579040
3579106
3579159
3579202
3579241
3579252
3579342
3579363
3579365
3579392
3579438
3579551
3579599
3579640
3579646
3579651
3579719
3579734
3579812
3579851
3579881
3579927
3580017
3580017
3580175
3580210
3580288
3580364
3580441
3580468
3580496
3580503
3580595
3580761
3580801
3580832
3580839
3581009
3581041
3581121
3581168
3581174
3581196
3581233
3581299
3581301
3581433
3581600
3581608
3581630
3581863
3581875
3581894
3581986
3582081
3582224
3582312
3582684
3582722
3582742
3582755
3582755
3582790
3582860
3582885
3582915
3582940
3582954
3582972
3582982
3582989
3583022
3583054
3583129
3583135
3583139
3583142
3583154
3583267
3583360
3583442
3583489
3583552
3583570
3583604
3583626
3583639
3583676
3583693
3583781
3583808
3583811
3583863
3583865
3583912
3583987
3584050
3584111
3584200
3584212
3584239
3584247
3584268
3584463
3584587
3584587
3584602
3584653
3584686
3584766
3584814
3584858
3584875
3584882
3584911
3585074
3585095
3585100
3585126
3585154
3585235
3585352
3585370
3585418
3585463
3585463
3585520
3585521
3585538
3585541
3585575
3585581
3585593
3585621
3585627
3585753
3585790
3585818
3585836
3585861
3585877
3586001
3586027
3586105
3586137
3586177
3586341
3586348
3586384
3586391
3586441
3586489
3586566
3586668
3586836
3586856
3586918
3587002
3587002
3587007
3587028
3587059
3587111
3587127
3587148
3587182
3587214
3587238
3587446
3587488
3587582
3587609
3587615
3587643
3587673
3587698
3587706
3587797
3587830
3587850
3587894
3587922
3587997
3588044
3588065
3588069
3588162
3588201
3588201
3588214
3588215
3588221
3588305
3588361
3588362
3588367
3588367
3588419
3588421
3588429
3588472
3588559
3588562
3588572
3588578
3588830
3588843
3588931
3588965
3589032
3589115
3589146
3589172
3589480
3589538
3589571
3589605
3589611
3589635
3589643
3589681
3589687
3589689
3589744
3589802
3589886
3589888
3589941
3589947
3589981
3590002
3590017
3590048
3590079
3590082
3590208
3590226
3590258
3590273
3590342
3590426
3590456
3590465
3590472
3590512
3590622
3590623
3590634
3590639
3590748
3590754
3590799
3590824
3590836
3590879
3590905
3590955
3591113
3591122
3591131
3591149
3591187
3591223
3591350
3591476
3591506
3591604
3591716
3591717
3591725
3591725
3591857
3591910
3591918
3591951
3591988
3592020
3592057
3592188
3592191
3592199
3592240
3592305
3592365
3592391
3592407
3592418
3592501
3592503
3592516
3592543
3592584
3592622
3592666
3592696
3592705
3592764
3592769
3592791
3592921
3592975
3592976
3592990
3592997
3593091
3593307
3593309
3593356
3593364
3593374
3593531
3593535
3593548
3593692
3593729
3593894
3593914
3593951
3593972
3594066
3594129
3594179
3594179
3594319
3594515
3594584
3594590
3594624
3594691
3594752
3594819
3594836
3594844
3594859
3594875
3594911
3594986
3595146
3595240
3595251
3595264
3595267
3595274
3595289
3595343
3595350
3595369
3595476
3595491
3595554
3595633
3595671
3595681
3595687
3595849
3595899
3595986
3596103
3596182
3596222
3596308
3596348
3596364
3596430
3596452
3596493
3596529
3596571
3596582
3596598
3596613
3596689
3596708
3596720
3596758
3596795
3596884
3596972
3597052
3597070
3597159
3597166
3597208
3597249
3597420
3597458
3597569
3597707
3597726
3597768
3597928
3597929
3597997
3598046
3598057
3598077
3598193
3598224
3598244
3598342
3598399
3598471
3598507
3598662
3598703
3598761
3598791
3598798
3598833
3598853
3598929
3598939
3598968
3598972
3599019
3599242
3599252
3599277
3599287
3599306
3599306
3599330
3599332
3599402
3599485
3599536
3599618
3599646
3599665
3599702
3599736
3599738
3599976
3600054
3600167
3600173
3600210
3600319
3600328
3600330
3600343
3600344
3600347
3600351
3600375
3600424
3600438
3600574
3600665
3600692
3600780
3600810
3600961
3600981
3600984
3601069
3601110
3601121
3601123
3601373
3601482
3601592
3601620
3601644
3601758
3601929
3601949
3601954
3601971
3602039
3602079
3602109
3602193
3602271
3602393
3602423
3602432
3602585
3602597
3602603
3602611
3602617
3602627
3602796
3602800
3602863
3602881
3602901
3602927
3603213
3603237
3603269
3603347
3603365
3603409
3603432
3603503
3603569
3603612
3603819
3603838
3603883
3603918
3603937
3603994
3603994
3604000
3604074
3604076
3604097
3604134
3604179
3604199
3604205
3604226
3604269
3604276
3604317
3604369
3604465
3604475
3604517
3604569
3604581
3604702
3604772
3604799
3604811
3604820
3604890
3604927
3605032
3605078
3605122
3605131
3605214
3605243
3605365
3605377
3605468
3605567
3605741
3605742
3605876
3605884
3605916
3605968
3606043
3606149
3606190
3606209
3606238
3606255
3606332
3606450
3606527
3606589
3606605
3606700
3606719
3606733
3606736
3606743
3606858
3606866
3606934
3606940
3606985
3607005
3607020
3607166
3607213
3607243
3607364
3607449
3607665
3607708
3607737
3607788
3607805
3607808
3607821
3607889
3608021
3608133
3608173
3608178
3608272
3608397
3608435
3608607
3608620
3608664
3608693
3608719
3608825
3608841
3608895
3609096
3609105
3609117
3609202
3609339
3609441
3609451
3609461
3609519
3609519
3609544
3609603
3609691
3609823
3609886
3609950
3609994
3610032
3610083
3610132
3610171
3610183
3610412
3610462
3610472
3610481
3610483
3610533
3610589
3610618
3610620
3610622
3610633
3610645
3610706
3610747
3610761
3610771
3610793
3610812
3610835
3610841
3610889
3610947
3610948
3610954
3610987
3611007
3611040
3611089
3611226
3611237
3611269
3611409
3611411
3611446
3611467
3611473
3611496
3611509
3611515
3611531
3611551
3611618
3611701
3611725
3611727
3611777
3611815
3611840
3611896
3611911
3611936
3612007
3612029
3612049
3612106
3612107
3612124
3612155
3612433
3612475
3612707
3612911
3612930
3612960
3613027
3613055
3613081
3613086
3613131
3613140
3613163
3613222
3613231
3613263
3613280
3613321
3613483
3613495
3613582
3613676
3613719
3613858
3614064
3614071
3614117
3614157
3614162
3614181
3614206
3614255
3614319
3614347
3614354
3614381
3614543
3614623
3614688
3614704
3614741
3614762
3614793
3614894
3614954
3614963
3614968
3614982
3614988
3615283
3615310
3615397
3615403
3615458
3615613
3615714
3615728
3615764
3615806
3615810
3615867
3615894
3615909
3615911
3615942
3616052
3616190
3616322
3616411
3616524
3616526
3616529
3616557
3616557
3616706
3616766
3616781
3616797
3616838
3616847
3616911
3617102
3617240
3617366
3617382
3617457
3617483
3617494
3617529
3617545
3617548
3617654
3617656
3617691
3617756
3617879
3617904
3617911
3617923
3618020
3618099
3618115
3618123
3618189
3618253
3618311
3618412
3618442
3618458
3618475
3618506
3618514
3618640
3618694
3618708
3618730
3618774
3618896
3618913
3618939
3619080
3619165
3619214
3619215
3619248
3619262
3619308
3619321
3619322
3619328
3619344
3619362
3619362
3619374
3619382
3619459
3619551
3619578
3619582
3619649
3619690
3619741
3619750
3619755
3619871
3619874
3619875
3619981
3620124
3620312
3620390
3620426
3620446
3620456
3620488
3620523
3620668
3620702
3620712
3620724
3620757
3620900
3620988
3621026
3621101
3621148
3621254
3621265
3621306
3621407
3621423
3621445
3621478
3621504
3621547
3621598
3621704
3621717
3621718
3621723
3621756
3621956
3621967
3621973
3621978
3622027
3622047
3622073
3622101
3622153
3622187
3622290
3622303
3622358
3622365
3622374
3622467
3622510
3622516
3622563
3622621
3622633
3622654
3622778
3622882
3622930
3623096
3623115
3623118
3623146
3623153
3623182
3623224
3623237
3623257
3623259
3623303
3623370
3623394
3623499
3623550
3623623
3623668
3623669
3623697
3623787
3623873
3623930
3623943
3624012
3624026
3624086
3624093
3624114
3624143
3624175
3624359
3624443
3624505
3624526
3624530
3624554
3624675
3624702
3624818
3624934
3624979
3625011
3625054
3625097
3625158
3625161
3625189
3625190
3625248
3625340
3625369
3625381
3625393
3625501
3625518
3625577
3625580
3625591
3625593
3625627
3625672
3625692
3625746
3625775
3625789
3626003
3626014
3626023
3626076
3626112
3626196
3626244
3626244
3626249
3626288
3626355
3626391
3626412
3626508
3626526
3626537
3626539
3626569
3626634
3626734
3626740
3626812
3626821
3626911
3626912
3626947
3626951
3626983
3627146
3627196
3627253
3627324
3627338
3627369
3627380
3627504
3627512
3627651
3627662
3627706
3627809
3627809
3627842
3627848
3627997
3628056
3628057
3628066
3628214
3628215
3628246
3628256
3628293
3628336
3628533
3628554
3628592
3628603
3628617
3628642
3628658
3628736
3628782
3628937
3628957
3629063
3629093
3629118
3629164
3629176
3629183
3629214
3629281
3629317
3629392
3629463
3629500
3629551
3629590
3629663
3629713
3629860
3629860
3629878
3629886
3629945
3629946
3629952
3630011
3630040
3630077
3630082
3630084
3630094
3630159
3630228
3630282
3630287
3630308
3630326
3630359
3630376
3630446
3630480
3630521
3630563
3630795
3630839
3630843
3630852
3630879
3630946
3630984
3631077
3631128
3631136
3631157
3631172
3631201
3631377
3631396
3631449
3631459
3631520
3631613
3631628
3631631
3631687
3631886
3631910
3632002
3632016
3632155
3632192
3632206
3632235
3632303
3632327
3632333
3632368
3632402
3632449
3632454
3632551
3632607
3632732
3632796
3632802
3632843
3632864
3632864
3632892
3632909
3632944
3632971
3632983
3632989
3633084
3633143
3633202
3633215
3633302
3633338
3633357
3633383
3633422
3633490
3633491
3633531
3633584
3633647
3633732
3633744
3633784
3633857
3633860
3633897
3633901
3633951
3634006
3634110
3634115
3634240
3634261
3634316
3634329
3634405
3634535
3634734
3634763
3634816
3634818
3634840
3634848
3634899
3634954
3634998
3635000
3635022
3635036
3635154
3635162
3635314
3635502
3635508
3635510
3635696
3635788
3635819
3635846
3635903
3636092
3636130
3636229
3636236
3636250
3636251
3636255
3636422
3636450
3636471
3636601
3636605
3636623
3636655
3636696
3636714
3636751
3636831
3636919
3636922
3636933
3636963
3637024
3637065
3637100
3637140
3637160
3637165
3637243
3637258
3637389
3637438
3637474
3637500
3637583
3637780
3637804
3637857
3637860
3637953
3637973
3637992
3638062
3638064
3638100
3638113
3638231
3638305
3638400
3638405
3638547
3638569
3638611
3638643
3638644
3638661
3638839
3638841
3638913
3638919
3639037
3639038
3639112
3639134
3639210
3639314
3639379
3639392
3639437
3639477
3639528
3639534
3639556
3639568
3639600
3639635
3639690
3639713
3639744
3639748
3639754
3639834
3640015
3640024
3640048
3640101
3640117
3640133
3640156
3640193
3640341
3640352
3640400
3640416
3640433
3640550
3640550
3640585
3640681
3640689
3640745
3640805
3640830
3640845
3640946
3640992
3641055
3641134
3641151
3641177
3641185
3641213
3641246
3641362
3641419
3641483
3641547
3641567
3641646
3641701
3641748
3641822
3641823
3641865
3641900
3641942
3642119
3642141
3642157
3642172
3642232
3642348
3642368
3642372
3642435
3642477
3642525
3642573
3642621
3642794
3642870
3642876
3642946
3643134
3643139
3643152
3643215
3643222
3643283
3643351
3643374
3643442
3643529
3643575
3643610
3643689
3643814
3643911
3643911
3644007
3644042
3644071
3644099
3644153
3644210
3644235
3644241
3644272
3644286
3644429
3644442
3644477
3644502
3644626
3644649
3644782
3644861
3644863
3645082
3645109
3645110
3645285
3645318
3645338
3645367
3645368
3645397
3645418
3645447
3645484
3645486
3645815
3645865
3645884
3645992
3646038
3646064
3646068
3646114
3646127
3646258
3646364
3646497
3646522
3646529
3646542
3646589
3646629
3646646
3646649
3646715
3646739
3646851
3646882
3646883
3646892
3646959
3647014
3647040
3647128
3647209
3647213
3647223
3647240
3647377
3647385
3647526
3647576
3647600
3647654
3647701
3647731
3647779
3647790
3647887
3647893
3647964
3648004
3648041
3648088
3648200
3648271
3648284
3648344
3648352
3648438
3648470
3648543
3648610
3648671
3648673
3648784
3648808
3648836
3648880
3648912
3648972
3648985
3649070
3649078
3649110
3649117
3649206
3649213
3649243
3649297
3649366
3649373
3649402
3649427
3649435
3649456
3649607
3649638
3649685
3649690
3649735
3649767
3649790
3649829
3649868
3650003
3650016
3650017
3650101
3650324
3650545
3650568
3650606
3650648
3650654
3650657
3650737
3650845
3650865
3650930
3650939
3651023
3651099
3651120
3651174
3651195
3651243
3651290
3651356
3651421
3651492
3651497
3651604
3651662
3651669
3651715
3651717
3651747
3651790
3651831
3651849
3651987
3652024
3652061
3652088
3652230
3652448
3652464
3652491
3652498
3652516
3652567
3652570
3652588
3652695
3652708
3652756
3652890
3652894
3652909
3652927
3652978
3652994
3653023
3653168
3653169
3653186
3653192
3653221
3653299
3653354
3653404
3653455
3653523
3653558
3653613
3653663
3653712
3653716
3653727
3653754
3653760
3653806
3653871
3653878
3653892
3653892
3653898
3653921
3653973
3654025
3654151
3654250
3654266
3654298
3654513
3654650
3654730
3654785
3654821
3654854
3654886
3654897
3654964
3654980
3654993
3655024
3655034
3655074
3655108
3655113
3655115
3655126
3655145
3655147
3655153
3655160
3655336
3655338
3655574
3655641
3655683
3655770
3655858
3655884
3655978
3655989
3656212
3656327
3656425
3656428
3656447
3656476
3656481
3656486
3656527
3656592
3656647
3656673
3656678
3656697
3656828
3656900
3656913
3656973
3657037
3657118
3657215
3657320
3657427
3657441
3657442
3657450
3657457
3657502
3657575
3657611
3657621
3657655
3657749
3657750
3657784
3657808
3657859
3657880
3657905
3657956
3657969
3657996
3658042
3658082
3658179
3658255
3658452
3658466
3658475
3658479
3658502
3658695
3658717
3658723
3658792
3658832
3658884
3658895
3658935
3658955
3658964
3659000
3659030
3659033
3659058
3659068
3659105
3659108
3659139
3659170
3659357
3659359
3659379
3659409
3659499
3659530
3659613
3659629
3659653
3659703
3659724
3659768
3659836
3659939
3659950
3660005
3660066
3660067
3660072
3660161
3660162
3660212
3660257
3660324
3660349
3660359
3660392
3660441
3660480
3660529
3660796
3660822
3660902
3660925
3660948
3660981
3661052
3661259
3661374
3661529
3661591
3661599
3661621
3661622
3661727
3661741
3661785
3662109
3662212
3662223
3662351
3662409
3662573
3662600
3662605
3662624
3662669
3662698
3662764
3662855
3662892
3662923
3662992
3663006
3663018
3663100
3663194
3663286
3663428
3663499
3663515
3663554
3663622
3663699
3663755
3663916
3664017
3664078
3664123
3664127
3664192
3664200
3664254
3664303
3664314
3664356
3664377
3664447
3664568
3664586
3664640
3664676
3664764
3664846
3664849
3664918
3664949
3665036
3665043
3665117
3665231
3665267
3665277
3665280
3665344
3665352
3665373
3665428
3665604
3665664
3665666
3665672
3665695
3665743
3665746
3665827
3665836
3665902
3666074
3666115
3666170
3666198
3666230
3666379
3666384
3666413
3666522
3666536
3666712
3666737
3666750
3666796
3666797
3666971
3666990
3667014
3667048
3667094
3667097
3667135
3667161
3667167
3667213
3667231
3667247
3667310
3667319
3667322
3667328
3667344
3667405
3667406
3667516
3667606
3667616
3667627
3667638
3667658
3667669
3667680
3667864
3667925
3668028
3668086
3668140
3668209
3668281
3668322
3668403
3668417
3668506
3668541
3668582
3668656
3668681
3668710
3668724
3668727
3668755
3668786
3668833
3668865
3668945
3668988
3669040
3669058
3669078
3669205
3669211
3669321
3669326
3669368
3669371
3669396
3669408
3669445
3669465
3669628
3669684
3669696
3669752
3669764
3669765
3669768
3669879
3669891
3669989
3670109
3670194
3670210
3670328
3670581
3670604
3670623
3670671
3670682
3670705
3670707
3670741
3670868
3670919
3671022
3671067
3671124
3671127
3671151
3671186
3671335
3671405
3671497
3671520
3671520
3671533
3671553
3671554
3671581
3671592
3671646
3671671
3671718
3671743
3671849
3671876
3672011
3672046
3672077
3672099
3672212
3672251
3672261
3672262
3672312
3672346
3672362
3672381
3672438
3672474
3672649
3672761
3673000
3673007
3673010
3673042
3673068
3673352
3673360
3673674
3673714
3673843
3673870
3673987
3674020
3674033
3674099
3674298
3674478
3674505
3674626
3674685
3674696
3674702
3674748
3674845
3674854
3674944
3674952
3674955
3674986
3675000
3675010
3675021
3675108
3675307
3675326
3675382
3675412
3675419
3675493
3675495
3675590
3675628
3675643
3675660
3675726
3675783
3675886
3675938
3675973
3675984
3676119
3676132
3676192
3676322
3676421
3676506
3676538
3676587
3676682
3676762
3676903
3676915
3676957
3677071
3677170
3677195
3677311
3677429
3677485
3677500
3677586
3677669
3677674
3677695
3677784
3677802
3677829
3677835
3677853
3677949
3677982
3677996
3678039
3678113
3678202
3678204
3678216
3678254
3678258
3678316
3678370
3678372
3678620
3678694
3678748
3678821
3678895
3679017
3679044
3679108
3679160
3679248
3679254
3679262
3679318
3679329
3679350
3679456
3679457
3679481
3679536
3679638
3679657
3679743
3679781
3679805
3679838
3679868
3679880
3680001
3680023
3680066
3680099
3680128
3680252
3680261
3680275
3680316
3680429
3680452
3680537
3680559
3680568
3680573
3680613
3680662
3680704
3680729
3680796
3680851
3680858
3680903
3680931
3681073
3681154
3681206
3681252
3681261
3681280
3681307
3681680
3681784
3681816
3681835
3681888
3681890
3681902
3681915
3682021
3682027
3682050
3682051
3682061
3682080
3682105
3682108
3682109
3682226
3682227
3682304
3682331
3682460
3682540
3682580
3682610
3682652
3682718
3682772
3682792
3682849
3682857
3682886
3682932
3682958
3683137
3683175
3683216
3683292
3683309
3683311
3683358
3683370
3683428
3683485
3683529
3683689
3683690
3683691
3683700
3683747
3683776
3683829
3683832
3683846
3683855
3683862
3683890
3683894
3683976
3684019
3684023
3684034
3684067
3684148
3684175
3684190
3684220
3684264
3684287
3684289
3684316
3684343
3684347
3684353
3684371
3684384
3684474
3684539
3684586
3684588
3684629
3684713
3684720
3684764
3684859
3684917
3684926
3684943
3684977
3685159
3685167
3685172
3685339
3685371
3685402
3685548
3685587
3685635
3685747
3685953
3686054
3686088
3686144
3686149
3686162
3686200
3686201
3686289
3686297
3686367
3686484
3686492
3686504
3686756
3686773
3686892
3686904
3686958
3687112
3687151
3687221
3687315
3687414
3687466
3687470
3687626
3687643
3687657
3687674
3687711
3687787
3687826
3687923
3687967
3688073
3688076
3688134
3688140
3688204
3688222
3688241
3688291
3688302
3688512
3688551
3688673
3688769
3688891
3688916
3688941
3688994
3689019
3689036
3689040
3689058
3689259
3689332
3689348
3689386
3689400
3689406
3689420
3689430
3689455
3689494
3689525
3689645
3689646
3689796
3689810
3689841
3689983
3689984
3690075
3690194
3690209
3690332
3690451
3690455
3690492
3690531
3690543
3690762
3690767
3690772
3690794
3690798
3690806
3690869
3690919
3690967
3691301
3691317
3691527
3691563
3691625
3691626
3691647
3691710
3691732
3691740
3691742
3691789
3691843
3691850
3691970
3692037
3692047
3692131
3692229
3692326
3692328
3692364
3692388
3692417
3692426
3692483
3692564
3692653
3692670
3692701
3692721
3692733
3692832
3692844
3692955
3692962
3692963
3692984
3693003
3693021
3693025
3693036
3693130
3693183
3693231
3693299
3693331
3693356
3693373
3693415
3693446
3693449
3693496
3693522
3693578
3693605
3693609
3693652
3693685
3693818
3693821
3693858
3693875
3693880
3693888
3693916
3693943
3694025
3694095
3694108
3694231
3694274
3694284
3694318
3694328
3694347
3694348
3694355
3694384
3694405
3694437
3694477
3694510
3694671
3694812
3694826
3694827
3694910
3695058
3695098
3695100
3695189
3695202
3695314
3695428
3695457
3695495
3695503
3695606
3695652
3695671
3695731
3695733
3695785
3695785
3695886
3695908
3695970
3696031
3696156
3696186
3696220
3696288
3696338
3696384
3696404
3696503
3696538
3696573
3696659
3696687
3696779
3696785
3696795
3696817
3696862
3696961
3696991
3697018
3697025
3697037
3697135
3697145
3697236
3697332
3697421
3697773
3697794
3697857
3697876
3698006
3698038
3698057
3698060
3698082
3698143
3698263
3698293
3698298
3698375
3698421
3698546
3698617
3698637
3698712
3698727
3698730
3698773
3698852
3698915
3698954
3698959
3699003
3699010
3699186
3699188
3699205
3699211
3699231
3699251
3699269
3699303
3699631
3699638
3699661
3699727
3699740
3699759
3699763
3699788
3699793
3699798
3699847
3699997
3700028
3700033
3700080
3700116
3700134
3700145
3700182
3700273
3700307
3700338
3700458
3700527
3700532
3700590
3700621
3700627
3700702
3700818
3700831
3700844
3700865
3700876
3700888
3700890
3701018
3701042
3701092
3701147
3701238
3701330
3701362
3701371
3701393
3701415
3701423
3701525
3701556
3701599
3701627
3701679
3701759
3701760
3701800
3701807
3701892
3701914
3701914
3701971
3702007
3702031
3702108
3702114
3702119
3702154
3702158
3702173
3702202
3702221
3702277
3702337
3702340
3702352
3702379
3702398
3702567
3702569
3702617
3702647
3702695
3702738
3702750
3702799
3702804
3702842
3702843
3702854
3702867
3702877
3702882
3702951
3702959
3702961
3703022
3703033
3703038
3703166
3703190
3703208
3703240
3703335
3703374
3703383
3703459
3703613
3703635
3703695
3703760
3703798
3703841
3703901
3703985
3704025
3704061
3704064
3704069
3704078
3704091
3704116
3704195
3704268
3704299
3704332
3704515
3704565
3704598
3704631
3704645
3704701
3704713
3704747
3704760
3704790
3704843
3704860
3704928
3704965
3704997
3704998
3705035
3705144
3705171
3705211
3705255
3705290
3705374
3705408
3705431
3705467
3705477
3705631
3705666
3705682
3705778
3705844
3705907
3705916
3705989
3706022
3706032
3706048
3706070
3706223
3706296
3706300
3706357
3706417
3706549
3706556
3706564
3706573
3706613
3706633
3706641
3706683
3706688
3706723
3706776
3706789
3706831
3706835
3706904
3706988
3707009
3707055
3707055
3707110
3707127
3707186
3707217
3707284
3707288
3707308
3707328
3707412
3707422
3707449
3707562
3707580
3707583
3707669
3707758
3707863
3707899
3707909
3707957
3708073
3708102
3708167
3708337
3708384
3708387
3708388
3708465
3708540
3708622
3708624
3708671
3708706
3708841
3708844
3708939
3708948
3709029
3709115
3709296
3709306
3709360
3709412
3709459
3709475
3709579
3709669
3709806
3709812
3709856
3709921
3709940
3709947
3709972
3710024
3710046
3710086
3710099
3710100
3710141
3710144
3710149
3710157
3710458
3710512
3710556
3710572
3710590
3710637
3710705
3710718
3710830
3710948
3710966
3711068
3711098
3711239
3711245
3711259
3711265
3711298
3711457
3711517
3711521
3711577
3711595
3711650
3711653
3711694
3711792
3711813
3711856
3711947
3711972
3712029
3712034
3712039
3712055
3712057
3712217
3712231
3712282
3712331
3712455
3712489
3712492
3712567
3712569
3712689
3712692
3712724
3712859
3712912
3712927
3712999
3713130
3713180
3713228
3713257
3713292
3713333
3713367
3713519
3713579
3713699
3713796
3713800
3713896
3713904
3714172
3714184
3714217
3714303
3714358
3714359
3714361
3714376
3714420
3714439
3714448
3714505
3714509
3714550
3714585
3714587
3714600
3714654
3714681
3714712
3714716
3714739
3714767
3714804
3714827
3714861
3714877
3714886
3714905
3714910
3714912
3714921
3714958
3714962
3715025
3715027
3715030
3715037
3715057
3715109
3715176
3715214
3715252
3715299
3715338
3715366
3715405
3715452
3715639
3715758
3715785
3715971
3716054
3716078
3716232
3716306
3716437
3716497
3716511
3716545
3716567
3716635
3716683
3716911
3717039
3717065
3717155
3717176
3717240
3717303
3717313
3717369
3717432
3717435
3717446
3717547
3717555
3717632
3717839
3717928
3717944
3718108
3718221
3718235
3718316
3718357
3718373
3718403
3718452
3718465
3718531
3718586
3718628
3718640
3718808
3718847
3718915
3719019
3719030
3719219
3719327
3719330
3719405
3719439
3719468
3719508
3719529
3719530
3719622
3719695
3719759
3719807
3719823
3719894
3719924
3719926
3720002
3720160
3720294
3720296
3720373
3720379
3720433
3720453
3720459
3720531
3720542
3720588
3720599
3720617
3720627
3720632
3720791
3720792
3720827
3720979
3720993
3721138
3721331
3721393
3721394
3721442
3721472
3721531
3721548
3721553
3721602
3721620
3721664
3721683
3721765
3721779
3721829
3721830
3721878
3721884
3721890
3721923
3721934
3722008
3722099
3722122
3722208
3722266
3722266
3722313
3722490
3722706
3722710
3722723
3722765
3722779
3722877
3722940
3722950
3723012
3723043
3723089
3723101
3723153
3723261
3723306
3723363
3723392
3723393
3723433
3723436
3723458
3723476
3723589
3723594
3723605
3723614
3723630
3723636
3723643
3723669
3723798
3723834
3724023
3724039
3724117
3724147
3724160
3724302
3724303
3724315
3724367
3724386
3724414
3724438
3724485
3724657
3724676
3724678
3724740
3724885
3724938
3725199
3725218
3725240
3725304
3725335
3725360
3725368
3725393
3725423
3725477
3725485
3725700
3725751
3725760
3725771
3725806
3725811
3725837
3725960
3725995
3726002
3726008
3726077
3726242
3726246
3726269
3726286
3726301
3726308
3726314
3726318
3726319
3726470
3726490
3726493
3726502
3726532
3726550
3726561
3726566
3726594
3726656
3726667
3726741
3726857
3726941
3726951
3727017
3727061
3727339
3727397
3727399
3727406
3727466
3727527
3727625
3727628
3727637
3727650
3727669
3727724
3727757
3727765
3727829
3727936
3727966
3727993
3728029
3728060
3728068
3728135
3728196
3728220
3728225
3728344
3728346
3728373
3728478
3728494
3728500
3728566
3728593
3728619
3728623
3728655
3728727
3728939
3728951
3729041
3729115
3729133
3729165
3729200
3729301
3729320
3729526
3729535
3729550
3729592
3729788
3729900
3729903
3729972
3730039
3730100
3730119
3730195
3730240
3730289
3730578
3730624
3730785
3730821
3730882
3730956
3730998
3731082
3731101
3731318
3731365
3731387
3731399
3731399
3731483
3731551
3731635
3731655
3731661
3731680
3731706
3731740
3731788
3731804
3731962
3731993
3732077
3732102
3732124
3732159
3732208
3732208
3732284
3732316
3732388
3732428
3732454
3732536
3732578
3732585
3732676
3732776
3732792
3732812
3732829
3732883
3732918
3732921
3733036
3733148
3733211
3733350
3733426
3733462
3733534
3733580
3733719
3733768
3733801
3733845
3733854
3733982
3734081
3734082
3734219
3734235
3734247
3734332
3734374
3734504
3734526
3734534
3734593
3734651
3734732
3734762
3734855
3734930
3735036
3735089
3735222
3735300
3735305
3735354
3735358
3735406
3735463
3735468
3735496
3735507
3735578
3735656
3735675
3735752
3735758
3735837
3735858
3735859
3735880
3735969
3736141
3736143
3736197
3736241
3736262
3736301
3736325
3736365
3736366
3736384
3736428
3736556
3736622
3736768
3736784
3736976
3737031
3737071
3737106
3737119
3737133
3737139
3737171
3737201
3737259
3737261
3737269
3737496
3737498
3737818
3737842
3738223
3738244
3738338
3738358
3738362
3738467
3738539
3738556
3738625
3738700
3738706
3738715
3738717
3738779
3738853
3738895
3738937
3738951
3739031
3739083
3739240
3739281
3739300
3739310
3739356
3739365
3739392
3739415
3739590
3739627
3739651
3739776
3739826
3739878
3739918
3739926
3739949
3739996
3740077
3740085
3740168
3740195
3740223
3740278
3740307
3740312
3740377
3740549
3740689
3740776
3740788
3740800
3740911
3741003
3741010
3741039
3741063
3741237
3741313
3741329
3741625
3741692
3741727
3741795
3741813
3741847
3741869
3741953
3741992
3741997
3742111
3742276
3742284
3742329
3742340
3742449
3742465
3742613
3742615
3742717
3742744
3742835
3742881
3742891
3742931
3742936
3742952
3742958
3742983
3743011
3743021
3743120
3743198
3743250
3743377
3743395
3743411
3743432
3743511
3743534
3743567
3743583
3743597
3743600
3743680
3743728
3743784
3743855
3743873
3743985
3744130
3744158
3744300
3744338
3744343
3744510
3744541
3744647
3744696
3744702
3744792
3744903
3744974
3745054
3745117
3745131
3745205
3745236
3745460
3745479
3745553
3745599
3745616
3745665
3745689
3745697
3745718
3745727
3745766
3745777
3745787
3745815
3745824
3745953
3745971
3746094
3746119
3746263
3746330
3746385
3746397
3746444
3746551
3746643
3746658
3746687
3746704
3746720
3746731
3746757
3746793
3746805
3746818
3746901
3746913
3746946
3746975
3746998
3747028
3747042
3747061
3747079
3747105
3747106
3747153
3747192
3747221
3747237
3747413
3747427
3747509
3747579
3747627
3747649
3747667
3747676
3747685
3747716
3747753
3747789
3747853
3747893
3747900
3747919
3748102
3748170
3748370
3748438
3748449
3748617
3748644
3748813
3748842
3748945
3748956
3748973
3748991
3749076
3749163
3749193
3749195
3749303
3749334
3749354
3749509
3749702
3749727
3749768
3749834
3749838
3749906
3749960
3750011
3750055
3750098
3750188
3750244
3750254
3750374
3750381
3750435
3750459
3750525
3750570
3750571
3750637
3750727
3750739
3750820
3750858
3750909
3750934
3750948
3751092
3751157
3751175
3751197
3751218
3751231
3751237
3751258
3751271
3751333
3751355
3751381
3751439
3751470
3751520
3751541
3751631
3751650
3751690
3751805
3751904
3751972
3752032
3752057
3752059
3752081
3752085
3752129
3752141
3752167
3752285
3752317
3752338
3752366
3752428
3752502
3752503
3752517
3752533
3752537
3752547
3752713
3752738
3752750
3752750
3752762
3752809
3752815
3752823
3752827
3752839
3752886
3752908
3752993
3753072
3753136
3753220
3753299
3753324
3753396
3753490
3753603
3753676
3753694
3753724
3753737
3753743
3753772
3753793
3753803
3753890
3753949
3754009
3754018
3754022
3754036
3754057
3754060
3754223
3754224
3754263
3754315
3754431
3754480
3754525
3754569
3754623
3754727
3754765
3754773
3754814
3754850
3754853
3754908
3754935
3755007
3755034
3755088
3755164
3755333
3755336
3755380
3755398
3755400
3755429
3755503
3755518
3755522
3755560
3755566
3755567
3755576
3755586
3755615
3755658
3755744
3755755
3755767
3755779
3755822
3755868
3755933
3755939
3755993
3756118
3756122
3756122
3756196
3756229
3756314
3756317
3756352
3756360
3756390
3756415
3756439
3756456
3756503
3756517
3756635
3756639
3756647
3756714
3756808
3756845
3756888
3757017
3757032
3757043
3757091
3757108
3757121
3757157
3757261
3757309
3757314
3757338
3757350
3757424
3757449
3757519
3757542
3757589
3757591
3757639
3757668
3757696
3757705
3757721
3757824
3757827
3757828
3758036
3758043
3758114
3758118
3758124
3758149
3758193
3758214
3758350
3758370
3758419
3758437
3758441
3758552
3758727
3758729
3758729
3758782
3758811
3758842
3758900
3758930
3759031
3759063
3759076
3759090
3759126
3759173
3759186
3759228
3759298
3759351
3759357
3759407
3759440
3759538
3759603
3759628
3759667
3759686
3759783
3759828
3759869
3759905
3759907
3759949
3759962
3759972
3759989
3760010
3760024
3760032
3760044
3760099
3760114
3760177
3760221
3760230
3760377
3760413
3760426
3760498
3760529
3760548
3760594
3760747
3760775
3760922
3760929
3760961
3760996
3760999
3761013
3761043
3761101
3761101
3761201
3761205
3761238
3761307
3761322
3761332
3761344
3761486
3761552
3761706
3761790
3761931
3761995
3761996
3762036
3762090
3762161
3762213
3762256
3762274
3762321
3762343
3762469
3762476
3762490
3762491
3762501
3762505
3762661
3762740
3762766
3762804
3762821
3762857
3762958
3763022
3763094
3763138
3763168
3763213
3763320
3763330
3763339
3763534
3763578
3763587
3763643
3763673
3763708
3763719
3763820
3764025
3764089
3764135
3764140
3764156
3764195
3764200
3764208
3764213
3764233
3764253
3764279
3764289
3764324
3764341
3764380
3764397
3764611
3764724
3764787
3764811
3764821
3764908
3764931
3765040
3765061
3765147
3765216
3765255
3765276
3765418
3765520
3765536
3765547
3765580
3765603
3765653
3765674
3765721
3765826
3765859
3765881
3765884
3765907
3765908
3765991
3766032
3766127
3766326
3766374
3766415
3766452
3766456
3766505
3766580
3766629
3766756
3766766
3766813
3766838
3766839
3766841
3766846
3766892
3766906
3766944
3766997
3766997
3767026
3767053
3767059
3767103
3767128
3767277
3767297
3767345
3767352
3767384
3767438
3767490
3767587
3767626
3767627
3767693
3767706
3767722
3767765
3767823
3767862
3767863
3767906
3768056
3768160
3768161
3768164
3768191
3768209
3768276
3768278
3768378
3768387
3768416
3768416
3768498
3768504
3768663
3768741
3768831
3768847
3768942
3768953
3768961
3769007
3769036
3769051
3769219
3769220
3769283
3769342
3769342
3769355
3769440
3769454
3769462
3769465
3769599
3769675
3769703
3769703
3769821
3769822
3769897
3769958
3770059
3770099
3770108
3770116
3770198
3770226
3770251
3770296
3770323
3770440
3770442
3770457
3770460
3770487
3770488
3770490
3770527
3770666
3770692
3770914
3770961
3771251
3771262
3771344
3771385
3771427
3771438
3771455
3771478
3771595
3771617
3771638
3771678
3771718
3771848
3771967
3771968
3771976
3771996
3772008
3772027
3772048
3772130
3772159
3772215
3772275
3772294
3772298
3772479
3772512
3772578
3772628
3772655
3772671
3772723
3772744
3772760
3772791
3772810
3772881
3772920
3772948
3772953
3773104
3773126
3773162
3773165
3773377
3773386
3773454
3773515
3773554
3773676
3773688
3773782
3773798
3773843
3773853
3773867
3773885
3773901
3773911
3773918
3774080
3774159
3774160
3774163
3774224
3774290
3774295
3774333
3774419
3774560
3774578
3774614
3774629
3774792
3774960
3774978
3775056
3775089
3775159
3775173
3775191
3775228
3775231
3775238
3775264
3775293
3775298
3775299
3775369
3775377
3775391
3775480
3775511
3775563
3775569
3775637
3775661
3775664
3775701
3775890
3775941
3775982
3776010
3776016
3776030
3776053
3776070
3776212
3776258
3776278
3776338
3776718
3776728
3776813
3776841
3776843
3776935
3776981
3776984
3777027
3777067
3777103
3777193
3777267
3777335
3777469
3777590
3777627
3777640
3777659
3777701
3777716
3777992
3777999
3778057
3778075
3778078
3778080
3778182
3778219
3778229
3778233
3778279
3778293
3778333
3778393
3778462
3778463
3778497
3778551
3778564
3778682
3778733
3778783
3778788
3778816
3778910
3778960
3778972
3778999
3779011
3779049
3779154
3779173
3779212
3779243
3779301
3779399
3779414
3779648
3779663
3779684
3779717
3779721
3779923
3779985
3780008
3780023
3780094
3780114
3780124
3780188
3780268
3780480
3780489
3780530
3780545
3780552
3780575
3780737
3780859
3780887
3780895
3780980
3781051
3781169
3781176
3781267
3781273
3781274
3781281
3781327
3781370
3781446
3781450
3781533
3781539
3781646
3781663
3781678
3781696
3781745
3781756
3781947
3781974
3782099
3782122
3782166
3782305
3782341
3782341
3782363
3782710
3782722
3782842
3782851
3782894
3782937
3782988
3783002
3783047
3783098
3783226
3783244
3783331
3783336
3783359
3783390
3783422
3783424
3783451
3783497
3783510
3783528
3783534
3783541
3783653
3783675
3783676
3783710
3783740
3783793
3783832
3783879
3783888
3783901
3783920
3783926
3783967
3783980
3784050
3784092
3784289
3784298
3784342
3784447
3784468
3784475
3784550
3784560
3784564
3784594
3784641
3784668
3784748
3784751
3784755
3784798
3784837
3784872
3784928
3784955
3785042
3785061
3785071
3785156
3785201
3785205
3785256
3785301
3785314
3785328
3785420
3785459
3785503
3785504
3785512
3785520
3785574
3785604
3785624
3785636
3785639
3785662
3785662
3785731
3785825
3785886
3785947
3785952
3785956
3785959
3785981
3786242
3786246
3786280
3786477
3786556
3786574
3786609
3786660
3786710
3786850
3786874
3786885
3786894
3787028
3787030
3787078
3787108
3787138
3787259
3787287
3787316
3787359
3787432
3787466
3787555
3787589
3787600
3787713
3787779
3787993
3788003
3788018
3788040
3788044
3788048
3788062
3788204
3788223
3788249
3788256
3788306
3788308
3788357
3788430
3788486
3788581
3788617
3788710
3788761
3788770
3788813
3788841
3788863
3788894
3789002
3789041
3789142
3789149
3789213
3789241
3789279
3789292
3789351
3789353
3789490
3789513
3789518
3789537
3789585
3789608
3789620
3789681
3789708
3789726
3789727
3789815
3789880
3789901
3789904
3789915
3789989
3789991
3789995
3790053
3790057
3790086
3790105
3790135
3790141
3790272
3790326
3790361
3790411
3790417
3790452
3790510
3790566
3790585
3790599
3790605
3790634
3790671
3790751
3790796
3790826
3790838
3790957
3790975
3791072
3791077
3791095
3791152
3791195
3791283
3791383
3791384
3791402
3791456
3791468
3791488
3791612
3791754
3791946
3792006
3792007
3792022
3792065
3792173
3792321
3792495
3792539
3792551
3792621
3792626
3792661
3792827
3792836
3792846
3792851
3792854
3792876
3792957
3792986
3792987
3793007
3793056
3793061
3793080
3793128
3793164
3793174
3793289
3793317
3793339
3793351
3793463
3793570
3793747
3793748
3793874
3793919
3793995
3794009
3794013
3794015
3794077
3794147
3794168
3794245
3794254
3794354
3794382
3794497
3794507
3794535
3794537
3794563
3794610
3794643
3794726
3794828
3794838
3794990
3795044
3795057
3795108
3795131
3795146
3795157
3795324
3795401
3795413
3795430
3795573
3795696
3795732
3795761
3795878
3795933
3796003
3796023
3796064
3796066
3796097
3796181
3796217
3796297
3796309
3796348
3796392
3796417
3796474
3796521
3796526
3796558
3796680
3796786
3796794
3796805
3796867
3796895
3797075
3797094
3797121
3797215
3797307
3797508
3797542
3797649
3797658
3797659
3797729
3797884
3797905
3797938
3798087
3798231
3798334
3798416
3798488
3798513
3798575
3798594
3798607
3798618
3798687
3798715
3798716
3798739
3798755
3798768
3798770
3798788
3798888
3798911
3798978
3799006
3799033
3799045
3799218
3799324
3799336
3799341
3799357
3799361
3799423
3799439
3799457
3799499
3799564
3799597
3799707
3799808
3799920
3799975
3800011
3800016
3800052
3800112
3800167
3800208
3800284
3800358
3800364
3800425
3800449
3800450
3800460
3800471
3800476
3800505
3800508
3800535
3800705
3800742
3800767
3800866
3800931
3800947
3800950
3800979
3801015
3801114
3801190
3801244
3801294
3801314
3801342
3801466
3801468
3801472
3801512
3801586
3801661
3801672
3801679
3801822
3801893
3801909
3801919
3802045
3802134
3802210
3802212
3802242
3802284
3802303
3802330
3802342
3802354
3802405
3802410
3802508
3802544
3802550
3802552
3802566
3802700
3802763
3802768
3802789
3802800
3802869
3802937
3802951
3803093
3803159
3803207
3803212
3803222
3803228
3803239
3803243
3803270
3803291
3803309
3803393
3803472
3803478
3803544
3803588
3803603
3803611
3803698
3803702
3803826
3803833
3803833
3803847
3803872
3803904
3803954
3804012
3804087
3804133
3804188
3804249
3804283
3804285
3804288
3804390
3804623
3804627
3804668
3804689
3804726
3804777
3804778
3804782
3804787
3804819
3804841
3804846
3804863
3804891
3805020
3805070
3805081
3805102
3805178
3805237
3805334
3805355
3805363
3805385
3805396
3805449
3805479
3805533
3805555
3805593
3805733
3805773
3805778
3805787
3805835
3805929
3805934
3805948
3805997
3806075
3806077
3806081
3806180
3806228
3806347
3806404
3806448
3806580
3806660
3806855
3806859
3806881
3807100
3807114
3807146
3807150
3807161
3807204
3807216
3807470
3807533
3807629
3807663
3807687
3807703
3807759
3807788
3807819
3807868
3807876
3808031
3808038
3808047
3808102
3808244
3808276
3808360
3808363
3808385
3808405
3808419
3808456
3808580
3808620
3808628
3808678
3808795
3808825
3808877
3808881
3808895
3808935
3808983
3809102
3809225
3809241
3809248
3809255
3809365
3809542
3809564
3809583
3809587
3809651
3809756
3809806
3809853
3809912
3809973
3809982
3810006
3810038
3810040
3810087
3810116
3810283
3810351
3810375
3810417
3810509
3810517
3810531
3810563
3810628
3810687
3810712
3810725
3810732
3810796
3810895
3810903
3810973
3810975
3811010
3811037
3811106
3811108
3811190
3811227
3811232
3811236
3811255
3811308
3811364
3811420
3811424
3811645
3811802
3811851
3811852
3811861
3811888
3811922
3811932
3811956
3811961
3812124
3812129
3812193
3812221
3812255
3812334
3812346
3812453
3812532
3812556
3812591
3812705
3812713
3812847
3812909
3812936
3813157
3813212
3813288
3813304
3813350
3813393
3813395
3813480
3813492
3813551
3813609
3813626
3813632
3813743
3813795
3813938
3814060
3814075
3814174
3814203
3814400
3814423
3814530
3814556
3814568
3814657
3814693
3814724
3814786
3814809
3815095
3815157
3815198
3815228
3815239
3815371
3815406
3815441
3815466
3815490
3815523
3815578
3815616
3815629
3815649
3815650
3815698
3815727
3815790
3815795
3815837
3815853
3815853
3815890
3815958
3815969
3816017
3816027
3816040
3816042
3816043
3816237
3816278
3816281
3816354
3816578
3816625
3816637
3816674
3816751
3816758
3816807
3816922
3816926
3816952
3817113
3817198
3817297
3817342
3817379
3817434
3817516
3817543
3817595
3817618
3817619
3817725
3817779
3817784
3817847
3817852
3817853
3817881
3817898
3817966
3817985
3818020
3818032
3818077
3818133
3818144
3818193
3818313
3818418
3818419
3818480
3818513
3818716
3818732
3818733
3818802
3818807
3818847
3818964
3819019
3819102
3819385
3819400
3819402
3819423
3819480
3819602
3819610
3819755
3819775
3819871
3819952
3819980
3820064
3820132
3820312
3820327
3820381
3820423
3820456
3820677
3820701
3820725
3820784
3820811
3820843
3821023
3821168
3821262
3821292
3821306
3821330
3821337
3821380
3821382
3821421
3821440
3821501
3821502
3821511
3821545
3821595
3821606
3821632
3821658
3821690
3821737
3821874
3821876
3821918
3822052
3822060
3822162
3822227
3822374
3822545
3822549
3822569
3822733
3822750
3822808
3822899
3823024
3823032
3823049
3823089
3823103
3823118
3823123
3823166
3823205
3823328
3823408
3823439
3823457
3823532
3823554
3823644
3823720
3823897
3823898
3823937
3823998
3824011
3824054
3824154
3824199
3824369
3824428
3824463
3824469
3824519
3824556
3824608
3824625
3824627
3824686
3824703
3824715
3824838
3824876
3824888
3824913
3824948
3824965
3824981
3825008
3825044
3825131
3825138
3825268
3825390
3825397
3825494
3825509
3825560
3825571
3825573
3825601
3825610
3825671
3825846
3825883
3825892
3825925
3825985
3826049
3826154
3826201
3826386
3826541
3826649
3826658
3826812
3826882
3826889
3827113
3827223
3827231
3827415
3827586
3827597
3827627
3827693
3827702
3827703
3827706
3827741
3827747
3827751
3827754
3827833
3827850
3828015
3828072
3828087
3828245
3828367
3828399
3828406
3828436
3828546
3828683
3828747
3828767
3828774
3828819
3828835
3828839
3828917
3828918
3828935
3828954
3828979
3828982
3829028
3829062
3829246
3829359
3829556
3829687
3829762
3829784
3829798
3829864
3829877
3829909
3829913
3829923
3829982
3829996
3830095
3830129
3830144
3830171
3830193
3830214
3830391
3830403
3830589
3830616
3830693
3830697
3830706
3830717
3830789
3830811
3830890
3830922
3830978
3831002
3831029
3831101
3831111
3831182
3831207
3831231
3831297
3831299
3831463
3831465
3831572
3831641
3831665
3831704
3831817
3831944
3831971
3832018
3832119
3832205
3832220
3832281
3832334
3832413
3832446
3832451
3832464
3832466
3832523
3832526
3832567
3832594
3832634
3832671
3832730
3832779
3832818
3832855
3832902
3832946
3832968
3833009
3833054
3833138
3833325
3833332
3833382
3833413
3833605
3833729
3833738
3833805
3833818
3833839
3834050
3834112
3834183
3834207
3834256
3834294
3834321
3834411
3834557
3834641
3834684
3834693
3834713
3834815
3834832
3834967
3834988
3835058
3835142
3835146
3835297
3835338
3835368
3835435
3835469
3835483
3835628
3835686
3835690
3835724
3835890
3835923
3835926
3835983
3835993
3836003
3836101
3836110
3836161
3836227
3836232
3836244
3836280
3836285
3836293
3836344
3836355
3836387
3836387
3836394
3836410
3836443
3836449
3836453
3836473
3836486
3836488
3836495
3836509
3836529
3836542
3836584
3836654
3836663
3836695
3836709
3836730
3836754
3836918
3836971
3837000
3837007
3837030
3837219
3837220
3837450
3837464
3837511
3837567
3837572
3837601
3837601
3837679
3837766
3837813
3837890
3837974
3837985
3837992
3838034
3838069
3838105
3838174
3838185
3838226
3838369
3838386
3838432
3838456
3838468
3838507
3838687
3838750
3838766
3838877
3838935
3838978
3838990
3839020
3839053
3839070
3839099
3839109
3839181
3839193
3839214
3839259
3839309
3839410
3839427
3839439
3839486
3839499
3839542
3839586
3839591
3839598
3839730
3839794
3839815
3839853
3839873
3839888
3840097
3840143
3840202
3840208
3840275
3840326
3840328
3840348
3840581
3840699
3840734
3840745
3840858
3841034
3841052
3841071
3841084
3841098
3841144
3841237
3841361
3841397
3841423
3841432
3841477
3841490
3841513
3841548
3841564
3841577
3841600
3841654
3841660
3841680
3841680
3841748
3841788
3841823
3841859
3841866
3841890
3841911
3842051
3842144
3842200
3842210
3842247
3842308
3842363
3842424
3842460
3842511
3842564
3842645
3842774
3842783
3842798
3842830
3842844
3842848
3842893
3842895
3842957
3842965
3843011
3843020
3843123
3843204
3843238
3843241
3843299
3843320
3843371
3843488
3843501
3843663
3843679
3843699
3843775
3843778
3843780
3843825
3843856
3843920
3843931
3843933
3843941
3844008
3844260
3844306
3844311
3844370
3844397
3844433
3844491
3844491
3844553
3844561
3844576
3844629
3844667
3844691
3844706
3844721
3844737
3844854
3844864
3844869
3844946
3844982
3845014
3845052
3845093
3845099
3845138
3845208
3845239
3845371
3845492
3845508
3845509
3845590
3845602
3845618
3845620
3845674
3845701
3845752
3845796
3845809
3845849
3845854
3845893
3845893
3845894
3845998
3845999
3846002
3846019
3846021
3846101
3846117
3846139
3846142
3846173
3846305
3846326
3846353
3846391
3846445
3846624
3846696
3846949
3846955
3846987
3847017
3847052
3847055
3847065
3847067
3847086
3847173
3847324
3847336
3847342
3847343
3847407
3847433
3847546
3847629
3847641
3847653
3847662
3848024
3848084
3848122
3848132
3848137
3848142
3848148
3848160
3848324
3848345
3848534
3848559
3848569
3848629
3848696
3848735
3848739
3848740
3848770
3848785
3848935
3848938
3848945
3849010
3849109
3849130
3849168
3849198
3849212
3849264
3849292
3849307
3849322
3849396
3849434
3849503
3849517
3849575
3849641
3849642
3849799
3849865
3849895
3849934
3849951
3850016
3850061
3850068
3850085
3850096
3850181
3850261
3850463
3850496
3850502
3850525
3850530
3850530
3850571
3850583
3850588
3850595
3850639
3850648
3850726
3850946
3850947
3850982
3851009
3851035
3851073
3851152
3851186
3851216
3851360
3851364
3851386
3851407
3851417
3851485
3851489
3851510
3851532
3851535
3851574
3851584
3851589
3851639
3851662
3851684
3851778
3851825
3852079
3852301
3852328
3852392
3852499
3852529
3852564
3852612
3852689
3852783
3852912
3852935
3852949
3853116
3853149
3853204
3853214
3853227
3853236
3853290
3853306
3853378
3853432
3853439
3853515
3853578
3853613
3853677
3853702
3853727
3853756
3853836
3853838
3853883
3854033
3854060
3854068
3854113
3854141
3854152
3854292
3854448
3854468
3854482
3854566
3854650
3854740
3854753
3854766
3854782
3854900
3854911
3854957
3855020
3855068
3855090
3855164
3855219
3855301
3855388
3855524
3855525
3855551
3855699
3855765
3855775
3855840
3855854
3855868
3855878
3856028
3856104
3856111
3856114
3856140
3856143
3856251
3856280
3856392
3856405
3856440
3856446
3856568
3856576
3856603
3856705
3856730
3856759
3856862
3856926
3856962
3857001
3857009
3857025
3857073
3857089
3857138
3857179
3857224
3857245
3857319
3857319
3857333
3857357
3857405
3857428
3857433
3857489
3857515
3857519
3857623
3857690
3857722
3857789
3857898
3857937
3857999
3858074
3858078
3858086
3858240
3858261
3858285
3858300
3858330
3858403
3858407
3858464
3858526
3858690
3858700
3858706
3858720
3858802
3858846
3858959
3858994
3859011
3859055
3859080
3859171
3859189
3859216
3859264
3859283
3859360
3859381
3859426
3859445
3859475
3859482
3859612
3859638
3859665
3859668
3859713
3859732
3859750
3859776
3859779
3859822
3859869
3859968
3859986
3859999
3860020
3860075
3860126
3860207
3860228
3860328
3860335
3860393
3860426
3860460
3860465
3860467
3860474
3860487
3860490
3860527
3860532
3860537
3860554
3860650
3860696
3860708
3860755
3860783
3860789
3860822
3860871
3860963
3860976
3860982
3860994
3861076
3861107
3861135
3861169
3861218
3861225
3861234
3861379
3861541
3861691
3861729
3861772
3861910
3861971
3861997
3862088
3862131
3862157
3862194
3862235
3862296
3862366
3862399
3862433
3862461
3862542
3862564
3862594
3862634
3862668
3862801
3862803
3862827
3862897
3862971
3862996
3863019
3863040
3863047
3863061
3863110
3863168
3863187
3863244
3863299
3863340
3863646
3863647
3863648
3863660
3863662
3863664
3863666
3863842
3863938
3864036
3864111
3864224
3864279
3864306
3864377
3864384
3864547
3864588
3864636
3864689
3864691
3864743
3864744
3864746
3864758
3864822
3864823
3864942
3864972
3865023
3865093
3865163
3865175
3865182
3865203
3865228
3865233
3865237
3865306
3865333
3865400
3865411
3865417
3865436
3865534
3865562
3865584
3865599
3865605
3865702
3865723
3865740
3865751
3865764
3865803
3865921
3865935
3865967
3866044
3866074
3866141
3866209
3866377
3866491
3866527
3866546
3866577
3866628
3866723
3866816
3866958
3866981
3866989
3866989
3867009
3867117
3867239
3867373
3867412
3867416
3867485
3867516
3867527
3867582
3867592
3867638
3867757
3867767
3867781
3867826
3867839
3867865
3867918
3867970
3867973
3868060
3868125
3868187
3868258
3868482
3868520
3868531
3868541
3868719
3868766
3868942
3869168
3869225
3869259
3869355
3869486
3869721
3869724
3869748
3869766
3869801
3869862
3869907
3870022
3870068
3870189
3870190
3870196
3870229
3870338
3870422
3870467
3870490
3870493
3870525
3870538
3870587
3870601
3870710
3870762
3870805
3870812
3870854
3870875
3870921
3870939
3870954
3870967
3870989
3870996
3871124
3871204
3871320
3871333
3871354
3871389
3871409
3871415
3871428
3871446
3871508
3871525
3871700
3871778
3871859
3872066
3872170
3872172
3872243
3872260
3872370
3872386
3872504
3872508
3872560
3872633
3872665
3872691
3872797
3872833
3872881
3872955
3873223
3873264
3873304
3873352
3873385
3873448
3873480
3873490
3873510
3873630
3873634
3873699
3873761
3873788
3873793
3873803
3873810
3873890
3873900
3874025
3874080
3874145
3874350
3874378
3874426
3874432
3874432
3874435
3874526
3874535
3874572
3874646
3874748
3874776
3874800
3874808
3874828
3875006
3875021
3875035
3875081
3875111
3875218
3875292
3875292
3875412
3875430
3875456
3875536
3875573
3875596
3875642
3875746
3875770
3875805
3875877
3875920
3875963
3875974
3875975
3876190
3876222
3876240
3876251
3876350
3876434
3876458
3876483
3876651
3876725
3876905
3876923
3876939
3876985
3876987
3876991
3877156
3877228
3877308
3877342
3877426
3877559
3877618
3877620
3877752
3877812
3877867
3877912
3877964
3877967
3877971
3878027
3878186
3878252
3878438
3878468
3878585
3878587
3878596
3878652
3878684
3878708
3878784
3878816
3878822
3878915
3879056
3879070
3879075
3879116
3879194
3879269
3879291
3879295
3879338
3879418
3879436
3879509
3879517
3879520
3879526
3879547
3879570
3879751
3879830
3879857
3879860
3879925
3879994
3880097
3880153
3880182
3880197
3880214
3880232
3880249
3880330
3880421
3880443
3880483
3880545
3880644
3880646
3880651
3880673
3880678
3880744
3880847
3880907
3880911
3880929
3880945
3881036
3881050
3881097
3881102
3881128
3881157
3881211
3881275
3881317
3881347
3881400
3881466
3881545
3881776
3881778
3882017
3882097
3882121
3882138
3882153
3882191
3882251
3882286
3882292
3882312
3882359
3882423
3882467
3882478
3882479
3882566
3882621
3882753
3882899
3882919
3882940
3882982
3883185
3883215
3883266
3883382
3883440
3883458
3883464
3883514
3883518
3883584
3883608
3883635
3883755
3883790
3883814
3883935
3884072
3884144
3884149
3884171
3884202
3884263
3884310
3884378
3884384
3884496
3884556
3884696
3884701
3884755
3884823
3885007
3885226
3885245
3885373
3885469
3885656
3885742
3885757
3885804
3885857
3885872
3885941
3885981
3886041
3886056
3886074
3886124
3886141
3886162
3886208
3886228
3886347
3886380
3886421
3886498
3886512
3886523
3886557
3886579
3886603
3886622
3886627
3886767
3886828
3886864
3886892
3886953
3886977
3886992
3887016
3887177
3887323
3887338
3887346
3887357
3887370
3887423
3887482
3887486
3887609
3887623
3887672
3887679
3887936
3887960
3888209
3888226
3888243
3888348
3888384
3888390
3888437
3888443
3888449
3888462
3888476
3888527
3888582
3888627
3888716
3888774
3888793
3888797
3888818
3888927
3888929
3888976
3889035
3889065
3889186
3889223
3889234
3889326
3889328
3889361
3889435
3889464
3889469
3889475
3889499
3889501
3889524
3889767
3889776
3889784
3889806
3889815
3889817
3889903
3889967
3890036
3890114
3890257
3890260
3890359
3890605
3890634
3890641
3890692
3890704
3890763
3890842
3890880
3890954
3890961
3891003
3891034
3891035
3891055
3891064
3891107
3891108
3891133
3891183
3891197
3891212
3891286
3891343
3891357
3891421
3891440
3891449
3891651
3891782
3891901
3891961
3891990
3891992
3892001
3892037
3892081
3892134
3892195
3892256
3892289
3892345
3892347
3892351
3892539
3892559
3892659
3892782
3892838
3892926
3892949
3892997
3893041
3893140
3893169
3893218
3893362
3893498
3893607
3893694
3893699
3893701
3893715
3893717
3893773
3893815
3893862
3893909
3893920
3893941
3893979
3894014
3894050
3894072
3894083
3894142
3894279
3894283
3894288
3894349
3894366
3894420
3894461
3894467
3894489
3894497
3894595
3894657
3894721
3894855
3894889
3894902
3894934
3895046
3895095
3895126
3895202
3895253
3895508
3895520
3895544
3895553
3895599
3895632
3895863
3895867
3895930
3896071
3896121
3896255
3896277
3896338
3896423
3896510
3896518
3896615
3896724
3896778
3896939
3897087
3897095
3897120
3897242
3897244
3897343
3897626
3897637
3897675
3897677
3897712
3897716
3897740
3897784
3897902
3897960
3898126
3898129
3898172
3898213
3898233
3898293
3898382
3898481
3898540
3898664
3898888
3898893
3898931
3898934
3899041
3899132
3899154
3899158
3899179
3899219
3899254
3899290
3899302
3899349
3899399
3899459
3899460
3899462
3899468
3899481
3899511
3899610
3899704
3899803
3899888
3899889
3900042
3900043
3900090
3900105
3900123
3900191
3900248
3900467
3900528
3900667
3900742
3900846
3900924
3900988
3901029
3901058
3901267
3901348
3901356
3901393
3901471
3901480
3901516
3901560
3901566
3901591
3901700
3901727
3901822
3901860
3901942
3901953
3901977
3901979
3902033
3902038
3902105
3902130
3902193
3902235
3902252
3902263
3902510
3902528
3902555
3902569
3902585
3902621
3902676
3902699
3902737
3902747
3902753
3902781
3902820
3902871
3902925
3902929
3903084
3903166
3903210
3903223
3903256
3903261
3903283
3903317
3903473
3903476
3903529
3903559
3903611
3903677
3903716
3903900
3903911
3904048
3904071
3904086
3904103
3904152
3904498
3904682
3904701
3904748
3904824
3904871
3904938
3904995
3905020
3905057
3905085
3905329
3905330
3905414
3905473
3905571
3905615
3905650
3905690
3905730
3905740
3905754
3905762
3905826
3905829
3905897
3905900
3905916
3905932
3905939
3905953
3905957
3905961
3905972
3905978
3906077
3906093
3906103
3906116
3906201
3906241
3906285
3906305
3906326
3906419
3906428
3906576
3906581
3906590
3906624
3906647
3906736
3906751
3906868
3906968
3906973
3907088
3907158
3907224
3907228
3907270
3907363
3907406
3907505
3907525
3907530
3907625
3907641
3907659
3907770
3907869
3907910
3907948
3907974
3907982
3908007
3908075
3908149
3908247
3908247
3908316
3908388
3908459
3908680
3908704
3908741
3908761
3908811
3908855
3908965
3908978
3909045
3909130
3909184
3909226
3909229
3909236
3909255
3909310
3909376
3909390
3909456
3909481
3909482
3909522
3909589
3909741
3909825
3909939
3910023
3910125
3910447
3910534
3910599
3910639
3910648
3910727
3910803
3910805
3910860
3910928
3911027
3911034
3911143
3911158
3911248
3911270
3911278
3911347
3911365
3911372
3911430
3911473
3911536
3911538
3911539
3911658
3911760
3911763
3911934
3912047
3912190
3912197
3912416
3912482
3912486
3912566
3912585
3912635
3912681
3912692
3912732
3912743
3912774
3912782
3912838
3912845
3912851
3912930
3912966
3913008
3913053
3913138
3913220
3913249
3913411
3913426
3913583
3913591
3913642
3913653
3913724
3913806
3913810
3913825
3913866
3914019
3914072
3914153
3914175
3914287
3914292
3914426
3914553
3914714
3914773
3914778
3914820
3914827
3914905
3914910
3914930
3914963
3915020
3915076
3915110
3915210
3915221
3915273
3915297
3915330
3915334
3915362
3915440
3915448
3915553
3915575
3915577
3915691
3915731
3915771
3915793
3915805
3915823
3915831
3915940
3916027
3916027
3916035
3916133
3916142
3916150
3916204
3916223
3916233
3916242
3916284
3916290
3916292
3916329
3916370
3916398
3916449
3916450
3916455
3916461
3916472
3916476
3916570
3916613
3916639
3916653
3916678
3916704
3916811
3916836
3916920
3916932
3917003
3917028
3917040
3917109
3917148
3917154
3917233
3917318
3917334
3917358
3917600
3917841
3917944
3917982
3917989
3917995
3918044
3918065
3918166
3918176
3918201
3918272
3918309
3918333
3918398
3918401
3918497
3918525
3918533
3918535
3918597
3918624
3918634
3918658
3918659
3918672
3918730
3918747
3918865
3918888
3919043
3919092
3919095
3919179
3919257
3919344
3919364
3919367
3919435
3919596
3919661
3919678
3919730
3919759
3919762
3919806
3919855
3919867
3919916
3919970
3919970
3919995
3920011
3920051
3920086
3920151
3920194
3920239
3920322
3920401
3920457
3920505
3920574
3920637
3920694
3920699
3920710
3920749
3920757
3920764
3920772
3920775
3920814
3920994
3921021
3921051
3921056
3921060
3921074
3921103
3921177
3921252
3921269
3921318
3921323
3921368
3921527
3921598
3921603
3921726
3921875
3921908
3922011
3922078
3922087
3922093
3922196
3922198
3922256
3922257
3922485
3922513
3922578
3922672
3922677
3922713
3922727
3922734
3922786
3922814
3922815
3922901
3923001
3923042
3923073
3923081
3923218
3923265
3923317
3923326
3923359
3923396
3923410
3923424
3923431
3923504
3923538
3923750
3923752
3923827
3923995
3924048
3924085
3924176
3924176
3924183
3924226
3924226
3924288
3924370
3924415
3924446
3924453
3924469
3924481
3924519
3924544
3924573
3924585
3924707
3924765
3924777
3924801
3924820
3924923
3924961
3924996
3924999
3925053
3925080
3925216
3925291
3925368
3925426
3925566
3925575
3925720
3925841
3925848
3925913
3925928
3925993
3925997
3926081
3926118
3926147
3926168
3926174
3926241
3926275
3926287
3926326
3926366
3926646
3926689
3926772
3926891
3927037
3927124
3927140
3927164
3927203
3927210
3927221
3927376
3927597
3927669
3927727
3927743
3927763
3927923
3927956
3927986
3927990
3928052
3928107
3928128
3928156
3928261
3928267
3928332
3928421
3928511
3928636
3928676
3928685
3928706
3928706
3928722
3928749
3928813
3928832
3928864
3928870
3928939
3929027
3929060
3929063
3929126
3929147
3929156
3929281
3929292
3929369
3929410
3929410
3929413
3929485
3929525
3929525
3929548
3929559
3929562
3929594
3929599
3929615
3929636
3929670
3929694
3929863
3929946
3930089
3930172
3930224
3930301
3930316
3930342
3930358
3930358
3930501
3930541
3930543
3930650
3930702
3930763
3930790
3930791
3930891
3930912
3930950
3930968
3931153
3931170
3931201
3931225
3931257
3931283
3931367
3931435
3931459
3931513
3931532
3931544
3931549
3931623
3931655
3931677
3931686
3931871
3931915
3931918
3932166
3932201
3932313
3932325
3932340
3932404
3932499
3932500
3932539
3932623
3932647
3932741
3932769
3932774
3932793
3932795
3932835
3932943
3932967
3933008
3933140
3933143
3933250
3933321
3933347
3933363
3933378
3933381
3933398
3933399
3933406
3933474
3933481
3933569
3933681
3933854
3933931
3934041
3934199
3934239
3934405
3934523
3934554
3934572
3934580
3934699
3934734
3934737
3934799
3934857
3934878
3935031
3935058
3935072
3935094
3935108
3935193
3935269
3935389
3935458
3935490
3935500
3935544
3935581
3935743
3935795
3935827
3935903
3935963
3936099
3936112
3936154
3936179
3936323
3936440
3936463
3936516
3936646
3936712
3936803
3936828
3936859
3936886
3936933
3936941
3936961
3936982
3937023
3937121
3937161
3937332
3937447
3937465
3937505
3937517
3937590
3937609
3937665
3937714
3937771
3937866
3937933
3937968
3938013
3938105
3938249
3938289
3938470
3938471
3938479
3938523
3938694
3938736
3938850
3938886
3938899
3938926
3939015
3939027
3939062
3939097
3939109
3939137
3939167
3939224
3939467
3939492
3939541
3939546
3939628
3939665
3939705
3939827
3940014
3940035
3940041
3940054
3940117
3940242
3940321
3940358
3940394
3940397
3940400
3940420
3940439
3940458
3940542
3940587
3940688
3940716
3940760
3940773
3940774
3940878
3940878
3940923
3941043
3941061
3941165
3941211
3941267
3941287
3941332
3941342
3941360
3941445
3941528
3941572
3941835
3941878
3941907
3941912
3942048
3942085
3942129
3942181
3942264
3942420
3942445
3942486
3942551
3942703
3942716
3942755
3942762
3942800
3942801
3942905
3942917
3942945
3942951
3943015
3943032
3943079
3943093
3943188
3943332
3943350
3943372
3943426
3943429
3943431
3943444
3943470
3943545
3943549
3943570
3943575
3943590
3943605
3943649
3943813
3943829
3943866
3943961
3943982
3944028
3944062
3944093
3944148
3944170
3944181
3944187
3944192
3944234
3944239
3944287
3944514
3944538
3944550
3944568
3944578
3944667
3944767
3944816
3944934
3944937
3945033
3945099
3945239
3945289
3945348
3945435
3945469
3945575
3945631
3945640
3945676
3945791
3945845
3945884
3945907
3946073
3946087
3946101
3946110
3946133
3946181
3946203
3946204
3946214
3946281
3946304
3946332
3946537
3946573
3946574
3946580
3946695
3946824
3946894
3946984
3946986
3947091
3947118
3947142
3947144
3947248
3947375
3947392
3947441
3947451
3947452
3947468
3947505
3947547
3947552
3947597
3947673
3947719
3947748
3947805
3947809
3947890
3947949
3947974
3948173
3948200
3948284
3948479
3948698
3948813
3948825
3948830
3948830
3948842
3948948
3949006
3949009
3949013
3949014
3949112
3949133
3949173
3949183
3949245
3949281
3949313
3949314
3949377
3949410
3949557
3949605
3949669
3949765
3949786
3949846
3949971
3950089
3950106
3950110
3950142
3950183
3950196
3950342
3950360
3950400
3950466
3950482
3950540
3950616
3950739
3950740
3950838
3950859
3950958
3950961
3950962
3951017
3951099
3951288
3951332
3951341
3951378
3951419
3951578
3951592
3951604
3951724
3951762
3951877
3951884
3951904
3951919
3951935
3951955
3952076
3952169
3952309
3952314
3952341
3952363
3952463
3952535
3952634
3952672
3952697
3952710
3952810
3952835
3952873
3952981
3953016
3953033
3953079
3953080
3953081
3953088
3953091
3953118
3953122
3953127
3953182
3953223
3953266
3953456
3953541
3953676
3953791
3953839
3953855
3953874
3953879
3953900
3953925
3953960
3953972
3954012
3954029
3954089
3954094
3954103
3954123
3954278
3954304
3954360
3954367
3954393
3954423
3954436
3954453
3954456
3954503
3954504
3954548
3954559
3954625
3954739
3954910
3954947
3954950
3955000
3955010
3955053
3955090
3955116
3955202
3955244
3955294
3955327
3955327
3955406
3955530
3955610
3955684
3955729
3955762
3955807
3955849
3955851
3955856
3955881
3955990
3955996
3956055
3956114
3956141
3956157
3956180
3956337
3956352
3956524
3956561
3956570
3956619
3956631
3956678
3956887
3956922
3956933
3956957
3957058
3957085
3957111
3957117
3957139
3957148
3957203
3957225
3957383
3957516
3957544
3957706
3957707
3957741
3957853
3957863
3957867
3957893
3957924
3958090
3958098
3958178
3958346
3958454
3958487
3958559
3958599
3958705
3958710
3958980
3959022
3959140
3959168
3959333
3959411
3959432
3959459
3959496
3959608
3959669
3959672
3959733
3959735
3959786
3959928
3959966
3960026
3960046
3960318
3960375
3960387
3960419
3960526
3960723
3960751
3960779
3960819
3960860
3961049
3961079
3961099
3961116
3961126
3961146
3961149
3961177
3961185
3961230
3961446
3961508
3961512
3961519
3961669
3961690
3961772
3961808
3961864
3961891
3961952
3962029
3962034
3962066
3962066
3962147
3962178
3962185
3962281
3962344
3962376
3962416
3962450
3962460
3962509
3962510
3962528
3962538
3962559
3962575
3962623
3962647
3962704
3962783
3962812
3962836
3962879
3962883
3962959
3962992
3963001
3963062
3963064
3963142
3963143
3963152
3963171
3963225
3963352
3963400
3963469
3963562
3963562
3963611
3963737
3963893
3963994
3964021
3964125
3964136
3964147
3964183
3964238
3964264
3964377
3964387
3964426
3964431
3964487
3964565
3964613
3964689
3964719
3964737
3964742
3964894
3964994
3965069
3965090
3965129
3965212
3965253
3965283
3965339
3965516
3965534
3965565
3965600
3965609
3965616
3965637
3965694
3965766
3965865
3966056
3966062
3966066
3966126
3966180
3966317
3966510
3966544
3966684
3966835
3966848
3966887
3966897
3966955
3967009
3967033
3967036
3967043
3967117
3967149
3967157
3967159
3967189
3967416
3967451
3967486
3967539
3967564
3967566
3967595
3967627
3967664
3967728
3967734
3967800
3967813
3967832
3967839
3968058
3968190
3968267
3968338
3968349
3968400
3968412
3968513
3968578
3968588
3968595
3968602
3968704
3968744
3968771
3968851
3968888
3969280
3969330
3969368
3969441
3969538
3969551
3969641
3969711
3969870
3969882
3969946
3969953
3970046
3970223
3970281
3970310
3970367
3970374
3970374
3970406
3970487
3970494
3970556
3970634
3970648
3970667
3970673
3970793
3970796
3970800
3970808
3970821
3970835
3970867
3970925
3970937
3970943
3970949
3970957
3971036
3971074
3971139
3971155
3971162
3971192
3971218
3971274
3971281
3971282
3971365
3971393
3971407
3971412
3971469
3971498
3971569
3971651
3971785
3971824
3972037
3972068
3972095
3972111
3972125
3972137
3972296
3972442
3972461
3972479
3972702
3972786
3972862
3972895
3972992
3972995
3973034
3973070
3973121
3973304
3973305
3973328
3973334
3973391
3973415
3973478
3973666
3973701
3973716
3973866
3973876
3973885
3973952
3974059
3974082
3974160
3974213
3974215
3974216
3974244
3974278
3974333
3974459
3974465
3974474
3974623
3974630
3974702
3974771
3974850
3974895
3974956
3974998
3974999
3975041
3975070
3975071
3975210
3975339
3975410
3975451
3975532
3975603
3975614
3975687
3975712
3975843
3975912
3976018
3976040
3976063
3976110
3976249
3976345
3976359
3976362
3976404
3976431
3976491
3976510
3976665
3976903
3976931
3977007
3977019
3977038
3977185
3977318
3977328
3977337
3977379
3977512
3977583
3977602
3977678
3977733
3977818
3977825
3977872
3977991
3978170
3978205
3978316
3978397
3978397
3978414
3978442
3978508
3978601
3978618
3978634
3978640
3978691
3978741
3978899
3978912
3978933
3979048
3979149
3979158
3979185
3979211
3979251
3979312
3979488
3979506
3979527
3979533
3979593
3979670
3979685
3979817
3979980
3980134
3980135
3980138
3980174
3980203
3980391
3980541
3980610
3980782
3980903
3981012
3981047
3981061
3981069
3981085
3981209
3981297
3981377
3981405
3981474
3981492
3981714
3981783
3981838
3981865
3981905
3981959
3981993
3982037
3982056
3982142
3982176
3982309
3982339
3982366
3982405
3982492
3982496
3982514
3982521
3982549
3982587
3982608
3982648
3982649
3982689
3982746
3982747
3982758
3983061
3983091
3983097
3983147
3983256
3983289
3983293
3983374
3983405
3983451
3983481
3983565
3983606
3983696
3983839
3983882
3983884
3983928
3983992
3983996
3984004
3984010
3984030
3984038
3984072
3984307
3984312
3984355
3984431
3984481
3984598
3984644
3984664
3984788
3984822
3984935
3984971
3985297
3985344
3985349
3985518
3985552
3985579
3985643
3985723
3985759
3985763
3985794
3985807
3985829
3985994
3986007
3986072
3986097
3986107
3986132
3986169
3986170
3986179
3986180
3986204
3986251
3986268
3986333
3986378
3986407
3986509
3986529
3986563
3986705
3986738
3986738
3986752
3986799
3986823
3986825
3986889
3986891
3986911
3987049
3987134
3987168
3987199
3987212
3987262
3987276
3987290
3987313
3987319
3987338
3987371
3987414
3987439
3987469
3987485
3987503
3987642
3987660
3987661
3987703
3987732
3987782
3987824
3987923
3987988
3988052
3988251
3988259
3988359
3988366
3988402
3988623
3988677
3988730
3988731
3988775
3988831
3988871
3989015
3989144
3989218
3989219
3989244
3989344
3989358
3989395
3989424
3989457
3989479
3989580
3989703
3989713
3989773
3989776
3989919
3989922
3989969
3990011
3990025
3990164
3990173
3990180
3990196
3990220
3990273
3990367
3990381
3990396
3990397
3990421
3990430
3990458
3990623
3990635
3990661
3990697
3990734
3990934
3990938
3990967
3990988
3991012
3991034
3991038
3991082
3991179
3991224
3991341
3991371
3991490
3991512
3991531
3991554
3991857
3991857
3991985
3991989
3992043
3992050
3992094
3992177
3992211
3992476
3992482
3992566
3992706
3992738
3992742
3992751
3992772
3992806
3992813
3992846
3992893
3992911
3992960
3993010
3993067
3993125
3993264
3993298
3993365
3993405
3993425
3993446
3993454
3993491
3993502
3993524
3993533
3993592
3993688
3993704
3993742
3993837
3994075
3994242
3994273
3994296
3994320
3994325
3994428
3994461
3994607
3994660
3994699
3994755
3994769
3994821
3994953
3994962
3994989
3995030
3995034
3995046
3995062
3995117
3995119
3995135
3995195
3995207
3995316
3995334
3995339
3995356
3995379
3995426
3995455
3995477
3995521
3995537
3995688
3995765
3995846
3995879
3995903
3995933
3995954
3996028
3996302
3996499
3996604
3996608
3996623
3996681
3996735
3996750
3996762
3996769
3996785
3996893
3996946
3997008
3997102
3997247
3997267
3997278
3997524
3997632
3997643
3997679
3997717
3997724
3997736
3997748
3997761
3997798
3997870
3997893
3997958
3998028
3998087
3998095
3998234
3998433
3998485
3998506
3998606
3998619
3998653
3998699
3998753
3998773
3998792
3998826
3998830
3998934
3998990
3999040
3999049
3999054
3999097
3999168
3999180
3999182
3999240
3999250
3999285
3999300
3999327
3999372
3999389
3999406
3999423
3999456
3999521
3999585
3999642
3999660
3999679
3999695
3999751
3999795
3999839
3999859
3999945
3999959
4000084
4000097
4000142
4000185
4000198
4000310
4000349
4000360
4000432
4000445
4000524
4000545
4000604
4000704
4000743
4000756
4000851
4000908
4000952
4001106
4001120
4001162
4001169
4001182
4001204
4001527
4001531
4001631
4001643
4001704
4001949
4001994
4001995
4002204
4002294
4002376
4002386
4002513
4002538
4002578
4002674
4002727
4002840
4002943
4002950
4003009
4003025
4003079
4003104
4003110
4003140
4003297
4003319
4003360
4003379
4003427
4003437
4003479
4003739
4003799
4003867
4003870
4003898
4003919
4004054
4004088
4004108
4004166
4004238
4004408
4004435
4004468
4004480
4004511
4004536
4004575
4004590
4004594
4004610
4004622
4004671
4004714
4004767
4004896
4004980
4005026
4005064
4005109
4005247
4005299
4005302
4005382
4005581
4005636
4005732
4005735
4005754
4005772
4005805
4005833
4005867
4005886
4005974
4006264
4006298
4006434
4006558
4006569
4006614
4006699
4006728
4006728
4006732
4006760
4006780
4006835
4006953
4007070
4007078
4007080
4007083
4007092
4007218
4007219
4007247
4007284
4007306
4007379
4007474
4007502
4007600
4007653
4007677
4007713
4007737
4007745
4007752
4007762
4007952
4008007
4008034
4008059
4008073
4008194
4008265
4008278
4008332
4008433
4008618
4008645
4008709
4008723
4008746
4008795
4008853
4008876
4008920
4008986
4009024
4009063
4009099
4009112
4009116
4009157
4009186
4009192
4009221
4009276
4009360
4009395
4009441
4009446
4009448
4009495
4009499
4009509
4009622
4009675
4009682
4009732
4009851
4009870
4009883
4009921
4009934
4009943
4009951
4009959
4009972
4009988
4010008
4010011
4010386
4010404
4010426
4010445
4010464
4010476
4010713
4010742
4010873
4010892
4010918
4011036
4011077
4011083
4011115
4011118
4011164
4011208
4011239
4011266
4011275
4011537
4011597
4011636
4011641
4011730
4011744
4011824
4011923
4011976
4011999
4012037
4012055
4012072
4012078
4012097
4012120
4012279
4012293
4012354
4012369
4012386
4012444
4012484
4012644
4012661
4012662
4012711
4012742
4012747
4012782
4012790
4012892
4013069
4013201
4013207
4013263
4013263
4013318
4013354
4013363
4013376
4013378
4013419
4013450
4013572
4013574
4013633
4013685
4013812
4013834
4013835
4013873
4013894
4013917
4014037
4014055
4014139
4014142
4014175
4014234
4014320
4014324
4014351
4014385
4014446
4014458
4014541
4014599
4014603
4014658
4014660
4014662
4014714
4014758
4014854
4014905
4014908
4014936
4015204
4015243
4015263
4015293
4015323
4015349
4015367
4015374
4015413
4015472
4015527
4015538
4015630
4015711
4015738
4015798
4015888
4015917
4015919
4015923
4016013
4016030
4016221
4016250
4016334
4016409
4016434
4016457
4016470
4016533
4016592
4016623
4016661
4016676
4016688
4016689
4016731
4016796
4016906
4017030
4017189
4017190
4017266
4017335
4017350
4017380
4017401
4017627
4017646
4017698
4017745
4017751
4017805
4017806
4017885
4017954
4017961
4018066
4018073
4018100
4018195
4018241
4018287
4018322
4018323
4018334
4018335
4018336
4018351
4018472
4018573
4018724
4018778
4018793
4018819
4018944
4018984
4019014
4019022
4019044
4019087
4019193
4019248
4019259
4019287
4019310
4019361
4019432
4019433
4019463
4019475
4019600
4019608
4019629
4019694
4019782
4019790
4019977
4020099
4020157
4020198
4020237
4020258
4020448
4020493
4020500
4020505
4020528
4020551
4020646
4020691
4020798
4020812
4020829
4020864
4020933
4021070
4021089
4021092
4021100
4021127
4021162
4021220
4021237
4021251
4021365
4021382
4021411
4021527
4021590
4021596
4021615
4021935
4021960
4022098
4022235
4022281
4022329
4022375
4022387
4022409
4022444
4022504
4022541
4022545
4022548
4022587
4022645
4022647
4022649
4022699
4022927
4022948
4023046
4023063
4023126
4023171
4023177
4023330
4023375
4023462
4023467
4023481
4023493
4023504
4023512
4023572
4023573
4023585
4023606
4023657
4023697
4023716
4023923
4023994
4024188
4024205
4024253
4024411
4024466
4024607
4024641
4024768
4024803
4024845
4024950
4025016
4025061
4025104
4025239
4025273
4025330
4025367
4025452
4025581
4025618
4025631
4025648
4025653
4025909
4025932
4026046
4026224
4026227
4026389
4026398
4026412
4026485
4026545
4026557
4026640
4026694
4026747
4026800
4026858
4026889
4026956
4027073
4027076
4027105
4027159
4027164
4027313
4027348
4027376
4027413
4027424
4027475
4027480
4027486
4027586
4027628
4027691
4027723
4027751
4027788
4027802
4027831
4027925
4027991
4028066
4028161
4028232
4028244
4028245
4028250
4028278
4028289
4028352
4028371
4028372
4028375
4028380
4028420
4028545
4028670
4028712
4028723
4028809
4028823
4028858
4028992
4029135
4029264
4029338
4029372
4029375
4029386
4029392
4029420
4029466
4029534
4029549
4029567
4029641
4029662
4029759
4029810
4029933
4029963
4030006
4030011
4030073
4030093
4030149
4030154
4030239
4030277
4030325
4030351
4030362
4030369
4030396
4030502
4030532
4030770
4030786
4030877
4030905
4031107
4031113
4031242
4031275
4031355
4031450
4031496
4031567
4031606
4031621
4031814
4031849
4031919
4031955
4032068
4032102
4032198
4032231
4032246
4032286
4032354
4032386
4032403
4032431
4032435
4032469
4032519
4032554
4032561
4032729
4032751
4032810
4032829
4032851
4032885
4032930
4032987
4033031
4033061
4033094
4033106
4033208
4033263
4033306
4033348
4033361
4033397
4033528
4033536
4033556
4033562
4033624
4033725
4033731
4033742
4033895
4033925
4033955
4034000
4034075
4034113
4034168
4034170
4034192
4034198
4034275
4034448
4034538
4034620
4034649
4034803
4034859
4034920
4034950
4035014
4035086
4035114
4035327
4035348
4035361
4035388
4035416
4035441
4035514
4035519
4035554
4035586
4035603
4035644
4035789
4035825
4035841
4035864
4035907
4035913
4036029
4036190
4036200
4036258
4036265
4036341
4036358
4036378
4036510
4036535
4036582
4036591
4036646
4036750
4036797
4036874
4036890
4036906
4036914
4036973
4036976
4037054
4037071
4037105
4037172
4037203
4037220
4037227
4037312
4037401
4037473
4037604
4037678
4037683
4037697
4037704
4037712
4037717
4037718
4037767
4037826
4037894
4037979
4038056
4038059
4038133
4038133
4038155
4038245
4038265
4038316
4038343
4038346
4038486
4038626
4038629
4038632
4038644
4038874
4038890
4038906
4038961
4038998
4039058
4039161
4039184
4039197
4039306
4039552
4039619
4039773
4039779
4039863
4039864
4039892
4039960
4040026
4040040
4040160
4040163
4040207
4040212
4040283
4040336
4040337
4040350
4040355
4040403
4040528
4040617
4040673
4040701
4040727
4040827
4040828
4040867
4040947
4040978
4041036
4041094
4041101
4041182
4041267
4041282
4041305
4041343
4041487
4041532
4041703
4041762
4041781
4041839
4041847
4041862
4041893
4041982
4041994
4042004
4042040
4042063
4042078
4042159
4042172
4042205
4042263
4042352
4042354
4042375
4042393
4042420
4042503
4042517
4042546
4042720
4042803
4042891
4042930
4042960
4043001
4043024
4043060
4043094
4043096
4043174
4043181
4043227
4043232
4043235
4043366
4043417
4043435
4043452
4043455
4043527
4043548
4043579
4043625
4043633
4043649
4043683
4043701
4043701
4043704
4043788
4043804
4043813
4043849
4043898
4043977
4044053
4044075
4044099
4044113
4044127
4044198
4044222
4044235
4044270
4044297
4044353
4044375
4044385
4044500
4044518
4044521
4044543
4044588
4044650
4044659
4044721
4044731
4044785
4044890
4044913
4044914
4045012
4045026
4045056
4045072
4045161
4045180
4045209
4045242
4045243
4045328
4045362
4045433
4045501
4045548
4045549
4045603
4045610
4045677
4045728
4045792
4045902
4045938
4045959
4045986
4046017
4046126
4046190
4046316
4046356
4046406
4046407
4046527
4046566
4046571
4046591
4046603
4046667
4046705
4046708
4046757
4046843
4046850
4046882
4046906
4046924
4046931
4046987
4047011
4047022
4047041
4047130
4047167
4047210
4047237
4047261
4047266
4047302
4047373
4047404
4047429
4047433
4047523
4047536
4047578
4047597
4047606
4047607
4047653
4047690
4047765
4047783
4047854
4047885
4047958
4048034
4048104
4048174
4048180
4048229
4048246
4048247
4048261
4048271
4048279
4048291
4048373
4048404
4048437
4048462
4048462
4048503
4048509
4048525
4048537
4048585
4048590
4048704
4048793
4048816
4048857
4048879
4048916
4048966
4048980
4049085
4049114
4049118
4049192
4049212
4049227
4049246
4049279
4049289
4049333
4049347
4049406
4049454
4049480
4049518
4049560
4049569
4049667
4049683
4049698
4049704
4049705
4049711
4049758
4049759
4049823
4049840
4049854
4049917
4049936
4049975
4049991
4050012
4050157
4050187
4050188
4050194
4050218
4050327
4050402
4050440
4050467
4050592
4050643
4050775
4050780
4050796
4050854
4050905
4050974
4051203
4051204
4051219
4051259
4051289
4051409
4051486
4051552
4051556
4051567
4051584
4051609
4051715
4051748
4051770
4051783
4051895
4051915
4051983
4052002
4052021
4052046
4052075
4052108
4052352
4052403
4052437
4052475
4052537
4052540
4052562
4052572
4052578
4052614
4052663
4052693
4052802
4052852
4052877
4052926
4052958
4052997
4052999
4053038
4053040
4053047
4053151
4053188
4053218
4053326
4053340
4053533
4053626
4053687
4053691
4053754
4053805
4053812
4053874
4053958
4053962
4054012
4054015
4054041
4054046
4054082
4054094
4054101
4054130
4054148
4054205
4054346
4054374
4054452
4054491
4054499
4054545
4054666
4054729
4054766
4054792
4054800
4054865
4054919
4055044
4055054
4055201
4055264
4055295
4055331
4055376
4055397
4055449
4055474
4055624
4055624
4055655
4055716
4055979
4056152
4056165
4056264
4056364
4056439
4056452
4056522
4056522
4056531
4056551
4056581
4056592
4056601
4056624
4056725
4056765
4056803
4056880
4056890
4056890
4056904
4056919
4057003
4057301
4057325
4057447
4057448
4057485
4057499
4057697
4057706
4057722
4057791
4057811
4057830
4057866
4058059
4058062
4058124
4058158
4058168
4058221
4058256
4058268
4058304
4058314
4058320
4058412
4058414
4058642
4058759
4058813
4058886
4058889
4059026
4059082
4059106
4059145
4059155
4059182
4059227
4059291
4059402
4059456
4059488
4059504
4059529
4059671
4059689
4059759
4059833
4059849
4059859
4059865
4059890
4059891
4059905
4059953
4060015
4060019
4060045
4060065
4060078
4060170
4060175
4060301
4060379
4060420
4060474
4060494
4060525
4060548
4060650
4060655
4060670
4060787
4060803
4060967
4061127
4061138
4061189
4061189
4061232
4061339
4061383
4061408
4061489
4061582
4061600
4061624
4061655
4061688
4061689
4061700
4061833
4061848
4061866
4061973
4062010
4062035
4062050
4062315
4062347
4062356
4062357
4062365
4062381
4062410
4062425
4062437
4062560
4062576
4062778
4062804
4062920
4062972
4062995
4063006
4063027
4063058
4063114
4063120
4063228
4063272
4063298
4063304
4063382
4063425
4063425
4063437
4063486
4063494
4063682
4063706
4063713
4063738
4063766
4063820
4063888
4063956
4064019
4064032
4064085
4064281
4064309
4064380
4064424
4064429
4064463
4064505
4064570
4064612
4064628
4064656
4064660
4064674
4064690
4064707
4064728
4064898
4064914
4064916
4064950
4064950
4064975
4065060
4065099
4065112
4065197
4065204
4065210
4065216
4065227
4065250
4065289
4065354
4065362
4065383
4065401
4065510
4065537
4065575
4065589
4065601
4065603
4065740
4065791
4065912
4065919
4065926
4065949
4066035
4066035
4066060
4066100
4066118
4066167
4066199
4066209
4066241
4066262
4066298
4066358
4066366
4066419
4066451
4066462
4066513
4066531
4066538
4066591
4066610
4066620
4066624
4066653
4066677
4066792
4066796
4066812
4066850
4066862
4066866
4066961
4066995
4067099
4067108
4067117
4067124
4067200
4067268
4067323
4067338
4067422
4067422
4067455
4067509
4067510
4067523
4067573
4067691
4067719
4067838
4067893
4067949
4068010
4068049
4068098
4068111
4068267
4068277
4068413
4068444
4068549
4068599
4068626
4068628
4068792
4068825
4068865
4068879
4068911
4068983
4069054
4069072
4069094
4069163
4069183
4069265
4069400
4069439
4069472
4069634
4069747
4069758
4069769
4069777
4069786
4069899
4069982
4070007
4070068
4070129
4070144
4070172
4070314
4070328
4070355
4070395
4070428
4070494
4070579
4070633
4070647
4070707
4070739
4070765
4070782
4070826
4070903
4070964
4071005
4071120
4071147
4071181
4071200
4071267
4071368
4071439
4071493
4071531
4071620
4071641
4071684
4071731
4071804
4071970
4072041
4072050
4072075
4072123
4072130
4072235
4072561
4072574
4072575
4072596
4072602
4072669
4072828
4072866
4072942
4072943
4073088
4073175
4073194
4073239
4073514
4073517
4073527
4073546
4073549
4073742
4073763
4073789
4073912
4073963
4073968
4074033
4074071
4074080
4074157
4074159
4074167
4074168
4074214
4074252
4074266
4074481
4074501
4074517
4074560
4074565
4074639
4074703
4074710
4074775
4074785
4074812
4074879
4074879
4074956
4075048
4075154
4075164
4075216
4075232
4075401
4075414
4075520
4075548
4075585
4075612
4075633
4075644
4075814
4075832
4075908
4075921
4075922
4075959
4076053
4076103
4076108
4076109
4076133
4076161
4076206
4076237
4076320
4076321
4076348
4076375
4076422
4076459
4076512
4076518
4076552
4076572
4076573
4076627
4076682
4076730
4076755
4076796
4076804
4076816
4076848
4076860
4076899
4076908
4076909
4076950
4077011
4077020
4077079
4077099
4077170
4077238
4077351
4077356
4077389
4077428
4077459
4077461
4077474
4077485
4077597
4077644
4077682
4077726
4077751
4077778
4077809
4077850
4077895
4077945
4077997
4078014
4078065
4078112
4078188
4078230
4078341
4078522
4078560
4078657
4078683
4078737
4078784
4078819
4078910
4078984
4079049
4079070
4079104
4079388
4079471
4079529
4079636
4079675
4079739
4079824
4079861
4079907
4079910
4079940
4079959
4079988
4080105
4080117
4080131
4080174
4080207
4080208
4080216
4080267
4080342
4080473
4080514
4080640
4080646
4080752
4080852
4080856
4080881
4080950
4081094
4081102
4081132
4081177
4081227
4081314
4081397
4081464
4081504
4081618
4081650
4081651
4081751
4081779
4081787
4081810
4081842
4081925
4082076
4082096
4082107
4082202
4082229
4082230
4082342
4082359
4082388
4082529
4082545
4082565
4082600
4082623
4082631
4082777
4082826
4082888
4082897
4082897
4082983
4083004
4083006
4083142
4083143
4083230
4083275
4083325
4083514
4083606
4083651
4083776
4083777
4083804
4083819
4083838
4083927
4084026
4084035
4084073
4084097
4084112
4084141
4084168
4084220
4084225
4084253
4084258
4084320
4084423
4084468
4084602
4084636
4084640
4084763
4084806
4084849
4084975
4084994
4085015
4085039
4085185
4085216
4085245
4085286
4085320
4085347
4085372
4085379
4085405
4085693
4085694
4085767
4085867
4085929
4086011
4086018
4086026
4086060
4086123
4086155
4086157
4086160
4086185
4086189
4086290
4086497
4086618
4086620
4086626
4086639
4086676
4086696
4086734
4087059
4087062
4087188
4087294
4087326
4087333
4087387
4087449
4087645
4087662
4087697
4087704
4087735
4087740
4087744
4087862
4087873
4087942
4087948
4088091
4088100
4088137
4088142
4088198
4088232
4088249
4088253
4088309
4088339
4088409
4088452
4088466
4088468
4088476
4088528
4088602
4088603
4088778
4088847
4088949
4089049
4089095
4089190
4089283
4089293
4089325
4089326
4089567
4089833
4089919
4090099
4090140
4090147
4090165
4090242
4090278
4090308
4090481
4090490
4090525
4090585
4090617
4090622
4090624
4090650
4090661
4090674
4090683
4090694
4090766
4090817
4090832
4090991
4091037
4091268
4091296
4091322
4091323
4091326
4091400
4091408
4091419
4091505
4091742
4091755
4091807
4091862
4091906
4091929
4091932
4092093
4092139
4092253
4092285
4092411
4092418
4092539
4092590
4092602
4092679
4092709
4092751
4092844
4092975
4093007
4093021
4093041
4093106
4093128
4093266
4093285
4093324
4093359
4093373
4093387
4093418
4093421
4093433
4093462
4093540
4093581
4093595
4093632
4093716
4093768
4093772
4093775
4093824
4093847
4093848
4093863
4093866
4093913
4093954
4093955
4093985
4094046
4094074
4094106
4094138
4094158
4094249
4094317
4094463
4094534
4094686
4094778
4094876
4094895
4094921
4095038
4095096
4095125
4095580
4095586
4095732
4095744
4095792
4095794
4095801
4095847
4095927
4095934
4096009
4096009
4096030
4096040
4096077
4096107
4096110
4096157
4096185
4096392
4096542
4096563
4096580
4096601
4096651
4096680
4096681
4096727
4096778
4096794
4096799
4096838
4096871
4096886
4096924
4096941
4097032
4097113
4097124
4097194
4097282
4097383
4097435
4097443
4097610
4097651
4097700
4097740
4097873
4098003
4098013
4098061
4098063
4098080
4098269
4098382
4098393
4098512
4098532
4098539
4098638
4098681
4098705
4098816
4098818
4098863
4098943
4098979
4098991
4099200
4099348
4099383
4099458
4099461
4099525
4099578
4099653
4099706
4099870
4099887
4099890
4099901
4099959
4100010
4100011
4100152
4100179
4100189
4100232
4100243
4100447
4100566
4100682
4100721
4100752
4100798
4100798
4100970
4101008
4101152
4101156
4101172
4101195
4101307
4101326
4101373
4101392
4101458
4101481
4101633
4101650
4101677
4101698
4101804
4101852
4101884
4102022
4102122
4102185
4102198
4102206
4102429
4102505
4102509
4102589
4102611
4102654
4102679
4102690
4102754
4102875
4102954
4102961
4103027
4103028
4103044
4103053
4103102
4103238
4103242
4103267
4103417
4103442
4103565
4103572
4103586
4103652
4103762
4103799
4103818
4103854
4103904
4103954
4103968
4103971
4103978
4103982
4104010
4104010
4104119
4104153
4104178
4104258
4104262
4104377
4104378
4104414
4104422
4104434
4104440
4104547
4104665
4104679
4104716
4104717
4104724
4104841
4104865
4104903
4104978
4105069
4105098
4105105
4105118
4105121
4105310
4105312
4105346
4105500
4105500
4105501
4105567
4105583
4105625
4105637
4105649
4105697
4105718
4105806
4105833
4105856
4105986
4106021
4106035
4106045
4106137
4106199
4106201
4106209
4106299
4106322
4106372
4106373
4106700
4106807
4106979
4106990
4107235
4107252
4107301
4107332
4107342
4107451
4107478
4107487
4107522
4107546
4107603
4107868
4107948
4107982
4107992
4108004
4108019
4108096
4108148
4108285
4108388
4108441
4108496
4108496
4108593
4108594
4108642
4108709
4108743
4109018
4109028
4109115
4109156
4109160
4109184
4109185
4109257
4109293
4109354
4109433
4109476
4109512
4109618
4109619
4109726
4109743
4109784
4109806
4109922
4109930
4110095
4110174
4110193
4110236
4110259
4110265
4110293
4110301
4110317
4110341
4110403
4110501
4110511
4110671
4110762
4110777
4110787
4110795
4110854
4110893
4110908
4110978
4111056
4111059
4111062
4111080
4111163
4111220
4111245
4111286
4111299
4111332
4111346
4111383
4111431
4111547
4111577
4111810
4111834
4111856
4111890
4111903
4111928
4111976
4111997
4112080
4112163
4112188
4112278
4112280
4112294
4112388
4112479
4112722
4112808
4112952
4113079
4113124
4113139
4113179
4113240
4113249
4113251
4113280
4113310
4113317
4113330
4113330
4113396
4113399
4113446
4113508
4113537
4113548
4113586
4113700
4113778
4113779
4113811
4113833
4113838
4113865
4113957
4114002
4114044
4114114
4114142
4114185
4114260
4114279
4114326
4114344
4114353
4114452
4114462
4114468
4114475
4114506
4114588
4114661
4114688
4114755
4114763
4114765
4114795
4114887
4114902
4115206
4115270
4115411
4115412
4115468
4115489
4115503
4115560
4115701
4115776
4115814
4115833
4115986
4116015
4116258
4116298
4116299
4116301
4116339
4116465
4116618
4116654
4116729
4116753
4116790
4116902
4116930
4116933
4116951
4117015
4117031
4117033
4117076
4117136
4117145
4117153
4117159
4117282
4117331
4117385
4117401
4117472
4117481
4117492
4117567
4117614
4117643
4117649
4117654
4117680
4117728
4117744
4117745
4117781
4117863
4117939
4117980
4118032
4118142
4118177
4118186
4118276
4118325
4118355
4118387
4118573
4118592
4118692
4118759
4118770
4118772
4118930
4119006
4119126
4119225
4119308
4119331
4119343
4119356
4119390
4119433
4119449
4119504
4119558
4119578
4119622
4119695
4119702
4119759
4119818
4119837
4119852
4119983
4120027
4120141
4120158
4120174
4120199
4120214
4120230
4120265
4120289
4120305
4120348
4120379
4120380
4120413
4120452
4120491
4120537
4120569
4120578
4120595
4120621
4120736
4120760
4120789
4120789
4120806
4120809
4120823
4120845
4120870
4120890
4120895
4120979
4121050
4121212
4121267
4121320
4121344
4121501
4121644
4121657
4121674
4121697
4121753
4121783
4121798
4121825
4121872
4121930
4121975
4122015
4122041
4122113
4122188
4122193
4122250
4122273
4122330
4122336
4122336
4122352
4122360
4122379
4122459
4122479
4122570
4122635
4122647
4122652
4122676
4122678
4122697
4122699
4122707
4122755
4122791
4122831
4122877
4122886
4122928
4122957
4123011
4123074
4123171
4123225
4123226
4123229
4123280
4123292
4123325
4123342
4123392
4123434
4123440
4123458
4123731
4123757
4123758
4124003
4124077
4124165
4124194
4124234
4124250
4124344
4124347
4124400
4124469
4124479
4124605
4124624
4124684
4124715
4124738
4124938
4124973
4124978
4124979
4125000
4125014
4125061
4125097
4125111
4125174
4125329
4125362
4125385
4125435
4125451
4125452
4125541
4125671
4125832
4125858
4125920
4126080
4126236
4126248
4126305
4126312
4126316
4126406
4126422
4126567
4126620
4126631
4126662
4126764
4126808
4126841
4126870
4126915
4126930
4126944
4126956
4127124
4127138
4127148
4127163
4127191
4127227
4127244
4127367
4127408
4127501
4127516
4127529
4127554
4127558
4127569
4127595
4127635
4127692
4127721
4127722
4127821
4127863
4127934
4127999
4128010
4128076
4128104
4128109
4128178
4128203
4128263
4128279
4128320
4128395
4128405
4128405
4128580
4128608
4128637
4128655
4128671
4128685
4128752
4128786
4128788
4128825
4128968
4128980
4128989
4129014
4129026
4129173
4129228
4129267
4129360
4129365
4129377
4129433
4129444
4129501
4129502
4129606
4129644
4129708
4129907
4129921
4129990
4129991
4130047
4130113
4130117
4130223
4130232
4130249
4130377
4130381
4130442
4130528
4130588
4130614
4130666
4130717
4130826
4130835
4131001
4131107
4131111
4131151
4131213
4131230
4131231
4131246
4131271
4131274
4131424
4131447
4131473
4131522
4131673
4131694
4131699
4131720
4131841
4131852
4131861
4131874
4131962
4131969
4132040
4132181
4132292
4132331
4132382
4132409
4132424
4132730
4132839
4132927
4132952
4133081
4133083
4133125
4133179
4133225
4133299
4133340
4133348
4133386
4133398
4133437
4133552
4133767
4133771
4133894
4133898
4133924
4133951
4134062
4134173
4134247
4134396
4134482
4134717
4134785
4134822
4134831
4134833
4134872
4134879
4134910
4134955
4135034
4135068
4135160
4135178
4135188
4135236
4135359
4135402
4135420
4135438
4135448
4135467
4135546
4135586
4135887
4135928
4135991
4136035
4136100
4136107
4136199
4136333
4136488
4136501
4136509
4136564
4136593
4136653
4136665
4136713
4136745
4136755
4136782
4136819
4136825
4137068
4137068
4137068
4137127
4137164
4137200
4137207
4137245
4137247
4137293
4137302
4137318
4137333
4137348
4137373
4137421
4137457
4137599
4137611
4137611
4137658
4137745
4137885
4137899
4137925
4138009
4138179
4138201
4138209
4138239
4138299
4138312
4138327
4138345
4138355
4138389
4138532
4138566
4138572
4138635
4138661
4138723
4138812
4138926
4138937
4138941
4138978
4139030
4139079
4139139
4139206
4139250
4139258
4139377
4139390
4139418
4139434
4139443
4139533
4139557
4139602
4139683
4139712
4139877
4139916
4139926
4139972
4140136
4140146
4140167
4140174
4140176
4140183
4140221
4140225
4140230
4140284
4140365
4140402
4140419
4140454
4140579
4140594
4140617
4140621
4140622
4140672
4140838
4140874
4140895
4140895
4140936
4140985
4141020
4141045
4141055
4141081
4141114
4141196
4141198
4141198
4141236
4141271
4141324
4141345
4141368
4141462
4141524
4141607
4141676
4141683
4141696
4141725
4141750
4141752
4141752
4141756
4141797
4141835
4142026
4142037
4142242
4142353
4142411
4142461
4142525
4142562
4142654
4142720
4142786
4142834
4142864
4142888
4142894
4142922
4143026
4143032
4143038
4143039
4143056
4143091
4143341
4143344
4143475
4143492
4143530
4143603
4143641
4143717
4143791
4143815
4143817
4143868
4143887
4144045
4144061
4144079
4144154
4144162
4144169
4144179
4144294
4144320
4144355
4144393
4144435
4144461
4144524
4144543
4144555
4144568
4144825
4144868
4144960
4145017
4145063
4145234
4145241
4145242
4145279
4145288
4145300
4145364
4145421
4145437
4145664
4145701
4145827
4145853
4145888
4146035
4146164
4146315
4146345
4146440
4146452
4146463
4146507
4146584
4146620
4146697
4146800
4146808
4146837
4146841
4146918
4146921
4146972
4146984
4146988
4147050
4147064
4147073
4147154
4147233
4147317
4147361
4147378
4147408
4147472
4147486
4147528
4147660
4147749
4147767
4147779
4147844
4147898
4147966
4147973
4148109
4148141
4148160
4148168
4148217
4148227
4148266
4148280
4148329
4148382
4148386
4148634
4148652
4148656
4148746
4148986
4149013
4149034
4149057
4149170
4149189
4149217
4149229
4149327
4149339
4149340
4149364
4149377
4149486
4149511
4149544
4149628
4149629
4149682
4149815
4149819
4149849
4149913
4149923
4150079
4150098
4150100
4150119
4150122
4150138
4150189
4150201
4150233
4150273
4150381
4150485
4150552
4150619
4150732
4150924
4150958
4150987
4151102
4151167
4151239
4151281
4151301
4151302
4151402
4151422
4151426
4151521
4151636
4151757
4151771
4151845
4151848
4151936
4151983
4151986
4152062
4152099
4152119
4152152
4152229
4152235
4152281
4152354
4152549
4152571
4152680
4152786
4152802
4152810
4152816
4152880
4152886
4152942
4152949
4153034
4153078
4153138
4153169
4153243
4153265
4153279
4153347
4153459
4153483
4153487
4153598
4153605
4153612
4153621
4153703
4153772
4153806
4153850
4153895
4154027
4154035
4154049
4154084
4154094
4154117
4154173
4154180
4154267
4154352
4154361
4154404
4154438
4154442
4154471
4154519
4154550
4154684
4154842
4154870
4154886
4154887
4154960
4155093
4155157
4155176
4155248
4155272
4155318
4155382
4155395
4155435
4155472
4155482
4155545
4155631
4155660
4155696
4155773
4155774
4155812
4155904
4155952
4155980
4156069
4156135
4156164
4156175
4156203
4156264
4156298
4156371
4156417
4156449
4156451
4156477
4156501
4156509
4156516
4156546
4156659
4156664
4156670
4156675
4156820
4156828
4156873
4156899
4156908
4156955
4157078
4157095
4157134
4157169
4157182
4157198
4157434
4157489
4157531
4157536
4157553
4157682
4157688
4157699
4157736
4157767
4157768
4157793
4157898
4157900
4157936
4157993
4157995
4158025
4158050
4158061
4158092
4158108
4158119
4158155
4158167
4158180
4158207
4158207
4158228
4158234
4158276
4158308
4158322
4158349
4158464
4158485
4158524
4158556
4158738
4158752
4158771
4158815
4158835
4158836
4158860
4158868
4158880
4158931
4158934
4158940
4158996
4159104
4159124
4159134
4159135
4159162
4159280
4159337
4159354
4159467
4159509
4159529
4159603
4159625
4159671
4159732
4159793
4159822
4159914
4159977
4159985
4160326
4160595
4160684
4160703
4160732
4160737
4160857
4160873
4161020
4161119
4161158
4161277
4161345
4161416
4161450
4161499
4161607
4161616
4161646
4161698
4161727
4161867
4161924
4162010
4162086
4162097
4162106
4162137
4162216
4162228
4162268
4162278
4162362
4162406
4162434
4162457
4162503
4162504
4162542
4162651
4162690
4162729
4162789
4162890
4162900
4162948
4163052
4163100
4163114
4163132
4163149
4163203
4163210
4163215
4163230
4163254
4163271
4163289
4163289
4163347
4163362
4163386
4163560
4163594
4163623
4163642
4163678
4163946
4164069
4164086
4164170
4164179
4164264
4164280
4164408
4164420
4164476
4164554
4164619
4164620
4164649
4164671
4164721
4164723
4164740
4164770
4164790
4164796
4164852
4164885
4164924
4165038
4165094
4165095
4165141
4165144
4165327
4165411
4165543
4165557
4165582
4165590
4165800
4165855
4165863
4165866
4165886
4165927
4165945
4166001
4166156
4166252
4166268
4166371
4166417
4166486
4166573
4166633
4166655
4166762
4166770
4166957
4166978
4166992
4167104
4167114
4167262
4167293
4167349
4167355
4167368
4167377
4167382
4167408
4167414
4167429
4167505
4167627
4167732
4167787
4167920
4167955
4167986
4167990
4168019
4168113
4168127
4168238
4168350
4168391
4168452
4168558
4168635
4168753
4168765
4168780
4168908
4168914
4169063
4169105
4169113
4169194
4169213
4169242
4169347
4169354
4169385
4169387
4169409
4169451
4169469
4169507
4169750
4169863
4169896
4169969
4170039
4170082
4170113
4170149
4170171
4170175
4170294
4170306
4170355
4170362
4170372
4170472
4170473
4170474
4170483
4170495
4170509
4170514
4170535
4170621
4170723
4170740
4170852
4170967
4171209
4171219
4171242
4171334
4171357
4171387
4171397
4171429
4171573
4171577
4171590
4171599
4171602
4171804
4171881
4172069
4172072
4172116
4172133
4172143
4172192
4172234
4172261
4172268
4172342
4172399
4172509
4172578
4172621
4172736
4172773
4172778
4172814
4172837
4172869
4172892
4172906
4172923
4172944
4172979
4173037
4173102
4173118
4173132
4173210
4173272
4173284
4173310
4173323
4173340
4173343
4173522
4173526
4173585
4173704
4173841
4173887
4173909
4173977
4174162
4174194
4174207
4174246
4174308
4174355
4174451
4174468
4174479
4174489
4174728
4174786
4174801
4174954
4174958
4175053
4175057
4175115
4175146
4175161
4175166
4175169
4175195
4175198
4175248
4175424
4175483
4175548
4175572
4175596
4175624
4175628
4175678
4175760
4175816
4175916
4175933
4175941
4175948
4175951
4176044
4176055
4176059
4176061
4176080
4176100
4176112
4176128
4176282
4176318
4176321
4176334
4176340
4176389
4176431
4176482
4176510
4176559
4176601
4176631
4176652
4176862
4176893
4176903
4176917
4176938
4176998
4177014
4177042
4177075
4177084
4177090
4177131
4177134
4177136
4177182
4177225
4177352
4177403
4177420
4177446
4177512
4177562
4177589
4177630
4177640
4177677
4177709
4177731
4177909
4177915
4177980
4178085
4178196
4178221
4178234
4178236
4178246
4178289
4178302
4178544
4178552
4178559
4178630
4178651
4178671
4178751
4178794
4178840
4179018
4179074
4179145
4179154
4179347
4179400
4179421
4179435
4179450
4179556
4179606
4179669
4179751
4179812
4179841
4179885
4179983
4179985
4180015
4180033
4180077
4180116
4180147
4180221
4180222
4180257
4180281
4180420
4180484
4180518
4180526
4180662
4180774
4180800
4180847
4180950
4181042
4181071
4181082
4181161
4181323
4181344
4181370
4181383
4181495
4181519
4181690
4181749
4181757
4181776
4181915
4181923
4181942
4182076
4182110
4182110
4182159
4182363
4182397
4182416
4182428
4182433
4182438
4182491
4182535
4182543
4182591
4182734
4182760
4182876
4182890
4182899
4182914
4182928
4183071
4183089
4183108
4183184
4183264
4183287
4183306
4183311
4183371
4183374
4183390
4183407
4183472
4183506
4183509
4183649
4183755
4183785
4183798
4183868
4184010
4184059
4184065
4184103
4184274
4184287
4184304
4184357
4184389
4184394
4184458
4184488
4184520
4184543
4184556
4184577
4184781
4184794
4184874
4184894
4184922
4184944
4184959
4184985
4185016
4185049
4185075
4185179
4185209
4185223
4185276
4185369
4185418
4185427
4185575
4185647
4185678
4185712
4185722
4185961
4186017
4186026
4186040
4186071
4186084
4186108
4186165
4186185
4186202
4186220
4186424
4186431
4186482
4186527
4186638
4186654
4186668
4186686
4186799
4186844
4186903
4186925
4187020
4187045
4187053
4187140
4187161
4187191
4187221
4187242
4187265
4187290
4187306
4187485
4187488
4187510
4187523
4187553
4187560
4187699
4187894
4187902
4187939
4187976
4188148
4188187
4188189
4188191
4188235
4188253
4188270
4188289
4188295
4188514
4188627
4188651
4188710
4188716
4188731
4188764
4188840
4188912
4188921
4188968
4189056
4189078
4189079
4189082
4189100
4189107
4189189
4189280
4189313
4189323
4189374
4189399
4189515
4189549
4189564
4189603
4189642
4189646
4189669
4189717
4189757
4189803
4189825
4189898
4189935
4189954
4190014
4190014
4190024
4190043
4190098
4190132
4190143
4190155
4190213
4190335
4190340
4190341
4190418
4190427
4190448
4190490
4190490
4190542
4190549
4190558
4190685
4190720
4190854
4190962
4190969
4191021
4191082
4191083
4191181
4191182
4191195
4191210
4191318
4191320
4191438
4191450
4191474
4191500
4191508
4191649
4191651
4191674
4191817
4191842
4191879
4191941
4191972
4192102
4192111
4192140
4192208
4192383
4192398
4192507
4192557
4192686
4192774
4192822
4192852
4192922
4192935
4192982
4193037
4193069
4193110
4193133
4193183
4193199
4193419
4193441
4193474
4193479
4193568
4193691
4193700
4193759
4193820
4193844
4193845
4194012
4194117
4194134
4194322
4194463
4194513
4194666
4194714
4194750
4194777
4194857
4194965
4194968
4194992
4195039
4195221
4195226
4195273
4195315
4195392
4195411
4195419
4195527
4195607
4195641
4195665
4195676
4195694
4195722
4196026
4196060
4196200
4196206
4196390
4196394
4196437
4196448
4196457
4196481
4196593
4196716
4196768
4196831
4196852
4196899
4196917
4196965
4196988
4197157
4197209
4197248
4197283
4197326
4197379
4197481
4197509
4197540
4197544
4197574
4197582
4197652
4197672
4197735
4198024
4198132
4198151
4198190
4198204
4198318
4198405
4198424
4198515
4198574
4198587
4198621
4198669
4198670
4198673
4198713
4198720
4198724
4198727
4198740
4198890
4198946
4198971
4199011
4199019
4199064
4199085
4199148
4199194
4199197
4199224
4199225
4199229
4199237
4199266
4199395
4199409
4199459
4199498
4199525
4199558
4199574
4199590
4199629
4199638
4199662
4199676
4199721
4199735
4199743
4199773
4199792
4199826
4199867
4199897
4199937
4200010
4200020
4200094
4200097
4200104
4200145
4200150
4200235
4200381
4200384
4200431
4200507
4200522
4200532
4200559
4200621
4200646
4200679
4200713
4200821
4200846
4200891
4200904
4200914
4201012
4201031
4201113
4201229
4201273
4201274
4201336
4201388
4201395
4201411
4201502
4201596
4201645
4201666
4201845
4201874
4201945
4202187
4202226
4202263
4202519
4202637
4202652
4202682
4202902
4202905
4202906
4202909
4202932
4202964
4203002
4203073
4203112
4203113
4203120
4203128
4203173
4203190
4203325
4203334
4203411
4203416
4203461
4203580
4203591
4203615
4203688
4203701
4203796
4203828
4203914
4203966
4203975
4204061
4204150
4204174
4204301
4204347
4204369
4204427
4204451
4204452
4204526
4204631
4204634
4204636
4204667
4204864
4204880
4204889
4204891
4204957
4204977
4204999
4205059
4205080
4205088
4205090
4205182
4205185
4205254
4205259
4205297
4205358
4205365
4205379
4205422
4205423
4205443
4205465
4205481
4205532
4205553
4205558
4205692
4205751
4205752
4205765
4205801
4205823
4205840
4205964
4206005
4206010
4206032
4206070
4206094
4206128
4206141
4206171
4206205
4206221
4206393
4206425
4206519
4206592
4206712
4206716
4206765
4206955
4206963
4207090
4207121
4207137
4207347
4207381
4207401
4207403
4207442
4207457
4207492
4207516
4207550
4207564
4207704
4207798
4207858
4207863
4207891
4207900
4208066
4208243
4208260
4208295
4208330
4208356
4208378
4208408
4208420
4208430
4208430
4208451
4208477
4208521
4208663
4208670
4208690
4208793
4208820
4208841
4208845
4208857
4208895
4208920
4208962
4209004
4209056
4209071
4209081
4209121
4209143
4209176
4209311
4209450
4209490
4209553
4209572
4209586
4209655
4209657
4209699
4209749
4209775
4209838
4209886
4210189
4210192
4210229
4210235
4210246
4210266
4210294
4210375
4210462
4210469
4210482
4210487
4210539
4210577
4210695
4210820
4210867
4210920
4210963
4211136
4211138
4211204
4211309
4211313
4211347
4211349
4211351
4211387
4211475
4211556
4211647
4211765
4211773
4211819
4211846
4211935
4212016
4212116
4212183
4212216
4212249
4212292
4212303
4212344
4212344
4212358
4212362
4212386
4212597
4212666
4212686
4212707
4212715
4212729
4212776
4212807
4212841
4212919
4212929
4212998
4213051
4213135
4213167
4213168
4213171
4213239
4213248
4213261
4213262
4213332
4213340
4213388
4213474
4213474
4213578
4213579
4213584
4213710
4213713
4213714
4213833
4213994
4214006
4214046
4214275
4214352
4214464
4214516
4214544
4214548
4214599
4214766
4214855
4214891
4214917
4214917
4214929
4214953
4214958
4215031
4215041
4215148
4215188
4215197
4215235
4215256
4215273
4215332
4215446
4215469
4215494
4215609
4215659
4215682
4215724
4215756
4215780
4215857
4215864
4215965
4216114
4216123
4216124
4216139
4216181
4216292
4216377
4216487
4216535
4216625
4216685
4216795
4216810
4216815
4216837
4216866
4216909
4217075
4217162
4217196
4217247
4217280
4217309
4217323
4217335
4217372
4217519
4217600
4217630
4217650
4217652
4217751
4217854
4217856
4217927
4218067
4218070
4218095
4218181
4218190
4218204
4218206
4218227
4218329
4218347
4218412
4218444
4218445
4218450
4218628
4218672
4218872
4218899
4218929
4219146
4219148
4219200
4219246
4219251
4219416
4219441
4219505
4219535
4219601
4219645
4219720
4219726
4219728
4219736
4219751
4219795
4219795
4219864
4219899
4219994
4220096
4220150
4220333
4220365
4220373
4220413
4220419
4220474
4220501
4220548
4220587
4220695
4220769
4220845
4221018
4221088
4221098
4221248
4221300
4221356
4221445
4221485
4221530
4221574
4221599
4221626
4221636
4221637
4221700
4221784
4221854
4221854
4221871
4221902
4221959
4222040
4222209
4222254
4222498
4222552
4222557
4222615
4222637
4222729
4222754
4222842
4222844
4223033
4223037
4223163
4223192
4223215
4223305
4223372
4223420
4223434
4223578
4223647
4223653
4223792
4223796
4223811
4223856
4223862
4223872
4223909
4223942
4224013
4224027
4224041
4224050
4224065
4224101
4224131
4224185
4224195
4224218
4224253
4224269
4224348
4224352
4224356
4224369
4224379
4224439
4224576
4224620
4224719
4224722
4224747
4224791
4224809
4224823
4224865
4224895
4224943
4225023
4225088
4225091
4225144
4225349
4225374
4225389
4225472
4225474
4225497
4225528
4225566
4225595
4225609
4225623
4225650
4225824
4225827
4225874
4225896
4225923
4225924
4225930
4225994
4226010
4226094
4226135
4226187
4226248
4226299
4226302
4226382
4226426
4226443
4226450
4226454
4226490
4226622
4226640
4226663
4226670
4226758
4226778
4226812
4226822
4226945
4226984
4227053
4227064
4227085
4227093
4227248
4227405
4227495
4227530
4227636
4227653
4227657
4227685
4227891
4227958
4228021
4228105
4228136
4228201
4228241
4228352
4228369
4228399
4228463
4228511
4228531
4228746
4228793
4228829
4228849
4228870
4228879
4228895
4228986
4229029
4229036
4229072
4229107
4229149
4229176
4229215
4229234
4229274
4229473
4229480
4229493
4229500
4229515
4229600
4229649
4229746
4229763
4229803
4229886
4229913
4229922
4229945
4229948
4229985
4229995
4230110
4230149
4230246
4230283
4230325
4230344
4230524
4230564
4230581
4230832
4230958
4231057
4231126
4231187
4231214
4231228
4231274
4231301
4231330
4231460
4231480
4231623
4231624
4231650
4231671
4231725
4231838
4231905
4231918
4232000
4232002
4232020
4232088
4232121
4232148
4232198
4232206
4232229
4232253
4232313
4232389
4232425
4232513
4232623
4232635
4232721
4232825
4232844
4232965
4232967
4233036
4233157
4233166
4233185
4233204
4233313
4233323
4233472
4233531
4233544
4233744
4233868
4234000
4234030
4234058
4234109
4234180
4234233
4234236
4234257
4234290
4234345
4234418
4234444
4234525
4234540
4234625
4234642
4234754
4234774
4234841
4234894
4234983
4234992
4235025
4235163
4235165
4235175
4235177
4235201
4235319
4235356
4235359
4235496
4235562
4235606
4235633
4235685
4235721
4235734
4235741
4235783
4235790
4235884
4236053
4236054
4236071
4236080
4236111
4236161
4236210
4236241
4236265
4236307
4236397
4236454
4236459
4236504
4236511
4236602
4236722
4236735
4236743
4236803
4236847
4236910
4236934
4237001
4237017
4237074
4237106
4237143
4237152
4237275
4237374
4237475
4237559
4237576
4237602
4237692
4237718
4237782
4237787
4237865
4237962
4238084
4238132
4238245
4238262
4238315
4238327
4238445
4238504
4238836
4238868
4238868
4238902
4238903
4238939
4238969
4238993
4239040
4239071
4239166
4239309
4239422
4239475
4239518
4239548
4239566
4239572
4239625
4239634
4239641
4239764
4239785
4239818
4239896
4239899
4239932
4239987
4240032
4240086
4240115
4240284
4240332
4240346
4240365
4240399
4240448
4240463
4240528
4240798
4240836
4240860
4240866
4240961
4241004
4241048
4241054
4241089
4241095
4241119
4241207
4241269
4241292
4241503
4241508
4241511
4241610
4241632
4241683
4241691
4241704
4241738
4241780
4241837
4241897
4241946
4241967
4242003
4242090
4242233
4242281
4242282
4242292
4242302
4242375
4242448
4242508
4242568
4242624
4242696
4242716
4242800
4242824
4243072
4243088
4243185
4243484
4243523
4243697
4243816
4243849
4243916
4243931
4243957
4244064
4244087
4244129
4244137
4244162
4244326
4244429
4244453
4244577
4244704
4244828
4244839
4244861
4244872
4244945
4244998
4245028
4245045
4245054
4245062
4245077
4245140
4245254
4245261
4245318
4245336
4245360
4245407
4245432
4245437
4245539
4245638
4245706
4245765
4245858
4245908
4245919
4245952
4245952
4245966
4245980
4245988
4246137
4246204
4246280
4246329
4246358
4246407
4246427
4246470
4246485
4246549
4246583
4246595
4246626
4246694
4246731
4246743
4246745
4246838
4246885
4246891
4246931
4246958
4247011
4247157
4247169
4247172
4247179
4247181
4247229
4247241
4247270
4247336
4247406
4247412
4247449
4247462
4247479
4247484
4247487
4247530
4247630
4247683
4247699
4247715
4247725
4247737
4247738
4247783
4247792
4247810
4247841
4247847
4247927
4248003
4248055
4248187
4248210
4248263
4248318
4248359
4248441
4248553
4248632
4248757
4248805
4248882
4248950
4248970
4249007
4249025
4249151
4249238
4249242
4249259
4249327
4249344
4249354
4249399
4249446
4249525
4249530
4249601
4249806
4249835
4249876
4249878
4249987
4250257
4250371
4250402
4250452
4250528
4250621
4250691
4250758
4250769
4250940
4251028
4251087
4251100
4251101
4251158
4251197
4251198
4251221
4251227
4251228
4251241
4251251
4251268
4251305
4251340
4251392
4251398
4251442
4251468
4251492
4251493
4251646
4251648
4251670
4251724
4251833
4251916
4251932
4252018
4252192
4252247
4252274
4252288
4252312
4252341
4252401
4252401
4252440
4252445
4252478
4252527
4252531
4252606
4252634
4252716
4252745
4252755
4252815
4252874
4252891
4253206
4253236
4253278
4253282
4253306
4253350
4253381
4253393
4253424
4253449
4253563
4253634
4253716
4253780
4253825
4253952
4254052
4254143
4254188
4254207
4254247
4254251
4254252
4254274
4254279
4254361
4254378
4254410
4254427
4254431
4254434
4254441
4254454
4254528
4254571
4254600
4254652
4254727
4254785
4254897
4254996
4255044
4255073
4255174
4255179
4255208
4255263
4255354
4255456
4255616
4255663
4255665
4255666
4255847
4255869
4255878
4255960
4255974
4255976
4256096
4256100
4256115
4256130
4256200
4256269
4256286
4256290
4256333
4256385
4256406
4256437
4256461
4256502
4256503
4256540
4256548
4256624
4256631
4256636
4256678
4256770
4256773
4256784
4256814
4256880
4256930
4256999
4257028
4257078
4257146
4257205
4257251
4257325
4257383
4257526
4257536
4257601
4257718
4257745
4257787
4257787
4257843
4257855
4257951
4258028
4258031
4258074
4258184
4258201
4258226
4258235
4258266
4258284
4258313
4258343
4258396
4258417
4258486
4258503
4258514
4258566
4258595
4258610
4258716
4258788
4258992
4259089
4259092
4259209
4259215
4259225
4259462
4259476
4259521
4259572
4259585
4259586
4259668
4259677
4259712
4259759
4259775
4259818
4259902
4259912
4259931
4259950
4259969
4260021
4260032
4260034
4260156
4260167
4260175
4260375
4260402
4260436
4260556
4260653
4260724
4260773
4260806
4260806
4260840
4260919
4260948
4260959
4261056
4261113
4261130
4261174
4261228
4261253
4261327
4261335
4261406
4261409
4261467
4261536
4261570
4261645
4261739
4261758
4261794
4261811
4261859
4262001
4262038
4262071
4262096
4262134
4262155
4262173
4262174
4262198
4262249
4262277
4262322
4262346
4262370
4262476
4262526
4262614
4262616
4262664
4262668
4262681
4262789
4262826
4262884
4262926
4262969
4262981
4263008
4263032
4263043
4263067
4263074
4263081
4263127
4263134
4263134
4263148
4263182
4263207
4263265
4263694
4263709
4263880
4263963
4263984
4263989
4263992
4264066
4264233
4264276
4264349
4264380
4264405
4264417
4264431
4264465
4264505
4264532
4264615
4264616
4264661
4264747
4264769
4264872
4265033
4265084
4265089
4265109
4265178
4265184
4265258
4265321
4265337
4265368
4265400
4265401
4265464
4265500
4265530
4265563
4265564
4265590
4265599
4265667
4265693
4265727
4265790
4265796
4265815
4265874
4265913
4265931
4265947
4265976
4266056
4266068
4266138
4266152
4266206
4266241
4266249
4266502
4266521
4266535
4266549
4266590
4266597
4266605
4266606
4266615
4266669
4266673
4266686
4266690
4266747
4266785
4266800
4266857
4266963
4266979
4266989
4267093
4267219
4267250
4267278
4267377
4267385
4267398
4267419
4267424
4267430
4267510
4267580
4267627
4267717
4267941
4267961
4267982
4267988
4267989
4268057
4268150
4268178
4268290
4268310
4268336
4268467
4268471
4268659
4268708
4268763
4268844
4268867
4269361
4269406
4269423
4269439
4269449
4269507
4269511
4269514
4269543
4269549
4269555
4269578
4269622
4269667
4269707
4269727
4269737
4269947
4269991
4270003
4270059
4270059
4270170
4270176
4270191
4270207
4270210
4270304
4270559
4270603
4270612
4270657
4270719
4270742
4270773
4270784
4270811
4270818
4270899
4270950
4270965
4271123
4271139
4271141
4271191
4271206
4271294
4271319
4271380
4271407
4271492
4271563
4271565
4271581
4271610
4271715
4271789
4271791
4271815
4271829
4271849
4271900
4271917
4271974
4272004
4272023
4272025
4272120
4272133
4272157
4272163
4272182
4272342
4272370
4272409
4272444
4272503
4272503
4272532
4272560
4272560
4272639
4272648
4272709
4272732
4272736
4272847
4272850
4272898
4272903
4272947
4272989
4273012
4273089
4273151
4273158
4273167
4273170
4273255
4273284
4273367
4273374
4273395
4273405
4273432
4273461
4273473
4273526
4273618
4273667
4273709
4273739
4273748
4273767
4273789
4273829
4273896
4273942
4273968
4273976
4274027
4274050
4274141
4274170
4274192
4274234
4274358
4274394
4274509
4274516
4274580
4274606
4274637
4274670
4274679
4274699
4274707
4274862
4274905
4275000
4275007
4275137
4275218
4275272
4275308
4275474
4275482
4275500
4275549
4275575
4275618
4275711
4275727
4275750
4275754
4275797
4275826
4275912
4275925
4275951
4275968
4275993
4275996
4276000
4276136
4276158
4276310
4276381
4276388
4276401
4276425
4276445
4276563
4276581
4276676
4276688
4276689
4276702
4276720
4276736
4276737
4276767
4276960
4276988
4277031
4277070
4277388
4277416
4277419
4277440
4277534
4277578
4277583
4277596
4277600
4277711
4277730
4277852
4278030
4278047
4278053
4278102
4278151
4278182
4278197
4278199
4278220
4278239
4278266
4278330
4278345
4278394
4278398
4278415
4278428
4278467
4278482
4278493
4278543
4278613
4278686
4278821
4278944
4278965
4279100
4279122
4279136
4279154
4279155
4279164
4279227
4279338
4279338
4279340
4279343
4279350
4279358
4279400
4279440
4279441
4279552
4279570
4279612
4279668
4279681
4279692
4279779
4279783
4279817
4279865
4279896
4279991
4280032
4280247
4280274
4280302
4280305
4280329
4280331
4280363
4280424
4280526
4280531
4280592
4280691
4280822
4280874
4280897
4280985
4281091
4281132
4281172
4281198
4281200
4281241
4281303
4281306
4281317
4281496
4281536
4281625
4281658
4281691
4281691
4281691
4281731
4281783
4281864
4281911
4281992
4282005
4282067
4282123
4282165
4282186
4282189
4282367
4282421
4282430
4282436
4282443
4282515
4282697
4282762
4282778
4282822
4282904
4282907
4282912
4282943
4282955
4282958
4282987
4283050
4283071
4283114
4283196
4283204
4283575
4283598
4283600
4283674
4283703
4283873
4283898
4283996
4284025
4284032
4284137
4284167
4284197
4284216
4284231
4284235
4284320
4284344
4284381
4284389
4284432
4284437
4284469
4284482
4284488
4284513
4284529
4284627
4284642
4284798
4284859
4285005
4285005
4285214
4285246
4285544
4285652
4285811
4285812
4285846
4285847
4285884
4285894
4285946
4285988
4286009
4286013
4286057
4286084
4286139
4286140
4286155
4286184
4286220
4286345
4286427
4286473
4286483
4286494
4286504
4286533
4286584
4286609
4286619
4286624
4286629
4286707
4286804
4286813
4286820
4286840
4286930
4286935
4287003
4287015
4287052
4287149
4287155
4287227
4287396
4287447
4287588
4287596
4287597
4287635
4287765
4287911
4287934
4287965
4288100
4288139
4288153
4288160
4288163
4288274
4288288
4288303
4288348
4288373
4288395
4288419
4288533
4288538
4288541
4288579
4288589
4288675
4288676
4288733
4288742
4288809
4288829
4288862
4288948
4288961
4288988
4289005
4289044
4289050
4289121
4289141
4289213
4289272
4289303
4289356
4289365
4289409
4289415
4289466
4289671
4289697
4289841
4289867
4290173
4290207
4290274
4290312
4290431
4290610
4290755
4290799
4290819
4290958
4290967
4290977
4290983
4291085
4291153
4291198
4291326
4291359
4291396
4291411
4291420
4291455
4291459
4291692
4291704
4291892
4291911
4292037
4292046
4292194
4292199
4292265
4292566
4292579
4292627
4292696
4292698
4292709
4292723
4292755
4292933
4292958
4292959
4293049
4293054
4293107
4293136
4293166
4293194
4293207
4293222
4293302
4293349
4293357
4293399
4293480
4293515
4293536
4293562
4293651
4293737
4293837
4293914
4294069
4294337
4294378
4294516
4294661
4294666
4294738
4294763
4294794
4294803
4294924
4294999
4295034
4295094
4295172
4295190
4295208
4295249
4295383
4295445
4295489
4295490
4295551
4295600
4295664
4295670
4295709
4295746
4295768
4295804
4295940
4295987
4296013
4296015
4296046
4296102
4296121
4296129
4296135
4296139
4296253
4296308
4296456
4296466
4296494
4296603
4296634
4296641
4296731
4296783
4296797
4296889
4296925
4296986
4297037
4297108
4297137
4297147
4297183
4297184
4297217
4297417
4297426
4297443
4297464
4297487
4297545
4297634
4297654
4297710
4297750
4297795
4297804
4297816
4297824
4297843
4297843
4297914
4297962
4298005
4298009
4298156
4298166
4298233
4298251
4298315
4298335
4298491
4298496
4298653
4298655
4298666
4298701
4298816
4298918
4299107
4299110
4299128
4299338
4299480
4299502
4299527
4299535
4299574
4299593
4299599
4299622
4299662
4299665
4299724
4299765
4300024
4300177
4300188
4300244
4300274
4300387
4300398
4300488
4300504
4300543
4300791
4300793
4300813
4300866
4300888
4300928
4301032
4301173
4301327
4301421
4301424
4301437
4301442
4301619
4301709
4301741
4301746
4301806
4301871
4301929
4301955
4301973
4302158
4302188
4302189
4302190
4302343
4302460
4302533
4302577
4302581
4302700
4302776
4302779
4302811
4302852
4302954
4302990
4303114
4303250
4303277
4303303
4303396
4303412
4303422
4303446
4303528
4303573
4303575
4303580
4303629
4303722
4303751
4303773
4303785
4303903
4303910
4303965
4304021
4304040
4304092
4304108
4304173
4304411
4304435
4304444
4304471
4304570
4304726
4304759
4304814
4304819
4304878
4305149
4305215
4305216
4305223
4305229
4305370
4305484
4305490
4305503
4305635
4305750
4305852
4305909
4305986
4305996
4306026
4306086
4306218
4306254
4306257
4306278
4306330
4306444
4306464
4306515
4306595
4306598
4306620
4306664
4306675
4306771
4306775
4306839
4306878
4306897
4306935
4306963
4306964
4307008
4307017
4307047
4307068
4307098
4307151
4307175
4307214
4307217
4307233
4307238
4307238
4307247
4307294
4307319
4307395
4307426
4307458
4307489
4307538
4307583
4307637
4307656
4307704
4307742
4307758
4307823
4307846
4307876
4307889
4308039
4308192
4308199
4308270
4308311
4308465
4308467
4308509
4308541
4308556
4308660
4308760
4308802
4309020
4309093
4309099
4309125
4309130
4309214
4309225
4309240
4309319
4309432
4309474
4309486
4309498
4309571
4309634
4309641
4309658
4309718
4309790
4309810
4309836
4309861
4309867
4309937
4310019
4310030
4310187
4310223
4310309
4310375
4310450
4310456
4310485
4310494
4310594
4310733
4310750
4310826
4310841
4310865
4310939
4310947
4310947
4311090
4311117
4311127
4311161
4311191
4311218
4311283
4311415
4311469
4311494
4311533
4311549
4311588
4311683
4311788
4311816
4311852
4311937
4311963
4312029
4312080
4312087
4312107
4312214
4312221
4312258
4312287
4312294
4312302
4312344
4312349
4312358
4312379
4312538
4312543
4312622
4312641
4312722
4312801
4312801
4312841
4312859
4312912
4312964
4313098
4313106
4313127
4313137
4313140
4313257
4313269
4313289
4313360
4313383
4313473
4313485
4313531
4313543
4313651
4313702
4313769
4313918
4313929
4313933
4314089
4314095
4314117
4314201
4314225
4314260
4314274
4314370
4314389
4314417
4314425
4314498
4314501
4314663
4314813
4314814
4314866
4314888
4314911
4314926
4314941
4314970
4314981
4315051
4315071
4315143
4315212
4315226
4315288
4315350
4315376
4315392
4315442
4315509
4315615
4315663
4315786
4315798
4315925
4315990
4316010
4316119
4316140
4316206
4316392
4316401
4316444
4316482
4316488
4316500
4316580
4316617
4316627
4316754
4316864
4316897
4316970
4316972
4316979
4317078
4317107
4317140
4317156
4317163
4317220
4317224
4317242
4317246
4317294
4317372
4317398
4317428
4317443
4317480
4317519
4317543
4317548
4317581
4317605
4317681
4317773
4317820
4317828
4317841
4317847
4317968
4318125
4318222
4318286
4318296
4318300
4318353
4318380
4318470
4318499
4318512
4318522
4318534
4318629
4318642
4318694
4318772
4318792
4318827
4318855
4318964
4318970
4319206
4319256
4319352
4319423
4319424
4319475
4319508
4319582
4319670
4319713
4319967
4319974
4320031
4320032
4320066
4320208
4320214
4320221
4320266
4320276
4320384
4320438
4320481
4320561
4320635
4320683
4320743
4320814
4320977
4320991
4321009
4321026
4321078
4321087
4321144
4321183
4321282
4321413
4321439
4321510
4321530
4321551
4321588
4321646
4321673
4321933
4322112
4322136
4322175
4322220
4322470
4322470
4322472
4322516
4322590
4322747
4322827
4322853
4322888
4322992
4323006
4323050
4323111
4323169
4323190
4323382
4323443
4323446
4323489
4323700
4323714
4323776
4323794
4323899
4323965
4323974
4323998
4324021
4324041
4324060
4324288
4324292
4324396
4324404
4324426
4324448
4324480
4324583
4324682
4324692
4324781
4324806
4324821
4324833
4324863
4324936
4324943
4324966
4324985
4324995
4325111
4325290
4325299
4325354
4325450
4325511
4325608
4325632
4325647
4325656
4325686
4325811
4325840
4325882
4325890
4325914
4325941
4325985
4326016
4326048
4326161
4326165
4326177
4326274
4326329
4326368
4326388
4326389
4326425
4326435
4326541
4326573
4326595
4326629
4326707
4326858
4326997
4327004
4327008
4327073
4327235
4327300
4327325
4327361
4327385
4327426
4327461
4327596
4327710
4327718
4327760
4327787
4327838
4328039
4328067
4328175
4328304
4328355
4328369
4328450
4328471
4328472
4328512
4328608
4328630
4328759
4328791
4328818
4328875
4328893
4328951
4329019
4329026
4329031
4329033
4329168
4329236
4329247
4329344
4329410
4329432
4329439
4329465
4329524
4329541
4329612
4329633
4329637
4329713
4329729
4329953
4329954
4330019
4330110
4330110
4330122
4330177
4330213
4330219
4330227
4330245
4330357
4330366
4330416
4330452
4330704
4330763
4330823
4330878
4330989
4330996
4331039
4331057
4331076
4331299
4331434
4331525
4331895
4331896
4332019
4332074
4332099
4332208
4332309
4332374
4332383
4332390
4332517
4332584
4332614
4332640
4332662
4332666
4332685
4332872
4332937
4333091
4333097
4333100
4333123
4333169
4333189
4333198
4333207
4333256
4333323
4333330
4333349
4333383
4333396
4333444
4333570
4333614
4333651
4333655
4333724
4333727
4333764
4333771
4333862
4333900
4333996
4334046
4334055
4334169
4334221
4334243
4334244
4334264
4334365
4334416
4334458
4334500
4334521
4334575
4334782
4334822
4334975
4335022
4335023
4335043
4335178
4335230
4335246
4335254
4335356
4335402
4335520
4335535
4335670
4335679
4335683
4335684
4335710
4335745
4335755
4335756
4335820
4335864
4335865
4335923
4335926
4335929
4335963
4335995
4336000
4336031
4336055
4336173
4336209
4336256
4336299
4336318
4336336
4336405
4336451
4336470
4336661
4336703
4336928
4336980
4336984
4337077
4337159
4337183
4337187
4337251
4337277
4337320
4337469
4337540
4337581
4337597
4337654
4337819
4337864
4337903
4338025
4338116
4338139
4338240
4338429
4338446
4338525
4338556
4338589
4338618
4338634
4338693
4338693
4338748
4338755
4338824
4338912
4338926
4338944
4338950
4339049
4339073
4339117
4339151
4339181
4339190
4339289
4339350
4339438
4339451
4339453
4339472
4339493
4339508
4339509
4339595
4339610
4339612
4339727
4339807
4339885
4339887
4339892
4339903
4339924
4340003
4340016
4340146
4340151
4340161
4340181
4340209
4340279
4340297
4340365
4340621
4340770
4340783
4341006
4341047
4341060
4341100
4341292
4341311
4341331
4341391
4341429
4341478
4341631
4341660
4341834
4341858
4341865
4341880
4341915
4341929
4342035
4342066
4342068
4342075
4342129
4342270
4342387
4342420
4342529
4342548
4342552
4342620
4342651
4342695
4342776
4342810
4342840
4342959
4342998
4343002
4343006
4343050
4343062
4343111
4343131
4343173
4343206
4343228
4343230
4343234
4343261
4343273
4343379
4343390
4343476
4343530
4343532
4343538
4343629
4343635
4343674
4343707
4343748
4343795
4343821
4343862
4343878
4343883
4343888
4344092
4344129
4344151
4344162
4344201
4344230
4344304
4344317
4344332
4344333
4344369
4344421
4344586
4344648
4344670
4344704
4344788
4344793
4344863
4344981
4345005
4345041
4345069
4345101
4345114
4345124
4345130
4345140
4345143
4345176
4345212
4345280
4345323
4345332
4345388
4345406
4345632
4345673
4345733
4345741
4345859
4345872
4345876
4345882
4345895
4345991
4345992
4346043
4346043
4346045
4346228
4346286
4346347
4346357
4346383
4346396
4346428
4346460
4346466
4346519
4346542
4346605
4346659
4346671
4346712
4346779
4346803
4346827
4346853
4346979
4346990
4346999
4347088
4347260
4347270
4347335
4347347
4347349
4347372
4347412
4347585
4347603
4347619
4347626
4347647
4347671
4347714
4347781
4347799
4347921
4347925
4348002
4348085
4348107
4348134
4348165
4348190
4348380
4348412
4348461
4348498
4348540
4348596
4348715
4348718
4348814
4348816
4348831
4348872
4348878
4348889
4348950
4348986
4348995
4349021
4349129
4349131
4349173
4349314
4349321
4349341
4349391
4349424
4349434
4349517
4349623
4349687
4349812
4349857
4349890
4349897
4349918
4350014
4350139
4350234
4350353
4350397
4350443
4350445
4350467
4350547
4350637
4350642
4350680
4350720
4350727
4350838
4350858
4350860
4350871
4350876
4351017
4351017
4351113
4351143
4351168
4351250
4351270
4351275
4351298
4351313
4351356
4351405
4351433
4351451
4351553
4351595
4351646
4351662
4351782
4351816
4351847
4351896
4351917
4351984
4352138
4352178
4352214
4352250
4352254
4352327
4352479
4352512
4352621
4352703
4352864
4352889
4352918
4352987
4353015
4353046
4353081
4353092
4353097
4353110
4353145
4353149
4353152
4353159
4353219
4353243
4353346
4353387
4353394
4353395
4353411
4353446
4353538
4353578
4353588
4353656
4353682
4353716
4353724
4353779
4353796
4353824
4353914
4354120
4354143
4354219
4354257
4354280
4354371
4354478
4354579
4354589
4354597
4354773
4354802
4354816
4354874
4354878
4354893
4354979
4355039
4355060
4355075
4355080
4355115
4355176
4355189
4355204
4355468
4355484
4355499
4355499
4355709
4355831
4355997
4356018
4356048
4356130
4356192
4356240
4356359
4356373
4356374
4356535
4356587
4356629
4356640
4356753
4356769
4356782
4356784
4356873
4356885
4356925
4357110
4357131
4357144
4357156
4357164
4357191
4357207
4357312
4357364
4357400
4357502
4357519
4357565
4357583
4357638
4357644
4357700
4358010
4358013
4358046
4358065
4358135
4358160
4358171
4358181
4358215
4358249
4358336
4358373
4358468
4358471
4358481
4358496
4358513
4358526
4358536
4358646
4358677
4358682
4358693
4358791
4358903
4359000
4359012
4359066
4359081
4359107
4359114
4359129
4359185
4359186
4359314
4359322
4359330
4359458
4359594
4359623
4359645
4359654
4359668
4359690
4359701
4359715
4359766
4359862
4359864
4359871
4359893
4359918
4359923
4359954
4360049
4360057
4360147
4360245
4360313
4360343
4360388
4360440
4360455
4360905
4360949
4360971
4361137
4361143
4361179
4361236
4361247
4361420
4361480
4361543
4361663
4361741
4361815
4361863
4361928
4362135
4362172
4362216
4362278
4362355
4362384
4362464
4362561
4362629
4362703
4362827
4362905
4362930
4362979
4362982
4363003
4363006
4363007
4363098
4363167
4363205
4363233
4363262
4363352
4363358
4363445
4363501
4363536
4363551
4363556
4363580
4363642
4363659
4363693
4363702
4363860
4363929
4363931
4363936
4363945
4364042
4364042
4364043
4364055
4364112
4364186
4364220
4364337
4364383
4364411
4364473
4364586
4364604
4364622
4364653
4364659
4364726
4364735
4364762
4364809
4364860
4364864
4364941
4364978
4365019
4365023
4365160
4365173
4365251
4365295
4365394
4365409
4365412
4365414
4365421
4365495
4365508
4365561
4365621
4365696
4365801
4365813
4365926
4365964
4366048
4366144
4366152
4366201
4366318
4366410
4366502
4366572
4366669
4366694
4366880
4366940
4367027
4367088
4367213
4367279
4367444
4367485
4367496
4367574
4367688
4367742
4367823
4367868
4367945
4368007
4368025
4368050
4368063
4368140
4368379
4368532
4368555
4368577
4368627
4368678
4368684
4368738
4368821
4368892
4368920
4368921
4369034
4369069
4369091
4369108
4369138
4369169
4369184
4369185
4369281
4369348
4369373
4369395
4369421
4369464
4369539
4369578
4369647
4369662
4369676
4369720
4369725
4369771
4369958
4369985
4370008
4370031
4370200
4370211
4370236
4370336
4370360
4370372
4370397
4370405
4370426
4370477
4370575
4370631
4370658
4370764
4370823
4370866
4370967
4371087
4371121
4371187
4371202
4371225
4371356
4371356
4371445
4371534
4371585
4371630
4371760
4371777
4371790
4371792
4371926
4372018
4372120
4372201
4372265
4372281
4372290
4372302
4372340
4372352
4372439
4372467
4372531
4372623
4372676
4372729
4372821
4372845
4372864
4372879
4372901
4372954
4372999
4373000
4373040
4373075
4373137
4373147
4373150
4373208
4373221
4373243
4373248
4373359
4373366
4373463
4373532
4373554
4373575
4373618
4373795
4373820
4373825
4373909
4373927
4373963
4374006
4374100
4374191
4374202
4374260
4374402
4374444
4374470
4374529
4374626
4374654
4374704
4374717
4374720
4374733
4374738
4374764
4374812
4374898
4375012
4375101
4375145
4375197
4375203
4375230
4375391
4375428
4375476
4375508
4375523
4375571
4375610
4375615
4375623
4375875
4375904
4375904
4376007
4376012
4376129
4376354
4376485
4376550
4376696
4376737
4376763
4376897
4377094
4377118
4377151
4377168
4377170
4377198
4377232
4377314
4377349
4377494
4377516
4377577
4377610
4377626
4377640
4377695
4377809
4377828
4377886
4377898
4377899
4377900
4377944
4377996
4378037
4378067
4378072
4378076
4378086
4378188
4378239
4378333
4378384
4378479
4378497
4378536
4378545
4378629
4378644
4378668
4378679
4378890
4378985
4379013
4379052
4379054
4379062
4379091
4379124
4379237
4379337
4379464
4379541
4379588
4379638
4379650
4379789
4379802
4379839
4379880
4379887
4379893
4380029
4380128
4380152
4380229
4380234
4380241
4380249
4380262
4380313
4380332
4380402
4380531
4380532
4380532
4380538
4380553
4380553
4380561
4380576
4380581
4380604
4380723
4380727
4380733
4380749
4380764
4380914
4380926
4380965
4380981
4380998
4381011
4381035
4381113
4381114
4381155
4381227
4381323
4381352
4381475
4381484
4381485
4381568
4381594
4381615
4381791
4381799
4381803
4381831
4381840
4381843
4381903
4381916
4382003
4382005
4382022
4382064
4382126
4382135
4382195
4382349
4382383
4382400
4382423
4382504
4382628
4382689
4382730
4382764
4382805
4382908
4382914
4382917
4382960
4383001
4383044
4383069
4383077
4383138
4383167
4383236
4383289
4383331
4383394
4383420
4383456
4383503
4383537
4383639
4383734
4383738
4383793
4383827
4383828
4383839
4383899
4383933
4383957
4384080
4384118
4384161
4384252
4384338
4384540
4384542
4384620
4384668
4384760
4384807
4384815
4384884
4384914
4385073
4385181
4385186
4385328
4385371
4385446
4385483
4385493
4385522
4385588
4385853
4385861
4385874
4385874
4385956
4386054
4386060
4386060
4386098
4386184
4386188
4386239
4386243
4386265
4386352
4386364
4386452
4386483
4386492
4386510
4386592
4386762
4386856
4386908
4386927
4386934
4386936
4387050
4387071
4387162
4387221
4387378
4387393
4387420
4387480
4387501
4387527
4387534
4387571
4387586
4387703
4387769
4387821
4387839
4387857
4387971
4388000
4388095
4388107
4388119
4388190
4388308
4388345
4388457
4388466
4388652
4388682
4388712
4388745
4388769
4388796
4388845
4388871
4388910
4388984
4389016
4389101
4389141
4389181
4389189
4389193
4389224
4389288
4389334
4389511
4389567
4389718
4389817
4389820
4389828
4389864
4389866
4389899
4389904
4389928
4389943
4389948
4389968
4389990
4390096
4390109
4390153
4390198
4390204
4390224
4390267
4390304
4390332
4390349
4390365
4390606
4390658
4390674
4390750
4390789
4390799
4390812
4390837
4390890
4391025
4391035
4391056
4391063
4391099
4391137
4391161
4391281
4391288
4391338
4391402
4391454
4391459
4391510
4391527
4391606
4391619
4391788
4391819
4391856
4391955
4392010
4392069
4392149
4392179
4392276
4392307
4392362
4392498
4392632
4392679
4392695
4392754
4392823
4392834
4392835
4392837
4392907
4392936
4393052
4393060
4393069
4393098
4393120
4393256
4393277
4393343
4393371
4393409
4393418
4393454
4393534
4393554
4393569
4393572
4393679
4393740
4393784
4393830
4393937
4393967
4394043
4394110
4394133
4394176
4394248
4394315
4394316
4394320
4394339
4394371
4394382
4394387
4394415
4394415
4394416
4394417
4394526
4394671
4394683
4394971
4395011
4395025
4395043
4395069
4395133
4395248
4395266
4395324
4395367
4395467
4395604
4395723
4395761
4395763
4395789
4395851
4395894
4395911
4395931
4396010
4396042
4396070
4396092
4396129
4396233
4396262
4396360
4396401
4396503
4396541
4396562
4396587
4396615
4396638
4396662
4396730
4396741
4396765
4396787
4396953
4396985
4397027
4397033
4397040
4397042
4397228
4397380
4397406
4397435
4397546
4397568
4397593
4397641
4397663
4397764
4397974
4398052
4398053
4398074
4398179
4398207
4398261
4398290
4398382
4398384
4398397
4398604
4398605
4398627
4398706
4398743
4398897
4398900
4398948
4398955
4398999
4399005
4399071
4399076
4399169
4399303
4399306
4399353
4399367
4399481
4399487
4399503
4399619
4399666
4399670
4399735
4399739
4399772
4399774
4399815
4399872
4399920
4400053
4400108
4400197
4400216
4400257
4400303
4400412
4400523
4400535
4400589
4400595
4400601
4400613
4400628
4400653
4400690
4400725
4400740
4400763
4400790
4400873
4400902
4400902
4400978
4401016
4401065
4401091
4401252
4401274
4401283
4401302
4401311
4401319
4401320
4401375
4401466
4401498
4401549
4401702
4401793
4401803
4401836
4401862
4401923
4401945
4401959
4402060
4402096
4402116
4402233
4402235
4402366
4402379
4402424
4402445
4402508
4402599
4402654
4402724
4402814
4402871
4402916
4402933
4402942
4402975
4403007
4403073
4403095
4403107
4403184
4403222
4403224
4403236
4403250
4403278
4403561
4403591
4403594
4403597
4403613
4403653
4403744
4403887
4403956
4403994
4404009
4404012
4404098
4404154
4404189
4404296
4404301
4404325
4404335
4404409
4404466
4404487
4404682
4404772
4404874
4404876
4404893
4404957
4404959
4405018
4405068
4405077
4405077
4405101
4405153
4405232
4405287
4405336
4405340
4405350
4405355
4405424
4405646
4405669
4405749
4405767
4405883
4405940
4406012
4406078
4406082
4406214
4406320
4406333
4406355
4406456
4406501
4406541
4406585
4406639
4406659
4406692
4406719
4406748
4406781
4406829
4406992
4407012
4407021
4407030
4407091
4407296
4407315
4407320
4407322
4407484
4407505
4407506
4407542
4407563
4407633
4407689
4407720
4407753
4407785
4407810
4407834
4407953
4407988
4407989
4408025
4408034
4408051
4408052
4408144
4408159
4408189
4408241
4408267
4408293
4408325
4408327
4408338
4408365
4408384
4408417
4408417
4408465
4408494
4408505
4408508
4408561
4408575
4408647
4408647
4408660
4408695
4408714
4408756
4408761
4408795
4408806
4408889
4409089
4409115
4409118
4409295
4409307
4409372
4409408
4409515
4409530
4409555
4409556
4409570
4409616
4409640
4409654
4409657
4409739
4409756
4409768
4409849
4409925
4409992
4410019
4410208
4410219
4410229
4410388
4410402
4410430
4410434
4410436
4410458
4410489
4410652
4410734
4410795
4410822
4410853
4410858
4410938
4411003
4411065
4411105
4411129
4411168
4411350
4411354
4411391
4411404
4411612
4411699
4411712
4411768
4411892
4411998
4412002
4412009
4412176
4412207
4412228
4412237
4412267
4412268
4412280
4412290
4412313
4412411
4412414
4412416
4412563
4412651
4412659
4412693
4412780
4413020
4413059
4413143
4413155
4413226
4413301
4413331
4413332
4413402
4413461
4413484
4413621
4413759
4413923
4413945
4414009
4414049
4414053
4414062
4414092
4414118
4414259
4414270
4414373
4414499
4414561
4414660
4414671
4414673
4414735
4414801
4414837
4414871
4414882
4414945
4414971
4414983
4415016
4415016
4415018
4415035
4415078
4415091
4415123
4415142
4415216
4415271
4415448
4415525
4415591
4415635
4415645
4415698
4415707
4415709
4415739
4415807
4415821
4415862
4415868
4415900
4415933
4415982
4416023
4416074
4416076
4416123
4416138
4416223
4416253
4416415
4416478
4416518
4416543
4416582
4416737
4416745
4416788
4416872
4416908
4416911
4417030
4417043
4417061
4417079
4417082
4417132
4417151
4417260
4417282
4417303
4417340
4417372
4417394
4417536
4417548
4417552
4417622
4417747
4417753
4417787
4417815
4417816
4417818
4417855
4417866
4417906
4417939
4417966
4417987
4418030
4418039
4418046
4418101
4418178
4418241
4418260
4418400
4418409
4418465
4418531
4418549
4418585
4418602
4418603
4418605
4418714
4418715
4418725
4418776
4418896
4418919
4418963
4419034
4419056
4419066
4419104
4419205
4419281
4419337
4419404
4419439
4419466
4419520
4419608
4419638
4419674
4419755
4419829
4419840
4419879
4419879
4419896
4419931
4420074
4420098
4420136
4420149
4420164
4420199
4420207
4420269
4420275
4420341
4420429
4420453
4420492
4420544
4420549
4420756
4420800
4420851
4420851
4420990
4421018
4421050
4421062
4421083
4421102
4421140
4421227
4421228
4421278
4421280
4421314
4421321
4421324
4421333
4421405
4421411
4421485
4421494
4421526
4421528
4421566
4421619
4421633
4421636
4421644
4421656
4421702
4421722
4421759
4421834
4421866
4422015
4422066
4422086
4422103
4422127
4422149
4422170
4422177
4422209
4422262
4422268
4422408
4422408
4422420
4422459
4422582
4422602
4422687
4422721
4422741
4422749
4422760
4422804
4422893
4422901
4422909
4422931
4422962
4422977
4423063
4423102
4423168
4423252
4423257
4423330
4423455
4423507
4423519
4423773
4423845
4423933
4423973
4424038
4424048
4424071
4424081
4424084
4424204
4424269
4424269
4424357
4424404
4424416
4424421
4424505
4424514
4424591
4424594
4424826
4424837
4425018
4425033
4425042
4425373
4425383
4425408
4425415
4425415
4425531
4425552
4425648
4425687
4425695
4425724
4425760
4425761
4425776
4425778
4425783
4425795
4425949
4425962
4426005
4426007
4426052
4426090
4426242
4426457
4426458
4426481
4426579
4426667
4426878
4426950
4426950
4427129
4427183
4427300
4427309
4427470
4427486
4427494
4427539
4427563
4427767
4427782
4427868
4427910
4428012
4428246
4428306
4428333
4428350
4428355
4428379
4428381
4428398
4428463
4428486
4428518
4428521
4428566
4428620
4428689
4428723
4428739
4428837
4428849
4428937
4428945
4428985
4429035
4429080
4429134
4429135
4429251
4429282
4429298
4429346
4429352
4429480
4429524
4429564
4429754
4429764
4429812
4429813
4429829
4429836
4429878
4429909
4429911
4429979
4430032
4430038
4430043
4430057
4430148
4430240
4430399
4430430
4430462
4430560
4430655
4430756
4430766
4430805
4430938
4431073
4431082
4431102
4431104
4431137
4431241
4431269
4431303
4431363
4431371
4431416
4431472
4431543
4431550
4431561
4431571
4431595
4431598
4431621
4431741
4432223
4432227
4432239
4432273
4432289
4432291
4432314
4432361
4432369
4432385
4432400
4432482
4432497
4432497
4432714
4432816
4432848
4433198
4433233
4433266
4433360
4433435
4433481
4433538
4433539
4433570
4433591
4433630
4433643
4433659
4433750
4433935
4433935
4433990
4434014
4434028
4434054
4434107
4434121
4434145
4434187
4434264
4434297
4434373
4434409
4434414
4434420
4434425
4434459
4434491
4434550
4434612
4434623
4434674
4434757
4434801
4434920
4434996
4435045
4435183
4435294
4435318
4435345
4435387
4435410
4435497
4435581
4435585
4435609
4435609
4435742
4435756
4435787
4435827
4435905
4435957
4435998
4436066
4436093
4436173
4436244
4436264
4436327
4436352
4436413
4436417
4436451
4436467
4436484
4436528
4436530
4436544
4436582
4436662
4436730
4436772
4436908
4436939
4436978
4437101
4437163
4437183
4437187
4437212
4437221
4437358
4437509
4437512
4437639
4437718
4437731
4437745
4437838
4437862
4437888
4437888
4437934
4437962
4438045
4438163
4438189
4438197
4438235
4438255
4438326
4438385
4438407
4438515
4438575
4438648
4438684
4438694
4438833
4438839
4438850
4438911
4438995
4439026
4439324
4439341
4439377
4439391
4439408
4439421
4439515
4439532
4439547
4439695
4439817
4439852
4439884
4439897
4439922
4439937
4440008
4440061
4440190
4440212
4440226
4440240
4440325
4440338
4440471
4440476
4440517
4440648
4440659
4440752
4440889
4441060
4441088
4441116
4441136
4441324
4441399
4441403
4441560
4441636
4441650
4441712
4441729
4441731
4441898
4442002
4442207
4442314
4442339
4442562
4442576
4442678
4442774
4442800
4443014
4443055
4443072
4443083
4443124
4443125
4443132
4443212
4443221
4443291
4443341
4443403
4443431
4443442
4443472
4443494
4443544
4443550
4443569
4443688
4443766
4443954
4443997
4444001
4444002
4444012
4444014
4444037
4444061
4444081
4444087
4444142
4444191
4444245
4444262
4444351
4444409
4444472
4444521
4444549
4444556
4444598
4444615
4444650
4444680
4444857
4444903
4445054
4445064
4445067
4445076
4445210
4445289
4445344
4445415
4445508
4445520
4445580
4445596
4445598
4445623
4445643
4445661
4445688
4445742
4445802
4445813
4445814
4445844
4445876
4445879
4445885
4445998
4446026
4446134
4446327
4446340
4446352
4446366
4446470
4446482
4446547
4446817
4446944
4447047
4447066
4447103
4447150
4447182
4447252
4447275
4447295
4447308
4447335
4447509
4447518
4447529
4447534
4447543
4447557
4447574
4447600
4447603
4447676
4447722
4447744
4447829
4447980
4448037
4448045
4448047
4448198
4448294
4448323
4448360
4448415
4448525
4448605
4448630
4448665
4448711
4448856
4448858
4448873
4448913
4448926
4448938
4448943
4449139
4449183
4449210
4449310
4449318
4449536
4449637
4449651
4449658
4449675
4449797
4449893
4449931
4450035
4450071
4450077
4450175
4450262
4450309
4450400
4450411
4450440
4450453
4450454
4450510
4450567
4450650
4450758
4450918
4450948
4450959
4450985
4451056
4451155
4451214
4451223
4451259
4451262
4451265
4451354
4451434
4451470
4451527
4451530
4451570
4451589
4451692
4451769
4451884
4451892
4451906
4452006
4452015
4452024
4452153
4452242
4452270
4452305
4452372
4452385
4452412
4452445
4452450
4452514
4452537
4452549
4452555
4452590
4452737
4452773
4452794
4452800
4452871
4452956
4452959
4452966
4452985
4453033
4453129
4453309
4453345
4453362
4453400
4453547
4453609
4453644
4453721
4453732
4453744
4453830
4453843
4453905
4453921
4453940
4453989
4454057
4454114
4454205
4454259
4454287
4454348
4454540
4454566
4454589
4454602
4454764
4454839
4454865
4454934
4454957
4455015
4455024
4455084
4455095
4455130
4455139
4455215
4455313
4455363
4455458
4455458
4455544
4455552
4455693
4455700
4455809
4455879
4455891
4455972
4456154
4456166
4456176
4456228
4456249
4456320
4456321
4456568
4456659
4456687
4456702
4456709
4456717
4456728
4456858
4456858
4456884
4456926
4456939
4457044
4457113
4457129
4457156
4457259
4457261
4457284
4457322
4457325
4457384
4457487
4457488
4457512
4457727
4457758
4457759
4457767
4457861
4457911
4457973
4457989
4458010
4458080
4458094
4458098
4458100
4458142
4458144
4458193
4458233
4458238
4458323
4458330
4458359
4458389
4458525
4458571
4458586
4458646
4458676
4458776
4458788
4458831
4458853
4458853
4458864
4458890
4458901
4458998
4459000
4459076
4459124
4459136
4459146
4459202
4459215
4459272
4459359
4459375
4459402
4459513
4459547
4459626
4459655
4459657
4459667
4459688
4459691
4459809
4459830
4459853
4459871
4459993
4460045
4460069
4460072
4460091
4460233
4460244
4460248
4460279
4460306
4460322
4460380
4460402
4460494
4460570
4460572
4460583
4460585
4460597
4460725
4460736
4460772
4460785
4460874
4460922
4460930
4461033
4461073
4461118
4461137
4461199
4461226
4461232
4461244
4461267
4461327
4461343
4461408
4461436
4461443
4461457
4461458
4461474
4461573
4461786
4461924
4461930
4461948
4461971
4461977
4462034
4462100
4462168
4462171
4462193
4462234
4462294
4462363
4462397
4462423
4462452
4462469
4462476
4462521
4462533
4462575
4462633
4462663
4462783
4462796
4462937
4462954
4463011
4463026
4463030
4463089
4463115
4463177
4463224
4463234
4463246
4463257
4463420
4463437
4463497
4463549
4463679
4463692
4463867
4463868
4463907
4463924
4463968
4464044
4464143
4464177
4464245
4464261
4464336
4464408
4464416
4464443
4464451
4464480
4464575
4464619
4464681
4464701
4464705
4464794
4464801
4464849
4464908
4465015
4465138
4465157
4465159
4465308
4465324
4465395
4465454
4465510
4465526
4465544
4465710
4465734
4465830
4465898
4465913
4465979
4466026
4466080
4466131
4466189
4466291
4466337
4466395
4466452
4466646
4466661
4466694
4466717
4466841
4466864
4466927
4466932
4466935
4466988
4467094
4467098
4467108
4467150
4467203
4467215
4467240
4467332
4467381
4467419
4467485
4467511
4467563
4467601
4467646
4467717
4467768
4467852
4467872
4467917
4467951
4467952
4468042
4468052
4468064
4468077
4468101
4468144
4468207
4468208
4468219
4468228
4468254
4468269
4468277
4468285
4468309
4468323
4468333
4468390
4468457
4468459
4468466
4468567
4468583
4468598
4468661
4468702
4468764
4468832
4468888
4468992
4469034
4469040
4469057
4469061
4469079
4469086
4469120
4469154
4469183
4469186
4469362
4469379
4469452
4469453
4469586
4469629
4469642
4469706
4469715
4469849
4469940
4469965
4470013
4470033
4470077
4470159
4470176
4470199
4470201
4470258
4470265
4470339
4470412
4470424
4470463
4470487
4470518
4470675
4470714
4470795
4470862
4471035
4471052
4471056
4471066
4471072
4471182
4471187
4471225
4471356
4471362
4471380
4471466
4471549
4471649
4471678
4471749
4471756
4471782
4471790
4471796
4471832
4471858
4471868
4471970
4472003
4472026
4472084
4472087
4472160
4472218
4472236
4472336
4472380
4472416
4472416
4472424
4472470
4472538
4472546
4472576
4472643
4472688
4472698
4472731
4472762
4472814
4472937
4472954
4472965
4472974
4472988
4473015
4473016
4473021
4473101
4473117
4473223
4473315
4473364
4473397
4473416
4473443
4473457
4473518
4473558
4473600
4473647
4473651
4473686
4473752
4473817
4473834
4473842
4474021
4474036
4474103
4474240
4474246
4474253
4474278
4474416
4474424
4474431
4474524
4474539
4474552
4474575
4474596
4474615
4474732
4474800
4474823
4474829
4474834
4474920
4474935
4475077
4475115
4475147
4475233
4475344
4475415
4475422
4475466
4475598
4475642
4475707
4475734
4475831
4475858
4475876
4475884
4475964
4475986
4476008
4476012
4476114
4476168
4476289
4476307
4476325
4476337
4476361
4476413
4476660
4476734
4476792
4476807
4476812
4476832
4476847
4476899
4476960
4477078
4477157
4477204
4477269
4477361
4477375
4477438
4477445
4477445
4477461
4477487
4477519
4477573
4477616
4477632
4477702
4477812
4477904
4477907
4477960
4478056
4478108
4478120
4478140
4478339
4478479
4478480
4478575
4478600
4478614
4478614
4478643
4478660
4478702
4478813
4478822
4478920
4478922
4478984
4479014
4479136
4479152
4479182
4479182
4479192
4479237
4479275
4479350
4479471
4479514
4479541
4479564
4479579
4479581
4479603
4479662
4479676
4479719
4479737
4479874
4479946
4479950
4480028
4480070
4480111
4480357
4480418
4480442
4480530
4480583
4480628
4480657
4480674
4480769
4480775
4480784
4480796
4480801
4480910
4481102
4481167
4481323
4481348
4481351
4481357
4481367
4481394
4481473
4481560
4481690
4481693
4481869
4481891
4481913
4481928
4481983
4482011
4482040
4482102
4482225
4482272
4482373
4482421
4482459
4482491
4482534
4482599
4482660
4482688
4482709
4482739
4482815
4482866
4482902
4482958
4483168
4483188
4483225
4483256
4483265
4483355
4483365
4483445
4483506
4483511
4483555
4483631
4483722
4484052
4484062
4484132
4484203
4484227
4484260
4484374
4484453
4484495
4484614
4484634
4484664
4484739
4484760
4484778
4484846
4484932
4484962
4484970
4485042
4485049
4485129
4485167
4485192
4485218
4485252
4485299
4485372
4485436
4485440
4485463
4485465
4485508
4485557
4485622
4485765
4485936
4486041
4486060
4486109
4486171
4486237
4486251
4486422
4486432
4486434
4486470
4486477
4486498
4486539
4486551
4486621
4486633
4486638
4486663
4486795
4486798
4486816
4486872
4486892
4486907
4486935
4486998
4487103
4487128
4487179
4487213
4487223
4487301
4487325
4487326
4487448
4487492
4487502
4487524
4487573
4487614
4487718
4487741
4487747
4487796
4487871
4487880
4487880
4487910
4487932
4488002
4488031
4488125
4488142
4488172
4488173
4488345
4488411
4488631
4488663
4488729
4488777
4488836
4488842
4488846
4488870
4488884
4488960
4489000
4489016
4489086
4489143
4489209
4489308
4489324
4489407
4489570
4489612
4489659
4489697
4489740
4489854
4489873
4489879
4490044
4490126
4490221
4490222
4490308
4490349
4490393
4490679
4490827
4490836
4490873
4490875
4490965
4490966
4490968
4491082
4491102
4491104
4491189
4491191
4491196
4491227
4491260
4491301
4491464
4491472
4491485
4491543
4491567
4491661
4491698
4491772
4491778
4491787
4491808
4491812
4491848
4491850
4491892
4491922
4491942
4492019
4492046
4492118
4492149
4492156
4492225
4492302
4492316
4492372
4492393
4492417
4492577
4492603
4492679
4492772
4492785
4492790
4492819
4492870
4493047
4493062
4493092
4493099
4493100
4493110
4493174
4493194
4493290
4493293
4493311
4493448
4493469
4493504
4493556
4493564
4493736
4493762
4493830
4493936
4493987
4494036
4494094
4494166
4494315
4494385
4494450
4494529
4494556
4494598
4494686
4494723
4494756
4494763
4494787
4494800
4494816
4494820
4494903
4494979
4494991
4495057
4495118
4495129
4495154
4495294
4495345
4495385
4495403
4495412
4495433
4495439
4495595
4495606
4495641
4495679
4495735
4495737
4495751
4495811
4495881
4496009
4496151
4496171
4496171
4496261
4496293
4496381
4496388
4496450
4496495
4496497
4496547
4496680
4496709
4496722
4496759
4496803
4496803
4496829
4496924
4496983
4497038
4497215
4497222
4497228
4497247
4497261
4497339
4497386
4497516
4497535
4497541
4497557
4497584
4497688
4497701
4497706
4497791
4497798
4497903
4497904
4497911
4497924
4497924
4498029
4498049
4498115
4498209
4498334
4498361
4498363
4498390
4498405
4498427
4498462
4498509
4498521
4498553
4498714
4498722
4498866
4498909
4498971
4498993
4499003
4499070
4499080
4499160
4499181
4499196
4499197
4499283
4499307
4499339
4499346
4499387
4499481
4499487
4499508
4499581
4499719
4499766
4499832
4499859
4499902
4499919
4499997
4500003
4500048
4500060
4500114
4500142
4500191
4500215
4500302
4500317
4500323
4500333
4500351
4500362
4500375
4500384
4500494
4500558
4500580
4500608
4500680
4500811
4500815
4500825
4500855
4500899
4500927
4500931
4500997
4501139
4501168
4501170
4501262
4501324
4501331
4501416
4501474
4501479
4501533
4501598
4501619
4501708
4501739
4501847
4501967
4502042
4502049
4502092
4502100
4502105
4502141
4502171
4502249
4502306
4502399
4502426
4502450
4502501
4502521
4502572
4502708
4502926
4503012
4503191
4503280
4503305
4503346
4503461
4503470
4503475
4503533
4503685
4503797
4503823
4503854
4503875
4503998
4504072
4504083
4504110
4504133
4504173
4504202
4504207
4504282
4504325
4504365
4504428
4504469
4504547
4504605
4504664
4504754
4504778
4504838
4504847
4504880
4504896
4504942
4504971
4505040
4505057
4505092
4505140
4505178
4505213
4505218
4505382
4505467
4505469
4505474
4505521
4505620
4505622
4505695
4505726
4505739
4505754
4505767
4505878
4505911
4505991
4506119
4506185
4506213
4506226
4506235
4506268
4506304
4506370
4506430
4506477
4506502
4506519
4506553
4506607
4506627
4506663
4506671
4506727
4506730
4506749
4506789
4506841
4506859
4506936
4506963
4507025
4507100
4507125
4507143
4507154
4507159
4507238
4507261
4507284
4507330
4507358
4507360
4507420
4507467
4507503
4507515
4507598
4507735
4507823
4507887
4507891
4507987
4508020
4508024
4508079
4508160
4508237
4508353
4508365
4508369
4508464
4508491
4508577
4508593
4508784
4508833
4509037
4509044
4509194
4509229
4509242
4509400
4509417
4509509
4509707
4509800
4509848
4509924
4509930
4509978
4509991
4510040
4510117
4510137
4510306
4510324
4510334
4510529
4510615
4510655
4510698
4510705
4510707
4510737
4510768
4510852
4510860
4510904
4510916
4510939
4511020
4511131
4511186
4511454
4511616
4511651
4511747
4511750
4511902
4511935
4511963
4512080
4512121
4512222
4512305
4512429
4512429
4512459
4512465
4512469
4512503
4512537
4512547
4512572
4512616
4512660
4512742
4512810
4512868
4512941
4512986
4513046
4513114
4513115
4513152
4513189
4513216
4513245
4513256
4513262
4513270
4513391
4513548
4513593
4513607
4513643
4513666
4513809
4513810
4513839
4513900
4513989
4513994
4514061
4514070
4514128
4514146
4514183
4514303
4514351
4514398
4514493
4514609
4514637
4514830
4514845
4514857
4514908
4514914
4515045
4515047
4515133
4515180
4515310
4515340
4515363
4515394
4515461
4515471
4515484
4515492
4515496
4515507
4515559
4515606
4515643
4515645
4515685
4515747
4515771
4515875
4515933
4515964
4515986
4516180
4516185
4516188
4516295
4516393
4516418
4516428
4516469
4516475
4516616
4516696
4516803
4516806
4516828
4516882
4516885
4516944
4517002
4517003
4517119
4517150
4517278
4517296
4517311
4517495
4517528
4517536
4517567
4517571
4517618
4517625
4517631
4517649
4517691
4517712
4517880
4517909
4518001
4518072
4518218
4518249
4518327
4518345
4518404
4518454
4518484
4518490
4518541
4518552
4518667
4518688
4518697
4518782
4518884
4518885
4518901
4518908
4518918
4518976
4519007
4519028
4519037
4519089
4519099
4519140
4519255
4519263
4519289
4519314
4519325
4519354
4519365
4519553
4519560
4519566
4519629
4519672
4519686
4519693
4519703
4519761
4519769
4519853
4519855
4519863
4519892
4519935
4519999
4520053
4520056
4520071
4520114
4520139
4520218
4520282
4520286
4520374
4520532
4520547
4520553
4520681
4520701
4520754
4520885
4520895
4520935
4521036
4521128
4521205
4521225
4521228
4521246
4521365
4521420
4521426
4521477
4521492
4521600
4521641
4521699
4521854
4521907
4522097
4522130
4522137
4522146
4522153
4522195
4522211
4522568
4522628
4522725
4522738
4522808
4522855
4522861
4522876
4522894
4523133
4523155
4523259
4523280
4523302
4523331
4523370
4523388
4523465
4523521
4523555
4523639
4523677
4523696
4523806
4523950
4524000
4524123
4524125
4524127
4524129
4524164
4524205
4524211
4524212
4524243
4524262
4524270
4524276
4524306
4524333
4524502
4524541
4524642
4524650
4524698
4524702
4524724
4524734
4524774
4524861
4524919
4524983
4525008
4525070
4525081
4525150
4525176
4525221
4525319
4525332
4525369
4525506
4525626
4525680
4525748
4525758
4525786
4525838
4525872
4525874
4525904
4525938
4525992
4526010
4526031
4526097
4526118
4526132
4526133
4526171
4526201
4526314
4526411
4526423
4526496
4526501
4526510
4526535
4526686
4526747
4526776
4526777
4526823
4527031
4527144
4527153
4527265
4527409
4527512
4527530
4527578
4527597
4527610
4527658
4527699
4527721
4527755
4527780
4527786
4527806
4527878
4527984
4528017
4528023
4528146
4528164
4528222
4528295
4528424
4528528
4528535
4528617
4528624
4528665
4528691
4528786
4528797
4528930
4528951
4529002
4529033
4529059
4529216
4529342
4529346
4529403
4529451
4529529
4529603
4529610
4529648
4529665
4529729
4529803
4529967
4530066
4530081
4530214
4530241
4530300
4530311
4530354
4530400
4530431
4530518
4530520
4530723
4530732
4530790
4530811
4530825
4530912
4530953
4530964
4530971
4531082
4531086
4531162
4531184
4531259
4531269
4531288
4531291
4531328
4531406
4531445
4531446
4531503
4531540
4531552
4531580
4531598
4531600
4531609
4531665
4531732
4531743
4531773
4531814
4531828
4531946
4531951
4531990
4532025
4532045
4532047
4532074
4532076
4532098
4532120
4532175
4532195
4532212
4532343
4532351
4532351
4532362
4532402
4532438
4532480
4532518
4532529
4532584
4532595
4532602
4532624
4532661
4532846
4532914
4532919
4532929
4533038
4533126
4533184
4533332
4533347
4533401
4533423
4533429
4533448
4533460
4533477
4533601
4533622
4533643
4533659
4533686
4533721
4533782
4533904
4533933
4533936
4533988
4534023
4534053
4534055
4534087
4534234
4534248
4534290
4534389
4534415
4534593
4534664
4534734
4534738
4534784
4534821
4534854
4534865
4534881
4534915
4534937
4534953
4534993
4535066
4535092
4535118
4535145
4535161
4535163
4535173
4535205
4535262
4535269
4535293
4535425
4535441
4535459
4535536
4535618
4535664
4535712
4535714
4535969
4536001
4536054
4536058
4536224
4536391
4536420
4536509
4536629
4536727
4536766
4536785
4536882
4536970
4537022
4537032
4537101
4537276
4537300
4537317
4537328
4537557
4537603
4537639
4537652
4537660
4537664
4537689
4537841
4537853
4537972
4538007
4538014
4538044
4538057
4538208
4538221
4538298
4538347
4538365
4538408
4538461
4538477
4538498
4538538
4538566
4538671
4538673
4538779
4538780
4538920
4538943
4539016
4539054
4539055
4539070
4539076
4539080
4539111
4539127
4539136
4539190
4539205
4539294
4539364
4539382
4539397
4539404
4539429
4539482
4539494
4539529
4539550
4539573
4539630
4539676
4539777
4539897
4539925
4540024
4540136
4540155
4540171
4540195
4540241
4540301
4540303
4540381
4540516
4540574
4540613
4540618
4540620
4540686
4540689
4540689
4540751
4540780
4540984
4541006
4541021
4541145
4541192
4541269
4541339
4541346
4541353
4541433
4541489
4541519
4541590
4541600
4541733
4541765
4541813
4541826
4541844
4541871
4541942
4542116
4542193
4542215
4542249
4542281
4542293
4542377
4542439
4542450
4542466
4542508
4542556
4542568
4542717
4542737
4542740
4542760
4542785
4542790
4542935
4542992
4543105
4543112
4543114
4543133
4543166
4543200
4543287
4543371
4543372
4543399
4543491
4543632
4543642
4543664
4543715
4543730
4543858
4543872
4543892
4543904
4544016
4544017
4544125
4544193
4544276
4544328
4544386
4544446
4544459
4544491
4544556
4544579
4544689
4544689
4544728
4544769
4544797
4544832
4544882
4544893
4545079
4545085
4545129
4545232
4545296
4545337
4545376
4545386
4545445
4545480
4545495
4545574
4545630
4545811
4545869
4545871
4545883
4545892
4545943
4545970
4546007
4546021
4546070
4546135
4546138
4546197
4546207
4546270
4546304
4546389
4546454
4546458
4546593
4546749
4546879
4546941
4546968
4546986
4547020
4547026
4547044
4547049
4547100
4547125
4547244
4547266
4547314
4547334
4547358
4547381
4547384
4547447
4547644
4547661
4547763
4547804
4547818
4547822
4547964
4547968
4548015
4548043
4548071
4548119
4548145
4548156
4548247
4548317
4548352
4548421
4548462
4548511
4548567
4548631
4548648
4548648
4548722
4548851
4548866
4548868
4548988
4548992
4548998
4549047
4549155
4549237
4549246
4549323
4549461
4549628
4549660
4549671
4549712
4549725
4549973
4549976
4550031
4550058
4550081
4550093
4550113
4550121
4550130
4550159
4550235
4550270
4550272
4550311
4550329
4550351
4550359
4550434
4550481
4550512
4550530
4550567
4550714
4550716
4550731
4550745
4550875
4550934
4550994
4551017
4551086
4551140
4551290
4551384
4551448
4551464
4551512
4551520
4551644
4551659
4551667
4551677
4551783
4551820
4551922
4552012
4552073
4552102
4552126
4552178
4552184
4552219
4552245
4552310
4552377
4552454
4552461
4552546
4552603
4552616
4552638
4552736
4552748
4552773
4552790
4552810
4552812
4552813
4552860
4552881
4552950
4553109
4553142
4553171
4553183
4553227
4553269
4553333
4553397
4553559
4553610
4553713
4553822
4553841
4553873
4554012
4554022
4554022
4554035
4554036
4554039
4554095
4554109
4554129
4554150
4554161
4554167
4554169
4554201
4554252
4554260
4554278
4554320
4554335
4554369
4554375
4554381
4554385
4554398
4554400
4554427
4554607
4554640
4554650
4554654
4554659
4554669
4554809
4554816
4554821
4554825
4554889
4554908
4554946
4555103
4555114
4555135
4555172
4555262
4555314
4555352
4555358
4555358
4555441
4555530
4555541
4555548
4555592
4555643
4555705
4555727
4555844
4555861
4555943
4556014
4556021
4556039
4556053
4556056
4556082
4556135
4556216
4556326
4556389
4556437
4556468
4556512
4556514
4556554
4556555
4556580
4556592
4556634
4556640
4556679
4556704
4556765
4556841
4556953
4557003
4557035
4557116
4557243
4557253
4557296
4557297
4557419
4557449
4557512
4557541
4557548
4557609
4557611
4557614
4557672
4557721
4557786
4557799
4557811
4557831
4557847
4557946
4557946
4557955
4557998
4558007
4558014
4558018
4558021
4558070
4558122
4558205
4558236
4558256
4558347
4558372
4558377
4558408
4558462
4558489
4558498
4558498
4558509
4558697
4558819
4558836
4558848
4558863
4559015
4559024
4559071
4559076
4559087
4559156
4559189
4559270
4559296
4559305
4559367
4559375
4559633
4559669
4559687
4559830
4559908
4559911
4559946
4559947
4559975
4560058
4560130
4560203
4560230
4560231
4560312
4560366
4560479
4560539
4560561
4560600
4560707
4560743
4560802
4560821
4560825
4560947
4560964
4560965
4560979
4561042
4561069
4561081
4561103
4561131
4561274
4561349
4561360
4561471
4561503
4561567
4561617
4561761
4561909
4561956
4561989
4562096
4562112
4562118
4562162
4562166
4562191
4562259
4562284
4562311
4562373
4562416
4562419
4562423
4562439
4562474
4562495
4562532
4562604
4562701
4562732
4562788
4562813
4562816
4562884
4562952
4562966
4562978
4562998
4563111
4563131
4563156
4563277
4563370
4563380
4563382
4563472
4563634
4563641
4563718
4563730
4563760
4563818
4563839
4563876
4564010
4564276
4564366
4564455
4564557
4564648
4564758
4564791
4564857
4564875
4564879
4564885
4564900
4564943
4564956
4564958
4564970
4564978
4565050
4565056
4565238
4565302
4565317
4565322
4565456
4565491
4565518
4565549
4565568
4565616
4565629
4565634
4565644
4565716
4565787
4565829
4565910
4565929
4566078
4566114
4566195
4566196
4566226
4566233
4566288
4566345
4566356
4566361
4566431
4566523
4566542
4566542
4566560
4566584
4566650
4566690
4566719
4566730
4566924
4566970
4567000
4567026
4567070
4567119
4567133
4567141
4567152
4567176
4567181
4567190
4567196
4567214
4567349
4567370
4567395
4567443
4567499
4567534
4567724
4567807
4567943
4567965
4567973
4568036
4568226
4568308
4568308
4568327
4568332
4568398
4568466
4568482
4568572
4568625
4568625
4568647
4568690
4568697
4568699
4568814
4568841
4569017
4569047
4569108
4569118
4569154
4569182
4569223
4569274
4569356
4569431
4569436
4569436
4569444
4569444
4569554
4569605
4569773
4569838
4569990
4570026
4570033
4570098
4570154
4570177
4570227
4570320
4570459
4570490
4570504
4570519
4570630
4570705
4570723
4570784
4570833
4570972
4571120
4571241
4571279
4571310
4571399
4571465
4571506
4571570
4571585
4571610
4571733
4571897
4572019
4572050
4572051
4572166
4572210
4572233
4572293
4572361
4572370
4572383
4572541
4572615
4572688
4572706
4572936
4572976
4573141
4573145
4573202
4573276
4573306
4573590
4573626
4573638
4573675
4573725
4573758
4573786
4573822
4573824
4573850
4573851
4573914
4573944
4574099
4574167
4574332
4574357
4574387
4574443
4574487
4574739
4574833
4574848
4574912
4574947
4574951
4574958
4575059
4575070
4575072
4575083
4575097
4575206
4575259
4575328
4575391
4575393
4575443
4575446
4575693
4575791
4575803
4575930
4575952
4575975
4575993
4576100
4576104
4576128
4576157
4576283
4576313
4576342
4576386
4576420
4576441
4576447
4576473
4576522
4576533
4576561
4576604
4576611
4576656
4576700
4576749
4576796
4576838
4576882
4576888
4576992
4577044
4577078
4577085
4577103
4577217
4577222
4577311
4577320
4577322
4577352
4577475
4577523
4577550
4577567
4577609
4577628
4577633
4577634
4577752
4577798
4577924
4577977
4577998
4578042
4578196
4578334
4578372
4578390
4578448
4578487
4578493
4578502
4578511
4578607
4578640
4578649
4578800
4578892
4579018
4579074
4579088
4579118
4579123
4579134
4579141
4579186
4579217
4579281
4579318
4579327
4579360
4579369
4579439
4579452
4579811
4579989
4580132
4580293
4580339
4580357
4580398
4580411
4580472
4580482
4580536
4580710
4580824
4580826
4580833
4580833
4580834
4580879
4580894
4580952
4580980
4580987
4581087
4581124
4581154
4581179
4581183
4581191
4581274
4581275
4581326
4581346
4581378
4581400
4581441
4581461
4581482
4581486
4581543
4581547
4581591
4581610
4581669
4581760
4581843
4582047
4582063
4582108
4582150
4582240
4582365
4582407
4582590
4582727
4582779
4582953
4583039
4583050
4583077
4583112
4583209
4583247
4583309
4583326
4583340
4583374
4583406
4583409
4583421
4583422
4583423
4583533
4583553
4583720
4583796
4583809
4583823
4583836
4583957
4584031
4584070
4584071
4584073
4584179
4584239
4584305
4584337
4584344
4584412
4584425
4584582
4584602
4584631
4584662
4584716
4584717
4584742
4584847
4584874
4584987
4585032
4585078
4585145
4585160
4585242
4585336
4585402
4585443
4585564
4585573
4585597
4585678
4585733
4585811
4585870
4585909
4585999
4586028
4586050
4586058
4586069
4586149
4586245
4586258
4586367
4586372
4586425
4586455
4586563
4586571
4586598
4586605
4586664
4586702
4586712
4586728
4586745
4586746
4586765
4586815
4586827
4586832
4586843
4586873
4586968
4587038
4587151
4587209
4587268
4587282
4587305
4587311
4587320
4587351
4587367
4587371
4587401
4587403
4587414
4587426
4587436
4587476
4587646
4587927
4587931
4588007
4588007
4588030
4588065
4588096
4588156
4588185
4588216
4588314
4588327
4588371
4588418
4588418
4588453
4588461
4588484
4588488
4588500
4588571
4588618
4588655
4588663
4588666
4588704
4588720
4588722
4588725
4588763
4588773
4588826
4588853
4588873
4589204
4589216
4589315
4589374
4589386
4589431
4589583
4589638
4589663
4589712
4589763
4589772
4589789
4589887
4589895
4589949
4589984
4589992
4590168
4590201
4590227
4590247
4590369
4590373
4590374
4590437
4590466
4590468
4590542
4590548
4590725
4590729
4590811
4590841
4590850
4591019
4591034
4591083
4591098
4591112
4591116
4591135
4591315
4591404
4591519
4591620
4591645
4591684
4591688
4591708
4591848
4591860
4591875
4591879
4591890
4591910
4591941
4592120
4592146
4592176
4592187
4592190
4592260
4592306
4592319
4592343
4592349
4592575
4592669
4592676
4592690
4592723
4592736
4592744
4592755
4592803
4592853
4593011
4593093
4593194
4593215
4593219
4593220
4593265
4593342
4593367
4593415
4593436
4593481
4593484
4593494
4593510
4593601
4593628
4593681
4593710
4593734
4593744
4593854
4593919
4593981
4594038
4594050
4594064
4594071
4594080
4594087
4594122
4594172
4594275
4594325
4594476
4594582
4594635
4594717
4594824
4594833
4594833
4594836
4594876
4594933
4594945
4594956
4594976
4594980
4595086
4595109
4595118
4595190
4595217
4595221
4595268
4595387
4595403
4595476
4595521
4595553
4595607
4595610
4595612
4595655
4595668
4595692
4595694
4595705
4595739
4595839
4595969
4596007
4596008
4596091
4596125
4596339
4596340
4596353
4596386
4596425
4596441
4596502
4596562
4596618
4596659
4596684
4596711
4597032
4597033
4597081
4597127
4597152
4597158
4597159
4597191
4597367
4597452
4597479
4597594
4597641
4597691
4597705
4597862
4598228
4598270
4598283
4598284
4598334
4598480
4598663
4598672
4598739
4598796
4598796
4598819
4598831
4598846
4598931
4598945
4598968
4599054
4599070
4599097
4599151
4599216
4599264
4599369
4599439
4599583
4599587
4599706
4599858
4599871
4599900
4599909
4599911
4599931
4599935
4600090
4600141
4600172
4600230
4600236
4600247
4600267
4600313
4600324
4600483
4600484
4600520
4600528
4600563
4600574
4600584
4600584
4600691
4600695
4600710
4600744
4600815
4600893
4600912
4600915
4601014
4601100
4601225
4601273
4601279
4601382
4601428
4601428
4601435
4601495
4601574
4601615
4601658
4601686
4601747
4601810
4601855
4601879
4601953
4601962
4601963
4602004
4602028
4602041
4602085
4602164
4602192
4602203
4602212
4602251
4602269
4602310
4602341
4602353
4602364
4602396
4602506
4602546
4602663
4602713
4602773
4602792
4602809
4602832
4602839
4602879
4602979
4603107
4603120
4603155
4603221
4603222
4603336
4603360
4603383
4603419
4603555
4603556
4603561
4603583
4603584
4603654
4603696
4603717
4603804
4603804
4603887
4603897
4603909
4603937
4603947
4603969
4604033
4604067
4604075
4604158
4604162
4604310
4604376
4604410
4604457
4604511
4604556
4604569
4604590
4604598
4604627
4604646
4604668
4604767
4604809
4604848
4604848
4604882
4605022
4605028
4605091
4605095
4605187
4605214
4605231
4605253
4605306
4605342
4605343
4605373
4605419
4605434
4605461
4605508
4605573
4605585
4605599
4605625
4605699
4605755
4605860
4605872
4605901
4605912
4605916
4605937
4606093
4606101
4606147
4606230
4606238
4606239
4606392
4606441
4606536
4606551
4606606
4606646
4606691
4606717
4606813
4606818
4606830
4606884
4606925
4606961
4606988
4607011
4607042
4607056
4607261
4607270
4607312
4607386
4607480
4607488
4607607
4607733
4607738
4607810
4607816
4607844
4607847
4607849
4607886
4607899
4607974
4607984
4608017
4608046
4608181
4608251
4608262
4608277
4608374
4608417
4608461
4608462
4608485
4608510
4608543
4608561
4608582
4608626
4608724
4608765
4608816
4608902
4608912
4609022
4609102
4609125
4609140
4609146
4609253
4609257
4609262
4609267
4609344
4609345
4609358
4609392
4609397
4609445
4609666
4609723
4609822
4609854
4609917
4609934
4609957
4609992
4609992
4609992
4610084
4610122
4610152
4610184
4610241
4610277
4610281
4610696
4610732
4610828
4610963
4611060
4611098
4611103
4611261
4611358
4611396
4611399
4611448
4611502
4611504
4611583
4611595
4611602
4611655
4611672
4611709
4611714
4611714
4611742
4611800
4611864
4611875
4611879
4611927
4611948
4612050
4612088
4612104
4612136
4612218
4612304
4612325
4612390
4612481
4612505
4612533
4612552
4612587
4612596
4612682
4612762
4612777
4612794
4612821
4612834
4612857
4612898
4612969
4612986
4613124
4613129
4613149
4613156
4613173
4613181
4613195
4613310
4613380
4613430
4613548
4613618
4613643
4613659
4613686
4613694
4613716
4613728
4613765
4613772
4613865
4613895
4614024
4614096
4614097
4614130
4614162
4614232
4614260
4614348
4614410
4614498
4614555
4614585
4614605
4614643
4614695
4614763
4614825
4614832
4614867
4614916
4614952
4614959
4615157
4615161
4615182
4615322
4615349
4615352
4615357
4615388
4615417
4615417
4615513
4615551
4615553
4615619
4615626
4615688
4615721
4615738
4615768
4615831
4615905
4616005
4616028
4616040
4616050
4616099
4616116
4616192
4616202
4616206
4616217
4616405
4616435
4616438
4616468
4616562
4616564
4616681
4616760
4616882
4616920
4616963
4617023
4617102
4617108
4617132
4617161
4617218
4617269
4617330
4617369
4617386
4617403
4617481
4617504
4617563
4617664
4617726
4617761
4617794
4617798
4617805
4617811
4617840
4617893
4617921
4618171
4618196
4618220
4618255
4618289
4618295
4618369
4618459
4618492
4618557
4618603
4618619
4618688
4618706
4618720
4618820
4618822
4618826
4618829
4619022
4619027
4619055
4619087
4619092
4619219
4619244
4619282
4619296
4619390
4619428
4619445
4619525
4619732
4619779
4619899
4619949
4619958
4620003
4620032
4620126
4620138
4620145
4620200
4620209
4620233
4620233
4620238
4620240
4620246
4620281
4620364
4620444
4620564
4620626
4620630
4620650
4620674
4620705
4620751
4620829
4620900
4620916
4620955
4620963
4620986
4620995
4621065
4621137
4621138
4621166
4621207
4621306
4621324
4621389
4621399
4621438
4621471
4621496
4621532
4621546
4621551
4621607
4621610
4621653
4621875
4621876
4621883
4621902
4621959
4621979
4622056
4622110
4622152
4622165
4622174
4622241
4622254
4622313
4622371
4622592
4622660
4622729
4622784
4622843
4622884
4622888
4622924
4623062
4623090
4623183
4623211
4623213
4623232
4623280
4623288
4623393
4623401
4623524
4623572
4623590
4623635
4623758
4623785
4623794
4623808
4623810
4623845
4623873
4623877
4623911
4623914
4623931
4623973
4624126
4624161
4624219
4624223
4624228
4624236
4624268
4624294
4624379
4624423
4624510
4624532
4624547
4624594
4624666
4624731
4624757
4624766
4624796
4624814
4624819
4624876
4624929
4624960
4625054
4625082
4625145
4625162
4625186
4625312
4625364
4625392
4625448
4625467
4625486
4625567
4625573
4625597
4625599
4625621
4625636
4625670
4625742
4625751
4625840
4625981
4625987
4626007
4626034
4626081
4626102
4626156
4626158
4626275
4626307
4626336
4626351
4626358
4626483
4626515
4626516
4626618
4626632
4626687
4626782
4626899
4626968
4627084
4627147
4627290
4627294
4627395
4627559
4627589
4627629
4627665
4627702
4627709
4627932
4628016
4628026
4628083
4628158
4628224
4628259
4628284
4628343
4628381
4628426
4628558
4628606
4628636
4628681
4628761
4628864
4629209
4629290
4629311
4629414
4629442
4629447
4629456
4629501
4629638
4629672
4629707
4629779
4629854
4629909
4629981
4629990
4630145
4630164
4630203
4630478
4630566
4630571
4630766
4630820
4630895
4630934
4630935
4630983
4631014
4631049
4631053
4631150
4631217
4631221
4631246
4631256
4631262
4631308
4631312
4631331
4631354
4631357
4631531
4631615
4631615
4631710
4631724
4631724
4631774
4631777
4631800
4631844
4631872
4631911
4631941
4631965
4631972
4631972
4631981
4632018
4632051
4632108
4632110
4632138
4632160
4632203
4632232
4632362
4632408
4632465
4632494
4632532
4632570
4632570
4632637
4632642
4632643
4632674
4632766
4632780
4632844
4632898
4632959
4632975
4632987
4633126
4633167
4633169
4633252
4633307
4633396
4633442
4633519
4633545
4633558
4633730
4633886
4633909
4634029
4634066
4634075
4634096
4634131
4634193
4634233
4634261
4634281
4634285
4634328
4634387
4634398
4634524
4634534
4634546
4634599
4634607
4634766
4634767
4634774
4634808
4634843
4634941
4634949
4634952
4635030
4635076
4635105
4635198
4635245
4635247
4635315
4635422
4635514
4635515
4635525
4635610
4635638
4635737
4635785
4635810
4635865
4635977
4636073
4636075
4636096
4636176
4636215
4636314
4636347
4636470
4636490
4636505
4636519
4636535
4636613
4636625
4636665
4636735
4636788
4636835
4636842
4636880
4636907
4636944
4636967
4636980
4636987
4637009
4637047
4637183
4637464
4637467
4637494
4637499
4637508
4637523
4637570
4637599
4637654
4637739
4637751
4637818
4637871
4637916
4637937
4637967
4637992
4638036
4638051
4638126
4638151
4638208
4638227
4638303
4638417
4638589
4638795
4638804
4638821
4638829
4638835
4638861
4638908
4638967
4638970
4639042
4639043
4639068
4639116
4639138
4639163
4639234
4639294
4639333
4639428
4639524
4639574
4639598
4639688
4639720
4639813
4639836
4639887
4639899
4639937
4639989
4640053
4640235
4640424
4640457
4640508
4640509
4640565
4640565
4640585
4640705
4640707
4640769
4640785
4641068
4641118
4641130
4641141
4641163
4641167
4641275
4641283
4641355
4641382
4641397
4641410
4641472
4641490
4641532
4641586
4641622
4641634
4641674
4641736
4641771
4641777
4641854
4642127
4642240
4642246
4642308
4642349
4642404
4642431
4642434
4642440
4642457
4642492
4642610
4642647
4642696
4642794
4642799
4642909
4643023
4643031
4643077
4643079
4643339
4643346
4643383
4643391
4643424
4643435
4643503
4643503
4643529
4643529
4643596
4643603
4643632
4643687
4643704
4643708
4643818
4643826
4643840
4643952
4644109
4644150
4644210
4644227
4644341
4644429
4644450
4644472
4644560
4644583
4644601
4644658
4644702
4644721
4644770
4644933
4645080
4645089
4645115
4645124
4645149
4645203
4645215
4645241
4645254
4645295
4645325
4645394
4645396
4645416
4645427
4645442
4645445
4645562
4645652
4645692
4645709
4645757
4645780
4645793
4645834
4645858
4645939
4645994
4646024
4646248
4646325
4646386
4646395
4646451
4646474
4646478
4646595
4646689
4646699
4646827
4646864
4646866
4646883
4646895
4646923
4646970
4646990
4646999
4647046
4647104
4647117
4647134
4647317
4647331
4647338
4647366
4647377
4647441
4647481
4647517
4647738
4647748
4647809
4647859
4647892
4647965
4648074
4648108
4648184
4648273
4648342
4648378
4648492
4648506
4648519
4648743
4648835
4648836
4648936
4648951
4648966
4649083
4649108
4649144
4649154
4649239
4649301
4649316
4649382
4649399
4649515
4649560
4649752
4649783
4649807
4649813
4649847
4649872
4649880
4649958
4649981
4650022
4650073
4650073
4650106
4650112
4650310
4650318
4650346
4650351
4650543
4650588
4650631
4650678
4650755
4650780
4650858
4650868
4651040
4651064
4651073
4651112
4651125
4651145
4651321
4651383
4651409
4651425
4651442
4651472
4651558
4651586
4651630
4651654
4651668
4651674
4651682
4651908
4651931
4651948
4651981
4652000
4652032
4652065
4652123
4652221
4652409
4652424
4652453
4652473
4652486
4652508
4652518
4652521
4652522
4652537
4652553
4652630
4652636
4652644
4652657
4652901
4652906
4652950
4652993
4653010
4653055
4653123
4653158
4653160
4653448
4653524
4653556
4653574
4653724
4653803
4653840
4653861
4653963
4653965
4653970
4653971
4654028
4654194
4654340
4654375
4654418
4654464
4654597
4654635
4654658
4654732
4654740
4654743
4654757
4654894
4655014
4655049
4655211
4655290
4655366
4655396
4655437
4655485
4655489
4655492
4655641
4655645
4655668
4655846
4655873
4655921
4655973
4656007
4656047
4656083
4656089
4656124
4656144
4656269
4656269
4656276
4656317
4656437
4656653
4656688
4656844
4656904
4656907
4656912
4656929
4656945
4656956
4657007
4657017
4657018
4657027
4657043
4657071
4657101
4657114
4657119
4657130
4657160
4657175
4657206
4657273
4657306
4657358
4657367
4657569
4657783
4657869
4657938
4657979
4658021
4658029
4658057
4658121
4658157
4658162
4658170
4658175
4658349
4658390
4658430
4658452
4658509
4658537
4658600
4658670
4658693
4658695
4658718
4658739
4658790
4658814
4658838
4658870
4658904
4658907
4658972
4658995
4659028
4659063
4659084
4659231
4659263
4659264
4659381
4659391
4659419
4659426
4659430
4659432
4659447
4659488
4659507
4659574
4659624
4659629
4659673
4659771
4659781
4659901
4659911
4659941
4660011
4660112
4660224
4660270
4660347
4660443
4660484
4660485
4660535
4660632
4660686
4660729
4660838
4660847
4660923
4660952
4660953
4660992
4661070
4661109
4661167
4661270
4661378
4661432
4661435
4661462
4661490
4661500
4661503
4661525
4661541
4661760
4661848
4661877
4661970
4662004
4662022
4662039
4662129
4662188
4662191
4662191
4662222
4662329
4662369
4662383
4662404
4662579
4662603
4662628
4662726
4662737
4662738
4662771
4662808
4662957
4663002
4663045
4663139
4663257
4663284
4663316
4663332
4663460
4663503
4663520
4663521
4663529
4663579
4663646
4663696
4663735
4663815
4663831
4663834
4663887
4664038
4664144
4664153
4664213
4664246
4664342
4664346
4664385
4664471
4664476
4664510
4664593
4664625
4664631
4664683
4664795
4664850
4664855
4664861
4664912
4664937
4664955
4665028
4665083
4665167
4665189
4665212
4665217
4665234
4665268
4665330
4665346
4665377
4665384
4665406
4665463
4665466
4665742
4665838
4665914
4666034
4666037
4666117
4666156
4666201
4666289
4666300
4666334
4666385
4666488
4666694
4666753
4666774
4666804
4666812
4666817
4666850
4666882
4666932
4666935
4666939
4666999
4667015
4667041
4667060
4667108
4667114
4667142
4667279
4667351
4667403
4667438
4667495
4667525
4667634
4667658
4667671
4667672
4667737
4667841
4667911
4667998
4668022
4668090
4668110
4668111
4668131
4668150
4668151
4668227
4668229
4668333
4668333
4668438
4668598
4668636
4668758
4668774
4668891
4668937
4668972
4668973
4668989
4669044
4669047
4669183
4669220
4669260
4669263
4669284
4669301
4669341
4669402
4669506
4669544
4669719
4669731
4669756
4669798
4669813
4669838
4669838
4669856
4669911
4669995
4670023
4670206
4670208
4670283
4670289
4670338
4670476
4670527
4670533
4670592
4670616
4670678
4670745
4670785
4670835
4670954
4671106
4671147
4671177
4671201
4671278
4671311
4671317
4671326
4671392
4671409
4671489
4671625
4671651
4671667
4671815
4671819
4671823
4671990
4672060
4672088
4672104
4672195
4672209
4672261
4672343
4672374
4672426
4672540
4672559
4672628
4672663
4672695
4672759
4672790
4672798
4672860
4672878
4672928
4672954
4673003
4673019
4673057
4673117
4673134
4673286
4673304
4673319
4673419
4673471
4673559
4673593
4673640
4673687
4673809
4673829
4673913
4673981
4674011
4674096
4674135
4674167
4674174
4674181
4674195
4674201
4674211
4674349
4674359
4674362
4674369
4674403
4674498
4674506
4674613
4674614
4674629
4674664
4674707
4674773
4674825
4674861
4674922
4674952
4674982
4674987
4675179
4675197
4675223
4675259
4675462
4675620
4675716
4675743
4675771
4675862
4675983
4676032
4676033
4676042
4676079
4676090
4676155
4676180
4676258
4676312
4676331
4676343
4676356
4676427
4676437
4676473
4676512
4676543
4676641
4676662
4676756
4676783
4676812
4676877
4676910
4676986
4676990
4677026
4677080
4677102
4677132
4677136
4677163
4677168
4677195
4677210
4677271
4677318
4677399
4677504
4677510
4677592
4677842
4677973
4678065
4678087
4678096
4678143
4678198
4678235
4678273
4678280
4678294
4678325
4678364
4678686
4678765
4678816
4678859
4678900
4678901
4678913
4678933
4678947
4678956
4679021
4679032
4679052
4679127
4679254
4679332
4679405
4679447
4679540
4679621
4679785
4679802
4679811
4679853
4679863
4679892
4680087
4680106
4680139
4680149
4680154
4680199
4680201
4680242
4680271
4680302
4680443
4680468
4680593
4680598
4680659
4680661
4680768
4680776
4681067
4681104
4681105
4681184
4681221
4681222
4681321
4681384
4681434
4681459
4681505
4681516
4681600
4681695
4681729
4681735
4681737
4681763
4681842
4681845
4681920
4681936
4682045
4682054
4682059
4682124
4682175
4682205
4682267
4682327
4682411
4682587
4682604
4682631
4682678
4682772
4682804
4682880
4682905
4682906
4682920
4682923
4682996
4683096
4683241
4683254
4683257
4683272
4683297
4683313
4683321
4683428
4683463
4683465
4683499
4683504
4683509
4683600
4683633
4683641
4683782
4683788
4683825
4683827
4683829
4683875
4683957
4684092
4684116
4684210
4684246
4684322
4684389
4684410
4684453
4684463
4684504
4684591
4684594
4684678
4684679
4684688
4684743
4684754
4684810
4684873
4684914
4685020
4685067
4685155
4685179
4685236
4685240
4685275
4685339
4685393
4685408
4685412
4685430
4685439
4685440
4685452
4685519
4685521
4685544
4685585
4685702
4685756
4685800
4685829
4685872
4685892
4685966
4685995
4686067
4686079
4686149
4686188
4686334
4686350
4686375
4686438
4686459
4686511
4686555
4686609
4686632
4686671
4686940
4686995
4687095
4687129
4687131
4687133
4687189
4687270
4687431
4687550
4687593
4687707
4687728
4687775
4687854
4687885
4687910
4687952
4688034
4688038
4688152
4688345
4688350
4688463
4688493
4688572
4688576
4688625
4688676
4688779
4688788
4688799
4688841
4688886
4688982
4688997
4689068
4689266
4689324
4689360
4689773
4689800
4689832
4690003
4690027
4690157
4690197
4690202
4690317
4690327
4690367
4690420
4690433
4690461
4690552
4690566
4690589
4690600
4690728
4690809
4690976
4691012
4691087
4691097
4691135
4691231
4691253
4691319
4691332
4691353
4691359
4691423
4691539
4691547
4691606
4691681
4691708
4691738
4691786
4691861
4691919
4691979
4692021
4692079
4692184
4692195
4692216
4692230
4692235
4692278
4692284
4692311
4692356
4692536
4692718
4692722
4692798
4692895
4692988
4693012
4693033
4693157
4693193
4693199
4693227
4693255
4693260
4693300
4693506
4693653
4693697
4693713
4693745
4693850
4693932
4693984
4694242
4694282
4694392
4694439
4694447
4694479
4694520
4694622
4694632
4694657
4694689
4694756
4694862
4694961
4694997
4695031
4695037
4695056
4695075
4695081
4695209
4695303
4695323
4695347
4695441
4695452
4695590
4695669
4695699
4695754
4695824
4695827
4695871
4696007
4696050
4696052
4696065
4696089
4696138
4696148
4696169
4696238
4696260
4696263
4696393
4696399
4696409
4696463
4696471
4696471
4696483
4696568
4696619
4696626
4696704
4696709
4696734
4696766
4696907
4696946
4697016
4697162
4697186
4697186
4697369
4697391
4697474
4697485
4697510
4697584
4697617
4697678
4697698
4697786
4697787
4697837
4697921
4697960
4698009
4698089
4698224
4698273
4698403
4698418
4698445
4698576
4698630
4698632
4698684
4698741
4698943
4699025
4699088
4699092
4699139
4699182
4699222
4699258
4699282
4699293
4699296
4699311
4699380
4699403
4699462
4699504
4699597
4699617
4699646
4699669
4699734
4699748
4699749
4699751
4699774
4699790
4699986
4700000
4700060
4700144
4700184
4700227
4700312
4700345
4700349
4700441
4700482
4700516
4700578
4700591
4700697
4700720
4700763
4700819
4700915
4700935
4700947
4701135
4701146
4701201
4701238
4701278
4701321
4701355
4701374
4701380
4701465
4701498
4701548
4701557
4701559
4701571
4701597
4701715
4701760
4701760
4701785
4701816
4701836
4701908
4702078
4702092
4702268
4702272
4702354
4702533
4702562
4702584
4702646
4702733
4702747
4702748
4702902
4702983
4703031
4703199
4703199
4703199
4703226
4703375
4703413
4703437
4703462
4703605
4703711
4703732
4703764
4703841
4704014
4704102
4704124
4704196
4704200
4704255
4704290
4704301
4704352
4704361
4704378
4704480
4704486
4704504
4704508
4704525
4704579
4704615
4704628
4704650
4704688
4704786
4704879
4704912
4704997
4705056
4705058
4705111
4705150
4705166
4705277
4705366
4705459
4705484
4705513
4705725
4705778
4705841
4705945
4705997
4706028
4706196
4706273
4706298
4706307
4706351
4706373
4706395
4706420
4706452
4706482
4706502
4706542
4706563
4706579
4706590
4706591
4706619
4706662
4706694
4706764
4706780
4706853
4706940
4706949
4706961
4707006
4707012
4707016
4707066
4707123
4707157
4707192
4707194
4707266
4707268
4707331
4707391
4707435
4707543
4707614
4707624
4707653
4707694
4707741
4707767
4707807
4707818
4707969
4707996
4708093
4708099
4708190
4708205
4708240
4708353
4708432
4708440
4708504
4708528
4708543
4708624
4708712
4708760
4708799
4708808
4708891
4708898
4708959
4708963
4709156
4709161
4709206
4709255
4709317
4709341
4709373
4709380
4709429
4709506
4709525
4709534
4709548
4709644
4709745
4709782
4709810
4709816
4709830
4709843
4709887
4709920
4709922
4709927
4709961
4709962
4710036
4710054
4710147
4710195
4710280
4710288
4710329
4710333
4710374
4710487
4710737
4710740
4710741
4710839
4711008
4711070
4711125
4711209
4711303
4711318
4711429
4711449
4711450
4711498
4711607
4711689
4711694
4711774
4711791
4711858
4711864
4711928
4712234
4712271
4712390
4712417
4712425
4712450
4712486
4712498
4712505
4712517
4712542
4712625
4712650
4712652
4712788
4712807
4712812
4712841
4712852
4712865
4712884
4712938
4712946
4712984
4713039
4713145
4713149
4713218
4713317
4713318
4713338
4713341
4713359
4713360
4713380
4713450
4713541
4713584
4713600
4713682
4713684
4713877
4713891
4713910
4713938
4714007
4714011
4714012
4714154
4714253
4714318
4714347
4714376
4714430
4714559
4714580
4714656
4714800
4714833
4714897
4714964
4714979
4714985
4714990
4714995
4715058
4715068
4715097
4715114
4715149
4715241
4715293
4715295
4715310
4715356
4715467
4715468
4715472
4715473
4715579
4715595
4715632
4715737
4715740
4715743
4715762
4715813
4715838
4715887
4715888
4715898
4715925
4715951
4715998
4716053
4716060
4716142
4716158
4716159
4716208
4716212
4716237
4716285
4716294
4716332
4716404
4716481
4716499
4716519
4716541
4716578
4716623
4716672
4716852
4716921
4716934
4717033
4717084
4717084
4717230
4717275
4717322
4717436
4717701
4717740
4717828
4717853
4717875
4718015
4718044
4718054
4718097
4718103
4718139
4718161
4718285
4718308
4718344
4718356
4718377
4718465
4718521
4718563
4718570
4718594
4718621
4718621
4718636
4718643
4718675
4718768
4718769
4718812
4718820
4718842
4718909
4718959
4719151
4719229
4719271
4719335
4719378
4719435
4719542
4719591
4719604
4719667
4719747
4719779
4719861
4719916
4719925
4720023
4720059
4720067
4720076
4720111
4720254
4720272
4720393
4720434
4720435
4720460
4720504
4720525
4720548
4720551
4720607
4720625
4720672
4720674
4720698
4720705
4720721
4720722
4720783
4720796
4720844
4720933
4720980
4721011
4721042
4721060
4721076
4721133
4721184
4721217
4721294
4721312
4721321
4721363
4721404
4721428
4721462
4721478
4721480
4721509
4721516
4721531
4721583
4721619
4721625
4721701
4721840
4721868
4721900
4721942
4721967
4722039
4722059
4722105
4722173
4722173
4722182
4722190
4722244
4722280
4722328
4722367
4722375
4722422
4722625
4722638
4722655
4722691
4722808
4722829
4722847
4722849
4722869
4722897
4722905
4722920
4722972
4723028
4723052
4723064
4723144
4723145
4723270
4723447
4723491
4723554
4723589
4723603
4723667
4723804
4723849
4723868
4723868
4723910
4724015
4724071
4724281
4724320
4724369
4724373
4724386
4724389
4724504
4724539
4724542
4724735
4724796
4724805
4724815
4724975
4724978
4725054
4725065
4725108
4725109
4725145
4725168
4725205
4725242
4725250
4725259
4725270
4725288
4725298
4725325
4725357
4725361
4725373
4725435
4725519
4725552
4725833
4725840
4725958
4726015
4726059
4726069
4726145
4726184
4726214
4726429
4726434
4726503
4726527
4726553
4726759
4726794
4726817
4726844
4726844
4726979
4727023
4727050
4727101
4727117
4727130
4727142
4727173
4727314
4727444
4727538
4727545
4727645
4727661
4727687
4727807
4727816
4727829
4727837
4727937
4727962
4727965
4727985
4727995
4727998
4728060
4728128
4728158
4728209
4728324
4728372
4728395
4728428
4728451
4728464
4728476
4728525
4728538
4728551
4728740
4728761
4728771
4728801
4728940
4728957
4729026
4729051
4729054
4729063
4729123
4729156
4729205
4729290
4729386
4729442
4729503
4729567
4729610
4729685
4729688
4729833
4729850
4729865
4729919
4729993
4730038
4730059
4730100
4730215
4730331
4730396
4730443
4730446
4730462
4730465
4730641
4730650
4730666
4730742
4730850
4730850
4730954
4730972
4731102
4731163
4731201
4731216
4731227
4731229
4731301
4731345
4731348
4731376
4731391
4731399
4731436
4731529
4731599
4731609
4731613
4731615
4731815
4731903
4731946
4731961
4732029
4732107
4732147
4732265
4732314
4732342
4732353
4732388
4732410
4732623
4732657
4732675
4732688
4732749
4732963
4733037
4733059
4733070
4733110
4733121
4733187
4733292
4733418
4733473
4733484
4733507
4733514
4733835
4733934
4733984
4734000
4734110
4734196
4734205
4734255
4734270
4734317
4734340
4734410
4734447
4734474
4734500
4734662
4734671
4734711
4734722
4734747
4734842
4734906
4734952
4735109
4735122
4735190
4735317
4735323
4735336
4735339
4735406
4735450
4735483
4735511
4735566
4735572
4735697
4735729
4735733
4735833
4735890
4735929
4736006
4736169
4736188
4736194
4736238
4736488
4736512
4736532
4736570
4736591
4736655
4736702
4736709
4736729
4736747
4736752
4736849
4736869
4736878
4736967
4736975
4736999
4737098
4737102
4737104
4737338
4737423
4737426
4737451
4737511
4737511
4737549
4737591
4737611
4737626
4737639
4737641
4737835
4737862
4737974
4737982
4738060
4738195
4738331
4738397
4738444
4738456
4738568
4738678
4738682
4738758
4738761
4738772
4738854
4738862
4738876
4738884
4738943
4739029
4739067
4739100
4739104
4739125
4739133
4739162
4739217
4739259
4739306
4739318
4739385
4739388
4739421
4739428
4739485
4739523
4739542
4739594
4739642
4739696
4739802
4739967
4739968
4739990
4740002
4740091
4740152
4740185
4740307
4740319
4740321
4740394
4740424
4740576
4740664
4740675
4740679
4740689
4740690
4740699
4740757
4740779
4740815
4741063
4741073
4741080
4741081
4741145
4741150
4741250
4741324
4741390
4741405
4741460
4741494
4741516
4741573
4741672
4741678
4741706
4741715
4741756
4741788
4741864
4741912
4741913
4741918
4741935
4741985
4742005
4742464
4742471
4742475
4742669
4742706
4742778
4742828
4742843
4742849
4742852
4742890
4742919
4742941
4743009
4743014
4743155
4743181
4743236
4743247
4743348
4743407
4743435
4743504
4743540
4743572
4743599
4743603
4743629
4743683
4743683
4743777
4743787
4743815
4743847
4743916
4743927
4743938
4743959
4743969
4744092
4744338
4744339
4744373
4744381
4744448
4744498
4744600
4744604
4744637
4744641
4744674
4744716
4744744
4744751
4744812
4744837
4744863
4744933
4744966
4745003
4745027
4745093
4745164
4745206
4745241
4745316
4745385
4745391
4745528
4745544
4745563
4745602
4745616
4745636
4745798
4745801
4745893
4745907
4745933
4746006
4746023
4746081
4746124
4746132
4746184
4746254
4746308
4746340
4746356
4746357
4746396
4746405
4746420
4746424
4746443
4746516
4746563
4746632
4746646
4746653
4746709
4746717
4746718
4746740
4746753
4746758
4746762
4746802
4746862
4746935
4746940
4746962
4747019
4747069
4747134
4747158
4747232
4747455
4747458
4747472
4747502
4747634
4747650
4747682
4747693
4747711
4747715
4747780
4747788
4747933
4747968
4748081
4748146
4748157
4748167
4748173
4748225
4748272
4748303
4748327
4748464
4748504
4748534
4748543
4748644
4748659
4748689
4748757
4748773
4748848
4748872
4748921
4748970
4749086
4749157
4749165
4749189
4749245
4749263
4749273
4749311
4749318
4749375
4749474
4749575
4749592
4749598
4749651
4749674
4749708
4749767
4749798
4749835
4749924
4749944
4749950
4749960
4749963
4749993
4750053
4750114
4750254
4750316
4750389
4750421
4750426
4750473
4750600
4750641
4750706
4750767
4750779
4750793
4750795
4750796
4750890
4750927
4750942
4750965
4750990
4751040
4751147
4751181
4751203
4751217
4751220
4751404
4751413
4751422
4751470
4751541
4751558
4751572
4751673
4751793
4751879
4751938
4751962
4752055
4752078
4752099
4752150
4752270
4752277
4752295
4752314
4752362
4752393
4752436
4752573
4752640
4752683
4752691
4752728
4752840
4752875
4752911
4752938
4752947
4752953
4752962
4753109
4753180
4753332
4753361
4753368
4753369
4753380
4753447
4753464
4753676
4753853
4753933
4753956
4753962
4753967
4754049
4754059
4754063
4754146
4754227
4754242
4754266
4754335
4754394
4754428
4754441
4754500
4754521
4754521
4754522
4754579
4754708
4754709
4754770
4754788
4754808
4754832
4754855
4754862
4754899
4754930
4754953
4755036
4755037
4755049
4755082
4755228
4755320
4755347
4755421
4755446
4755471
4755547
4755592
4755624
4755688
4755918
4755970
4755975
4755981
4756015
4756035
4756047
4756051
4756176
4756179
4756254
4756284
4756304
4756352
4756512
4756530
4756630
4756689
4756765
4756874
4756885
4756915
4756991
4757024
4757053
4757090
4757142
4757151
4757329
4757332
4757353
4757372
4757394
4757441
4757467
4757512
4757610
4757631
4757644
4757720
4757734
4757782
4757796
4757809
4757820
4757837
4757878
4757892
4757898
4757939
4757988
4758060
4758065
4758070
4758237
4758252
4758270
4758374
4758397
4758399
4758409
4758457
4758478
4758555
4758570
4758683
4758696
4758848
4758849
4758877
4758881
4758944
4758946
4759284
4759317
4759391
4759450
4759465
4759661
4759707
4759712
4759766
4759833
4759881
4759959
4759962
4759990
4760079
4760115
4760127
4760166
4760175
4760235
4760306
4760375
4760387
4760453
4760457
4760464
4760530
4760710
4760748
4760768
4760772
4760794
4760974
4761073
4761126
4761183
4761217
4761233
4761259
4761289
4761308
4761397
4761420
4761426
4761469
4761488
4761511
4761589
4761598
4761622
4761629
4761795
4761823
4761953
4761988
4761995
4762002
4762122
4762176
4762197
4762202
4762375
4762491
4762591
4762620
4762690
4762698
4762702
4762715
4762780
4762835
4762852
4762873
4762886
4762945
4762991
4763130
4763154
4763177
4763181
4763284
4763326
4763416
4763623
4763672
4763677
4763701
4763744
4763771
4763894
4764019
4764071
4764083
4764144
4764315
4764382
4764429
4764520
4764582
4764615
4764623
4764665
4764737
4764875
4764990
4765036
4765182
4765277
4765325
4765343
4765352
4765357
4765361
4765440
4765448
4765493
4765516
4765552
4765581
4765593
4765672
4765673
4765699
4765709
4765711
4765715
4765797
4765840
4765966
4766082
4766153
4766193
4766229
4766299
4766319
4766361
4766476
4766522
4766562
4766573
4766669
4766671
4766721
4766752
4766901
4767089
4767092
4767214
4767370
4767449
4767467
4767500
4767627
4767759
4767780
4767823
4767918
4767956
4767970
4767994
4768004
4768008
4768069
4768184
4768206
4768284
4768303
4768310
4768331
4768340
4768391
4768409
4768416
4768418
4768435
4768457
4768498
4768617
4768644
4768644
4768733
4768787
4768865
4768889
4768951
4769308
4769318
4769444
4769574
4769672
4769786
4769790
4769843
4769955
4769970
4770057
4770078
4770215
4770218
4770249
4770359
4770380
4770472
4770487
4770507
4770512
4770549
4770562
4770580
4770663
4770682
4770697
4770725
4770789
4770839
4770919
4770977
4771094
4771125
4771160
4771195
4771232
4771247
4771298
4771329
4771368
4771407
4771409
4771426
4771458
4771491
4771570
4771629
4771693
4771701
4771706
4771761
4771921
4772011
4772012
4772100
4772161
4772173
4772215
4772284
4772412
4772428
4772545
4772563
4772648
4772724
4772756
4772811
4772849
4772855
4772864
4772871
4772909
4772935
4772939
4773042
4773063
4773081
4773125
4773174
4773208
4773304
4773320
4773372
4773411
4773423
4773515
4773534
4773568
4773656
4773693
4773761
4773793
4773825
4773863
4774060
4774063
4774129
4774170
4774179
4774194
4774257
4774269
4774297
4774371
4774379
4774405
4774423
4774442
4774496
4774537
4774594
4774618
4774631
4774638
4774686
4774807
4774807
4774867
4774948
4774956
4774975
4775076
4775095
4775209
4775441
4775460
4775500
4775609
4775650
4775665
4775667
4775700
4775761
4775908
4775922
4775973
4776021
4776030
4776101
4776260
4776439
4776627
4776681
4776699
4776749
4776857
4776973
4776990
4777132
4777176
4777239
4777292
4777314
4777338
4777400
4777407
4777763
4777765
4777774
4777916
4778001
4778022
4778102
4778297
4778362
4778408
4778489
4778531
4778554
4778631
4778779
4778822
4778903
4778913
4778966
4779103
4779175
4779200
4779266
4779289
4779335
4779356
4779372
4779442
4779446
4779448
4779516
4779546
4779556
4779584
4779589
4779660
4779665
4779669
4779736
4779762
4779799
4779805
4779807
4779813
4779846
4779983
4780031
4780066
4780116
4780253
4780254
4780313
4780443
4780509
4780563
4780568
4780622
4780760
4780762
4780816
4780825
4780833
4780931
4780992
4781061
4781071
4781213
4781217
4781282
4781309
4781321
4781359
4781379
4781457
4781471
4781506
4781519
4781624
4781675
4781804
4781840
4781885
4781951
4781955
4782008
4782049
4782189
4782214
4782386
4782445
4782483
4782509
4782546
4782577
4782588
4782595
4782669
4782672
4782748
4782823
4782829
4782875
4782976
4783017
4783366
4783379
4783441
4783521
4783589
4783592
4783643
4783714
4783734
4783781
4783837
4783852
4783888
4783928
4783948
4784028
4784046
4784117
4784137
4784143
4784268
4784343
4784425
4784436
4784449
4784540
4784561
4784578
4784725
4784733
4784761
4784816
4784861
4784895
4784931
4784987
4784994
4785037
4785093
4785118
4785155
4785158
4785167
4785214
4785235
4785239
4785457
4785532
4785547
4785641
4785671
4785674
4785761
4785766
4785778
4785865
4785883
4785909
4785920
4785923
4785996
4786034
4786100
4786115
4786162
4786207
4786228
4786264
4786382
4786388
4786399
4786486
4786600
4786682
4786683
4786776
4786982
4786994
4787101
4787163
4787171
4787260
4787424
4787444
4787472
4787473
4787490
4787527
4787536
4787542
4787637
4787657
4787705
4787721
4787786
4787818
4787869
4787893
4787924
4787925
4787938
4787987
4788095
4788104
4788119
4788123
4788132
4788227
4788264
4788301
4788395
4788449
4788495
4788511
4788556
4788573
4788598
4788605
4788627
4788660
4788668
4788750
4788801
4788957
4789000
4789158
4789166
4789186
4789291
4789292
4789317
4789479
4789495
4789581
4789591
4789604
4789613
4789700
4789770
4789877
4789892
4789910
4789912
4789922
4789934
4789971
4790127
4790160
4790182
4790184
4790266
4790295
4790348
4790377
4790426
4790487
4790507
4790524
4790536
4790561
4790584
4790601
4790611
4790612
4790715
4790725
4790776
4790790
4790796
4790951
4791056
4791064
4791077
4791131
4791191
4791204
4791254
4791324
4791413
4791443
4791495
4791557
4791620
4791623
4791641
4791723
4791737
4791741
4791752
4791759
4791820
4791854
4791872
4791953
4792034
4792072
4792195
4792245
4792250
4792266
4792275
4792275
4792313
4792368
4792793
4792809
4792897
4792966
4793032
4793107
4793114
4793120
4793120
4793128
4793226
4793280
4793306
4793375
4793395
4793483
4793491
4793500
4793521
4793568
4793592
4793643
4793644
4793680
4793749
4793756
4793849
4793882
4794031
4794089
4794098
4794161
4794162
4794203
4794256
4794273
4794402
4794408
4794425
4794449
4794476
4794604
4794698
4794713
4794742
4794758
4794767
4794775
4794882
4794898
4794910
4794980
4795005
4795008
4795029
4795031
4795056
4795071
4795084
4795087
4795096
4795125
4795125
4795126
4795169
4795200
4795254
4795305
4795343
4795382
4795405
4795431
4795597
4795609
4795626
4795646
4795696
4795815
4795874
4795892
4796046
4796075
4796082
4796201
4796258
4796384
4796402
4796624
4796679
4796725
4796782
4796856
4796870
4796919
4796974
4797054
4797061
4797224
4797243
4797255
4797315
4797331
4797438
4797438
4797475
4797518
4797629
4797699
4797860
4797879
4797963
4798022
4798091
4798093
4798252
4798257
4798261
4798308
4798410
4798434
4798490
4798527
4798544
4798560
4798612
4798619
4798651
4798667
4798747
4798775
4798781
4798781
4798822
4798825
4798855
4798926
4798975
4799005
4799045
4799087
4799105
4799182
4799205
4799525
4799563
4799646
4799696
4799721
4799822
4799949
4799968
4799975
4799979
4800096
4800115
4800125
4800134
4800351
4800561
4800642
4800661
4800670
4800699
4800768
4800815
4800865
4800883
4800900
4800978
4801073
4801078
4801142
4801291
4801365
4801404
4801419
4801484
4801488
4801497
4801503
4801515
4801702
4801719
4801822
4801843
4801850
4801940
4802079
4802108
4802118
4802120
4802137
4802173
4802238
4802270
4802322
4802467
4802504
4802553
4802560
4802583
4802654
4802662
4802663
4802762
4802798
4802871
4802890
4802942
4802979
4803011
4803011
4803015
4803046
4803046
4803110
4803116
4803206
4803244
4803251
4803315
4803324
4803340
4803343
4803421
4803467
4803542
4803646
4803706
4803789
4804007
4804232
4804264
4804351
4804376
4804396
4804448
4804517
4804559
4804559
4804600
4804708
4804760
4804784
4804784
4804787
4804824
4804834
4804867
4804923
4805011
4805019
4805132
4805157
4805299
4805398
4805401
4805418
4805474
4805487
4805687
4805732
4805759
4805796
4805855
4805907
4806024
4806038
4806052
4806056
4806117
4806119
4806137
4806147
4806148
4806149
4806219
4806222
4806238
4806241
4806249
4806296
4806321
4806326
4806353
4806375
4806402
4806403
4806539
4806548
4806553
4806577
4806600
4806656
4806665
4806702
4806712
4806729
4806753
4806763
4806811
4806845
4806862
4806926
4806972
4807157
4807192
4807205
4807291
4807327
4807355
4807371
4807493
4807532
4807547
4807584
4807604
4807629
4807693
4807704
4807769
4807853
4807874
4808164
4808223
4808234
4808239
4808275
4808281
4808424
4808430
4808438
4808566
4808666
4808761
4808782
4808792
4808799
4808848
4808856
4808865
4808868
4808871
4808894
4808923
4809008
4809060
4809362
4809414
4809535
4809549
4809551
4809675
4809692
4809758
4809817
4809841
4809845
4809865
4809871
4809886
4809888
4809925
4810016
4810016
4810045
4810047
4810078
4810085
4810089
4810118
4810198
4810224
4810284
4810300
4810316
4810326
4810394
4810461
4810472
4810534
4810541
4810570
4810585
4810764
4810799
4810803
4810863
4810867
4810908
4810949
4810979
4811013
4811026
4811043
4811145
4811165
4811221
4811289
4811304
4811355
4811383
4811400
4811414
4811476
4811514
4811525
4811536
4811545
4811745
4811824
4811850
4811876
4811988
4812027
4812161
4812185
4812262
4812325
4812512
4812561
4812576
4812601
4812657
4812699
4812788
4812957
4812969
4812999
4813030
4813087
4813194
4813214
4813309
4813418
4813420
4813522
4813549
4813641
4813684
4813731
4813742
4813812
4813844
4813932
4814024
4814059
4814109
4814153
4814255
4814360
4814361
4814370
4814403
4814462
4814479
4814499
4814550
4814649
4814684
4814728
4814762
4814807
4814846
4814877
4814896
4814896
4815045
4815052
4815053
4815136
4815191
4815207
4815222
4815251
4815326
4815327
4815401
4815490
4815526
4815546
4815603
4815615
4815637
4815641
4815643
4815666
4815708
4815714
4815741
4815817
4815873
4815975
4815990
4815993
4816034
4816039
4816046
4816053
4816200
4816225
4816311
4816395
4816415
4816441
4816482
4816486
4816532
4816545
4816608
4816637
4816743
4816749
4816755
4816803
4816824
4816850
4816926
4816950
4817084
4817091
4817111
4817217
4817219
4817229
4817376
4817466
4817487
4817546
4817602
4817622
4817685
4817720
4817727
4817775
4817939
4817940
4817961
4818002
4818039
4818050
4818109
4818120
4818146
4818223
4818264
4818265
4818278
4818334
4818345
4818357
4818369
4818376
4818483
4818520
4818528
4818554
4818561
4818563
4818779
4818807
4818808
4818983
4819044
4819076
4819135
4819146
4819207
4819218
4819287
4819537
4819557
4819638
4819654
4819748
4819766
4819802
4819822
4819822
4819825
4819872
4819921
4819940
4820072
4820210
4820287
4820394
4820445
4820451
4820510
4820553
4820706
4820725
4820728
4820751
4820786
4820813
4820844
4820883
4820932
4820937
4820938
4820992
4821031
4821065
4821072
4821073
4821157
4821204
4821251
4821282
4821430
4821459
4821481
4821507
4821794
4821828
4821836
4821920
4821970
4821983
4822022
4822107
4822152
4822175
4822259
4822407
4822422
4822514
4822603
4822604
4822646
4822728
4822887
4822919
4822923
4822985
4823067
4823069
4823122
4823217
4823373
4823395
4823433
4823489
4823493
4823549
4823700
4823809
4823979
4823985
4824020
4824133
4824140
4824292
4824413
4824424
4824428
4824429
4824430
4824442
4824448
4824459
4824473
4824481
4824580
4824580
4824639
4824653
4824719
4824739
4824744
4824845
4824912
4824930
4824980
4825013
4825071
4825181
4825205
4825208
4825212
4825233
4825303
4825321
4825403
4825426
4825478
4825489
4825493
4825555
4825655
4825809
4825837
4825852
4825893
4825924
4825936
4825940
4825942
4825979
4826053
4826135
4826170
4826225
4826312
4826319
4826325
4826373
4826401
4826432
4826492
4826499
4826569
4826655
4826698
4826744
4826818
4826862
4826863
4826876
4827096
4827189
4827216
4827229
4827346
4827378
4827429
4827454
4827476
4827484
4827518
4827538
4827613
4827629
4827674
4827694
4827823
4827905
4827910
4827917
4827973
4828078
4828081
4828100
4828133
4828231
4828286
4828300
4828402
4828443
4828503
4828555
4828558
4828689
4828748
4828798
4828860
4828945
4828964
4829016
4829021
4829039
4829042
4829075
4829189
4829280
4829314
4829324
4829331
4829426
4829450
4829454
4829462
4829469
4829569
4829592
4829606
4829612
4829672
4829679
4829759
4829779
4829862
4829960
4829988
4830048
4830095
4830100
4830136
4830141
4830147
4830181
4830230
4830461
4830474
4830504
4830581
4830760
4830769
4830795
4830921
4830932
4830936
4830963
4830983
4830992
4831058
4831123
4831171
4831224
4831289
4831296
4831375
4831387
4831471
4831527
4831534
4831558
4831571
4831620
4831937
4831943
4832047
4832057
4832075
4832076
4832091
4832120
4832148
4832189
4832265
4832276
4832288
4832288
4832292
4832323
4832341
4832341
4832363
4832485
4832576
4832596
4832678
4832679
4832725
4832742
4833047
4833060
4833061
4833126
4833161
4833218
4833223
4833266
4833383
4833419
4833575
4833592
4833632
4833644
4833734
4833912
4833949
4833952
4834021
4834024
4834080
4834118
4834120
4834124
4834125
4834245
4834273
4834276
4834444
4834472
4834474
4834519
4834529
4834557
4834593
4834597
4834620
4834652
4834685
4834710
4834724
4834770
4834808
4834837
4834866
4834868
4834925
4835091
4835134
4835135
4835178
4835328
4835351
4835423
4835442
4835443
4835626
4835652
4835684
4835734
4835750
4835765
4835898
4835910
4835956
4835995
4836015
4836087
4836170
4836220
4836254
4836368
4836458
4836474
4836576
4836614
4836633
4836745
4836805
4836870
4836963
4836976
4837098
4837262
4837272
4837331
4837348
4837368
4837383
4837398
4837412
4837417
4837425
4837469
4837470
4837537
4837570
4837673
4837684
4837880
4838006
4838020
4838084
4838094
4838118
4838188
4838214
4838280
4838320
4838471
4838503
4838550
4838574
4838602
4838630
4838642
4838677
4838699
4838702
4838862
4838866
4838894
4838946
4839024
4839047
4839063
4839071
4839074
4839101
4839233
4839439
4839565
4839652
4839688
4839813
4839846
4839861
4839910
4839910
4839976
4839980
4840011
4840035
4840039
4840062
4840114
4840156
4840224
4840265
4840341
4840363
4840413
4840417
4840445
4840457
4840555
4840641
4840888
4840912
4840920
4841003
4841017
4841070
4841154
4841242
4841336
4841390
4841392
4841404
4841408
4841448
4841528
4841672
4841777
4841797
4841803
4841823
4841966
4842139
4842170
4842237
4842381
4842403
4842423
4842567
4842576
4842638
4842651
4842716
4842746
4842850
4842914
4842947
4842978
4842980
4843213
4843269
4843285
4843329
4843378
4843430
4843473
4843527
4843548
4843576
4843604
4843627
4843706
4843805
4844179
4844246
4844246
4844296
4844351
4844361
4844385
4844388
4844412
4844433
4844448
4844461
4844516
4844521
4844577
4844597
4844613
4844644
4844664
4844696
4844719
4845019
4845033
4845142
4845145
4845157
4845160
4845169
4845190
4845201
4845328
4845349
4845526
4845548
4845718
4845819
4845917
4845918
4845920
4845924
4846115
4846145
4846198
4846271
4846272
4846303
4846318
4846362
4846413
4846506
4846558
4846576
4846594
4846617
4846654
4846663
4846732
4846774
4846780
4846930
4847016
4847250
4847275
4847290
4847299
4847300
4847406
4847430
4847440
4847468
4847472
4847517
4847609
4847861
4847872
4847883
4847975
4847992
4848053
4848057
4848061
4848091
4848116
4848142
4848144
4848161
4848182
4848238
4848265
4848327
4848347
4848515
4848553
4848625
4848645
4848685
4848711
4848862
4848887
4848910
4848939
4849168
4849220
4849375
4849391
4849432
4849471
4849627
4849656
4849686
4849694
4849727
4849756
4849879
4849969
4849987
4850141
4850187
4850192
4850201
4850245
4850441
4850459
4850468
4850508
4850529
4850579
4850683
4850684
4850685
4850724
4850769
4850837
4850886
4850891
4850909
4850957
4850976
4851063
4851224
4851446
4851460
4851582
4851685
4851712
4851822
4851827
4851831
4851868
4851872
4851874
4851914
4852001
4852117
4852249
4852274
4852296
4852410
4852451
4852594
4852624
4852628
4852682
4852720
4852755
4852776
4852858
4852937
4852963
4852990
4853018
4853074
4853134
4853258
4853319
4853322
4853360
4853418
4853427
4853531
4853589
4853598
4853659
4853695
4853709
4853789
4854031
4854046
4854102
4854173
4854194
4854202
4854208
4854215
4854363
4854378
4854437
4854467
4854488
4854522
4854606
4854615
4854652
4854657
4854691
4854798
4854798
4854886
4854929
4854946
4854952
4854964
4854996
4855065
4855167
4855269
4855338
4855410
4855414
4855416
4855541
4855618
4855632
4855743
4855771
4855810
4855832
4855835
4855850
4855888
4855931
4856059
4856073
4856115
4856178
4856215
4856251
4856448
4856469
4856494
4856497
4856594
4856647
4856691
4856695
4856923
4856979
4857042
4857050
4857065
4857087
4857139
4857285
4857315
4857344
4857388
4857397
4857467
4857507
4857584
4857603
4857649
4857688
4857711
4857768
4857860
4857864
4857868
4857893
4857898
4857924
4857946
4858110
4858204
4858225
4858228
4858249
4858280
4858291
4858318
4858514
4858525
4858561
4858622
4858655
4858756
4858869
4858872
4858915
4859003
4859225
4859237
4859259
4859282
4859306
4859358
4859384
4859437
4859443
4859606
4859713
4859724
4859775
4859797
4859805
4859890
4859892
4859937
4859942
4859966
4859976
4860023
4860041
4860058
4860185
4860234
4860283
4860327
4860385
4860479
4860523
4860576
4860633
4860653
4860662
4860678
4860702
4860755
4860764
4860816
4860857
4860858
4860930
4860953
4860995
4861019
4861125
4861136
4861150
4861165
4861380
4861388
4861542
4861595
4861615
4861629
4861640
4861673
4861744
4861792
4861823
4861885
4861966
4862016
4862088
4862273
4862297
4862425
4862443
4862451
4862473
4862559
4862594
4862612
4862695
4862749
4862781
4862783
4862898
4862915
4862929
4862934
4862963
4862966
4863012
4863017
4863131
4863289
4863475
4863504
4863516
4863600
4863739
4863923
4863978
4864019
4864043
4864123
4864167
4864273
4864304
4864370
4864380
4864402
4864525
4864536
4864545
4864594
4864644
4864653
4864735
4864768
4864782
4864809
4864831
4864876
4864904
4864964
4864980
4865064
4865067
4865084
4865087
4865145
4865278
4865294
4865342
4865355
4865356
4865358
4865366
4865387
4865432
4865556
4865607
4865624
4865631
4865771
4865790
4865808
4865816
4865843
4865908
4865909
4865978
4866004
4866056
4866093
4866123
4866179
4866293
4866349
4866363
4866367
4866443
4866490
4866514
4866554
4866562
4866592
4866769
4866771
4866805
4866807
4866916
4866950
4867030
4867034
4867044
4867087
4867107
4867111
4867303
4867483
4867527
4867537
4867546
4867631
4867635
4867664
4867758
4867823
4867886
4867909
4868061
4868208
4868287
4868326
4868335
4868476
4868569
4868582
4868659
4868664
4868790
4868792
4868834
4868927
4869029
4869125
4869157
4869172
4869276
4869366
4869452
4869536
4869669
4869684
4869691
4869837
4869896
4869896
4870077
4870210
4870228
4870283
4870385
4870396
4870400
4870520
4870583
4870587
4870631
4870638
4870717
4870832
4870870
4870987
4870997
4871047
4871112
4871318
4871319
4871320
4871352
4871374
4871487
4871489
4871581
4871752
4871833
4871907
4871967
4872016
4872030
4872063
4872073
4872132
4872167
4872223
4872331
4872345
4872426
4872537
4872661
4872712
4872784
4872885
4872918
4872986
4873084
4873093
4873107
4873175
4873208
4873304
4873392
4873433
4873453
4873480
4873484
4873484
4873485
4873495
4873500
4873523
4873649
4873741
4873744
4873753
4873799
4873801
4873862
4873867
4873868
4873981
4874076
4874093
4874167
4874182
4874186
4874365
4874468
4874478
4874526
4874537
4874597
4874714
4874809
4874917
4874937
4874939
4875147
4875180
4875203
4875230
4875287
4875293
4875307
4875339
4875349
4875443
4875578
4875590
4875634
4875766
4875792
4875813
4875820
4875841
4875849
4875887
4875888
4875991
4876007
4876031
4876088
4876178
4876225
4876268
4876270
4876287
4876316
4876387
4876470
4876586
4876667
4876707
4876738
4876823
4876930
4876997
4877123
4877197
4877243
4877336
4877411
4877419
4877467
4877509
4877627
4877682
4877683
4877751
4877783
4877791
4877797
4877819
4877830
4877862
4878022
4878088
4878097
4878132
4878140
4878143
4878270
4878286
4878396
4878499
4878530
4878744
4878744
4878759
4878780
4878795
4878880
4878947
4878988
4879018
4879117
4879163
4879202
4879209
4879233
4879312
4879332
4879343
4879700
4879951
4879957
4879978
4880018
4880145
4880199
4880233
4880288
4880292
4880323
4880390
4880504
4880529
4880566
4880577
4880583
4880617
4880634
4880678
4880953
4880966
4880981
4881041
4881063
4881167
4881238
4881244
4881323
4881352
4881466
4881493
4881512
4881586
4881619
4881691
4881693
4881747
4881797
4881810
4881844
4881881
4881977
4882005
4882032
4882225
4882272
4882458
4882466
4882470
4882478
4882508
4882583
4882596
4882691
4882887
4882893
4882918
4882947
4882954
4883121
4883148
4883169
4883199
4883219
4883290
4883303
4883381
4883576
4883622
4883670
4883709
4883733
4883787
4883930
4883957
4883979
4884012
4884092
4884125
4884445
4884561
4884627
4884661
4884685
4884712
4884832
4884842
4884938
4884971
4884989
4885030
4885046
4885063
4885064
4885078
4885080
4885259
4885282
4885347
4885489
4885515
4885518
4885549
4885563
4885563
4885609
4885644
4885753
4885831
4885870
4885879
4885927
4886038
4886074
4886083
4886124
4886142
4886177
4886181
4886419
4886472
4886493
4886555
4886564
4886596
4886597
4886599
4886608
4886628
4886653
4886677
4886731
4886736
4886761
4886793
4886808
4886855
4886916
4886942
4886979
4886987
4886999
4887069
4887108
4887176
4887220
4887263
4887300
4887331
4887346
4887346
4887386
4887406
4887431
4887475
4887475
4887630
4887639
4887668
4887673
4887685
4887692
4887692
4887722
4887913
4887971
4888023
4888068
4888072
4888078
4888231
4888411
4888428
4888465
4888515
4888593
4888631
4888667
4888744
4888749
4888833
4888899
4888954
4888957
4888995
4889014
4889073
4889080
4889120
4889167
4889168
4889205
4889219
4889227
4889279
4889378
4889384
4889452
4889556
4889569
4889698
4889735
4889834
4889874
4889925
4890049
4890133
4890160
4890190
4890190
4890259
4890370
4890395
4890451
4890467
4890470
4890567
4890610
4890627
4890661
4890676
4890702
4890786
4890917
4890940
4890967
4890971
4891007
4891125
4891177
4891284
4891331
4891341
4891400
4891411
4891527
4891565
4891596
4891604
4891667
4891711
4891729
4891815
4891932
4892027
4892121
4892127
4892159
4892271
4892274
4892295
4892351
4892421
4892463
4892515
4892536
4892572
4892663
4892707
4892748
4892858
4892980
4892988
4892990
4893017
4893125
4893141
4893186
4893229
4893273
4893403
4893499
4893556
4893562
4893775
4893780
4893880
4893922
4893992
4894002
4894025
4894048
4894096
4894129
4894207
4894212
4894227
4894233
4894363
4894387
4894429
4894444
4894447
4894454
4894493
4894535
4894547
4894550
4894553
4894561
4894586
4894590
4894643
4894678
4894791
4894818
4894994
4895291
4895389
4895578
4895649
4895676
4895745
4895755
4895758
4895791
4895832
4895849
4895948
4896137
4896170
4896193
4896290
4896307
4896313
4896320
4896389
4896422
4896457
4896479
4896504
4896589
4896603
4896626
4896634
4896656
4896770
4896813
4896847
4896862
4896984
4897034
4897121
4897124
4897133
4897143
4897145
4897193
4897279
4897283
4897425
4897485
4897533
4897536
4897644
4897691
4897916
4897941
4897959
4897977
4897999
4898188
4898194
4898342
4898354
4898469
4898538
4898726
4898737
4898772
4898804
4898808
4898825
4898846
4898874
4898891
4898901
4899001
4899174
4899357
4899365
4899366
4899396
4899408
4899443
4899543
4899620
4899647
4899666
4899668
4899750
4899826
4899840
4899893
4899953
4900044
4900076
4900142
4900175
4900215
4900216
4900255
4900301
4900328
4900360
4900371
4900431
4900476
4900505
4900532
4900583
4900588
4900721
4900812
4900812
4901007
4901035
4901100
4901101
4901224
4901373
4901452
4901508
4901515
4901609
4901744
4901788
4901794
4901825
4901955
4901966
4902192
4902198
4902199
4902209
4902228
4902232
4902233
4902351
4902472
4902562
4902563
4902573
4902648
4902651
4902706
4902720
4902730
4902865
4902868
4902942
4902945
4902976
4902992
4903001
4903001
4903190
4903254
4903334
4903351
4903432
4903435
4903489
4903518
4903534
4903579
4903628
4903654
4903658
4903687
4903725
4903749
4903759
4903820
4903878
4904067
4904126
4904195
4904246
4904249
4904262
4904282
4904377
4904447
4904480
4904533
4904552
4904589
4904656
4904664
4904707
4904707
4904753
4904775
4904778
4904801
4904927
4904981
4905108
4905188
4905192
4905204
4905287
4905346
4905365
4905381
4905414
4905457
4905508
4905682
4905691
4905745
4905802
4905850
4905851
4905915
4905961
4905970
4905998
4906038
4906097
4906183
4906195
4906242
4906270
4906272
4906332
4906339
4906345
4906356
4906452
4906515
4906518
4906553
4906556
4906949
4906961
4906973
4907067
4907103
4907176
4907278
4907284
4907348
4907400
4907436
4907598
4907689
4907881
4907921
4908061
4908075
4908083
4908244
4908265
4908322
4908482
4908495
4908571
4908591
4908626
4908630
4908640
4908676
4908724
4908742
4908833
4908912
4908938
4908938
4908955
4908979
4909029
4909104
4909160
4909194
4909258
4909311
4909329
4909382
4909461
4909479
4909513
4909546
4909591
4909762
4909794
4909798
4909882
4909941
4909958
4910004
4910086
4910234
4910374
4910389
4910436
4910516
4910535
4910554
4910575
4910584
4910599
4910614
4910708
4910717
4910748
4910970
4910981
4911061
4911121
4911203
4911220
4911256
4911262
4911263
4911289
4911321
4911327
4911359
4911406
4911466
4911466
4911468
4911577
4911595
4911632
4911724
4911743
4911815
4911842
4911842
4911854
4912031
4912122
4912124
4912219
4912258
4912339
4912445
4912584
4912878
4912888
4913012
4913161
4913170
4913199
4913245
4913262
4913287
4913293
4913537
4913606
4913632
4913650
4913666
4913685
4913730
4913744
4913754
4914051
4914095
4914194
4914216
4914293
4914297
4914342
4914346
4914384
4914439
4914726
4914938
4914943
4914950
4914960
4914963
4914970
4915002
4915033
4915046
4915052
4915124
4915168
4915209
4915317
4915317
4915328
4915371
4915415
4915457
4915571
4915615
4915618
4915642
4915662
4915745
4915790
4915898
4915907
4915921
4915975
4916003
4916044
4916047
4916085
4916124
4916277
4916328
4916330
4916353
4916393
4916443
4916540
4916551
4916634
4916656
4916667
4916721
4916858
4916873
4916906
4916935
4916942
4916999
4917157
4917247
4917264
4917286
4917323
4917329
4917393
4917639
4917689
4917699
4917718
4917829
4917869
4917894
4917910
4917927
4917963
4917991
4918096
4918207
4918236
4918362
4918403
4918436
4918487
4918535
4918542
4918580
4918608
4918675
4918730
4918875
4918885
4918990
4919043
4919175
4919258
4919376
4919386
4919421
4919421
4919436
4919444
4919551
4919599
4919617
4919703
4919750
4919763
4919845
4919975
4920010
4920076
4920111
4920166
4920374
4920456
4920481
4920482
4920545
4920610
4920709
4920814
4920832
4920856
4920867
4920871
4920934
4920950
4920966
4921023
4921059
4921074
4921097
4921123
4921125
4921158
4921193
4921308
4921495
4921506
4921508
4921569
4921581
4921618
4921646
4921650
4921729
4921748
4921916
4921923
4921924
4921957
4922007
4922050
4922056
4922081
4922082
4922126
4922187
4922226
4922229
4922239
4922252
4922271
4922277
4922330
4922353
4922372
4922396
4922402
4922406
4922442
4922463
4922509
4922529
4922586
4922655
4922699
4922747
4922762
4922908
4923010
4923046
4923050
4923070
4923176
4923208
4923217
4923249
4923432
4923435
4923464
4923465
4923526
4923529
4923669
4923779
4923797
4923818
4923823
4923879
4923932
4923937
4923955
4923961
4923990
4924004
4924069
4924075
4924183
4924196
4924202
4924228
4924319
4924362
4924512
4924589
4924612
4924659
4924671
4924676
4924748
4924808
4924851
4924892
4924925
4924925
4924935
4924952
4925015
4925018
4925022
4925073
4925150
4925229
4925295
4925298
4925335
4925347
4925373
4925385
4925440
4925519
4925587
4925638
4925688
4925691
4925706
4925716
4925729
4925790
4925889
4925942
4926000
4926093
4926135
4926143
4926166
4926241
4926330
4926531
4926631
4926823
4926900
4927036
4927184
4927310
4927367
4927388
4927406
4927466
4927552
4927597
4927716
4927729
4927894
4927896
4927917
4927922
4927996
4928014
4928025
4928027
4928064
4928107
4928149
4928227
4928230
4928325
4928399
4928407
4928496
4928545
4928644
4928802
4928958
4929053
4929127
4929156
4929212
4929249
4929374
4929412
4929421
4929456
4929467
4929517
4929523
4929563
4929582
4929679
4929768
4929796
4929802
4929841
4929872
4929905
4930002
4930006
4930141
4930220
4930258
4930318
4930320
4930427
4930505
4930513
4930558
4930596
4930693
4930773
4930893
4930899
4930925
4930983
4931049
4931050
4931063
4931067
4931081
4931197
4931206
4931251
4931312
4931412
4931438
4931503
4931625
4931703
4931738
4931786
4931800
4931838
4931874
4931911
4931954
4931966
4931972
4931979
4931986
4932043
4932070
4932111
4932151
4932206
4932263
4932348
4932373
4932376
4932540
4932557
4932557
4932578
4932583
4932632
4932681
4932688
4932733
4932787
4932796
4932812
4932844
4932857
4932910
4932955
4932970
4932995
4933002
4933005
4933120
4933122
4933229
4933244
4933263
4933268
4933333
4933347
4933442
4933539
4933546
4933693
4933765
4933843
4933852
4933854
4933868
4933884
4933938
4933939
4933987
4934035
4934081
4934096
4934098
4934103
4934316
4934389
4934463
4934475
4934480
4934481
4934556
4934595
4934608
4934627
4934631
4934663
4934674
4934720
4934817
4934855
4934858
4934899
4934936
4934957
4934959
4934963
4934964
4934987
4935040
4935058
4935107
4935234
4935253
4935261
4935287
4935300
4935330
4935386
4935512
4935522
4935522
4935594
4935718
4935723
4935731
4935741
4935770
4935962
4936001
4936095
4936105
4936147
4936188
4936193
4936220
4936245
4936269
4936282
4936350
4936369
4936389
4936399
4936417
4936455
4936499
4936553
4936637
4936740
4936743
4936744
4936796
4936804
4936836
4936908
4936919
4936924
4936954
4936971
4936974
4936980
4937004
4937067
4937079
4937131
4937150
4937218
4937272
4937273
4937301
4937315
4937387
4937389
4937393
4937431
4937453
4937613
4937662
4937666
4937725
4937750
4937766
4937773
4937798
4937859
4937909
4937922
4937983
4937984
4938109
4938217
4938238
4938270
4938335
4938349
4938354
4938362
4938614
4938626
4938664
4938765
4938789
4938866
4938985
4939012
4939036
4939065
4939203
4939239
4939286
4939332
4939351
4939379
4939403
4939439
4939461
4939475
4939497
4939518
4939564
4939653
4939722
4939773
4939784
4939873
4939966
4940058
4940099
4940268
4940279
4940327
4940476
4940537
4940664
4940782
4940792
4940802
4940812
4940851
4940880
4940905
4941000
4941153
4941162
4941304
4941377
4941400
4941425
4941449
4941456
4941547
4941547
4941574
4941699
4941709
4941801
4941838
4942015
4942099
4942122
4942144
4942145
4942257
4942299
4942332
4942382
4942384
4942432
4942456
4942485
4942486
4942570
4942613
4942767
4943050
4943054
4943101
4943123
4943150
4943200
4943245
4943250
4943291
4943326
4943381
4943387
4943390
4943393
4943416
4943422
4943499
4943574
4943583
4943616
4943624
4943664
4943693
4943745
4943775
4943814
4943858
4943973
4943978
4944011
4944041
4944130
4944140
4944207
4944210
4944317
4944358
4944384
4944398
4944416
4944471
4944486
4944505
4944534
4944539
4944574
4944619
4944675
4944774
4944852
4944932
4945068
4945133
4945180
4945191
4945326
4945392
4945404
4945523
4945550
4945570
4945614
4945674
4945681
4945748
4945773
4945822
4945976
4946034
4946185
4946357
4946363
4946457
4946507
4946662
4946663
4946738
4946880
4946901
4946937
4946946
4946984
4946991
4947063
4947083
4947340
4947363
4947446
4947522
4947638
4947694
4947789
4947795
4947864
4947955
4947987
4948034
4948048
4948133
4948154
4948186
4948207
4948249
4948252
4948255
4948264
4948399
4948451
4948598
4948620
4948632
4948665
4948687
4948723
4948734
4948742
4948788
4948790
4948831
4948839
4948841
4948887
4948919
4948969
4949049
4949050
4949076
4949142
4949150
4949213
4949413
4949452
4949463
4949478
4949529
4949544
4949558
4949608
4949639
4949708
4949763
4949793
4949794
4949798
4949848
4949900
4949928
4949972
4950134
4950172
4950227
4950237
4950242
4950361
4950435
4950462
4950479
4950490
4950498
4950531
4950587
4950649
4950716
4950880
4951006
4951043
4951151
4951166
4951328
4951368
4951423
4951488
4951578
4951611
4951633
4951777
4951878
4951942
4951942
4952142
4952148
4952172
4952211
4952221
4952309
4952320
4952409
4952428
4952449
4952462
4952483
4952514
4952696
4952713
4952791
4952801
4952853
4952974
4953053
4953087
4953180
4953261
4953289
4953349
4953373
4953382
4953470
4953515
4953585
4953588
4953718
4953727
4953754
4953830
4953845
4953942
4953996
4954122
4954228
4954229
4954277
4954320
4954377
4954383
4954427
4954440
4954563
4954698
4954699
4954717
4954789
4954790
4954825
4954855
4954909
4954943
4954961
4955102
4955106
4955182
4955265
4955318
4955356
4955378
4955400
4955441
4955580
4955859
4955867
4955880
4955941
4955969
4956007
4956067
4956083
4956111
4956134
4956141
4956352
4956355
4956394
4956398
4956425
4956480
4956516
4956568
4956596
4956600
4956600
4956751
4956771
4956779
4956787
4956800
4957189
4957248
4957360
4957449
4957561
4957611
4957721
4957734
4957760
4957779
4957787
4957808
4957961
4958042
4958072
4958122
4958148
4958161
4958194
4958198
4958242
4958342
4958449
4958548
4958559
4958580
4958609
4958742
4958827
4958905
4958908
4959011
4959017
4959040
4959050
4959119
4959139
4959198
4959278
4959295
4959406
4959409
4959456
4959528
4959673
4959682
4959715
4959805
4959822
4959843
4959932
4959960
4959981
4960012
4960148
4960200
4960225
4960380
4960436
4960551
4960662
4960664
4960789
4960795
4960841
4960844
4960906
4960958
4961078
4961096
4961137
4961201
4961225
4961241
4961297
4961312
4961314
4961341
4961393
4961418
4961527
4961575
4961594
4961600
4961604
4961606
4961687
4961713
4961855
4961855
4961875
4961979
4962123
4962138
4962151
4962157
4962167
4962275
4962301
4962391
4962472
4962496
4962546
4962550
4962611
4962717
4962737
4962761
4962762
4962830
4962926
4962937
4962943
4962958
4963010
4963015
4963041
4963266
4963290
4963302
4963310
4963325
4963341
4963343
4963452
4963475
4963507
4963526
4963587
4963665
4963681
4963880
4964003
4964014
4964053
4964061
4964088
4964163
4964270
4964273
4964332
4964425
4964432
4964626
4964694
4964703
4964704
4964781
4964803
4964815
4964821
4964838
4964910
4964929
4965002
4965016
4965038
4965064
4965073
4965140
4965165
4965231
4965268
4965419
4965471
4965479
4965499
4965503
4965506
4965506
4965590
4965639
4965653
4965666
4965776
4966009
4966116
4966168
4966184
4966361
4966406
4966430
4966486
4966499
4966539
4966608
4966623
4966629
4966746
4966789
4966840
4966845
4966857
4966867
4967019
4967095
4967166
4967314
4967315
4967325
4967386
4967460
4967477
4967482
4967511
4967625
4967626
4967647
4967705
4967744
4967744
4967751
4967755
4967854
4967877
4967904
4968046
4968055
4968057
4968110
4968115
4968173
4968226
4968306
4968334
4968335
4968352
4968377
4968431
4968469
4968493
4968541
4968583
4968597
4968606
4968658
4968744
4968798
4968801
4968963
4968987
4969005
4969021
4969124
4969146
4969170
4969224
4969294
4969384
4969397
4969411
4969427
4969431
4969495
4969516
4969623
4969627
4969666
4969779
4969922
4969944
4969969
4969989
4970040
4970077
4970094
4970096
4970141
4970165
4970315
4970328
4970397
4970403
4970441
4970448
4970451
4970482
4970494
4970522
4970550
4970550
4970587
4970665
4970781
4970784
4970821
4970877
4970948
4971011
4971195
4971200
4971200
4971219
4971340
4971405
4971574
4971603
4971687
4971753
4971856
4971882
4972011
4972017
4972048
4972078
4972080
4972118
4972146
4972166
4972214
4972215
4972235
4972253
4972405
4972523
4972616
4972621
4972706
4972749
4972802
4972834
4972844
4973112
4973129
4973176
4973206
4973232
4973270
4973296
4973318
4973407
4973450
4973451
4973492
4973684
4973738
4973856
4973989
4974045
4974107
4974177
4974194
4974223
4974325
4974446
4974455
4974469
4974487
4974496
4974517
4974573
4974575
4974582
4974596
4974728
4974761
4974791
4974931
4974950
4975032
4975052
4975112
4975130
4975150
4975203
4975257
4975334
4975339
4975369
4975437
4975465
4975491
4975525
4975606
4975617
4975754
4975979
4976054
4976100
4976159
4976160
4976197
4976210
4976213
4976217
4976238
4976246
4976295
4976413
4976431
4976435
4976475
4976578
4976673
4976682
4976785
4976801
4976869
4976908
4976930
4976962
4976979
4976991
4977034
4977057
4977163
4977224
4977266
4977269
4977270
4977323
4977495
4977563
4977622
4977733
4977757
4977766
4977775
4977842
4977853
4977873
4977907
4977923
4978005
4978043
4978074
4978087
4978091
4978149
4978183
4978226
4978229
4978274
4978340
4978347
4978357
4978439
4978521
4978584
4978657
4978682
4978698
4978801
4978821
4978828
4979073
4979109
4979183
4979300
4979335
4979335
4979419
4979426
4979438
4979460
4979492
4979498
4979554
4979690
4979720
4979909
4979926
4979943
4979951
4980042
4980042
4980097
4980177
4980228
4980394
4980425
4980482
4980550
4980595
4980700
4980777
4980947
4980947
4981103
4981120
4981138
4981252
4981256
4981298
4981397
4981569
4981712
4981751
4981759
4981797
4981838
4981851
4981858
4981990
4981996
4982066
4982119
4982135
4982172
4982174
4982185
4982219
4982268
4982323
4982472
4982480
4982643
4982667
4982763
4982788
4982789
4982826
4982891
4982906
4982914
4982973
4982975
4983004
4983038
4983041
4983267
4983376
4983510
4983537
4983546
4983725
4983855
4983864
4984002
4984010
4984018
4984062
4984093
4984100
4984126
4984179
4984301
4984308
4984325
4984461
4984522
4984535
4984631
4984677
4984707
4984726
4984799
4984813
4984893
4984917
4984941
4984950
4984967
4984993
4985031
4985087
4985116
4985147
4985169
4985190
4985204
4985227
4985242
4985290
4985371
4985385
4985427
4985451
4985454
4985518
4985536
4985566
4985580
4985606
4985616
4985664
4985676
4985715
4985730
4985791
4985883
4985941
4985963
4986006
4986012
4986060
4986102
4986184
4986366
4986373
4986533
4986707
4986767
4986838
4987170
4987214
4987243
4987258
4987275
4987304
4987305
4987334
4987343
4987516
4987529
4987593
4987600
4987637
4987802
4987859
4987880
4987914
4987927
4988004
4988144
4988164
4988189
4988215
4988238
4988302
4988360
4988374
4988552
4988584
4988617
4988637
4988719
4988792
4988812
4988869
4988876
4988930
4988938
4988978
4988986
4988994
4988995
4989004
4989037
4989055
4989204
4989263
4989288
4989344
4989344
4989399
4989410
4989430
4989496
4989523
4989539
4989632
4989689
4989771
4989781
4989864
4989924
4989942
4989948
4989958
4990038
4990106
4990185
4990191
4990216
4990285
4990318
4990375
4990419
4990562
4990615
4990666
4990677
4990719
4990774
4990797
4990865
4990933
4990953
4991087
4991207
4991314
4991322
4991322
4991405
4991498
4991513
4991581
4991609
4991617
4991639
4991646
4991657
4991670
4991713
4991755
4991756
4991794
4991849
4991852
4991975
4991997
4992034
4992047
4992096
4992279
4992335
4992337
4992396
4992420
4992438
4992488
4992536
4992539
4992571
4992658
4992753
4992811
4992981
4993089
4993108
4993152
4993325
4993353
4993395
4993398
4993434
4993552
4993579
4993623
4993632
4993639
4993681
4993714
4993797
4993816
4993839
4993871
4993886
4993915
4993949
4993984
4994120
4994131
4994182
4994255
4994331
4994341
4994342
4994503
4994526
4994622
4994675
4994683
4994697
4994820
4994863
4994983
4994997
4995023
4995066
4995072
4995154
4995238
4995257
4995308
4995336
4995348
4995417
4995479
4995590
4995613
4995646
4995715
4995730
4995779
4995804
4995808
4995809
4995869
4995894
4995946
4996060
4996098
4996125
4996160
4996166
4996206
4996211
4996280
4996281
4996295
4996317
4996481
4996494
4996576
4996765
4996789
4996811
4996823
4996928
4996979
4996980
4997068
4997086
4997095
4997136
4997152
4997165
4997171
4997293
4997301
4997385
4997391
4997412
4997416
4997423
4997441
4997498
4997502
4997504
4997593
4997604
4997685
4997687
4997722
4997739
4997760
4997786
4997824
4997828
4997845
4997940
4997947
4997950
4998198
4998200
4998231
4998336
4998425
4998542
4998573
4998676
4998770
4998843
4998902
4998961
4998963
4998964
4998967
4998997
4999016
4999043
4999187
4999221
4999370
4999382
4999467
4999469
4999538
4999572
4999601
4999618
4999768
4999903
4999944
4999966
4999979
4999984
