999974
999961
999955
999953
999933
999902
999868
999863
999858
999830
999816
999816
999796
999792
999778
999762
999740
999736
999705
999670
999658
999636
999634
999620
999613
999610
999601
999594
999578
999570
999570
999555
999546
999535
999507
999497
999486
999479
999460
999451
999424
999403
999401
999373
999314
999276
999273
999265
999260
999257
999247
999243
999236
999235
999211
999205
999204
999202
999197
999192
999181
999178
999163
999163
999159
999155
999136
999126
999126
999119
999119
999117
999087
999074
999050
999035
999032
999015
999014
999004
998946
998913
998899
998883
998874
998869
998838
998821
998818
998809
998803
998778
998758
998757
998739
998713
998699
998689
998686
998660
998656
998650
998649
998623
998585
998550
998550
998544
998536
998534
998531
998523
998509
998506
998501
998494
998493
998473
998461
998449
998439
998433
998425
998417
998406
998406
998405
998382
998369
998345
998344
998296
998288
998286
998281
998270
998265
998262
998256
998249
998233
998222
998215
998201
998189
998176
998163
998162
998152
998145
998143
998129
998125
998101
998063
998051
998014
998012
998010
998010
997992
997975
997952
997937
997934
997928
997923
997906
997886
997886
997879
997878
997860
997853
997828
997825
997812
997804
997799
997785
997765
997745
997736
997734
997732
997724
997722
997721
997713
997708
997707
997703
997695
997687
997671
997670
997663
997657
997645
997640
997617
997607
997603
997597
997590
997589
997577
997575
997557
997554
997549
997546
997545
997524
997515
997444
997438
997428
997415
997404
997403
997395
997386
997374
997372
997367
997349
997349
997348
997345
997344
997340
997311
997311
997302
997277
997277
997274
997266
997261
997260
997260
997244
997244
997243
997241
997237
997227
997211
997204
997196
997164
997147
997145
997145
997139
997138
997118
997112
997108
997103
997101
997098
997083
997072
997037
997011
997008
997004
996974
996973
996970
996953
996938
996922
996921
996912
996896
996890
996884
996872
996865
996864
996857
996856
996854
996852
996851
996849
996827
996802
996797
996791
996783
996780
996752
996717
996714
996705
996671
996667
996667
996667
996652
996650
996590
996590
996577
996550
996547
996541
996536
996530
996524
996502
996490
996488
996464
996460
996459
996447
996444
996443
996443
996432
996416
996406
996364
996356
996356
996347
996342
996338
996304
996301
996298
996276
996270
996252
996251
996228
996220
996215
996214
996209
996198
996183
996170
996135
996132
996127
996125
996124
996120
996111
996103
996101
996101
996097
996089
996089
996088
996085
996084
996080
996057
996047
996046
996045
996041
996039
996032
996027
996002
996002
996002
995978
995971
995964
995940
995931
995888
995884
995873
995861
995836
995824
995811
995804
995794
995789
995789
995766
995755
995752
995743
995729
995723
995713
995696
995681
995680
995675
995671
995669
995652
995623
995616
995603
995566
995549
995541
995539
995534
995525
995513
995507
995486
995480
995479
995472
995467
995465
995465
995452
995445
995444
995436
995433
995420
995412
995412
995377
995366
995358
995358
995350
995349
995342
995325
995318
995316
995285
995282
995272
995265
995257
995254
995253
995239
995239
995231
995221
995182
995181
995178
995168
995155
995154
995143
995126
995122
995113
995110
995107
995093
995093
995060
995050
995048
995038
995031
995015
995013
994993
994992
994928
994926
994925
994914
994883
994873
994864
994860
994854
994840
994819
994815
994808
994807
994797
994781
994776
994771
994717
994706
994700
994699
994697
994691
994689
994668
994655
994654
994635
994632
994621
994618
994615
994608
994602
994593
994592
994591
994584
994584
994571
994558
994539
994515
994504
994498
994494
994493
994493
994454
994452
994433
994432
994431
994391
994386
994353
994353
994301
994293
994286
994271
994251
994250
994242
994241
994234
994230
994217
994183
994175
994174
994157
994153
994152
994148
994147
994145
994140
994136
994123
994121
994095
994090
994084
994077
994074
994072
994067
994042
994027
994016
994008
993989
993977
993974
993973
993965
993963
993918
993915
993901
993895
993890
993884
993881
993875
993864
993848
993845
993839
993808
993803
993778
993751
993746
993744
993741
993741
993735
993703
993701
993699
993698
993686
993683
993679
993679
993658
993653
993650
993623
993622
993617
993609
993609
993599
993594
993568
993564
993554
993548
993541
993538
993536
993524
993520
993497
993492
993448
993448
993447
993446
993439
993428
993418
993414
993405
993397
993386
993372
993368
993359
993358
993343
993341
993338
993312
993308
993275
993266
993244
993211
993208
993204
993188
993179
993166
993160
993129
993126
993115
993115
993109
993096
993082
993079
993079
993052
993047
993046
993021
993012
992989
992973
992964
992962
992959
992949
992935
992915
992909
992906
992868
992865
992842
992839
992822
992798
992796
992785
992753
992743
992741
992737
992736
992727
992714
992707
992675
992669
992657
992650
992642
992619
992615
992597
992588
992585
992569
992549
992543
992534
992517
992513
992504
992488
992487
992471
992464
992439
992437
992429
992397
992384
992375
992374
992372
992369
992369
992362
992359
992334
992331
992331
992322
992314
992306
992292
992289
992285
992285
992276
992274
992271
992258
992257
992246
992234
992232
992231
992224
992223
992206
992189
992188
992120
992118
992111
992080
992073
992066
992056
992036
992032
992020
992006
992005
992004
991999
991998
991991
991990
991978
991964
991963
991941
991928
991917
991913
991908
991908
991905
991895
991893
991891
991877
991872
991871
991870
991870
991861
991859
991854
991846
991839
991820
991815
991814
991805
991796
991770
991752
991746
991733
991731
991728
991694
991681
991678
991670
991661
991654
991653
991649
991646
991636
991634
991620
991619
991613
991607
991599
991597
991597
991578
991577
991542
991519
991478
991462
991459
991459
991458
991455
991455
991448
991438
991432
991420
991415
991410
991410
991397
991395
991394
991365
991343
991340
991338
991328
991325
991303
991296
991283
991280
991271
991260
991249
991231
991226
991222
991216
991212
991197
991163
991129
991126
991114
991085
991080
991062
991050
991043
991033
991028
991027
991012
991011
991004
991001
990988
990945
990923
990913
990912
990902
990897
990894
990886
990878
990874
990866
990854
990847
990839
990806
990803
990800
990763
990751
990750
990750
990745
990739
990731
990730
990707
990690
990657
990654
990651
990625
990613
990610
990600
990589
990588
990565
990563
990555
990542
990539
990538
990526
990526
990519
990516
990514
990506
990482
990474
990473
990456
990455
990451
990432
990431
990429
990416
990413
990398
990374
990372
990360
990353
990338
990321
990304
990302
990297
990292
990286
990283
990277
990252
990231
990211
990208
990203
990196
990149
990129
990066
990051
990037
990025
990023
990010
989990
989956
989901
989891
989886
989884
989872
989845
989842
989821
989786
989776
989763
989738
989734
989733
989728
989726
989719
989715
989713
989698
989683
989677
989667
989655
989641
989623
989612
989608
989583
989570
989566
989563
989560
989545
989542
989531
989521
989508
989508
989504
989495
989493
989484
989482
989479
989453
989453
989440
989439
989422
989418
989402
989401
989387
989386
989381
989370
989366
989359
989333
989323
989314
989292
989281
989276
989271
989271
989263
989250
989247
989241
989234
989192
989171
989170
989163
989161
989155
989152
989151
989138
989130
989126
989110
989109
989104
989104
989094
989076
989067
989051
989047
989039
989020
989000
989000
988998
988994
988991
988986
988980
988970
988966
988952
988948
988944
988941
988938
988936
988936
988936
988872
988832
988824
988815
988793
988763
988742
988736
988735
988710
988709
988709
988703
988696
988693
988691
988684
988683
988663
988660
988647
988645
988628
988621
988590
988586
988576
988554
988539
988521
988520
988505
988501
988495
988484
988472
988444
988431
988430
988426
988398
988379
988371
988365
988336
988332
988303
988300
988296
988292
988273
988251
988242
988222
988216
988201
988157
988136
988134
988104
988103
988095
988087
988083
988074
988066
988061
988055
987989
987968
987941
987929
987923
987920
987916
987905
987895
987885
987885
987871
987852
987823
987814
987792
987786
987777
987769
987757
987741
987733
987727
987719
987707
987700
987643
987642
987638
987634
987632
987621
987615
987607
987607
987601
987590
987577
987576
987567
987556
987543
987518
987515
987514
987506
987502
987497
987487
987482
987468
987464
987460
987450
987446
987420
987407
987400
987399
987392
987391
987382
987372
987354
987347
987335
987334
987305
987298
987283
987277
987276
987254
987252
987235
987234
987227
987219
987217
987214
987211
987208
987190
987167
987162
987156
987155
987153
987145
987110
987090
987072
987032
987031
987030
987022
987019
987019
987013
987011
987003
986990
986990
986990
986974
986972
986942
986940
986937
986937
986908
986905
986900
986885
986881
986878
986862
986851
986845
986827
986822
986792
986789
986766
986762
986725
986724
986715
986708
986697
986692
986686
986672
986650
986644
986644
986639
986631
986631
986627
986609
986600
986593
986590
986575
986567
986562
986562
986550
986548
986548
986543
986526
986522
986512
986509
986500
986500
986491
986475
986470
986465
986458
986452
986444
986433
986422
986407
986381
986379
986378
986371
986370
986367
986332
986323
986298
986283
986281
986249
986246
986245
986240
986229
986228
986199
986191
986189
986188
986185
986179
986151
986135
986133
986124
986118
986110
986103
986101
986094
986093
986085
986074
986062
986058
986035
986016
985998
985983
985971
985964
985945
985943
985919
985900
985877
985850
985848
985830
985827
985803
985802
985800
985792
985770
985763
985756
985755
985748
985742
985733
985719
985712
985710
985706
985703
985672
985653
985640
985637
985626
985625
985617
985597
985597
985581
985569
985559
985559
985552
985552
985552
985546
985540
985510
985504
985498
985491
985475
985472
985466
985464
985450
985441
985419
985406
985404
985398
985394
985391
985378
985376
985375
985367
985363
985339
985339
985311
985295
985294
985293
985277
985251
985249
985248
985244
985231
985229
985228
985220
985201
985195
985193
985188
985176
985173
985170
985158
985157
985156
985155
985155
985133
985126
985123
985119
985109
985102
985098
985077
985072
985062
985053
985041
985026
984996
984990
984965
984953
984930
984917
984910
984909
984895
984894
984887
984879
984861
984847
984830
984826
984766
984762
984737
984734
984729
984687
984660
984660
984656
984656
984648
984641
984641
984635
984630
984630
984627
984613
984610
984609
984605
984597
984592
984577
984573
984573
984553
984552
984533
984530
984523
984520
984508
984491
984480
984473
984472
984466
984456
984443
984441
984401
984400
984394
984387
984385
984384
984382
984382
984374
984369
984363
984356
984331
984293
984287
984286
984272
984254
984246
984221
984213
984210
984184
984182
984172
984163
984142
984142
984140
984135
984134
984133
984124
984118
984100
984097
984083
984078
984075
984062
984061
984057
984044
984035
984025
984025
984015
984006
983997
983991
983978
983974
983973
983965
983959
983950
983938
983928
983912
983910
983879
983855
983851
983826
983824
983809
983797
983768
983754
983740
983738
983730
983709
983707
983673
983667
983666
983610
983607
983595
983581
983568
983557
983541
983539
983513
983509
983499
983498
983493
983493
983457
983449
983432
983425
983412
983389
983384
983383
983365
983350
983349
983344
983314
983312
983303
983296
983265
983264
983252
983242
983233
983225
983216
983215
983206
983188
983177
983177
983171
983158
983148
983143
983142
983129
983128
983119
983119
983114
983107
983105
983085
983046
983042
983036
983034
983018
983002
982996
982991
982982
982972
982963
982952
982951
982946
982928
982905
982886
982854
982843
982841
982834
982824
982820
982799
982794
982782
982781
982758
982739
982716
982714
982704
982680
982662
982657
982647
982642
982637
982614
982595
982581
982575
982570
982564
982559
982544
982543
982525
982521
982500
982497
982492
982484
982455
982450
982443
982440
982415
982415
982411
982398
982397
982382
982381
982369
982365
982362
982353
982348
982348
982323
982321
982310
982305
982303
982288
982287
982284
982281
982277
982267
982262
982253
982223
982213
982197
982189
982184
982142
982133
982130
982120
982110
982103
982095
982081
982064
982063
982062
982046
982040
982033
982029
982024
982020
982018
982011
982011
981991
981984
981980
981975
981973
981967
981955
981946
981943
981937
981933
981921
981886
981883
981873
981860
981835
981830
981819
981808
981802
981786
981779
981769
981763
981761
981737
981731
981721
981702
981689
981677
981676
981670
981664
981659
981659
981634
981621
981605
981603
981583
981576
981572
981569
981563
981543
981534
981531
981486
981486
981480
981468
981455
981452
981433
981424
981424
981420
981414
981407
981397
981391
981374
981366
981359
981339
981327
981287
981285
981263
981246
981227
981226
981222
981210
981210
981205
981200
981191
981187
981181
981177
981165
981160
981155
981127
981126
981087
981082
981064
981057
981027
981020
981008
980990
980963
980960
980956
980952
980948
980929
980926
980923
980916
980914
980912
980899
980879
980871
980870
980867
980865
980856
980836
980836
980835
980814
980793
980788
980771
980767
980764
980759
980741
980710
980693
980692
980689
980677
980674
980669
980663
980659
980657
980614
980602
980587
980544
980543
980540
980540
980538
980533
980523
980508
980487
980466
980433
980432
980411
980396
980392
980383
980354
980353
980347
980344
980338
980319
980301
980287
980283
980264
980263
980241
980238
980237
980233
980229
980190
980182
980155
980140
980136
980118
980114
980107
980098
980093
980067
980064
980054
980051
980045
980038
980019
980013
979980
979973
979957
979910
979907
979887
979878
979866
979863
979862
979859
979858
979849
979835
979835
979823
979819
979800
979799
979795
979791
979789
979787
979764
979763
979763
979758
979730
979730
979725
979678
979670
979660
979644
979638
979616
979596
979592
979577
979555
979553
979536
979533
979521
979508
979500
979480
979479
979473
979458
979454
979445
979425
979394
979365
979350
979341
979335
979331
979327
979326
979307
979301
979295
979288
979273
979242
979239
979228
979217
979200
979198
979180
979179
979171
979162
979142
979139
979127
979123
979122
979099
979083
979074
979071
979054
979053
979039
979037
979007
979006
978989
978985
978972
978971
978966
978956
978954
978954
978931
978923
978913
978861
978860
978856
978853
978850
978822
978819
978810
978807
978804
978791
978790
978787
978782
978780
978758
978752
978750
978728
978688
978685
978676
978671
978670
978646
978642
978631
978628
978618
978611
978602
978598
978569
978558
978554
978533
978524
978506
978485
978478
978448
978442
978422
978421
978419
978396
978390
978386
978383
978383
978382
978382
978380
978368
978366
978357
978346
978345
978340
978313
978309
978297
978288
978273
978273
978269
978263
978257
978251
978239
978181
978169
978161
978159
978142
978128
978111
978103
978093
978027
978023
978014
977997
977990
977989
977986
977972
977969
977968
977956
977924
977921
977899
977875
977869
977855
977844
977844
977840
977834
977811
977805
977791
977783
977777
977765
977755
977754
977740
977735
977735
977734
977731
977730
977717
977713
977703
977701
977695
977693
977691
977688
977670
977653
977637
977634
977613
977595
977581
977568
977567
977514
977509
977483
977483
977476
977474
977470
977467
977466
977451
977442
977439
977439
977437
977434
977429
977407
977404
977403
977401
977370
977367
977351
977318
977303
977282
977276
977258
977243
977224
977219
977163
977150
977145
977129
977128
977127
977124
977097
977094
977084
977082
977075
977071
977068
977054
977038
977027
977019
977015
977015
977009
976997
976993
976976
976967
976966
976964
976950
976947
976932
976918
976912
976892
976880
976879
976868
976861
976856
976851
976847
976846
976833
976810
976803
976801
976796
976772
976768
976740
976728
976712
976710
976707
976702
976702
976692
976677
976674
976657
976650
976649
976645
976638
976632
976626
976615
976596
976571
976548
976546
976519
976485
976432
976428
976423
976423
976421
976409
976408
976407
976403
976384
976371
976362
976351
976345
976340
976329
976305
976255
976252
976250
976236
976223
976221
976206
976205
976185
976123
976115
976114
976113
976111
976111
976100
976092
976084
976044
976040
976019
976008
976006
976005
975998
975997
975992
975992
975976
975975
975974
975971
975968
975968
975964
975944
975925
975915
975906
975887
975884
975873
975865
975861
975861
975858
975852
975846
975826
975819
975789
975787
975779
975777
975763
975758
975756
975753
975752
975746
975744
975738
975733
975732
975731
975718
975712
975709
975701
975687
975677
975671
975664
975657
975655
975646
975638
975632
975630
975616
975592
975589
975578
975578
975564
975536
975527
975495
975490
975482
975457
975456
975453
975407
975399
975396
975386
975384
975341
975317
975309
975301
975300
975294
975271
975258
975237
975195
975190
975183
975171
975170
975163
975158
975137
975123
975117
975110
975108
975090
975081
975080
975053
975037
975036
975035
975032
975024
975022
975010
975007
975005
974979
974977
974965
974925
974915
974914
974911
974903
974901
974893
974889
974877
974877
974869
974865
974842
974835
974829
974821
974816
974815
974811
974804
974796
974783
974775
974774
974754
974751
974719
974708
974697
974684
974678
974666
974664
974660
974654
974650
974646
974642
974640
974629
974624
974583
974583
974557
974553
974549
974539
974534
974518
974502
974488
974480
974475
974475
974466
974458
974457
974443
974414
974408
974389
974387
974377
974356
974331
974330
974327
974321
974303
974287
974282
974279
974277
974266
974266
974258
974257
974254
974244
974241
974236
974224
974222
974218
974210
974210
974194
974177
974176
974161
974158
974157
974153
974135
974122
974098
974079
974070
974053
974035
974034
974030
974029
974019
974000
973994
973994
973978
973975
973968
973968
973958
973939
973934
973931
973926
973924
973916
973912
973909
973862
973858
973846
973845
973841
973818
973808
973804
973801
973793
973769
973768
973763
973752
973742
973730
973718
973713
973694
973689
973687
973687
973675
973660
973655
973639
973634
973625
973615
973608
973580
973580
973567
973564
973557
973553
973538
973533
973525
973502
973495
973490
973485
973462
973442
973437
973433
973431
973418
973414
973402
973397
973395
973378
973375
973355
973355
973343
973334
973323
973307
973301
973301
973292
973278
973277
973271
973251
973232
973221
973221
973220
973220
973213
973191
973162
973159
973152
973146
973142
973130
973107
973102
973091
973088
973064
973049
973043
973040
973027
973019
973011
972988
972979
972979
972968
972956
972948
972917
972911
972901
972900
972895
972892
972879
972865
972855
972842
972838
972834
972816
972812
972810
972794
972789
972785
972774
972769
972762
972744
972732
972731
972726
972721
972721
972719
972708
972707
972691
972679
972670
972670
972657
972651
972637
972635
972633
972619
972605
972604
972594
972585
972577
972565
972561
972560
972537
972532
972521
972518
972518
972517
972481
972435
972429
972419
972414
972407
972398
972394
972392
972391
972352
972341
972334
972330
972322
972319
972318
972316
972307
972294
972291
972290
972272
972250
972236
972234
972224
972220
972198
972193
972189
972133
972131
972122
972121
972098
971948
971923
971905
971895
971894
971883
971874
971853
971836
971823
971821
971796
971795
971792
971785
971776
971776
971770
971762
971745
971744
971742
971731
971718
971714
971707
971687
971664
971636
971630
971606
971598
971594
971593
971570
971558
971556
971548
971546
971532
971520
971480
971473
971459
971406
971405
971404
971393
971391
971381
971351
971343
971332
971329
971312
971306
971283
971247
971243
971217
971195
971170
971164
971163
971135
971127
971120
971111
971048
971041
971027
971018
971014
971013
971013
971012
971000
970987
970984
970974
970964
970951
970945
970938
970937
970933
970931
970914
970904
970894
970894
970891
970879
970879
970874
970870
970862
970847
970843
970841
970821
970800
970791
970787
970780
970775
970775
970774
970768
970731
970731
970722
970718
970716
970714
970714
970710
970695
970690
970685
970673
970662
970657
970656
970649
970635
970631
970626
970615
970612
970610
970605
970601
970589
970574
970567
970565
970563
970555
970550
970548
970535
970527
970492
970478
970468
970465
970464
970461
970448
970433
970428
970426
970410
970410
970406
970371
970362
970348
970320
970313
970313
970312
970312
970310
970308
970308
970275
970263
970246
970236
970235
970234
970227
970222
970211
970211
970201
970195
970189
970187
970179
970142
970136
970132
970125
970125
970125
970123
970118
970113
970097
970091
970090
970087
970082
970070
970065
970029
969985
969984
969979
969976
969975
969962
969942
969919
969919
969911
969909
969886
969883
969873
969864
969839
969819
969817
969813
969811
969811
969799
969786
969774
969772
969754
969749
969731
969731
969728
969715
969696
969686
969677
969676
969668
969666
969651
969638
969634
969599
969591
969578
969575
969575
969562
969528
969528
969500
969498
969497
969489
969474
969465
969461
969450
969445
969444
969433
969430
969429
969418
969414
969386
969383
969333
969319
969314
969314
969308
969303
969281
969269
969263
969256
969254
969243
969242
969227
969220
969214
969203
969190
969175
969143
969110
969086
969061
969061
969058
969046
969042
969034
969027
969022
969021
969013
969012
969010
969006
969004
968976
968964
968962
968935
968929
968926
968909
968902
968894
968885
968883
968876
968862
968854
968850
968838
968828
968822
968791
968784
968781
968780
968764
968758
968748
968738
968735
968720
968705
968690
968676
968675
968662
968650
968640
968629
968619
968618
968605
968592
968584
968572
968570
968568
968568
968554
968476
968453
968442
968426
968393
968381
968352
968346
968337
968335
968332
968300
968291
968280
968278
968263
968257
968250
968239
968228
968218
968210
968192
968188
968179
968178
968159
968157
968156
968152
968117
968097
968094
968084
968083
968082
968081
968081
968072
968070
968069
968049
968042
968038
968020
968018
968015
967996
967993
967988
967942
967940
967937
967923
967914
967913
967905
967905
967881
967878
967869
967868
967862
967860
967857
967855
967850
967845
967831
967814
967811
967791
967788
967784
967777
967773
967770
967767
967762
967761
967755
967732
967723
967713
967706
967698
967690
967668
967665
967660
967654
967651
967648
967643
967617
967613
967599
967592
967576
967565
967560
967559
967521
967504
967503
967479
967465
967464
967438
967434
967385
967379
967375
967364
967362
967360
967353
967344
967340
967339
967320
967315
967310
967286
967285
967285
967269
967268
967268
967266
967264
967257
967256
967254
967244
967210
967204
967180
967178
967167
967138
967138
967136
967130
967124
967114
967109
967106
967104
967103
967095
967086
967080
967071
967062
967049
967018
967012
966987
966982
966958
966956
966952
966947
966924
966922
966901
966895
966895
966890
966887
966879
966864
966854
966840
966839
966837
966831
966821
966805
966804
966798
966784
966770
966756
966752
966750
966747
966727
966724
966724
966715
966696
966687
966686
966674
966648
966620
966605
966601
966588
966567
966561
966559
966533
966518
966511
966509
966480
966478
966472
966466
966453
966433
966425
966415
966384
966351
966349
966332
966327
966318
966310
966285
966283
966281
966269
966265
966259
966259
966255
966250
966237
966225
966216
966208
966204
966192
966179
966178
966159
966155
966155
966137
966134
966119
966095
966086
966083
966070
966061
966048
966045
966040
966039
966030
966022
966017
965976
965965
965965
965936
965920
965918
965917
965910
965907
965873
965861
965859
965852
965834
965826
965777
965773
965761
965756
965734
965713
965703
965668
965647
965641
965623
965621
965608
965606
965604
965595
965553
965527
965525
965517
965511
965510
965490
965482
965482
965478
965475
965457
965440
965438
965428
965427
965424
965420
965411
965408
965368
965362
965362
965349
965348
965331
965296
965294
965263
965256
965248
965247
965238
965237
965233
965214
965211
965211
965188
965187
965166
965137
965089
965085
965072
965065
965063
965060
965059
965057
965041
965000
965000
964972
964970
964958
964948
964944
964941
964940
964929
964914
964900
964898
964888
964874
964872
964865
964844
964821
964813
964810
964808
964794
964789
964764
964762
964758
964756
964751
964745
964715
964705
964703
964694
964681
964679
964668
964665
964661
964647
964631
964627
964615
964592
964588
964578
964564
964564
964520
964506
964504
964501
964498
964498
964484
964478
964465
964464
964459
964439
964418
964417
964411
964409
964393
964377
964374
964369
964365
964359
964335
964327
964310
964305
964303
964290
964287
964225
964202
964199
964198
964189
964187
964158
964154
964141
964137
964099
964095
964080
964079
964074
964068
964062
964043
964035
964026
964010
964010
963994
963976
963975
963960
963954
963929
963924
963905
963897
963897
963896
963888
963882
963867
963855
963847
963844
963839
963810
963807
963807
963788
963770
963760
963728
963719
963691
963691
963673
963668
963659
963657
963652
963637
963622
963608
963600
963592
963558
963553
963542
963539
963539
963528
963515
963491
963486
963483
963478
963455
963450
963441
963437
963434
963431
963421
963417
963416
963399
963383
963374
963361
963360
963358
963354
963350
963314
963306
963287
963281
963273
963268
963261
963256
963246
963245
963244
963239
963238
963231
963225
963215
963199
963195
963173
963171
963146
963129
963128
963127
963123
963107
963087
963086
963067
963041
963040
963032
963023
963021
963020
963018
963014
963006
962983
962982
962982
962976
962953
962947
962946
962940
962939
962930
962895
962853
962851
962845
962843
962839
962806
962801
962782
962777
962768
962763
962758
962751
962749
962740
962733
962720
962702
962691
962675
962655
962651
962645
962632
962625
962621
962601
962599
962597
962566
962563
962561
962548
962541
962540
962530
962529
962515
962513
962512
962478
962478
962463
962458
962421
962418
962399
962396
962396
962389
962382
962381
962375
962372
962360
962352
962339
962337
962314
962302
962279
962266
962209
962206
962202
962199
962193
962190
962178
962169
962168
962163
962159
962143
962142
962132
962131
962123
962122
962116
962097
962082
962078
962072
962034
962007
962002
961997
961989
961981
961972
961958
961926
961904
961888
961888
961878
961865
961815
961808
961801
961799
961792
961782
961738
961693
961688
961686
961683
961671
961668
961663
961654
961630
961627
961617
961613
961607
961599
961568
961556
961549
961540
961536
961529
961510
961490
961483
961480
961468
961464
961448
961447
961445
961440
961427
961421
961406
961397
961393
961391
961368
961354
961347
961341
961334
961326
961314
961311
961306
961304
961294
961285
961281
961279
961278
961273
961271
961269
961240
961226
961206
961206
961200
961198
961196
961182
961172
961136
961130
961107
961091
961090
961074
961059
961055
961038
961014
961011
961010
960998
960994
960980
960972
960971
960965
960955
960954
960953
960944
960935
960935
960919
960914
960903
960898
960897
960859
960852
960843
960811
960768
960725
960721
960721
960705
960699
960699
960671
960666
960658
960640
960638
960637
960633
960631
960626
960621
960617
960611
960601
960588
960584
960575
960571
960544
960516
960508
960502
960502
960490
960477
960474
960473
960460
960449
960449
960422
960411
960404
960395
960378
960357
960351
960349
960340
960332
960327
960326
960320
960304
960290
960261
960238
960236
960223
960204
960203
960199
960194
960191
960188
960181
960171
960167
960152
960142
960134
960130
960126
960107
960104
960102
960094
960091
960073
960072
960065
960054
960042
960022
960019
960003
959996
959974
959957
959947
959921
959917
959911
959896
959888
959872
959860
959858
959853
959831
959829
959828
959811
959810
959807
959806
959802
959788
959781
959754
959750
959732
959730
959725
959712
959710
959697
959691
959688
959684
959672
959669
959668
959668
959664
959659
959633
959617
959597
959582
959579
959577
959571
959571
959568
959559
959554
959553
959535
959526
959518
959498
959472
959464
959458
959425
959402
959397
959396
959389
959389
959385
959365
959364
959361
959361
959343
959323
959312
959275
959267
959253
959228
959222
959212
959198
959188
959170
959167
959154
959135
959134
959129
959129
959125
959113
959105
959103
959096
959096
959095
959074
959072
959069
959060
959058
959049
959033
959025
959017
959003
959002
959001
958999
958999
958986
958983
958972
958970
958949
958948
958947
958924
958924
958922
958916
958914
958907
958896
958894
958886
958874
958873
958851
958840
958821
958820
958812
958811
958810
958802
958800
958797
958796
958787
958772
958770
958759
958745
958738
958737
958719
958711
958708
958702
958683
958645
958633
958628
958622
958619
958618
958613
958610
958607
958606
958605
958597
958596
958596
958563
958557
958555
958554
958539
958527
958517
958506
958502
958500
958496
958473
958472
958469
958458
958415
958411
958409
958391
958385
958384
958376
958372
958348
958347
958338
958323
958316
958316
958308
958306
958299
958296
958256
958246
958245
958237
958231
958229
958222
958220
958218
958216
958208
958206
958201
958194
958185
958181
958177
958172
958168
958164
958155
958154
958153
958144
958134
958128
958096
958092
958091
958089
958088
958082
958061
958054
958045
958038
958036
958029
958011
958003
957992
957990
957989
957975
957975
957968
957964
957964
957958
957955
957933
957928
957925
957922
957916
957893
957888
957881
957860
957837
957789
957787
957754
957749
957743
957735
957710
957709
957704
957691
957680
957676
957675
957659
957654
957594
957583
957571
957565
957562
957561
957557
957552
957551
957544
957532
957517
957512
957504
957488
957469
957437
957437
957425
957424
957414
957414
957414
957405
957401
957385
957383
957374
957366
957363
957357
957349
957344
957334
957329
957328
957305
957278
957262
957234
957232
957210
957193
957182
957177
957176
957166
957136
957134
957129
957117
957102
957102
957101
957089
957082
957079
957073
957069
957052
957041
957040
957034
957029
957017
957016
956995
956936
956915
956888
956887
956878
956862
956856
956794
956792
956790
956789
956787
956784
956778
956755
956751
956736
956731
956718
956711
956705
956700
956672
956663
956656
956656
956640
956633
956623
956616
956616
956609
956596
956589
956582
956574
956566
956564
956563
956560
956550
956541
956540
956530
956528
956510
956509
956491
956490
956477
956452
956443
956435
956435
956432
956422
956414
956411
956407
956396
956385
956383
956370
956356
956351
956345
956334
956333
956332
956332
956328
956328
956326
956324
956316
956307
956304
956301
956292
956290
956284
956280
956256
956256
956251
956245
956227
956207
956203
956195
956194
956194
956193
956190
956181
956180
956178
956157
956150
956142
956136
956135
956134
956121
956101
956098
956096
956077
956069
956052
956044
956043
956036
956026
956017
956010
955984
955982
955975
955968
955951
955943
955928
955916
955914
955881
955880
955872
955871
955868
955856
955840
955833
955818
955817
955804
955792
955759
955753
955751
955743
955732
955724
955723
955720
955711
955709
955701
955699
955686
955686
955670
955654
955623
955615
955615
955588
955583
955548
955507
955504
955502
955501
955496
955488
955487
955472
955441
955439
955427
955422
955388
955378
955377
955376
955368
955342
955333
955329
955317
955302
955300
955292
955287
955262
955253
955251
955250
955250
955246
955227
955190
955190
955183
955166
955165
955135
955135
955120
955107
955102
955093
955088
955083
955078
955059
955014
955013
955001
955001
954991
954981
954958
954932
954930
954913
954885
954877
954877
954873
954844
954844
954836
954832
954831
954822
954816
954793
954792
954786
954773
954772
954766
954761
954758
954756
954751
954748
954742
954727
954710
954706
954701
954701
954687
954685
954680
954674
954671
954669
954637
954624
954616
954606
954591
954584
954583
954574
954564
954559
954555
954548
954538
954526
954524
954518
954490
954489
954483
954464
954445
954444
954435
954427
954382
954379
954361
954344
954335
954320
954292
954284
954270
954268
954261
954257
954225
954219
954217
954204
954194
954189
954187
954175
954152
954145
954143
954125
954106
954103
954102
954096
954088
954078
954071
954066
954057
954057
954054
954050
954031
953985
953958
953956
953949
953942
953938
953937
953937
953935
953916
953911
953898
953889
953881
953877
953871
953865
953861
953858
953851
953842
953818
953812
953799
953796
953794
953782
953763
953760
953759
953741
953734
953718
953712
953696
953692
953678
953676
953672
953644
953642
953640
953640
953618
953613
953594
953584
953572
953566
953562
953521
953519
953517
953511
953507
953494
953494
953492
953468
953468
953467
953463
953438
953423
953416
953401
953387
953383
953383
953361
953359
953357
953357
953335
953322
953319
953314
953301
953294
953294
953293
953280
953275
953268
953265
953252
953249
953236
953227
953224
953219
953218
953215
953213
953208
953170
953170
953161
953153
953135
953131
953125
953088
953079
953077
953077
953075
953073
953073
953057
953056
953053
953050
953037
953033
953031
952998
952981
952980
952975
952968
952960
952960
952938
952926
952897
952887
952877
952873
952860
952856
952843
952826
952821
952814
952792
952791
952778
952770
952760
952755
952746
952739
952736
952736
952721
952721
952720
952688
952685
952682
952679
952675
952663
952631
952631
952627
952621
952616
952609
952596
952595
952572
952569
952553
952552
952538
952532
952522
952519
952517
952515
952512
952501
952497
952497
952494
952491
952484
952424
952417
952395
952370
952354
952349
952298
952297
952287
952279
952275
952262
952241
952233
952226
952225
952216
952201
952199
952179
952175
952171
952168
952157
952156
952154
952120
952109
952100
952100
952091
952090
952081
952066
952046
952045
952044
952040
952040
952006
951984
951980
951978
951961
951936
951931
951931
951929
951929
951927
951926
951914
951910
951899
951899
951895
951890
951889
951884
951878
951874
951856
951851
951837
951828
951826
951822
951818
951816
951809
951803
951781
951772
951746
951725
951705
951693
951689
951683
951681
951668
951659
951620
951601
951596
951589
951584
951576
951561
951529
951519
951518
951513
951513
951504
951486
951484
951479
951476
951474
951452
951441
951422
951419
951401
951393
951391
951384
951363
951355
951350
951340
951326
951315
951307
951305
951281
951268
951255
951250
951225
951197
951190
951184
951181
951180
951152
951130
951129
951128
951125
951119
951097
951093
951093
951075
951062
951056
951042
951033
951031
951008
950994
950990
950985
950967
950961
950936
950904
950903
950900
950875
950869
950855
950846
950831
950823
950820
950815
950786
950785
950772
950769
950763
950755
950742
950741
950709
950697
950687
950686
950686
950666
950661
950655
950641
950640
950612
950592
950569
950568
950564
950557
950553
950553
950551
950545
950536
950525
950506
950497
950493
950475
950463
950461
950459
950435
950434
950434
950432
950418
950413
950408
950405
950398
950395
950361
950360
950344
950338
950326
950316
950304
950303
950297
950294
950293
950292
950281
950278
950249
950230
950214
950211
950210
950205
950202
950178
950176
950174
950169
950165
950163
950146
950143
950139
950137
950129
950124
950117
950106
950100
950086
950078
950048
950044
950040
950028
950018
950015
950003
950002
949993
949991
949990
949974
949969
949963
949953
949953
949947
949931
949924
949922
949894
949893
949889
949865
949828
949809
949809
949792
949765
949752
949749
949727
949709
949703
949702
949659
949602
949599
949598
949598
949596
949579
949563
949545
949545
949536
949528
949523
949512
949498
949474
949470
949462
949451
949432
949431
949412
949402
949395
949384
949376
949365
949328
949318
949303
949296
949274
949248
949246
949245
949239
949232
949215
949213
949200
949193
949190
949169
949153
949146
949139
949138
949132
949127
949118
949117
949105
949097
949094
949091
949078
949071
949064
949059
949034
949023
949018
949008
948981
948951
948947
948941
948937
948895
948874
948862
948859
948858
948848
948847
948836
948833
948830
948828
948824
948824
948818
948804
948789
948758
948754
948743
948714
948712
948695
948688
948684
948665
948663
948658
948656
948645
948642
948639
948635
948628
948622
948616
948613
948611
948606
948604
948602
948566
948566
948565
948532
948522
948518
948517
948515
948511
948510
948492
948475
948474
948449
948445
948435
948428
948427
948397
948371
948354
948341
948306
948294
948274
948268
948260
948209
948194
948179
948158
948143
948142
948131
948124
948120
948105
948102
948084
948075
948062
948051
948027
948026
948025
948022
948010
948004
948002
947993
947991
947987
947978
947958
947956
947948
947938
947938
947919
947903
947896
947892
947889
947876
947862
947860
947859
947847
947845
947839
947823
947817
947812
947810
947770
947743
947727
947727
947697
947696
947696
947694
947687
947683
947678
947676
947673
947673
947670
947669
947666
947656
947640
947638
947602
947585
947552
947551
947537
947535
947534
947526
947524
947522
947514
947514
947513
947509
947503
947498
947496
947481
947478
947476
947476
947449
947448
947420
947396
947395
947390
947389
947372
947367
947366
947365
947361
947347
947329
947323
947320
947316
947315
947308
947288
947260
947243
947237
947231
947229
947226
947223
947216
947214
947208
947201
947179
947173
947161
947155
947129
947120
947114
947114
947102
947096
947083
947078
947073
947059
947044
947040
947030
947019
947014
947003
947001
946989
946970
946953
946948
946945
946942
946933
946920
946920
946919
946901
946897
946863
946839
946834
946794
946794
946791
946790
946776
946746
946714
946704
946690
946684
946684
946663
946649
946634
946621
946607
946603
946597
946590
946583
946581
946577
946577
946554
946550
946514
946512
946493
946492
946489
946444
946432
946429
946425
946415
946414
946392
946381
946380
946369
946367
946364
946354
946340
946336
946334
946325
946311
946310
946307
946298
946297
946279
946273
946272
946267
946265
946261
946227
946199
946196
946188
946188
946173
946172
946167
946159
946154
946132
946131
946104
946100
946088
946060
946057
946047
946033
945985
945968
945947
945942
945941
945939
945928
945914
945906
945901
945894
945891
945887
945881
945878
945860
945858
945856
945835
945827
945825
945824
945815
945794
945789
945784
945780
945775
945775
945768
945765
945753
945741
945732
945687
945685
945668
945659
945644
945643
945630
945628
945626
945613
945603
945596
945595
945594
945592
945581
945559
945559
945532
945529
945525
945523
945516
945515
945475
945448
945438
945430
945428
945425
945416
945403
945392
945390
945384
945383
945365
945361
945348
945331
945327
945291
945281
945268
945255
945238
945235
945233
945230
945229
945225
945224
945190
945187
945177
945177
945162
945160
945138
945128
945116
945090
945089
945079
945073
945070
945070
945068
945035
945020
945018
945017
945006
945004
944995
944979
944959
944955
944951
944937
944934
944932
944924
944907
944906
944894
944891
944853
944841
944832
944820
944799
944797
944785
944772
944766
944760
944760
944747
944744
944736
944730
944722
944711
944705
944687
944682
944671
944654
944646
944638
944635
944623
944607
944587
944584
944580
944574
944555
944538
944532
944527
944525
944515
944511
944507
944483
944477
944476
944472
944464
944462
944445
944421
944411
944405
944404
944392
944391
944382
944369
944362
944355
944331
944316
944300
944297
944293
944274
944257
944247
944235
944230
944207
944194
944193
944173
944141
944135
944117
944107
944092
944091
944068
944055
944055
944051
944043
944035
944032
944010
944006
943974
943971
943934
943922
943903
943894
943875
943868
943848
943845
943837
943832
943826
943826
943820
943818
943810
943809
943808
943796
943778
943765
943748
943748
943724
943702
943676
943662
943657
943656
943646
943644
943631
943628
943624
943619
943613
943611
943582
943568
943560
943560
943526
943518
943491
943460
943449
943434
943415
943399
943382
943379
943364
943357
943338
943317
943314
943290
943277
943251
943235
943225
943213
943208
943188
943180
943171
943170
943125
943113
943105
943086
943078
943076
943065
943064
943029
943027
943022
943003
943000
942996
942989
942984
942977
942976
942939
942926
942925
942921
942913
942911
942902
942875
942868
942833
942827
942797
942792
942777
942766
942762
942753
942736
942728
942723
942721
942717
942714
942713
942709
942708
942697
942692
942680
942672
942672
942662
942647
942639
942627
942623
942595
942595
942562
942550
942516
942509
942493
942484
942445
942435
942420
942393
942386
942373
942364
942345
942342
942336
942326
942324
942298
942283
942267
942246
942244
942236
942234
942231
942225
942214
942213
942205
942196
942186
942177
942142
942141
942135
942130
942129
942125
942124
942092
942030
942022
942011
942008
941996
941988
941974
941970
941962
941958
941950
941950
941945
941941
941937
941934
941928
941921
941921
941920
941913
941909
941886
941885
941884
941877
941877
941852
941848
941846
941837
941827
941817
941812
941811
941800
941788
941768
941754
941751
941718
941713
941698
941679
941677
941643
941616
941607
941606
941602
941593
941578
941573
941565
941562
941535
941521
941515
941515
941495
941490
941477
941454
941441
941438
941435
941386
941381
941370
941369
941359
941355
941351
941336
941333
941331
941330
941306
941305
941300
941299
941272
941264
941242
941237
941223
941221
941208
941185
941168
941147
941143
941108
941058
941043
941041
941020
940998
940987
940969
940966
940958
940958
940950
940948
940947
940946
940942
940939
940936
940923
940907
940900
940895
940895
940889
940884
940883
940878
940876
940876
940868
940852
940849
940824
940824
940804
940799
940791
940789
940765
940762
940760
940745
940740
940736
940728
940719
940708
940705
940705
940691
940688
940681
940662
940661
940652
940652
940651
940645
940644
940644
940643
940632
940628
940614
940611
940569
940534
940494
940473
940453
940453
940451
940449
940435
940417
940416
940414
940413
940407
940399
940382
940379
940372
940345
940340
940327
940323
940300
940285
940282
940255
940246
940218
940208
940199
940198
940191
940178
940174
940158
940156
940150
940130
940109
940093
940092
940067
940051
940051
940019
939997
939993
939973
939968
939961
939954
939950
939950
939942
939924
939922
939921
939905
939902
939900
939895
939889
939871
939869
939848
939846
939841
939833
939832
939824
939821
939801
939801
939797
939788
939783
939781
939760
939746
939738
939734
939716
939715
939712
939698
939678
939670
939625
939621
939609
939606
939584
939582
939577
939572
939565
939562
939557
939551
939545
939524
939518
939514
939514
939507
939498
939497
939473
939453
939447
939425
939421
939404
939352
939351
939345
939313
939305
939304
939285
939276
939275
939269
939263
939233
939226
939222
939220
939204
939202
939187
939185
939172
939155
939140
939140
939128
939116
939109
939107
939101
939083
939067
939063
939048
939032
939022
939014
939006
938988
938975
938961
938939
938933
938931
938903
938894
938890
938879
938872
938868
938848
938846
938839
938838
938829
938817
938802
938785
938778
938769
938764
938757
938751
938716
938710
938704
938692
938671
938669
938667
938657
938656
938641
938626
938624
938618
938599
938594
938586
938584
938575
938538
938529
938516
938508
938507
938507
938504
938501
938483
938481
938471
938468
938464
938464
938455
938455
938454
938426
938399
938381
938378
938377
938348
938340
938325
938306
938301
938298
938293
938281
938276
938267
938263
938237
938235
938231
938213
938196
938194
938185
938170
938157
938150
938145
938139
938136
938127
938110
938101
938081
938073
938070
938062
938061
938059
938058
938057
938051
938051
938041
938035
938029
938027
938025
938025
938014
938004
938002
937996
937970
937968
937959
937943
937943
937937
937933
937931
937928
937919
937909
937906
937903
937895
937892
937884
937881
937880
937878
937874
937864
937850
937834
937832
937817
937813
937801
937782
937767
937766
937731
937716
937665
937662
937654
937644
937640
937619
937609
937607
937600
937592
937587
937576
937564
937552
937543
937527
937524
937510
937509
937496
937496
937495
937479
937474
937474
937473
937465
937452
937434
937428
937409
937399
937398
937398
937391
937388
937387
937378
937369
937355
937345
937325
937320
937316
937292
937287
937273
937267
937255
937242
937235
937231
937215
937213
937190
937166
937153
937139
937118
937116
937108
937105
937099
937050
937043
937018
937006
936994
936969
936963
936960
936956
936947
936941
936938
936938
936919
936913
936891
936890
936879
936853
936839
936824
936820
936819
936800
936796
936795
936788
936782
936762
936756
936755
936747
936735
936732
936722
936701
936683
936682
936680
936675
936660
936655
936636
936619
936612
936595
936588
936582
936580
936567
936564
936557
936554
936552
936522
936517
936498
936493
936489
936485
936483
936462
936460
936446
936439
936426
936421
936418
936407
936406
936402
936392
936386
936374
936372
936367
936347
936338
936329
936310
936310
936309
936299
936288
936281
936276
936236
936231
936212
936209
936169
936166
936163
936150
936146
936134
936113
936107
936092
936081
936060
936057
936041
936023
935969
935968
935958
935956
935955
935946
935941
935938
935934
935924
935905
935891
935886
935851
935849
935815
935802
935802
935799
935789
935777
935776
935775
935759
935743
935739
935735
935720
935715
935705
935694
935677
935671
935663
935656
935653
935647
935645
935622
935611
935610
935605
935594
935590
935587
935561
935553
935543
935529
935520
935516
935491
935490
935485
935483
935446
935440
935436
935402
935394
935385
935376
935373
935342
935338
935330
935320
935319
935297
935296
935296
935242
935230
935224
935224
935222
935221
935220
935203
935192
935185
935179
935170
935166
935159
935149
935147
935139
935138
935137
935125
935125
935124
935111
935110
935102
935101
935073
935071
935070
935069
935062
935056
935044
935037
935035
935034
935031
935025
935016
934979
934971
934959
934956
934949
934949
934926
934901
934897
934894
934889
934885
934867
934863
934863
934842
934841
934832
934830
934823
934812
934809
934798
934796
934791
934783
934776
934767
934766
934750
934750
934736
934728
934720
934706
934679
934668
934651
934620
934617
934608
934602
934574
934573
934572
934566
934555
934555
934532
934523
934496
934475
934468
934456
934451
934443
934441
934440
934436
934435
934412
934412
934411
934406
934400
934386
934384
934359
934351
934348
934338
934311
934306
934298
934294
934277
934275
934273
934272
934257
934250
934243
934222
934206
934192
934191
934170
934162
934158
934143
934128
934117
934110
934096
934074
934050
934048
934036
934035
934025
934012
934007
934002
933985
933973
933959
933959
933951
933949
933926
933918
933914
933912
933886
933869
933851
933851
933850
933841
933833
933800
933795
933782
933774
933770
933770
933760
933757
933752
933738
933720
933693
933690
933688
933653
933642
933630
933620
933613
933612
933612
933597
933586
933575
933567
933560
933550
933545
933535
933534
933532
933526
933521
933516
933511
933504
933481
933466
933462
933459
933440
933437
933416
933413
933407
933403
933399
933373
933364
933354
933352
933346
933344
933329
933327
933320
933319
933317
933314
933312
933266
933256
933253
933252
933241
933241
933235
933234
933222
933220
933216
933215
933210
933209
933208
933207
933206
933182
933170
933170
933168
933161
933155
933151
933149
933123
933121
933118
933106
933099
933087
933071
933063
933039
933019
933009
933001
932998
932995
932984
932983
932971
932968
932961
932947
932929
932928
932926
932921
932892
932892
932891
932869
932866
932865
932860
932852
932848
932835
932828
932808
932799
932788
932787
932776
932773
932761
932754
932737
932736
932722
932722
932721
932710
932691
932674
932669
932668
932666
932653
932650
932637
932628
932627
932608
932601
932595
932594
932566
932550
932547
932546
932528
932522
932493
932447
932438
932424
932409
932399
932399
932389
932384
932379
932375
932340
932334
932329
932314
932302
932292
932277
932274
932266
932253
932250
932249
932247
932232
932229
932223
932203
932201
932195
932168
932155
932143
932136
932113
932110
932103
932079
932073
932065
932055
932047
932023
931999
931979
931952
931921
931891
931889
931881
931868
931859
931858
931844
931817
931816
931814
931809
931808
931798
931770
931767
931764
931753
931750
931745
931741
931736
931733
931719
931712
931680
931675
931667
931658
931655
931644
931629
931629
931619
931601
931592
931565
931561
931559
931510
931508
931502
931500
931494
931480
931477
931476
931467
931448
931438
931422
931415
931398
931378
931326
931320
931305
931303
931302
931296
931289
931286
931265
931249
931241
931235
931197
931180
931179
931165
931163
931147
931132
931132
931120
931088
931071
931069
931066
931056
931041
931015
931013
931012
931012
931010
930995
930957
930951
930943
930922
930916
930915
930901
930866
930857
930853
930851
930840
930838
930833
930822
930817
930813
930812
930777
930758
930756
930747
930740
930739
930737
930729
930720
930718
930717
930702
930698
930687
930653
930650
930648
930623
930618
930597
930580
930572
930547
930540
930518
930498
930488
930486
930468
930444
930402
930392
930391
930381
930376
930347
930342
930340
930323
930313
930289
930288
930286
930283
930274
930274
930270
930234
930232
930231
930217
930200
930193
930179
930172
930159
930145
930140
930133
930133
930130
930117
930110
930107
930101
930094
930078
930055
930053
930049
930037
930031
930031
930029
930028
930016
930011
930003
929992
929960
929941
929904
929904
929903
929900
929892
929880
929857
929853
929848
929844
929841
929840
929839
929836
929831
929819
929813
929804
929796
929795
929790
929782
929759
929758
929752
929750
929747
929746
929733
929732
929730
929725
929716
929707
929705
929697
929678
929650
929648
929642
929642
929586
929584
929576
929575
929567
929533
929517
929496
929494
929489
929477
929475
929460
929450
929446
929443
929437
929435
929433
929415
929407
929393
929389
929385
929376
929355
929347
929344
929343
929337
929322
929316
929313
929313
929305
929304
929302
929294
929261
929242
929242
929238
929230
929223
929220
929205
929192
929185
929182
929179
929177
929173
929173
929173
929168
929161
929147
929140
929132
929131
929116
929101
929097
929095
929094
929038
929036
929035
929014
929011
928992
928983
928974
928952
928899
928856
928844
928834
928814
928814
928798
928794
928771
928765
928755
928755
928714
928710
928701
928681
928676
928672
928660
928653
928612
928577
928576
928555
928549
928531
928525
928510
928504
928495
928476
928448
928441
928440
928426
928418
928400
928380
928374
928372
928349
928327
928300
928296
928294
928291
928273
928252
928167
928141
928139
928131
928080
928076
928071
928070
928068
928066
928060
928048
928041
928041
928028
928017
928012
928006
927996
927983
927972
927967
927935
927929
927927
927899
927889
927872
927866
927847
927843
927837
927835
927823
927808
927770
927759
927747
927739
927737
927728
927720
927677
927670
927669
927660
927646
927644
927643
927624
927618
927592
927577
927570
927550
927529
927519
927496
927492
927489
927488
927485
927483
927481
927474
927468
927454
927435
927432
927432
927425
927403
927401
927388
927388
927355
927347
927346
927304
927300
927294
927292
927271
927271
927236
927228
927224
927217
927217
927211
927190
927155
927137
927123
927119
927100
927095
927093
927071
927068
927062
927058
927052
927042
927022
927018
927009
926992
926984
926964
926949
926938
926935
926930
926919
926913
926893
926891
926874
926851
926846
926840
926833
926829
926818
926808
926807
926807
926804
926798
926765
926757
926756
926747
926743
926743
926723
926699
926686
926679
926678
926662
926648
926642
926636
926632
926616
926614
926613
926613
926597
926562
926561
926538
926534
926530
926505
926494
926469
926467
926464
926447
926445
926442
926437
926429
926421
926420
926405
926403
926390
926372
926340
926338
926333
926317
926312
926309
926309
926299
926294
926293
926283
926258
926255
926253
926246
926246
926245
926215
926214
926211
926188
926168
926162
926154
926151
926148
926141
926121
926118
926083
926066
926054
926053
926047
926043
926036
926024
926014
926011
925999
925996
925991
925982
925981
925971
925963
925960
925959
925957
925956
925955
925943
925937
925928
925895
925879
925877
925873
925860
925849
925838
925816
925776
925769
925756
925742
925688
925681
925676
925668
925656
925634
925606
925586
925585
925581
925578
925571
925568
925567
925561
925552
925537
925537
925515
925503
925498
925493
925475
925466
925451
925443
925440
925408
925386
925382
925381
925379
925372
925368
925368
925364
925364
925353
925347
925333
925325
925311
925276
925270
925259
925242
925235
925226
925218
925210
925204
925202
925189
925185
925156
925145
925144
925140
925133
925126
925118
925117
925113
925109
925094
925069
925057
925053
925037
925013
925009
925005
925004
925002
924998
924998
924989
924986
924985
924982
924974
924958
924954
924950
924948
924945
924939
924928
924918
924918
924913
924912
924911
924909
924907
924907
924904
924898
924883
924869
924828
924779
924777
924774
924769
924749
924748
924740
924730
924730
924726
924710
924708
924695
924692
924686
924663
924651
924650
924623
924620
924619
924618
924615
924609
924605
924601
924590
924584
924582
924548
924544
924536
924512
924487
924485
924485
924471
924464
924463
924448
924426
924420
924399
924397
924358
924346
924335
924328
924309
924287
924285
924283
924283
924267
924259
924258
924254
924249
924247
924244
924237
924233
924208
924194
924186
924180
924178
924172
924164
924151
924144
924131
924130
924095
924089
924081
924071
924070
924068
924066
924063
924062
924056
924012
924003
924001
923997
923991
923990
923989
923966
923962
923959
923953
923951
923938
923933
923911
923895
923865
923856
923841
923831
923829
923814
923794
923786
923776
923769
923762
923724
923722
923713
923701
923700
923684
923680
923656
923652
923651
923633
923628
923619
923604
923598
923566
923551
923529
923528
923525
923519
923516
923514
923510
923509
923492
923482
923479
923471
923465
923420
923406
923375
923367
923345
923342
923339
923332
923329
923304
923304
923297
923289
923285
923268
923255
923255
923252
923241
923241
923212
923186
923165
923157
923155
923136
923133
923125
923122
923108
923105
923098
923098
923082
923079
923076
923070
923057
923056
923054
923050
923044
923033
923016
923009
922995
922989
922982
922981
922976
922971
922959
922949
922931
922915
922913
922909
922898
922890
922881
922879
922860
922847
922840
922826
922822
922822
922814
922804
922797
922794
922772
922749
922745
922728
922725
922716
922708
922708
922707
922705
922701
922675
922668
922667
922655
922651
922631
922630
922611
922609
922604
922590
922572
922568
922539
922521
922470
922463
922455
922433
922432
922413
922412
922411
922404
922399
922393
922384
922366
922365
922343
922333
922331
922309
922299
922295
922292
922290
922278
922269
922263
922261
922259
922252
922236
922234
922225
922220
922217
922212
922212
922209
922200
922195
922191
922190
922109
922101
922093
922086
922070
922064
922051
922038
922017
922016
922013
921987
921982
921981
921978
921945
921942
921912
921909
921903
921884
921875
921867
921864
921859
921857
921852
921850
921848
921845
921845
921840
921833
921822
921816
921807
921807
921794
921790
921787
921782
921779
921772
921746
921744
921734
921734
921729
921722
921718
921704
921700
921699
921688
921683
921680
921660
921659
921657
921648
921646
921623
921622
921614
921608
921604
921598
921559
921548
921548
921542
921535
921510
921504
921494
921493
921482
921466
921464
921462
921458
921455
921449
921418
921414
921403
921400
921396
921367
921364
921358
921354
921347
921341
921324
921309
921294
921294
921283
921282
921273
921270
921266
921265
921258
921247
921236
921226
921221
921215
921196
921192
921180
921176
921171
921168
921154
921152
921146
921145
921142
921129
921122
921108
921100
921051
921050
921048
921041
921034
921034
921030
921009
921005
920997
920993
920981
920971
920961
920960
920944
920943
920939
920937
920930
920922
920907
920903
920887
920884
920873
920871
920867
920855
920842
920842
920832
920831
920825
920815
920812
920788
920779
920776
920762
920743
920737
920733
920725
920725
920716
920708
920707
920695
920673
920661
920660
920658
920647
920628
920614
920611
920611
920602
920553
920545
920525
920522
920517
920513
920511
920509
920494
920482
920476
920467
920439
920433
920427
920418
920414
920411
920403
920360
920351
920345
920345
920338
920325
920316
920315
920306
920301
920301
920285
920268
920263
920262
920251
920225
920221
920214
920205
920204
920202
920196
920195
920190
920186
920169
920164
920153
920141
920129
920114
920105
920090
920084
920081
920073
920059
920042
920039
920003
920002
919996
919960
919955
919943
919942
919934
919915
919906
919903
919869
919865
919820
919815
919793
919784
919762
919761
919760
919756
919752
919749
919746
919744
919733
919727
919723
919701
919695
919654
919652
919645
919643
919640
919632
919619
919616
919597
919595
919563
919563
919561
919560
919541
919534
919526
919524
919524
919512
919507
919480
919479
919466
919434
919429
919413
919411
919390
919382
919367
919335
919330
919312
919307
919298
919294
919291
919284
919271
919271
919270
919260
919205
919177
919173
919165
919158
919154
919151
919137
919078
919062
919055
919048
919040
919033
919033
919032
919002
918999
918998
918986
918980
918942
918935
918933
918915
918908
918906
918896
918876
918842
918831
918811
918809
918782
918768
918767
918763
918752
918745
918731
918715
918715
918714
918706
918699
918680
918662
918652
918650
918644
918642
918628
918616
918611
918604
918593
918557
918519
918515
918510
918509
918502
918484
918482
918482
918481
918474
918472
918457
918443
918424
918414
918401
918385
918376
918364
918358
918339
918336
918328
918319
918308
918308
918307
918305
918289
918280
918240
918240
918239
918238
918226
918224
918212
918186
918178
918157
918136
918134
918130
918045
918030
918024
918021
918016
917977
917965
917958
917947
917946
917941
917933
917929
917928
917927
917914
917896
917893
917884
917879
917836
917833
917822
917817
917814
917811
917811
917809
917802
917797
917790
917784
917769
917738
917731
917730
917706
917688
917681
917671
917651
917651
917646
917636
917628
917622
917619
917617
917608
917597
917581
917576
917557
917557
917542
917541
917481
917458
917456
917455
917452
917426
917423
917422
917422
917418
917402
917400
917393
917372
917355
917352
917348
917348
917331
917329
917326
917321
917304
917291
917279
917273
917269
917264
917239
917238
917237
917226
917201
917195
917187
917174
917165
917163
917138
917137
917135
917134
917102
917089
917066
917060
917055
917054
917052
917049
917044
917043
917038
917018
917015
916998
916993
916993
916989
916976
916968
916956
916953
916950
916950
916935
916924
916921
916914
916906
916885
916881
916880
916878
916864
916848
916838
916830
916808
916805
916803
916799
916791
916789
916781
916771
916770
916757
916755
916751
916750
916733
916732
916729
916708
916678
916678
916665
916653
916649
916645
916639
916624
916613
916605
916583
916576
916546
916536
916521
916503
916498
916494
916486
916484
916482
916471
916466
916462
916436
916405
916403
916400
916395
916392
916387
916376
916366
916361
916356
916347
916327
916312
916293
916292
916264
916260
916257
916231
916224
916222
916215
916191
916186
916184
916175
916164
916137
916134
916133
916133
916129
916123
916118
916100
916099
916093
916084
916071
916069
916052
916050
916045
916037
916012
915997
915993
915966
915942
915930
915928
915917
915900
915897
915896
915888
915872
915863
915859
915848
915841
915840
915820
915811
915807
915804
915781
915780
915778
915767
915710
915703
915692
915690
915686
915683
915667
915664
915652
915648
915633
915623
915620
915610
915608
915596
915594
915565
915563
915553
915550
915550
915549
915549
915541
915539
915531
915531
915507
915502
915495
915494
915469
915466
915456
915455
915444
915428
915426
915420
915415
915409
915383
915381
915368
915362
915361
915359
915356
915344
915331
915330
915298
915292
915291
915286
915284
915278
915270
915263
915260
915250
915243
915242
915208
915193
915155
915154
915146
915144
915142
915121
915114
915112
915089
915086
915085
915080
915073
915073
915054
915043
915030
915025
915024
915012
915010
915004
914995
914969
914961
914952
914941
914934
914931
914919
914917
914917
914906
914900
914877
914873
914857
914855
914853
914846
914842
914816
914810
914783
914780
914762
914756
914754
914754
914739
914721
914709
914698
914683
914682
914673
914662
914654
914653
914634
914634
914621
914616
914615
914611
914609
914578
914569
914568
914567
914558
914541
914527
914517
914516
914489
914443
914432
914423
914418
914410
914400
914379
914357
914336
914306
914264
914253
914249
914248
914246
914239
914237
914236
914233
914230
914226
914220
914199
914180
914166
914159
914157
914153
914149
914148
914145
914138
914130
914128
914115
914107
914096
914090
914080
914078
914072
914057
914017
914015
913975
913963
913955
913942
913931
913920
913919
913904
913902
913902
913880
913874
913844
913834
913823
913820
913818
913818
913798
913783
913780
913764
913757
913754
913722
913712
913705
913689
913659
913659
913658
913639
913634
913631
913630
913630
913626
913624
913610
913605
913598
913575
913569
913562
913552
913552
913542
913517
913508
913493
913486
913476
913475
913454
913433
913418
913406
913406
913404
913399
913388
913385
913382
913382
913374
913367
913354
913347
913328
913326
913311
913301
913289
913287
913282
913278
913273
913271
913239
913227
913223
913200
913186
913179
913166
913157
913147
913144
913140
913134
913116
913108
913092
913082
913071
913064
913061
913006
912989
912947
912946
912946
912944
912943
912935
912923
912920
912920
912914
912895
912878
912873
912851
912848
912848
912844
912820
912817
912816
912813
912800
912795
912792
912789
912788
912777
912763
912756
912750
912748
912733
912730
912718
912707
912689
912667
912662
912647
912645
912610
912609
912603
912598
912580
912579
912578
912575
912560
912551
912545
912538
912520
912513
912482
912476
912461
912454
912451
912448
912420
912417
912403
912402
912388
912372
912369
912345
912340
912336
912331
912286
912284
912269
912233
912193
912169
912159
912159
912151
912140
912099
912089
912075
912073
912071
912050
912039
912028
912023
912008
912004
911994
911986
911925
911912
911891
911885
911884
911872
911870
911869
911856
911830
911825
911813
911791
911784
911781
911778
911776
911773
911767
911757
911749
911740
911725
911716
911709
911673
911669
911668
911666
911633
911603
911561
911544
911518
911510
911499
911497
911493
911480
911480
911475
911458
911453
911419
911398
911394
911388
911377
911357
911356
911342
911322
911299
911298
911283
911272
911270
911263
911252
911241
911225
911208
911201
911180
911162
911131
911118
911106
911104
911099
911097
911096
911083
911060
911044
911033
911022
911008
911000
910947
910928
910908
910906
910900
910895
910835
910835
910818
910817
910809
910782
910763
910740
910715
910707
910693
910688
910669
910665
910662
910654
910648
910647
910639
910622
910620
910594
910577
910566
910565
910561
910560
910545
910536
910525
910514
910513
910510
910504
910482
910465
910459
910451
910425
910422
910419
910419
910413
910406
910402
910391
910380
910373
910369
910368
910350
910349
910336
910335
910323
910305
910295
910288
910285
910268
910260
910250
910243
910239
910236
910230
910227
910221
910216
910209
910185
910174
910171
910132
910130
910117
910108
910089
910067
910060
910056
910043
910037
910034
910023
910012
909998
909997
909986
909983
909981
909973
909953
909950
909918
909904
909901
909887
909883
909880
909879
909874
909824
909823
909791
909787
909775
909759
909742
909739
909737
909724
909721
909715
909694
909692
909681
909679
909673
909673
909664
909664
909659
909658
909649
909642
909631
909617
909615
909615
909608
909605
909548
909547
909545
909530
909522
909517
909485
909481
909469
909453
909453
909453
909449
909404
909396
909394
909383
909383
909379
909378
909378
909356
909352
909350
909343
909336
909335
909331
909291
909283
909281
909264
909249
909219
909208
909192
909192
909167
909161
909141
909139
909131
909120
909113
909107
909101
909091
909091
909088
909086
909085
909061
909053
909043
909025
909016
909004
908988
908970
908965
908963
908955
908943
908938
908934
908920
908910
908878
908870
908869
908864
908850
908819
908808
908806
908797
908794
908787
908776
908772
908762
908740
908738
908720
908715
908686
908683
908682
908677
908665
908663
908650
908623
908608
908606
908605
908605
908589
908588
908575
908562
908547
908513
908481
908464
908464
908450
908437
908425
908425
908411
908378
908360
908360
908356
908352
908349
908333
908309
908298
908292
908281
908279
908269
908266
908255
908250
908231
908230
908229
908225
908223
908216
908205
908198
908191
908188
908178
908161
908147
908144
908141
908122
908120
908112
908102
908095
908089
908089
908086
908081
908069
908068
908068
908066
908057
908048
908030
908016
907973
907970
907968
907967
907963
907956
907954
907917
907911
907900
907866
907854
907854
907828
907809
907801
907780
907754
907751
907749
907748
907742
907735
907733
907729
907722
907716
907693
907684
907677
907664
907663
907656
907651
907646
907639
907624
907612
907612
907606
907606
907589
907586
907583
907578
907570
907566
907546
907536
907535
907525
907501
907499
907486
907484
907478
907475
907466
907463
907461
907461
907458
907457
907436
907432
907427
907419
907399
907395
907391
907391
907379
907374
907341
907341
907336
907323
907320
907306
907301
907298
907279
907270
907264
907258
907239
907219
907206
907188
907173
907163
907163
907138
907122
907091
907086
907086
907085
907074
907057
907032
907028
907025
907022
907018
906993
906991
906966
906953
906943
906940
906927
906915
906908
906901
906890
906878
906873
906857
906851
906842
906814
906807
906763
906753
906733
906721
906721
906705
906702
906674
906671
906669
906662
906659
906653
906652
906640
906632
906605
906594
906590
906589
906587
906580
906570
906557
906539
906527
906527
906522
906514
906504
906504
906496
906476
906473
906471
906471
906459
906453
906444
906435
906402
906390
906380
906376
906361
906325
906323
906312
906298
906280
906278
906269
906264
906262
906229
906223
906214
906206
906191
906190
906184
906160
906146
906130
906128
906126
906124
906092
906089
906080
906079
906062
906046
906038
906035
906030
906029
906014
906010
905991
905988
905971
905964
905962
905947
905928
905922
905920
905918
905908
905906
905899
905894
905885
905884
905882
905874
905848
905848
905846
905844
905829
905819
905819
905816
905790
905778
905770
905767
905766
905748
905740
905740
905738
905717
905711
905677
905670
905669
905668
905667
905661
905653
905651
905624
905624
905621
905615
905554
905553
905545
905519
905504
905477
905441
905437
905433
905427
905417
905409
905401
905392
905391
905381
905381
905379
905373
905354
905329
905317
905312
905309
905301
905293
905278
905271
905264
905252
905233
905227
905221
905214
905212
905190
905188
905184
905182
905173
905163
905160
905143
905141
905133
905133
905125
905119
905118
905115
905103
905083
905062
905033
905023
905014
905000
904989
904973
904967
904925
904868
904854
904843
904834
904829
904828
904821
904806
904802
904791
904783
904780
904778
904777
904770
904751
904740
904716
904711
904707
904690
904683
904673
904671
904669
904646
904637
904632
904621
904614
904611
904607
904573
904568
904562
904543
904537
904534
904521
904516
904510
904501
904493
904492
904463
904450
904450
904445
904437
904436
904411
904407
904406
904397
904396
904393
904390
904383
904381
904378
904372
904365
904359
904354
904346
904335
904313
904313
904298
904297
904280
904279
904278
904277
904276
904240
904229
904220
904196
904181
904178
904174
904168
904157
904154
904145
904119
904118
904108
904101
904096
904089
904076
904070
904052
904046
904014
904013
903972
903957
903948
903936
903929
903928
903905
903901
903900
903893
903886
903885
903878
903869
903867
903863
903862
903855
903847
903839
903824
903806
903804
903800
903790
903789
903780
903770
903763
903730
903724
903722
903715
903709
903708
903699
903667
903658
903655
903650
903645
903644
903633
903632
903621
903614
903607
903600
903595
903592
903585
903582
903581
903575
903553
903549
903530
903522
903512
903512
903509
903505
903505
903500
903482
903480
903473
903464
903455
903432
903428
903421
903408
903388
903368
903365
903353
903350
903345
903326
903318
903302
903300
903296
903255
903255
903251
903247
903229
903227
903223
903214
903210
903208
903205
903204
903192
903184
903181
903167
903166
903132
903131
903119
903100
903099
903082
903066
903060
903059
903029
903023
903013
903006
903003
902997
902982
902960
902952
902907
902885
902840
902837
902808
902806
902780
902776
902772
902763
902757
902747
902744
902729
902726
902720
902714
902708
902699
902697
902695
902693
902670
902665
902664
902639
902624
902622
902618
902616
902608
902594
902590
902578
902578
902568
902565
902558
902556
902550
902528
902501
902480
902460
902445
902442
902442
902439
902426
902425
902421
902420
902416
902415
902405
902396
902391
902389
902363
902344
902344
902307
902300
902280
902263
902257
902251
902250
902243
902243
902239
902190
902187
902182
902172
902167
902158
902150
902138
902133
902128
902114
902102
902086
902082
902062
902023
902017
901998
901976
901960
901959
901956
901956
901951
901949
901940
901933
901927
901919
901916
901913
901912
901909
901893
901892
901889
901877
901873
901848
901841
901828
901823
901817
901807
901803
901783
901774
901769
901767
901761
901746
901741
901736
901714
901681
901679
901678
901677
901652
901634
901611
901591
901581
901569
901563
901534
901532
901525
901521
901516
901508
901490
901472
901449
901448
901446
901430
901411
901402
901381
901365
901362
901337
901336
901335
901323
901310
901309
901307
901296
901296
901294
901292
901281
901278
901277
901268
901268
901265
901251
901244
901242
901239
901231
901230
901225
901212
901205
901192
901190
901176
901176
901161
901113
901081
901037
901021
901020
901015
901009
901009
901008
901003
900989
900980
900969
900931
900927
900915
900914
900907
900902
900877
900876
900874
900848
900845
900839
900838
900830
900810
900809
900799
900786
900781
900778
900732
900717
900709
900671
900666
900664
900649
900644
900600
900596
900594
900576
900575
900566
900530
900515
900503
900501
900494
900489
900470
900449
900449
900442
900407
900395
900378
900372
900358
900356
900328
900323
900315
900310
900310
900309
900307
900307
900307
900285
900279
900268
900260
900255
900226
900215
900197
900182
900170
900157
900140
900138
900126
900125
900121
900120
900113
900103
900099
900097
900081
900077
900075
900062
900058
900056
900045
900042
900024
900013
899990
899988
899984
899941
899937
899928
899924
899915
899914
899890
899869
899867
899850
899818
899817
899809
899808
899796
899793
899792
899761
899747
899745
899743
899730
899712
899699
899697
899676
899663
899648
899647
899634
899623
899588
899587
899581
899574
899562
899560
899559
899547
899545
899539
899535
899531
899519
899500
899482
899476
899459
899458
899451
899444
899443
899435
899422
899414
899414
899401
899398
899382
899378
899367
899331
899323
899322
899314
899294
899293
899292
899291
899266
899255
899251
899248
899243
899239
899224
899217
899209
899203
899198
899178
899166
899138
899136
899113
899104
899100
899098
899085
899071
899069
899066
899058
899047
899009
899000
898999
898982
898971
898956
898941
898933
898912
898909
898900
898894
898893
898854
898820
898817
898817
898806
898805
898796
898789
898786
898771
898769
898766
898759
898732
898717
898716
898712
898709
898663
898656
898647
898625
898604
898600
898600
898598
898594
898591
898588
898571
898569
898527
898518
898513
898508
898506
898506
898504
898500
898480
898464
898447
898417
898405
898404
898400
898389
898384
898375
898364
898338
898312
898307
898305
898301
898293
898285
898279
898264
898255
898247
898239
898237
898230
898228
898217
898212
898195
898180
898178
898172
898162
898161
898138
898131
898124
898097
898090
898089
898070
898067
898067
898046
898046
898040
898038
898014
898014
898014
898012
898009
897972
897953
897936
897935
897896
897881
897874
897867
897862
897856
897856
897844
897830
897827
897822
897815
897814
897798
897794
897784
897766
897741
897733
897725
897717
897714
897709
897709
897668
897666
897665
897665
897643
897643
897642
897638
897638
897634
897621
897611
897571
897565
897562
897558
897543
897541
897534
897529
897507
897505
897483
897464
897453
897452
897450
897431
897410
897398
897392
897385
897382
897381
897369
897368
897353
897348
897324
897305
897297
897285
897284
897263
897261
897250
897237
897233
897226
897206
897201
897190
897180
897180
897176
897153
897143
897125
897124
897119
897115
897113
897107
897099
897089
897077
897063
897050
897015
897003
897003
896979
896965
896936
896928
896926
896921
896915
896897
896881
896868
896863
896828
896803
896799
896799
896794
896760
896744
896744
896721
896717
896709
896704
896702
896695
896693
896687
896680
896679
896663
896646
896616
896608
896607
896602
896594
896589
896563
896556
896556
896555
896532
896525
896504
896492
896477
896472
896440
896409
896400
896395
896394
896393
896389
896345
896339
896332
896323
896320
896319
896308
896300
896281
896279
896276
896260
896254
896235
896223
896182
896164
896161
896147
896142
896131
896127
896126
896116
896101
896090
896074
896073
896070
896068
896050
896038
896010
896010
895984
895976
895974
895968
895948
895947
895944
895940
895937
895923
895918
895869
895857
895853
895849
895843
895831
895821
895807
895802
895786
895753
895753
895750
895748
895746
895715
895707
895698
895698
895686
895681
895680
895678
895664
895644
895639
895603
895586
895581
895578
895570
895548
895547
895546
895537
895528
895523
895504
895496
895494
895489
895484
895480
895478
895475
895458
895458
895456
895454
895445
895431
895403
895400
895383
895383
895372
895369
895365
895355
895353
895345
895330
895329
895329
895329
895308
895301
895296
895287
895285
895283
895277
895265
895262
895258
895255
895248
895210
895210
895205
895203
895199
895190
895188
895180
895173
895151
895135
895133
895132
895126
895122
895114
895113
895110
895104
895103
895102
895101
895097
895054
895054
895042
895041
895031
895021
895021
894999
894998
894992
894992
894986
894982
894981
894979
894967
894966
894961
894960
894956
894948
894934
894923
894901
894897
894897
894893
894892
894887
894884
894868
894868
894860
894850
894848
894847
894835
894834
894808
894799
894793
894788
894780
894775
894768
894763
894762
894761
894752
894752
894719
894716
894698
894697
894691
894690
894680
894678
894614
894607
894595
894586
894585
894579
894569
894552
894530
894529
894522
894517
894516
894502
894493
894491
894484
894475
894471
894438
894425
894415
894415
894413
894408
894382
894378
894367
894363
894355
894343
894333
894296
894295
894295
894269
894268
894267
894263
894254
894241
894224
894212
894211
894206
894204
894196
894191
894188
894182
894174
894161
894152
894150
894146
894116
894103
894098
894077
894061
894059
894053
894049
894019
894013
894010
893994
893993
893985
893983
893981
893957
893957
893951
893951
893925
893919
893907
893906
893899
893893
893886
893878
893862
893845
893840
893840
893832
893816
893804
893801
893801
893792
893781
893766
893761
893741
893737
893736
893703
893702
893695
893662
893647
893645
893644
893640
893614
893613
893598
893591
893588
893584
893581
893578
893564
893561
893556
893526
893522
893492
893484
893478
893468
893448
893443
893436
893421
893409
893385
893370
893360
893357
893315
893291
893273
893270
893229
893227
893167
893125
893107
893100
893100
893084
893079
893067
893058
893054
893049
893044
893042
893041
893040
893037
893032
893006
892998
892994
892986
892980
892956
892951
892936
892935
892934
892929
892907
892896
892896
892890
892879
892862
892853
892844
892844
892818
892788
892773
892748
892739
892736
892722
892714
892714
892706
892702
892694
892675
892657
892652
892649
892635
892631
892627
892626
892624
892622
892602
892598
892595
892579
892577
892570
892547
892516
892515
892514
892510
892506
892473
892472
892465
892461
892451
892445
892440
892440
892430
892415
892409
892407
892392
892385
892383
892370
892368
892363
892355
892355
892352
892340
892339
892329
892324
892319
892292
892287
892283
892275
892245
892234
892227
892226
892222
892190
892188
892186
892176
892172
892168
892162
892159
892157
892156
892150
892150
892145
892137
892127
892126
892121
892104
892095
892088
892087
892083
892082
892081
892071
892062
892044
892037
892025
891992
891978
891944
891928
891907
891893
891883
891873
891859
891838
891815
891810
891796
891768
891766
891765
891756
891754
891726
891717
891703
891699
891698
891683
891664
891661
891644
891643
891636
891625
891581
891570
891558
891548
891543
891534
891533
891527
891519
891514
891497
891496
891495
891494
891490
891485
891459
891456
891445
891397
891373
891369
891364
891362
891347
891340
891331
891329
891311
891308
891301
891300
891298
891288
891285
891271
891270
891269
891262
891248
891247
891245
891244
891216
891207
891201
891175
891150
891145
891132
891118
891085
891082
891069
891061
891058
891038
891033
891031
891028
891014
891004
891002
890989
890989
890953
890922
890917
890915
890904
890897
890896
890860
890850
890837
890837
890835
890828
890815
890807
890805
890802
890796
890787
890780
890768
890759
890739
890737
890701
890690
890672
890672
890663
890646
890640
890635
890626
890618
890604
890594
890586
890584
890583
890572
890541
890538
890529
890525
890523
890521
890504
890494
890490
890473
890462
890462
890433
890432
890430
890411
890386
890360
890359
890327
890324
890318
890313
890308
890285
890282
890273
890268
890260
890247
890238
890237
890235
890227
890212
890204
890199
890183
890176
890169
890165
890151
890149
890146
890143
890142
890135
890132
890092
890077
890072
890048
890043
890041
890030
890024
890019
890016
890011
890009
890008
890002
889998
889992
889992
889992
889982
889978
889967
889965
889949
889934
889934
889933
889931
889915
889902
889886
889863
889844
889808
889804
889793
889791
889783
889772
889771
889769
889767
889757
889752
889721
889714
889710
889700
889686
889680
889669
889661
889651
889637
889623
889621
889620
889617
889613
889601
889600
889582
889568
889545
889523
889523
889521
889520
889513
889505
889488
889454
889449
889428
889415
889371
889361
889358
889352
889350
889340
889332
889325
889325
889322
889314
889306
889306
889295
889282
889272
889267
889251
889246
889239
889238
889217
889193
889184
889170
889140
889108
889106
889096
889096
889085
889079
889076
889066
889057
889033
889032
888995
888991
888976
888971
888966
888962
888959
888950
888935
888931
888928
888927
888921
888913
888905
888890
888880
888860
888848
888844
888817
888802
888798
888795
888782
888780
888778
888755
888750
888747
888746
888736
888726
888719
888711
888693
888683
888675
888659
888653
888630
888618
888617
888603
888602
888594
888584
888579
888577
888569
888564
888561
888560
888555
888538
888537
888534
888533
888504
888491
888482
888476
888473
888451
888445
888435
888432
888420
888403
888395
888383
888375
888348
888346
888339
888329
888319
888314
888303
888302
888300
888296
888263
888251
888242
888199
888196
888184
888179
888150
888149
888146
888145
888140
888119
888118
888110
888107
888105
888093
888073
888061
888050
888049
888049
888048
888045
888043
888043
888025
887994
887984
887981
887961
887950
887948
887943
887936
887907
887906
887901
887894
887889
887883
887883
887862
887845
887840
887839
887839
887829
887807
887794
887765
887756
887747
887717
887695
887694
887683
887677
887666
887662
887642
887638
887633
887630
887612
887609
887596
887594
887589
887576
887571
887569
887567
887566
887541
887504
887503
887494
887483
887466
887462
887454
887442
887435
887431
887431
887412
887404
887388
887379
887371
887370
887349
887334
887331
887329
887324
887313
887313
887310
887305
887304
887295
887292
887284
887269
887268
887266
887261
887255
887251
887229
887224
887224
887221
887220
887214
887213
887202
887190
887173
887167
887162
887149
887135
887134
887132
887125
887112
887100
887077
887062
887054
887052
887025
887021
887011
886984
886953
886952
886946
886939
886935
886926
886918
886911
886906
886905
886887
886886
886882
886881
886877
886862
886862
886856
886854
886847
886838
886835
886833
886814
886813
886806
886804
886797
886797
886796
886785
886762
886760
886760
886758
886741
886721
886687
886687
886674
886673
886667
886615
886608
886588
886575
886568
886567
886562
886560
886559
886553
886516
886505
886501
886498
886487
886486
886481
886476
886475
886468
886464
886461
886429
886415
886397
886388
886375
886375
886374
886365
886363
886363
886357
886355
886352
886350
886345
886343
886340
886316
886315
886272
886272
886270
886249
886249
886232
886231
886206
886204
886196
886190
886165
886158
886149
886148
886148
886121
886116
886107
886105
886096
886090
886074
886068
886056
886045
886039
886036
886026
886014
885998
885988
885972
885960
885955
885954
885948
885928
885919
885911
885904
885894
885873
885870
885867
885866
885866
885865
885856
885840
885827
885819
885793
885766
885741
885711
885679
885667
885652
885626
885625
885593
885588
885579
885569
885565
885557
885557
885552
885524
885519
885516
885508
885500
885495
885481
885481
885480
885479
885468
885465
885461
885452
885426
885417
885411
885395
885381
885377
885375
885367
885349
885329
885306
885301
885265
885262
885251
885244
885238
885206
885191
885185
885165
885156
885155
885152
885142
885141
885129
885107
885107
885103
885088
885087
885052
885044
885029
884975
884962
884952
884951
884950
884942
884910
884902
884897
884897
884889
884874
884865
884846
884830
884824
884822
884817
884811
884807
884762
884756
884742
884732
884700
884691
884690
884674
884672
884666
884653
884641
884638
884623
884602
884578
884560
884557
884550
884539
884520
884510
884502
884478
884471
884470
884465
884442
884416
884407
884404
884382
884358
884342
884341
884334
884316
884305
884300
884288
884284
884274
884271
884271
884268
884267
884250
884225
884222
884213
884199
884194
884193
884189
884184
884177
884175
884159
884144
884144
884141
884132
884130
884121
884110
884087
884075
884069
884048
884046
884044
884043
884034
884028
884020
884011
884010
883995
883989
883982
883978
883972
883972
883966
883954
883932
883898
883888
883883
883874
883867
883861
883846
883840
883831
883803
883803
883799
883792
883791
883789
883776
883738
883731
883728
883720
883714
883708
883707
883703
883700
883698
883679
883674
883671
883668
883649
883636
883633
883633
883625
883606
883594
883582
883576
883574
883573
883569
883565
883551
883526
883522
883496
883488
883466
883462
883453
883449
883445
883434
883399
883390
883386
883375
883363
883356
883351
883336
883331
883330
883322
883321
883307
883272
883267
883266
883258
883246
883242
883239
883239
883238
883237
883215
883205
883185
883170
883154
883148
883135
883104
883099
883092
883090
883084
883034
883009
883008
882995
882991
882973
882960
882943
882935
882914
882902
882891
882885
882870
882858
882831
882799
882785
882758
882735
882732
882731
882726
882722
882719
882715
882703
882700
882634
882633
882628
882624
882623
882610
882604
882599
882590
882573
882571
882551
882539
882538
882522
882520
882514
882491
882490
882485
882483
882448
882422
882414
882407
882400
882395
882377
882376
882375
882344
882339
882333
882320
882316
882288
882268
882261
882247
882246
882235
882233
882232
882226
882215
882210
882207
882196
882179
882148
882148
882148
882145
882140
882139
882135
882109
882095
882091
882078
882067
882064
882063
882060
882058
882053
882050
882048
882047
882017
882008
881996
881977
881974
881971
881964
881956
881955
881952
881909
881892
881882
881880
881877
881876
881870
881868
881853
881812
881810
881753
881743
881718
881708
881706
881686
881684
881673
881673
881671
881664
881655
881651
881626
881624
881622
881616
881611
881611
881606
881596
881541
881535
881526
881519
881515
881514
881514
881509
881508
881504
881465
881434
881427
881392
881389
881388
881388
881368
881365
881364
881360
881344
881282
881276
881270
881240
881239
881234
881234
881230
881228
881225
881214
881200
881173
881156
881129
881122
881109
881084
881083
881053
881037
881034
881018
880998
880994
880968
880957
880932
880929
880917
880905
880897
880887
880851
880848
880842
880839
880838
880824
880801
880800
880786
880780
880768
880762
880760
880752
880742
880722
880711
880705
880704
880698
880667
880654
880652
880645
880635
880629
880625
880622
880620
880604
880592
880588
880584
880561
880550
880550
880517
880497
880493
880490
880463
880457
880425
880424
880407
880373
880369
880360
880359
880357
880352
880334
880323
880318
880316
880308
880291
880257
880255
880246
880244
880221
880220
880212
880206
880202
880151
880150
880145
880137
880123
880118
880117
880103
880099
880075
880074
880074
880062
880056
880055
880053
880046
880044
880019
880014
880007
880004
879991
879989
879975
879968
879962
879960
879959
879943
879942
879902
879900
879889
879888
879886
879875
879870
879857
879851
879844
879825
879818
879805
879798
879797
879792
879789
879770
879768
879744
879730
879729
879728
879706
879699
879697
879696
879693
879686
879679
879662
879659
879639
879629
879617
879613
879611
879577
879559
879555
879551
879542
879537
879502
879498
879471
879469
879443
879440
879439
879435
879427
879426
879405
879398
879393
879350
879341
879327
879304
879277
879275
879273
879268
879259
879244
879240
879236
879222
879222
879212
879210
879197
879171
879166
879155
879138
879093
879060
879041
879027
879026
879002
879000
878999
878991
878978
878952
878938
878927
878924
878914
878912
878897
878890
878881
878873
878872
878871
878870
878863
878862
878842
878840
878839
878835
878826
878825
878807
878799
878795
878793
878791
878776
878775
878763
878757
878737
878729
878727
878720
878716
878699
878691
878661
878638
878629
878623
878614
878607
878604
878598
878594
878591
878588
878585
878548
878538
878535
878525
878516
878516
878511
878504
878501
878486
878479
878441
878440
878436
878423
878414
878404
878393
878386
878371
878362
878348
878326
878324
878309
878307
878292
878287
878287
878268
878254
878252
878242
878240
878229
878228
878196
878173
878159
878150
878139
878134
878130
878121
878111
878087
878075
878074
878067
878059
878057
878033
878030
878028
878013
878003
877997
877981
877978
877958
877957
877950
877947
877935
877928
877906
877906
877888
877869
877866
877855
877854
877851
877836
877829
877824
877819
877798
877779
877766
877764
877763
877759
877724
877714
877675
877675
877672
877665
877637
877632
877626
877623
877606
877603
877576
877573
877567
877565
877564
877556
877533
877471
877449
877447
877445
877415
877410
877408
877405
877392
877379
877371
877358
877342
877339
877326
877311
877285
877278
877277
877255
877250
877249
877239
877238
877237
877225
877183
877183
877181
877175
877145
877107
877105
877098
877095
877089
877074
877069
877069
877069
877061
877056
877042
877038
877029
877024
876996
876995
876990
876989
876967
876962
876962
876961
876959
876959
876948
876927
876925
876919
876911
876910
876904
876902
876888
876878
876847
876841
876824
876816
876806
876796
876789
876775
876775
876774
876771
876752
876736
876732
876719
876718
876717
876709
876704
876672
876664
876650
876635
876624
876620
876613
876600
876599
876541
876517
876511
876497
876496
876491
876485
876476
876471
876462
876446
876435
876429
876422
876419
876409
876404
876392
876386
876376
876366
876350
876342
876336
876334
876332
876331
876305
876302
876299
876278
876273
876268
876259
876255
876242
876239
876239
876236
876228
876226
876220
876218
876217
876210
876209
876200
876199
876193
876190
876187
876174
876146
876110
876105
876100
876095
876092
876084
876078
876049
876043
876007
875996
875993
875986
875958
875940
875940
875921
875892
875883
875876
875852
875847
875840
875838
875837
875811
875790
875783
875758
875748
875748
875709
875698
875678
875674
875666
875661
875644
875643
875616
875608
875580
875562
875558
875548
875543
875543
875535
875524
875517
875514
875502
875499
875479
875461
875458
875453
875445
875433
875417
875414
875408
875403
875401
875369
875318
875314
875292
875269
875266
875262
875240
875224
875218
875208
875200
875198
875171
875171
875170
875143
875122
875075
875074
875061
875049
875049
875043
875040
875038
875038
875034
875026
875025
875023
875003
874998
874992
874991
874981
874979
874975
874973
874972
874971
874970
874962
874959
874948
874941
874940
874937
874935
874921
874919
874918
874913
874910
874905
874882
874881
874877
874840
874832
874829
874826
874821
874815
874805
874798
874789
874788
874787
874783
874782
874779
874773
874770
874765
874753
874745
874740
874736
874713
874707
874685
874683
874677
874662
874660
874651
874650
874650
874644
874642
874629
874625
874623
874615
874603
874596
874585
874583
874561
874560
874556
874546
874537
874536
874536
874523
874523
874505
874501
874489
874485
874484
874474
874462
874432
874425
874415
874411
874399
874387
874382
874379
874378
874369
874368
874366
874361
874360
874351
874345
874337
874331
874317
874310
874303
874294
874262
874257
874250
874248
874248
874238
874238
874234
874233
874203
874196
874177
874153
874128
874126
874126
874122
874117
874094
874085
874083
874077
874065
874056
874042
874034
874028
874026
873975
873967
873965
873943
873921
873920
873915
873879
873862
873841
873836
873830
873819
873800
873787
873782
873768
873761
873761
873758
873742
873738
873736
873729
873728
873715
873713
873705
873683
873679
873675
873655
873653
873632
873631
873627
873615
873613
873604
873587
873581
873553
873535
873524
873510
873487
873478
873474
873470
873453
873445
873442
873438
873425
873406
873404
873404
873403
873394
873392
873391
873386
873378
873358
873351
873350
873346
873340
873330
873306
873303
873287
873281
873279
873276
873273
873271
873270
873247
873241
873233
873214
873185
873178
873173
873153
873134
873126
873123
873123
873120
873112
873106
873099
873094
873088
873081
873078
873071
873069
873068
873063
873054
873050
873047
873044
873039
873024
873005
872993
872988
872974
872963
872955
872946
872939
872937
872931
872928
872920
872919
872915
872894
872880
872875
872869
872865
872862
872855
872845
872845
872823
872821
872814
872803
872792
872785
872777
872748
872741
872726
872725
872714
872688
872671
872670
872667
872666
872663
872663
872655
872646
872640
872635
872608
872556
872544
872529
872526
872516
872502
872501
872490
872475
872451
872444
872441
872438
872418
872404
872370
872351
872346
872334
872332
872327
872322
872300
872293
872286
872257
872255
872230
872208
872205
872199
872197
872189
872174
872172
872162
872157
872125
872122
872118
872118
872117
872111
872107
872088
872083
872067
872065
872054
872047
872039
872037
872037
872022
872020
872019
872013
871957
871951
871947
871913
871883
871874
871851
871847
871837
871832
871819
871803
871776
871764
871762
871743
871731
871704
871696
871695
871694
871693
871691
871688
871686
871669
871668
871663
871629
871619
871617
871610
871582
871549
871534
871531
871528
871527
871520
871516
871508
871499
871499
871498
871497
871492
871485
871459
871449
871423
871415
871395
871385
871374
871363
871329
871317
871281
871262
871257
871254
871253
871248
871239
871237
871232
871230
871218
871218
871205
871198
871169
871167
871161
871154
871145
871145
871110
871094
871088
871082
871058
871046
871029
871028
871015
871013
871010
871006
871006
870997
870994
870963
870961
870960
870956
870949
870934
870930
870927
870927
870923
870921
870916
870907
870907
870906
870903
870882
870866
870841
870812
870798
870775
870768
870764
870761
870756
870745
870743
870731
870725
870721
870720
870716
870679
870679
870644
870639
870630
870605
870591
870578
870573
870568
870568
870566
870564
870563
870533
870531
870523
870519
870490
870488
870486
870479
870475
870469
870393
870363
870343
870338
870324
870323
870302
870279
870274
870273
870258
870256
870255
870253
870227
870219
870212
870205
870185
870170
870163
870159
870154
870148
870146
870102
870096
870093
870091
870084
870082
870078
870074
870068
870064
870052
870051
870050
870048
870045
870039
870034
870032
870030
869989
869978
869975
869960
869943
869932
869913
869911
869909
869897
869893
869885
869867
869808
869793
869777
869765
869759
869755
869752
869748
869739
869727
869711
869711
869695
869689
869689
869689
869686
869683
869676
869656
869648
869644
869637
869621
869618
869615
869600
869587
869577
869562
869558
869556
869547
869526
869524
869497
869494
869487
869468
869466
869465
869464
869449
869442
869442
869410
869408
869405
869399
869384
869381
869377
869372
869356
869331
869320
869316
869314
869287
869279
869278
869272
869213
869210
869210
869200
869186
869185
869178
869174
869173
869166
869143
869132
869114
869113
869110
869102
869076
869070
869065
869053
869027
869023
868989
868985
868984
868960
868959
868956
868949
868946
868943
868938
868930
868930
868926
868926
868925
868913
868908
868874
868860
868858
868847
868844
868837
868828
868817
868806
868788
868759
868750
868747
868741
868732
868729
868711
868700
868700
868684
868674
868669
868628
868608
868594
868589
868586
868581
868573
868543
868542
868531
868522
868481
868478
868476
868431
868401
868397
868366
868343
868330
868320
868313
868296
868292
868290
868288
868285
868283
868281
868274
868271
868247
868246
868242
868211
868209
868176
868165
868159
868117
868115
868110
868101
868090
868075
868056
868053
868046
868037
868033
868028
868022
868015
867992
867983
867966
867932
867931
867920
867862
867848
867842
867832
867830
867829
867829
867818
867818
867804
867798
867795
867770
867768
867768
867752
867747
867730
867721
867717
867696
867691
867690
867690
867673
867669
867651
867645
867645
867639
867632
867626
867623
867606
867605
867592
867571
867567
867564
867537
867535
867532
867532
867530
867527
867507
867499
867496
867484
867480
867462
867460
867459
867450
867447
867446
867443
867420
867407
867406
867398
867397
867397
867385
867378
867377
867375
867367
867300
867291
867287
867283
867277
867276
867265
867244
867238
867234
867221
867221
867218
867211
867207
867205
867204
867195
867193
867173
867172
867170
867169
867161
867160
867149
867147
867100
867094
867091
867080
867075
867063
867052
867032
867002
866988
866975
866963
866948
866942
866922
866904
866900
866895
866891
866881
866866
866853
866848
866838
866831
866826
866815
866802
866794
866791
866790
866786
866767
866755
866742
866737
866717
866700
866691
866680
866677
866651
866650
866649
866640
866635
866619
866603
866597
866592
866592
866589
866582
866575
866572
866567
866567
866566
866561
866555
866524
866515
866505
866503
866498
866488
866480
866478
866473
866454
866432
866426
866425
866415
866395
866392
866371
866366
866365
866352
866350
866335
866309
866296
866294
866283
866268
866251
866250
866248
866223
866223
866208
866201
866189
866177
866144
866142
866108
866102
866091
866089
866089
866082
866079
866076
866066
866045
866024
866018
866016
866004
866004
865998
865973
865972
865967
865960
865944
865943
865937
865932
865930
865921
865911
865909
865879
865857
865782
865759
865759
865751
865744
865720
865694
865685
865674
865649
865645
865635
865595
865593
865590
865570
865556
865554
865537
865533
865521
865517
865475
865465
865459
865454
865434
865389
865386
865354
865353
865330
865313
865303
865300
865299
865298
865291
865284
865263
865256
865255
865213
865201
865189
865178
865177
865177
865170
865159
865149
865142
865133
865131
865118
865111
865110
865092
865067
865051
865034
865022
865022
864990
864984
864983
864971
864945
864942
864936
864936
864918
864912
864909
864905
864902
864888
864882
864881
864875
864856
864832
864811
864809
864809
864770
864764
864738
864717
864708
864694
864678
864653
864622
864620
864608
864604
864592
864576
864567
864561
864548
864544
864532
864530
864529
864527
864520
864492
864480
864478
864468
864465
864442
864429
864415
864408
864407
864391
864377
864373
864363
864355
864353
864351
864348
864333
864331
864329
864320
864315
864306
864291
864277
864267
864257
864257
864256
864254
864239
864234
864225
864219
864203
864202
864201
864180
864172
864167
864157
864148
864145
864143
864131
864129
864126
864102
864091
864080
864061
864044
864042
864035
864031
864028
864025
864021
864014
863998
863996
863968
863967
863963
863939
863935
863933
863929
863925
863915
863895
863873
863868
863858
863855
863854
863847
863839
863819
863804
863793
863792
863781
863778
863774
863771
863760
863754
863733
863729
863719
863703
863696
863671
863671
863669
863659
863640
863625
863625
863620
863609
863596
863594
863581
863574
863574
863566
863563
863548
863546
863544
863540
863527
863525
863523
863518
863506
863498
863493
863490
863487
863485
863485
863479
863473
863458
863455
863443
863441
863430
863404
863404
863401
863397
863380
863364
863362
863358
863353
863335
863334
863331
863328
863316
863315
863293
863292
863292
863283
863277
863269
863268
863225
863224
863215
863210
863207
863181
863171
863171
863154
863141
863141
863133
863116
863111
863094
863089
863084
863070
863070
863068
863066
863050
863044
863033
863013
863011
863003
862962
862961
862950
862945
862944
862942
862940
862931
862929
862919
862903
862900
862878
862867
862837
862810
862810
862805
862785
862785
862766
862758
862756
862749
862749
862747
862742
862731
862730
862729
862722
862702
862688
862687
862675
862667
862666
862652
862636
862633
862629
862623
862614
862608
862586
862586
862584
862566
862564
862563
862562
862556
862550
862550
862549
862542
862529
862516
862502
862489
862482
862481
862470
862447
862437
862435
862432
862429
862413
862399
862379
862362
862304
862301
862300
862298
862249
862237
862223
862210
862189
862188
862171
862171
862153
862147
862142
862139
862113
862112
862111
862107
862105
862091
862072
862059
862059
862054
862049
862036
862030
862027
862018
861996
861961
861958
861937
861909
861904
861902
861867
861853
861848
861830
861821
861814
861810
861783
861779
861711
861705
861684
861671
861668
861668
861652
861652
861642
861630
861616
861616
861607
861603
861596
861587
861582
861575
861572
861565
861556
861550
861546
861543
861533
861518
861497
861475
861467
861453
861441
861433
861429
861408
861400
861396
861387
861370
861367
861363
861359
861358
861346
861346
861335
861331
861331
861295
861294
861287
861242
861230
861220
861219
861216
861214
861202
861182
861145
861128
861120
861092
861075
861073
861052
861043
861039
861038
861035
861035
861029
861020
861008
861006
860999
860996
860991
860964
860960
860950
860949
860945
860930
860929
860925
860917
860916
860883
860867
860864
860856
860856
860846
860843
860841
860837
860833
860830
860812
860786
860769
860748
860722
860692
860674
860667
860665
860622
860621
860620
860615
860614
860613
860611
860595
860589
860580
860569
860559
860557
860543
860540
860533
860533
860523
860519
860503
860483
860479
860468
860462
860444
860431
860420
860419
860407
860407
860405
860401
860394
860387
860387
860355
860353
860349
860339
860339
860326
860324
860314
860309
860306
860288
860275
860260
860257
860248
860240
860235
860213
860205
860205
860201
860198
860196
860190
860172
860171
860133
860103
860101
860091
860076
860060
860060
860049
860046
860034
860028
860026
860018
860011
859998
859993
859986
859974
859972
859962
859948
859942
859934
859922
859902
859881
859879
859878
859867
859848
859839
859836
859833
859827
859817
859814
859811
859801
859797
859795
859795
859794
859771
859748
859721
859718
859700
859692
859688
859684
859680
859648
859645
859635
859615
859572
859560
859530
859519
859519
859517
859515
859514
859507
859497
859494
859494
859493
859492
859485
859472
859464
859460
859460
859459
859449
859419
859414
859403
859400
859390
859388
859366
859357
859327
859320
859320
859303
859299
859288
859287
859256
859248
859245
859245
859211
859206
859203
859193
859140
859139
859130
859125
859121
859116
859114
859096
859090
859067
859064
859056
859043
859038
859034
859025
859007
859002
858991
858967
858949
858941
858929
858918
858916
858898
858897
858896
858877
858871
858866
858848
858835
858829
858828
858802
858800
858792
858789
858771
858762
858753
858742
858733
858729
858723
858708
858688
858683
858676
858671
858655
858647
858633
858617
858609
858604
858599
858599
858572
858562
858560
858556
858554
858542
858536
858532
858531
858529
858484
858471
858456
858441
858394
858389
858386
858374
858368
858361
858327
858327
858323
858317
858310
858306
858295
858292
858258
858252
858235
858208
858196
858194
858190
858178
858172
858160
858150
858150
858138
858132
858130
858120
858114
858107
858100
858085
858064
858055
858049
858045
858043
858043
858033
858027
858023
858018
858014
858011
858007
857996
857986
857986
857984
857977
857976
857963
857962
857960
857957
857956
857934
857910
857893
857883
857878
857843
857835
857822
857803
857801
857796
857795
857793
857774
857756
857746
857720
857719
857705
857686
857683
857664
857662
857630
857623
857619
857615
857613
857611
857609
857602
857582
857580
857574
857568
857539
857514
857509
857509
857500
857492
857490
857482
857474
857467
857466
857463
857436
857434
857431
857430
857428
857422
857409
857407
857386
857375
857372
857371
857364
857359
857358
857340
857319
857310
857308
857306
857299
857288
857287
857263
857255
857253
857251
857233
857220
857206
857202
857196
857190
857186
857152
857136
857132
857130
857126
857102
857100
857092
857089
857078
857040
857025
857022
857018
857005
856993
856993
856993
856992
856989
856959
856922
856920
856905
856882
856859
856855
856844
856836
856834
856830
856814
856812
856804
856792
856780
856778
856767
856765
856762
856761
856747
856677
856675
856666
856664
856662
856645
856642
856634
856633
856597
856596
856591
856575
856574
856567
856542
856533
856514
856514
856507
856478
856468
856465
856463
856461
856456
856443
856443
856434
856433
856426
856423
856422
856405
856396
856393
856391
856374
856371
856366
856361
856357
856355
856350
856343
856337
856333
856329
856326
856291
856288
856263
856256
856253
856251
856242
856236
856235
856228
856199
856194
856186
856184
856183
856178
856168
856146
856144
856142
856112
856107
856095
856094
856093
856093
856055
856045
856045
856019
856012
855999
855986
855981
855940
855921
855915
855911
855909
855885
855879
855861
855861
855854
855809
855798
855790
855784
855757
855749
855743
855734
855726
855722
855710
855664
855652
855637
855631
855620
855586
855565
855562
855556
855545
855545
855544
855538
855538
855531
855525
855508
855500
855491
855488
855470
855467
855453
855430
855420
855404
855402
855387
855386
855374
855364
855338
855330
855325
855319
855297
855292
855292
855289
855288
855266
855237
855212
855203
855200
855197
855175
855168
855152
855123
855113
855109
855103
855059
855052
855029
855009
855002
854985
854951
854908
854907
854875
854871
854850
854847
854841
854834
854833
854763
854728
854720
854713
854709
854703
854694
854689
854671
854670
854662
854652
854646
854641
854640
854638
854634
854632
854613
854597
854580
854575
854559
854545
854544
854536
854491
854491
854489
854488
854474
854473
854473
854466
854464
854459
854458
854449
854448
854444
854435
854426
854424
854423
854402
854393
854389
854382
854381
854373
854372
854368
854357
854354
854353
854324
854319
854308
854271
854268
854266
854266
854250
854247
854243
854235
854218
854201
854192
854176
854145
854143
854120
854101
854100
854098
854087
854087
854076
854070
854066
854061
854060
854055
854039
854034
854016
854015
854001
853998
853992
853989
853976
853973
853969
853963
853947
853944
853932
853925
853919
853901
853897
853880
853873
853870
853862
853832
853815
853807
853803
853802
853799
853798
853786
853783
853734
853717
853692
853681
853655
853654
853637
853617
853607
853604
853591
853587
853586
853538
853529
853522
853522
853521
853510
853479
853477
853469
853465
853455
853451
853448
853424
853407
853403
853403
853399
853386
853363
853354
853354
853341
853324
853319
853307
853301
853299
853289
853289
853281
853278
853276
853274
853251
853248
853238
853221
853212
853194
853184
853178
853153
853130
853125
853121
853117
853111
853110
853107
853100
853100
853091
853090
853085
853074
853072
853057
853045
853040
853021
853020
853016
853016
853016
853014
853004
852999
852992
852990
852984
852983
852977
852975
852970
852970
852962
852955
852948
852946
852944
852929
852908
852903
852899
852894
852890
852866
852863
852862
852858
852843
852828
852825
852821
852818
852810
852796
852795
852793
852786
852775
852755
852744
852719
852702
852701
852693
852692
852689
852683
852680
852678
852676
852644
852640
852631
852622
852610
852604
852595
852582
852572
852562
852559
852557
852554
852549
852548
852517
852514
852502
852498
852494
852480
852476
852473
852425
852420
852409
852402
852392
852363
852361
852352
852348
852345
852338
852338
852336
852335
852317
852312
852281
852279
852212
852210
852198
852194
852191
852184
852169
852162
852162
852157
852141
852141
852108
852103
852097
852072
852071
852062
852054
852044
852033
852033
852032
852018
852010
852000
851985
851980
851978
851970
851968
851966
851958
851954
851953
851945
851941
851940
851901
851892
851886
851880
851870
851863
851862
851856
851844
851840
851836
851816
851815
851814
851812
851805
851802
851792
851786
851781
851755
851741
851734
851713
851699
851698
851689
851689
851674
851674
851659
851650
851634
851612
851609
851605
851598
851584
851556
851552
851549
851547
851546
851534
851527
851525
851515
851514
851509
851493
851489
851481
851476
851444
851440
851419
851418
851416
851411
851411
851406
851395
851367
851345
851345
851328
851317
851281
851266
851240
851227
851217
851215
851199
851187
851174
851162
851142
851126
851122
851105
851100
851097
851080
851080
851026
851024
851017
851009
851006
850996
850980
850978
850972
850966
850962
850955
850949
850940
850921
850920
850917
850916
850911
850907
850896
850869
850808
850772
850764
850762
850761
850761
850738
850731
850727
850719
850701
850689
850689
850687
850674
850649
850633
850623
850612
850598
850591
850587
850578
850563
850562
850557
850554
850550
850549
850543
850541
850536
850523
850498
850481
850476
850471
850468
850464
850449
850441
850432
850425
850392
850388
850386
850375
850372
850372
850366
850354
850350
850348
850309
850297
850293
850287
850281
850278
850277
850260
850250
850234
850227
850223
850212
850195
850193
850139
850125
850116
850110
850101
850098
850094
850094
850093
850091
850084
850083
850081
850066
850066
850059
850036
850017
850005
850004
850003
849995
849980
849977
849976
849975
849955
849952
849943
849919
849918
849912
849906
849904
849892
849875
849874
849869
849841
849838
849836
849830
849830
849828
849808
849801
849793
849787
849778
849775
849772
849767
849764
849753
849724
849722
849706
849704
849702
849675
849673
849661
849647
849644
849625
849624
849615
849603
849600
849583
849576
849561
849554
849522
849518
849498
849492
849458
849441
849420
849414
849396
849393
849389
849384
849382
849382
849379
849376
849373
849372
849366
849359
849351
849339
849333
849330
849325
849315
849314
849308
849294
849287
849279
849278
849277
849272
849264
849242
849240
849220
849219
849214
849206
849203
849201
849196
849194
849187
849187
849185
849165
849138
849136
849133
849130
849116
849115
849110
849106
849076
849073
849060
849046
849045
849032
849029
849024
849018
849001
849000
848999
848980
848978
848972
848954
848922
848902
848901
848900
848900
848889
848887
848883
848879
848879
848873
848860
848857
848835
848799
848790
848775
848773
848761
848757
848754
848751
848724
848723
848714
848703
848701
848700
848688
848684
848681
848681
848670
848629
848612
848603
848597
848595
848592
848585
848579
848570
848561
848559
848558
848551
848549
848538
848518
848516
848513
848511
848505
848486
848486
848483
848481
848472
848453
848446
848440
848436
848433
848433
848431
848424
848411
848405
848395
848385
848378
848357
848353
848348
848338
848322
848316
848308
848278
848268
848265
848263
848257
848222
848221
848213
848182
848180
848160
848160
848155
848151
848143
848116
848106
848098
848098
848096
848089
848086
848079
848071
848064
848055
848047
848025
848021
848019
848002
847996
847992
847989
847986
847983
847958
847948
847948
847932
847909
847903
847901
847898
847895
847881
847879
847876
847868
847852
847848
847811
847782
847779
847777
847775
847767
847760
847758
847754
847736
847734
847705
847697
847696
847688
847684
847684
847665
847616
847601
847596
847595
847590
847589
847549
847534
847527
847524
847514
847510
847503
847498
847479
847469
847456
847428
847414
847411
847401
847393
847392
847389
847370
847362
847327
847321
847317
847309
847301
847274
847238
847216
847211
847208
847208
847202
847202
847196
847189
847188
847186
847182
847175
847173
847172
847165
847155
847147
847142
847129
847122
847115
847107
847093
847088
847083
847083
847076
847030
847029
847025
847016
847013
847007
847004
847004
846987
846982
846980
846976
846969
846961
846958
846956
846936
846931
846926
846924
846894
846893
846884
846882
846864
846863
846850
846839
846837
846833
846826
846813
846810
846795
846779
846779
846758
846757
846755
846751
846736
846700
846694
846684
846672
846671
846656
846645
846634
846626
846620
846547
846544
846535
846518
846512
846504
846499
846496
846489
846482
846467
846455
846454
846419
846391
846387
846373
846360
846360
846345
846342
846335
846335
846322
846322
846317
846317
846316
846316
846313
846307
846288
846278
846247
846246
846245
846241
846220
846212
846206
846201
846199
846199
846187
846183
846176
846174
846168
846160
846144
846117
846094
846071
846051
846047
846045
846043
846003
846002
845988
845985
845984
845972
845962
845951
845944
845943
845940
845935
845927
845914
845910
845893
845887
845878
845862
845854
845842
845841
845841
845819
845818
845799
845773
845749
845745
845731
845723
845684
845674
845672
845658
845653
845640
845630
845626
845620
845607
845605
845598
845549
845531
845530
845505
845500
845496
845488
845485
845479
845464
845461
845458
845445
845427
845414
845402
845396
845394
845387
845369
845369
845367
845358
845358
845354
845352
845339
845329
845325
845311
845299
845295
845287
845281
845275
845267
845266
845255
845251
845249
845239
845220
845212
845210
845207
845206
845179
845169
845150
845146
845143
845135
845133
845101
845097
845090
845079
845075
845073
845060
845060
845055
845050
845041
845035
845010
845001
844998
844998
844980
844980
844955
844947
844946
844939
844926
844911
844910
844909
844892
844883
844883
844876
844845
844841
844836
844821
844813
844804
844800
844793
844790
844789
844777
844773
844768
844767
844765
844764
844744
844725
844722
844720
844701
844679
844671
844654
844643
844642
844624
844615
844612
844611
844602
844595
844577
844566
844551
844525
844521
844519
844499
844491
844485
844467
844466
844457
844454
844450
844450
844424
844422
844417
844417
844397
844388
844388
844376
844373
844366
844348
844333
844332
844332
844330
844304
844301
844287
844287
844279
844276
844250
844248
844233
844222
844205
844199
844194
844184
844166
844124
844122
844122
844102
844083
844073
844069
844068
844067
844065
844063
844059
844042
844040
844031
844015
844011
844003
843996
843977
843945
843941
843929
843912
843912
843911
843903
843898
843890
843866
843848
843835
843833
843817
843817
843802
843800
843792
843791
843779
843768
843768
843767
843746
843745
843740
843736
843732
843726
843722
843717
843714
843710
843707
843694
843682
843680
843646
843642
843634
843624
843602
843592
843587
843569
843568
843563
843518
843513
843506
843506
843501
843501
843492
843492
843481
843470
843466
843462
843453
843450
843434
843391
843383
843373
843347
843336
843307
843303
843293
843286
843286
843280
843279
843241
843201
843196
843185
843167
843146
843144
843110
843107
843080
843080
843067
843044
843031
843017
843005
842991
842979
842967
842962
842949
842940
842934
842933
842929
842922
842914
842899
842896
842894
842892
842892
842891
842889
842888
842883
842883
842877
842862
842860
842854
842843
842819
842810
842805
842800
842797
842796
842792
842786
842773
842764
842743
842698
842696
842690
842675
842655
842652
842635
842613
842612
842609
842601
842584
842571
842565
842547
842546
842546
842545
842539
842539
842536
842534
842515
842514
842468
842465
842444
842443
842431
842423
842419
842363
842357
842325
842319
842315
842315
842313
842275
842263
842245
842234
842231
842229
842217
842215
842206
842202
842194
842190
842189
842187
842182
842172
842133
842127
842123
842097
842093
842085
842060
842055
842042
842034
842028
842027
841992
841966
841964
841947
841942
841940
841933
841918
841912
841911
841908
841897
841888
841873
841871
841868
841860
841828
841815
841783
841776
841772
841768
841762
841759
841734
841731
841728
841726
841684
841671
841667
841638
841636
841620
841600
841600
841600
841589
841587
841573
841539
841527
841511
841507
841505
841492
841490
841470
841463
841456
841453
841435
841410
841409
841403
841402
841400
841375
841371
841370
841369
841366
841365
841363
841353
841324
841281
841281
841279
841254
841236
841231
841225
841217
841216
841215
841206
841182
841175
841171
841160
841140
841123
841118
841116
841112
841103
841098
841091
841088
841088
841066
841062
841060
841059
841058
841056
841046
841043
841029
841008
841005
841002
840998
840997
840992
840989
840988
840987
840974
840970
840965
840952
840950
840948
840936
840933
840933
840928
840904
840903
840898
840889
840885
840884
840870
840864
840855
840813
840807
840798
840797
840795
840792
840775
840758
840755
840739
840724
840721
840710
840708
840703
840685
840618
840602
840600
840598
840589
840582
840565
840564
840561
840560
840559
840555
840554
840549
840539
840538
840535
840525
840522
840521
840488
840468
840465
840462
840457
840431
840429
840423
840415
840409
840393
840393
840382
840378
840376
840371
840369
840363
840356
840342
840324
840317
840279
840274
840264
840233
840233
840212
840201
840194
840173
840172
840163
840151
840132
840130
840128
840124
840080
840069
840053
840048
840040
840032
840024
840018
840015
840006
839999
839989
839979
839976
839964
839934
839929
839926
839919
839908
839905
839901
839884
839882
839875
839873
839865
839862
839850
839843
839825
839820
839812
839805
839797
839787
839768
839749
839749
839745
839742
839740
839731
839726
839725
839724
839716
839716
839705
839692
839677
839670
839665
839662
839650
839630
839607
839604
839594
839589
839588
839580
839571
839565
839563
839560
839557
839557
839555
839550
839533
839523
839514
839507
839499
839496
839493
839484
839469
839461
839458
839457
839456
839456
839434
839432
839414
839412
839398
839393
839380
839380
839371
839367
839350
839314
839314
839310
839308
839272
839270
839259
839239
839221
839216
839210
839209
839195
839188
839176
839149
839121
839113
839109
839081
839071
839069
839058
839050
839043
839031
839020
839016
839002
838978
838945
838930
838926
838920
838918
838901
838899
838891
838883
838874
838869
838860
838859
838856
838852
838846
838842
838837
838832
838828
838820
838799
838798
838796
838795
838782
838754
838752
838745
838742
838721
838688
838688
838682
838657
838646
838644
838627
838624
838598
838596
838584
838575
838568
838564
838550
838548
838521
838519
838508
838478
838469
838467
838435
838433
838428
838416
838414
838407
838398
838357
838349
838329
838327
838326
838319
838305
838262
838247
838245
838221
838217
838214
838213
838206
838204
838204
838195
838174
838174
838164
838163
838150
838135
838131
838128
838127
838127
838113
838096
838093
838066
838062
838054
838053
838049
838012
837998
837993
837988
837977
837977
837961
837938
837936
837931
837928
837928
837919
837905
837903
837877
837873
837868
837862
837862
837860
837855
837840
837835
837833
837831
837828
837821
837800
837744
837728
837725
837721
837718
837716
837702
837689
837651
837605
837601
837600
837585
837581
837575
837567
837550
837545
837531
837523
837520
837513
837501
837499
837478
837474
837443
837437
837432
837427
837417
837409
837403
837394
837384
837363
837362
837353
837352
837347
837342
837340
837331
837324
837320
837309
837308
837283
837265
837260
837241
837240
837233
837199
837175
837173
837167
837166
837165
837149
837148
837147
837129
837128
837125
837117
837103
837101
837079
837059
837049
837049
837031
837027
837023
837006
837001
836994
836985
836981
836974
836963
836962
836958
836943
836919
836891
836885
836883
836869
836865
836865
836865
836849
836833
836830
836827
836820
836774
836771
836758
836756
836753
836748
836740
836739
836731
836702
836676
836663
836623
836614
836611
836603
836600
836598
836557
836553
836550
836544
836532
836519
836505
836495
836494
836491
836486
836470
836443
836443
836374
836374
836369
836361
836359
836333
836315
836311
836308
836274
836266
836261
836241
836234
836212
836194
836168
836159
836119
836105
836103
836097
836087
836068
836068
836044
836041
836005
835960
835945
835932
835927
835925
835920
835919
835900
835879
835871
835868
835868
835861
835861
835861
835854
835854
835841
835840
835830
835824
835821
835818
835792
835789
835762
835720
835717
835713
835708
835704
835687
835665
835627
835614
835607
835607
835605
835604
835601
835592
835580
835579
835575
835572
835562
835560
835553
835552
835551
835530
835525
835522
835516
835490
835477
835472
835471
835437
835436
835398
835391
835375
835374
835360
835356
835343
835336
835330
835313
835227
835210
835198
835198
835193
835192
835185
835181
835178
835174
835173
835172
835147
835144
835143
835126
835097
835096
835091
835089
835088
835086
835082
835081
835076
835056
835049
835038
835036
834960
834935
834917
834900
834895
834893
834874
834845
834840
834839
834832
834826
834819
834811
834804
834797
834796
834787
834774
834750
834745
834726
834713
834711
834701
834699
834677
834667
834660
834657
834656
834641
834641
834632
834622
834618
834611
834601
834586
834583
834567
834553
834547
834547
834540
834534
834533
834528
834524
834518
834513
834477
834466
834464
834457
834452
834447
834443
834417
834403
834398
834395
834385
834356
834356
834347
834338
834316
834312
834306
834302
834297
834293
834275
834267
834259
834255
834249
834231
834219
834217
834213
834203
834198
834197
834182
834181
834157
834153
834147
834141
834141
834140
834133
834127
834105
834100
834094
834082
834082
834074
834049
834046
834031
834031
834026
834023
834022
834015
834009
834008
833988
833960
833960
833903
833889
833888
833886
833866
833840
833840
833838
833813
833806
833793
833785
833779
833779
833770
833770
833769
833743
833740
833722
833717
833709
833707
833706
833696
833678
833676
833672
833657
833651
833647
833646
833639
833635
833635
833608
833597
833596
833586
833577
833570
833551
833547
833518
833516
833505
833487
833474
833466
833459
833454
833448
833445
833441
833437
833419
833414
833413
833409
833406
833400
833383
833376
833360
833353
833349
833346
833342
833335
833330
833315
833314
833276
833248
833240
833209
833208
833172
833169
833159
833142
833141
833137
833095
833085
833079
833071
833063
833051
833035
833019
833018
833015
833005
832991
832988
832985
832982
832968
832959
832958
832949
832944
832943
832943
832914
832914
832908
832899
832898
832895
832873
832861
832847
832844
832840
832837
832823
832823
832814
832812
832803
832790
832764
832758
832737
832735
832720
832714
832710
832708
832704
832661
832653
832651
832640
832621
832621
832618
832610
832603
832601
832597
832596
832592
832588
832560
832550
832549
832537
832506
832498
832469
832445
832441
832431
832412
832392
832387
832384
832384
832383
832382
832371
832351
832343
832323
832321
832321
832316
832306
832298
832288
832271
832270
832263
832258
832243
832238
832228
832228
832215
832209
832206
832177
832171
832171
832161
832158
832143
832140
832140
832127
832125
832124
832121
832114
832113
832111
832109
832094
832082
832073
832070
832064
832055
832051
832049
832036
832032
832029
831984
831967
831965
831948
831943
831926
831926
831923
831889
831883
831874
831862
831840
831824
831821
831812
831810
831807
831805
831803
831796
831779
831752
831747
831733
831705
831702
831699
831688
831659
831659
831657
831633
831624
831623
831619
831617
831615
831601
831590
831589
831570
831569
831547
831544
831542
831530
831514
831513
831510
831503
831500
831482
831479
831462
831451
831447
831443
831441
831428
831426
831424
831417
831416
831415
831412
831410
831408
831378
831358
831346
831334
831325
831325
831305
831296
831290
831274
831259
831250
831231
831219
831215
831206
831204
831193
831192
831169
831168
831132
831132
831127
831114
831108
831075
831073
831068
831067
831051
831039
831033
831031
831030
831028
831025
831013
831002
830998
830982
830950
830948
830942
830910
830906
830904
830897
830896
830891
830886
830879
830874
830873
830864
830846
830824
830811
830798
830797
830792
830767
830763
830755
830732
830714
830713
830677
830667
830648
830623
830616
830613
830609
830608
830593
830591
830580
830562
830518
830516
830504
830501
830490
830472
830463
830449
830439
830374
830358
830346
830344
830338
830326
830319
830316
830313
830303
830294
830292
830272
830246
830240
830236
830231
830210
830209
830209
830207
830191
830174
830162
830153
830153
830149
830144
830138
830092
830090
830084
830078
830070
830058
830053
830051
830049
830045
830040
830039
830032
830025
830015
830003
830002
829995
829988
829980
829969
829900
829884
829879
829841
829840
829838
829827
829800
829768
829672
829672
829663
829653
829651
829651
829644
829635
829630
829621
829607
829586
829584
829575
829562
829554
829520
829499
829488
829471
829468
829467
829465
829455
829448
829416
829394
829392
829384
829381
829375
829345
829323
829309
829306
829295
829292
829289
829256
829252
829250
829244
829216
829207
829198
829197
829181
829142
829117
829086
829086
829084
829076
829076
829066
829063
829052
829028
828989
828987
828977
828964
828960
828951
828933
828932
828931
828896
828884
828869
828856
828852
828847
828844
828840
828838
828821
828817
828816
828808
828792
828778
828776
828773
828757
828710
828683
828682
828674
828648
828635
828621
828614
828612
828598
828585
828583
828580
828574
828555
828497
828489
828487
828454
828450
828450
828443
828436
828420
828405
828383
828379
828368
828358
828343
828327
828323
828313
828296
828287
828277
828267
828262
828259
828257
828224
828204
828200
828199
828197
828195
828182
828181
828173
828171
828156
828150
828143
828140
828137
828136
828119
828095
828094
828080
828056
828052
828050
828025
828019
828018
828015
828008
828008
828006
828004
827997
827974
827972
827966
827964
827955
827948
827913
827913
827910
827894
827891
827879
827878
827860
827858
827855
827851
827849
827849
827848
827845
827836
827834
827828
827827
827823
827819
827811
827800
827793
827790
827775
827746
827742
827736
827731
827728
827713
827689
827686
827667
827666
827664
827634
827633
827627
827623
827604
827596
827559
827559
827552
827538
827533
827523
827506
827506
827491
827487
827480
827469
827465
827464
827462
827459
827450
827444
827441
827420
827388
827363
827352
827349
827344
827333
827331
827299
827298
827289
827270
827264
827235
827233
827229
827228
827226
827218
827216
827211
827209
827199
827182
827181
827169
827161
827157
827152
827147
827124
827120
827085
827078
827062
827059
827056
827038
827020
827000
826984
826959
826959
826954
826937
826926
826924
826919
826915
826883
826880
826848
826845
826825
826815
826812
826796
826781
826780
826776
826756
826754
826745
826744
826740
826739
826714
826713
826713
826701
826698
826689
826683
826680
826640
826637
826636
826624
826616
826615
826615
826603
826602
826595
826590
826586
826562
826557
826553
826551
826539
826517
826514
826514
826488
826487
826470
826469
826461
826457
826449
826445
826445
826443
826442
826429
826417
826416
826410
826403
826398
826386
826373
826361
826340
826321
826321
826321
826316
826312
826264
826233
826220
826219
826204
826198
826197
826195
826191
826188
826180
826165
826153
826141
826127
826124
826112
826088
826074
826067
826050
826047
826038
826020
826014
825985
825976
825975
825962
825909
825900
825894
825885
825873
825859
825854
825843
825828
825817
825812
825801
825799
825793
825786
825785
825770
825770
825769
825766
825757
825756
825746
825743
825735
825734
825731
825724
825680
825679
825658
825649
825646
825642
825640
825635
825635
825634
825592
825584
825577
825562
825555
825532
825522
825516
825508
825507
825503
825490
825488
825483
825477
825465
825463
825449
825432
825389
825374
825358
825352
825337
825336
825322
825309
825300
825299
825294
825226
825220
825214
825211
825207
825204
825191
825175
825168
825166
825164
825155
825150
825131
825130
825122
825111
825107
825102
825099
825079
825078
825073
825066
825064
825059
825056
825049
825040
825023
824977
824965
824963
824944
824944
824942
824940
824939
824935
824929
824914
824886
824881
824876
824874
824868
824865
824864
824855
824853
824852
824844
824824
824818
824773
824769
824760
824745
824737
824712
824707
824699
824689
824672
824654
824641
824637
824595
824592
824588
824580
824580
824580
824572
824569
824564
824555
824553
824533
824525
824510
824510
824503
824464
824453
824451
824432
824426
824398
824387
824382
824368
824363
824358
824350
824348
824344
824313
824309
824307
824300
824291
824285
824278
824267
824266
824254
824236
824233
824222
824219
824205
824182
824174
824127
824125
824119
824114
824107
824095
824082
824081
824079
824059
824058
824030
824026
824012
824004
824001
823985
823973
823969
823967
823952
823921
823911
823888
823860
823851
823837
823831
823816
823808
823805
823790
823783
823772
823763
823763
823762
823760
823740
823727
823724
823717
823710
823710
823709
823707
823706
823704
823697
823693
823683
823679
823677
823671
823659
823618
823614
823613
823600
823567
823556
823546
823532
823525
823506
823500
823481
823476
823472
823424
823407
823407
823404
823398
823396
823371
823353
823343
823338
823337
823337
823333
823328
823326
823318
823301
823287
823266
823264
823245
823240
823223
823217
823213
823200
823186
823177
823162
823159
823146
823137
823135
823130
823102
823098
823093
823092
823077
823075
823068
823065
823059
823056
823051
823013
822996
822985
822972
822948
822937
822935
822916
822899
822899
822897
822891
822884
822879
822868
822858
822838
822836
822836
822823
822821
822819
822789
822758
822750
822747
822744
822721
822713
822712
822699
822682
822679
822679
822678
822676
822669
822652
822642
822635
822634
822631
822619
822618
822614
822606
822602
822596
822584
822573
822572
822562
822548
822547
822521
822516
822482
822471
822454
822447
822438
822423
822421
822409
822407
822400
822399
822393
822381
822379
822367
822362
822336
822313
822313
822301
822291
822261
822259
822249
822248
822237
822235
822233
822192
822184
822175
822167
822159
822156
822155
822151
822146
822141
822138
822114
822112
822085
822082
822079
822074
822065
822058
822049
822045
822045
822043
822042
822029
822021
821976
821963
821962
821961
821959
821946
821944
821926
821914
821913
821907
821902
821897
821879
821856
821854
821850
821840
821830
821828
821817
821816
821777
821769
821746
821742
821712
821704
821704
821702
821692
821687
821670
821666
821660
821646
821624
821613
821602
821602
821576
821561
821548
821542
821538
821534
821525
821522
821514
821491
821489
821486
821476
821474
821455
821454
821432
821429
821422
821415
821414
821402
821400
821390
821383
821382
821350
821349
821348
821342
821337
821312
821310
821309
821295
821282
821267
821258
821248
821246
821241
821239
821238
821229
821222
821219
821213
821212
821211
821191
821190
821187
821179
821174
821169
821163
821153
821146
821137
821129
821125
821118
821114
821092
821089
821082
821079
821068
821046
821035
821032
821017
821010
821009
821006
821005
821003
820997
820995
820988
820966
820955
820943
820943
820935
820933
820925
820916
820904
820903
820898
820889
820883
820861
820848
820844
820837
820829
820822
820815
820812
820799
820793
820754
820750
820749
820734
820721
820713
820701
820697
820691
820688
820684
820683
820671
820652
820649
820642
820641
820641
820638
820624
820617
820608
820572
820562
820561
820549
820536
820524
820516
820512
820509
820500
820489
820486
820471
820463
820458
820456
820435
820423
820420
820414
820398
820386
820383
820359
820358
820351
820332
820330
820322
820313
820307
820300
820299
820297
820294
820259
820254
820248
820243
820234
820233
820226
820220
820215
820214
820212
820205
820205
820202
820199
820181
820163
820157
820154
820146
820136
820133
820112
820107
820098
820097
820095
820069
820055
820052
820045
820036
820028
820024
820021
819982
819977
819976
819972
819966
819958
819908
819902
819884
819881
819873
819866
819856
819853
819834
819832
819831
819829
819826
819808
819800
819797
819783
819771
819770
819770
819770
819764
819761
819758
819754
819751
819742
819736
819726
819718
819716
819713
819712
819711
819707
819704
819701
819701
819689
819678
819657
819648
819647
819638
819625
819610
819589
819541
819530
819526
819520
819512
819512
819487
819469
819462
819434
819432
819432
819431
819428
819427
819425
819425
819409
819405
819399
819378
819377
819377
819377
819346
819322
819316
819292
819284
819264
819264
819249
819245
819241
819220
819214
819210
819207
819202
819193
819172
819171
819168
819159
819140
819139
819131
819115
819110
819110
819104
819080
819078
819077
819062
819017
819008
818973
818968
818944
818931
818931
818930
818928
818925
818922
818920
818896
818895
818877
818866
818866
818860
818848
818846
818839
818826
818806
818787
818773
818767
818751
818749
818741
818739
818737
818730
818702
818671
818668
818663
818659
818650
818630
818630
818626
818618
818605
818604
818596
818582
818569
818568
818549
818540
818524
818521
818520
818516
818500
818454
818442
818436
818424
818410
818398
818392
818384
818371
818346
818328
818308
818284
818255
818253
818247
818243
818240
818222
818214
818209
818205
818195
818176
818151
818148
818147
818142
818139
818114
818109
818107
818104
818094
818086
818068
818056
818055
818044
818020
818015
817998
817976
817958
817944
817943
817908
817892
817887
817884
817883
817877
817869
817780
817774
817774
817766
817761
817749
817730
817728
817717
817716
817697
817694
817679
817645
817640
817623
817618
817617
817616
817608
817592
817588
817578
817573
817555
817552
817552
817549
817541
817538
817522
817521
817518
817515
817514
817486
817482
817480
817462
817455
817452
817435
817421
817421
817414
817394
817390
817383
817380
817363
817361
817354
817344
817338
817329
817327
817317
817303
817279
817275
817272
817261
817252
817244
817243
817238
817226
817214
817190
817174
817171
817116
817115
817084
817077
817062
817042
817016
817005
816985
816970
816966
816943
816937
816936
816902
816902
816893
816876
816873
816860
816857
816840
816831
816829
816825
816823
816822
816809
816795
816790
816764
816762
816755
816751
816747
816733
816719
816716
816714
816710
816708
816702
816695
816674
816668
816666
816653
816629
816615
816602
816591
816568
816555
816554
816548
816524
816512
816484
816477
816476
816474
816468
816463
816451
816443
816435
816415
816414
816393
816393
816390
816387
816383
816358
816331
816326
816325
816322
816310
816280
816277
816267
816264
816249
816241
816233
816228
816227
816222
816206
816170
816158
816149
816140
816130
816129
816114
816102
816095
816068
816065
816061
816052
816047
816034
816024
816020
816000
815995
815980
815963
815962
815960
815959
815947
815934
815912
815904
815896
815889
815884
815810
815793
815786
815775
815754
815750
815750
815729
815726
815722
815713
815710
815697
815691
815643
815634
815629
815621
815616
815613
815600
815596
815575
815567
815564
815559
815552
815550
815549
815536
815533
815530
815522
815501
815489
815486
815451
815432
815426
815421
815383
815377
815352
815337
815321
815297
815285
815285
815284
815279
815271
815253
815236
815231
815228
815217
815216
815214
815212
815193
815193
815187
815165
815157
815150
815150
815137
815122
815105
815101
815098
815085
815070
815066
815059
815048
815043
814997
814993
814990
814966
814946
814944
814884
814857
814856
814854
814853
814849
814840
814822
814816
814815
814789
814786
814784
814782
814777
814763
814750
814750
814746
814735
814713
814712
814712
814709
814686
814682
814674
814666
814658
814643
814632
814623
814598
814565
814554
814553
814549
814546
814542
814540
814540
814533
814524
814509
814504
814487
814486
814485
814483
814475
814471
814445
814440
814429
814397
814392
814370
814368
814360
814356
814344
814322
814317
814317
814316
814294
814294
814238
814236
814236
814204
814171
814148
814097
814093
814086
814083
814078
814074
814072
814049
814034
814019
813999
813998
813981
813977
813966
813963
813957
813948
813947
813942
813935
813926
813925
813924
813917
813894
813891
813889
813886
813870
813869
813844
813811
813802
813799
813798
813795
813785
813756
813754
813750
813729
813726
813726
813721
813716
813712
813705
813704
813690
813686
813669
813669
813656
813647
813635
813619
813617
813612
813585
813568
813555
813550
813548
813531
813513
813490
813485
813441
813436
813426
813426
813419
813415
813412
813404
813403
813396
813392
813378
813365
813362
813354
813340
813336
813336
813332
813329
813314
813311
813285
813273
813257
813256
813252
813246
813238
813232
813219
813218
813208
813196
813195
813194
813189
813172
813168
813166
813157
813152
813143
813136
813133
813130
813128
813115
813103
813101
813090
813090
813064
813035
813028
813016
812991
812989
812964
812951
812942
812925
812922
812917
812899
812881
812875
812840
812827
812821
812810
812797
812795
812781
812772
812745
812727
812726
812693
812693
812679
812677
812667
812651
812644
812619
812618
812609
812598
812564
812557
812556
812555
812535
812511
812498
812489
812482
812444
812440
812425
812414
812405
812395
812393
812381
812371
812351
812332
812320
812313
812310
812305
812283
812282
812279
812274
812268
812267
812260
812258
812248
812244
812237
812224
812210
812210
812210
812204
812194
812192
812172
812164
812147
812140
812139
812136
812130
812125
812124
812106
812093
812085
812074
812072
812068
812066
812042
812041
812021
812006
811987
811985
811984
811959
811959
811950
811943
811939
811939
811928
811924
811923
811917
811889
811884
811882
811866
811859
811857
811851
811832
811821
811808
811806
811796
811786
811781
811769
811739
811735
811735
811734
811712
811704
811702
811692
811689
811678
811676
811664
811664
811662
811655
811652
811610
811609
811560
811551
811536
811535
811525
811516
811503
811495
811452
811435
811431
811407
811405
811371
811363
811359
811353
811352
811351
811339
811326
811325
811315
811308
811300
811282
811281
811279
811254
811253
811239
811232
811220
811215
811215
811209
811180
811152
811148
811146
811145
811145
811139
811137
811133
811131
811118
811094
811093
811073
811069
811000
810998
810996
810977
810970
810966
810965
810959
810946
810906
810896
810881
810868
810863
810857
810853
810837
810828
810819
810819
810815
810814
810775
810767
810748
810735
810725
810716
810711
810704
810686
810682
810676
810671
810655
810638
810636
810618
810617
810609
810600
810597
810586
810578
810574
810573
810570
810560
810551
810518
810517
810493
810450
810447
810438
810434
810424
810414
810395
810386
810385
810378
810374
810338
810331
810327
810281
810269
810261
810257
810247
810246
810237
810230
810229
810219
810214
810203
810202
810199
810194
810183
810181
810173
810169
810146
810137
810113
810091
810071
810070
810057
810055
810052
810037
810032
810030
810017
809989
809988
809981
809961
809961
809950
809930
809927
809927
809922
809922
809908
809905
809904
809878
809864
809849
809841
809834
809814
809791
809790
809778
809768
809764
809764
809745
809742
809735
809722
809711
809672
809672
809661
809660
809655
809650
809628
809628
809621
809609
809605
809593
809566
809561
809529
809517
809512
809502
809493
809477
809476
809475
809469
809456
809449
809447
809443
809442
809438
809433
809432
809426
809424
809417
809415
809414
809408
809388
809377
809368
809350
809325
809321
809308
809296
809291
809290
809285
809260
809260
809258
809253
809249
809248
809228
809210
809197
809176
809154
809152
809135
809132
809119
809084
809059
809035
809031
809028
809024
809018
809012
809011
809007
808990
808972
808971
808959
808952
808944
808924
808919
808918
808916
808916
808903
808895
808890
808884
808875
808864
808852
808822
808814
808808
808776
808772
808772
808767
808762
808758
808757
808751
808736
808704
808700
808694
808688
808666
808643
808643
808622
808604
808599
808588
808579
808571
808565
808563
808544
808543
808539
808537
808509
808504
808489
808444
808419
808416
808410
808399
808379
808366
808349
808348
808334
808322
808321
808316
808305
808279
808265
808262
808238
808216
808201
808189
808188
808186
808180
808177
808166
808157
808144
808139
808131
808120
808089
808085
808083
808079
808075
808062
808039
808035
808019
808013
808009
807996
807979
807975
807958
807916
807913
807905
807891
807888
807883
807879
807876
807851
807836
807829
807828
807827
807820
807814
807813
807809
807803
807802
807802
807790
807785
807778
807767
807766
807759
807737
807731
807730
807702
807683
807667
807642
807640
807637
807615
807604
807584
807578
807554
807544
807529
807526
807511
807509
807508
807505
807492
807475
807473
807468
807464
807454
807448
807442
807430
807424
807409
807406
807378
807371
807341
807340
807336
807326
807318
807311
807311
807289
807269
807267
807258
807258
807245
807241
807225
807220
807205
807204
807190
807183
807160
807159
807137
807137
807129
807122
807082
807061
807048
807029
807017
807016
807015
806981
806965
806959
806957
806932
806928
806922
806913
806903
806871
806864
806861
806859
806827
806826
806815
806808
806806
806804
806803
806769
806768
806747
806744
806729
806720
806716
806702
806697
806683
806682
806670
806656
806643
806634
806603
806584
806582
806580
806580
806579
806568
806564
806557
806557
806553
806544
806541
806528
806526
806511
806505
806501
806488
806478
806465
806456
806445
806441
806402
806392
806383
806381
806379
806357
806344
806339
806316
806313
806309
806296
806275
806261
806246
806244
806234
806221
806210
806207
806207
806194
806184
806177
806166
806159
806156
806149
806138
806134
806099
806097
806096
806073
806072
806069
806064
806059
806056
806046
806038
806037
806021
806020
806015
806015
805997
805996
805993
805989
805980
805953
805951
805879
805873
805870
805861
805855
805849
805841
805836
805810
805801
805787
805758
805755
805751
805745
805743
805742
805731
805714
805699
805696
805693
805677
805675
805651
805616
805609
805604
805571
805532
805521
805511
805511
805497
805489
805471
805456
805456
805453
805448
805446
805437
805431
805403
805385
805377
805373
805371
805351
805343
805336
805328
805310
805285
805280
805268
805239
805234
805223
805195
805190
805186
805181
805181
805165
805164
805144
805131
805129
805117
805111
805100
805088
805070
805050
805045
805045
805027
804997
804986
804976
804975
804959
804959
804924
804906
804894
804851
804849
804838
804836
804830
804826
804822
804794
804789
804786
804785
804783
804771
804761
804755
804752
804735
804731
804730
804685
804678
804676
804671
804669
804641
804638
804635
804632
804610
804609
804596
804591
804586
804585
804518
804490
804486
804480
804429
804425
804416
804403
804403
804398
804396
804386
804355
804352
804347
804332
804322
804310
804302
804294
804290
804288
804276
804264
804196
804187
804170
804151
804130
804123
804107
804104
804091
804084
804056
804042
804042
804026
804020
803982
803980
803977
803974
803974
803971
803965
803959
803956
803944
803930
803929
803928
803910
803908
803902
803896
803893
803890
803888
803852
803849
803843
803841
803841
803837
803836
803821
803819
803815
803813
803811
803808
803802
803794
803788
803786
803783
803779
803758
803757
803756
803749
803741
803740
803715
803706
803703
803693
803683
803681
803672
803667
803659
803656
803652
803650
803617
803613
803609
803607
803604
803600
803597
803581
803578
803571
803557
803545
803525
803525
803497
803497
803492
803490
803427
803414
803395
803378
803376
803363
803359
803358
803312
803311
803307
803297
803281
803281
803278
803271
803268
803268
803257
803255
803251
803241
803215
803208
803196
803174
803168
803164
803144
803141
803139
803121
803121
803120
803114
803110
803085
803084
803076
803076
803072
803071
803049
803031
803023
803020
803018
803011
802992
802949
802942
802924
802918
802880
802870
802867
802861
802856
802850
802848
802844
802837
802792
802777
802769
802762
802755
802753
802718
802693
802688
802682
802680
802664
802662
802644
802641
802640
802620
802618
802608
802600
802598
802583
802581
802580
802559
802555
802551
802530
802483
802474
802473
802469
802440
802424
802424
802417
802411
802401
802376
802373
802372
802366
802365
802364
802352
802350
802345
802340
802338
802328
802323
802319
802318
802313
802310
802310
802308
802297
802286
802279
802277
802275
802238
802230
802176
802158
802154
802152
802145
802144
802135
802129
802126
802116
802106
802099
802098
802094
802085
802059
802050
802048
802043
802034
802032
802013
801982
801964
801964
801960
801947
801933
801924
801924
801919
801918
801887
801885
801875
801859
801849
801834
801833
801780
801779
801775
801774
801773
801771
801765
801758
801734
801715
801699
801697
801688
801674
801654
801638
801635
801612
801605
801605
801563
801549
801538
801533
801530
801526
801517
801499
801490
801487
801486
801466
801460
801460
801452
801420
801404
801403
801396
801396
801391
801389
801372
801347
801341
801331
801322
801306
801305
801304
801300
801293
801293
801292
801287
801281
801277
801275
801274
801248
801245
801233
801222
801221
801217
801200
801162
801160
801135
801128
801111
801111
801105
801069
801064
801054
801047
801039
801019
801012
800998
800978
800971
800970
800967
800965
800912
800900
800883
800869
800869
800862
800841
800804
800794
800780
800776
800763
800753
800740
800689
800671
800667
800665
800664
800660
800653
800653
800649
800647
800642
800629
800622
800560
800553
800550
800518
800516
800500
800474
800469
800464
800449
800424
800401
800386
800379
800378
800372
800366
800359
800359
800331
800328
800324
800323
800321
800316
800311
800304
800302
800295
800295
800290
800259
800243
800227
800221
800216
800183
800176
800166
800163
800155
800153
800143
800141
800136
800129
800120
800091
800044
800038
800031
800025
800012
800006
799992
799959
799948
799942
799939
799938
799931
799926
799905
799901
799900
799881
799875
799865
799864
799859
799828
799823
799809
799804
799804
799803
799790
799778
799760
799760
799758
799757
799750
799734
799734
799727
799726
799716
799710
799696
799674
799673
799670
799661
799656
799629
799599
799598
799582
799570
799554
799550
799547
799542
799534
799503
799494
799487
799479
799478
799474
799472
799447
799444
799438
799435
799427
799427
799408
799404
799373
799368
799352
799340
799311
799302
799286
799261
799259
799247
799244
799225
799225
799224
799224
799216
799213
799209
799206
799198
799190
799187
799170
799166
799160
799149
799095
799086
799084
799071
799059
799054
799044
799043
799040
799033
799033
799031
798992
798988
798983
798975
798965
798962
798938
798934
798920
798915
798907
798904
798885
798857
798852
798844
798825
798818
798817
798815
798803
798777
798747
798741
798735
798733
798732
798731
798728
798728
798723
798723
798713
798713
798702
798699
798699
798694
798689
798666
798660
798658
798657
798656
798646
798638
798631
798627
798619
798618
798595
798577
798572
798565
798557
798553
798547
798534
798518
798518
798503
798500
798490
798485
798479
798466
798460
798457
798456
798448
798443
798440
798424
798421
798395
798390
798384
798380
798377
798369
798368
798368
798350
798342
798288
798286
798279
798278
798268
798256
798245
798244
798239
798230
798181
798172
798136
798113
798109
798105
798098
798073
798068
798066
798066
798063
798047
798041
798034
798034
798033
798029
798029
798019
798018
798011
798007
798007
798004
797979
797970
797944
797920
797911
797909
797894
797885
797878
797811
797805
797803
797772
797727
797711
797682
797675
797669
797624
797585
797551
797538
797531
797519
797506
797500
797500
797494
797485
797455
797435
797418
797410
797406
797386
797385
797381
797371
797364
797362
797355
797350
797334
797320
797317
797315
797315
797312
797301
797266
797248
797238
797223
797208
797198
797174
797170
797164
797161
797154
797150
797147
797144
797143
797137
797131
797127
797124
797119
797099
797044
797040
797039
797038
797020
797020
797019
797016
797008
797007
796994
796993
796991
796988
796987
796984
796977
796957
796943
796940
796935
796934
796926
796900
796892
796890
796885
796878
796875
796860
796838
796836
796834
796833
796829
796821
796820
796818
796803
796802
796785
796774
796770
796764
796741
796738
796730
796726
796721
796717
796698
796694
796692
796687
796673
796672
796671
796666
796625
796570
796568
796557
796541
796535
796514
796508
796507
796502
796491
796467
796464
796456
796448
796440
796426
796425
796417
796408
796397
796391
796386
796361
796355
796329
796304
796291
796278
796273
796271
796262
796259
796242
796232
796228
796222
796219
796217
796215
796214
796210
796187
796183
796175
796159
796151
796143
796122
796117
796116
796110
796098
796097
796092
796091
796084
796077
796041
796028
796023
796006
795997
795989
795971
795933
795925
795917
795914
795901
795894
795889
795881
795868
795867
795855
795842
795841
795840
795837
795826
795821
795814
795793
795791
795783
795768
795766
795765
795759
795740
795709
795707
795703
795699
795698
795689
795671
795653
795652
795636
795620
795615
795583
795581
795572
795568
795567
795564
795552
795536
795531
795517
795486
795486
795480
795469
795436
795432
795427
795422
795408
795380
795376
795366
795364
795347
795336
795329
795328
795323
795315
795301
795286
795285
795273
795271
795266
795253
795250
795250
795240
795240
795235
795227
795226
795197
795185
795169
795165
795154
795125
795121
795113
795095
795068
795068
795066
795061
795029
795019
795015
795008
794997
794997
794980
794968
794954
794944
794934
794927
794911
794910
794883
794871
794869
794866
794855
794848
794844
794837
794827
794826
794823
794811
794803
794789
794768
794763
794758
794756
794754
794747
794736
794723
794716
794714
794702
794694
794694
794677
794674
794672
794658
794648
794640
794608
794591
794577
794551
794539
794530
794527
794487
794485
794463
794459
794458
794451
794446
794442
794423
794422
794407
794384
794381
794377
794364
794362
794327
794326
794318
794316
794307
794306
794305
794304
794303
794291
794288
794286
794271
794270
794254
794253
794253
794248
794240
794222
794216
794212
794180
794171
794169
794159
794151
794148
794146
794143
794141
794141
794140
794132
794116
794099
794097
794059
794036
794032
794005
793996
793994
793977
793976
793972
793971
793959
793954
793938
793926
793916
793901
793899
793897
793851
793851
793823
793809
793798
793796
793793
793755
793750
793743
793736
793722
793720
793718
793711
793702
793701
793697
793695
793659
793649
793638
793607
793570
793551
793546
793540
793537
793534
793524
793492
793469
793467
793464
793463
793459
793445
793432
793432
793417
793409
793399
793387
793374
793351
793342
793340
793339
793319
793296
793278
793255
793244
793230
793210
793209
793192
793191
793183
793179
793168
793166
793164
793163
793159
793151
793137
793135
793132
793120
793120
793117
793107
793099
793061
793060
793057
793050
793049
793029
793015
793011
793007
793006
793000
792975
792974
792966
792952
792944
792938
792912
792905
792866
792835
792832
792819
792812
792811
792805
792804
792799
792793
792787
792785
792774
792771
792760
792755
792755
792731
792710
792703
792690
792651
792650
792644
792633
792629
792615
792604
792601
792591
792588
792583
792577
792575
792568
792567
792562
792551
792549
792527
792521
792518
792513
792512
792508
792492
792492
792448
792434
792427
792423
792417
792411
792410
792407
792399
792371
792359
792355
792354
792347
792346
792339
792330
792313
792307
792305
792293
792256
792242
792238
792227
792227
792215
792206
792196
792190
792181
792176
792170
792169
792162
792156
792152
792134
792104
792096
792096
792091
792086
792085
792063
792046
792044
792040
792038
792037
792030
792022
792022
792022
792009
792007
792006
791995
791976
791966
791956
791952
791944
791943
791940
791937
791934
791923
791910
791905
791904
791900
791881
791876
791862
791849
791849
791847
791843
791834
791833
791822
791812
791801
791778
791772
791762
791759
791753
791740
791739
791731
791691
791687
791681
791667
791667
791657
791653
791631
791582
791580
791570
791570
791561
791540
791520
791509
791487
791486
791485
791483
791482
791481
791464
791423
791414
791414
791412
791400
791395
791380
791379
791366
791352
791344
791337
791336
791331
791306
791300
791290
791268
791258
791258
791256
791256
791240
791223
791218
791204
791194
791164
791162
791149
791126
791119
791099
791093
791086
791076
791058
791052
791050
791029
791025
791014
791008
791002
790990
790989
790988
790982
790979
790978
790971
790949
790942
790935
790915
790901
790900
790876
790861
790842
790826
790800
790800
790797
790794
790778
790778
790769
790768
790752
790740
790715
790714
790686
790670
790667
790654
790644
790628
790625
790621
790615
790591
790540
790528
790521
790512
790504
790503
790491
790452
790447
790440
790436
790428
790406
790383
790376
790372
790342
790337
790317
790299
790298
790281
790277
790271
790270
790270
790265
790264
790220
790218
790217
790215
790211
790204
790203
790197
790190
790186
790174
790168
790140
790130
790108
790096
790090
790089
790063
790041
790041
790034
790032
790008
790002
789994
789988
789987
789975
789974
789961
789952
789944
789940
789908
789907
789901
789901
789893
789885
789881
789879
789879
789867
789863
789862
789857
789831
789830
789821
789816
789800
789797
789788
789785
789784
789782
789781
789777
789770
789757
789732
789729
789722
789703
789703
789702
789701
789692
789684
789682
789670
789670
789652
789644
789641
789629
789616
789611
789609
789602
789598
789597
789597
789591
789577
789569
789566
789559
789541
789539
789524
789514
789510
789507
789505
789492
789487
789468
789460
789452
789449
789448
789444
789439
789419
789413
789412
789407
789404
789373
789339
789323
789320
789317
789310
789305
789298
789297
789284
789279
789274
789267
789251
789239
789215
789212
789210
789205
789188
789181
789165
789157
789152
789146
789136
789130
789130
789123
789113
789107
789097
789060
789058
789051
789043
789043
789038
789019
789014
789013
789010
788997
788997
788986
788942
788939
788937
788917
788906
788905
788897
788845
788818
788812
788796
788786
788763
788751
788739
788726
788711
788708
788671
788670
788662
788654
788633
788626
788621
788612
788598
788584
788563
788544
788540
788530
788530
788525
788518
788518
788516
788499
788498
788490
788486
788477
788470
788449
788447
788423
788394
788385
788370
788363
788360
788354
788348
788340
788340
788338
788323
788322
788310
788293
788291
788270
788264
788251
788250
788237
788237
788235
788221
788211
788203
788202
788200
788195
788189
788181
788179
788168
788155
788135
788129
788118
788116
788112
788111
788105
788097
788080
788079
788078
788070
788064
788058
788054
788051
788048
788037
788035
788019
788019
788017
788017
788004
787977
787953
787952
787947
787943
787942
787940
787932
787921
787916
787901
787901
787833
787828
787782
787765
787749
787747
787745
787732
787703
787699
787689
787679
787675
787666
787657
787656
787656
787656
787656
787655
787652
787646
787633
787628
787626
787620
787620
787605
787590
787585
787580
787575
787566
787564
787560
787554
787546
787541
787534
787527
787527
787526
787521
787510
787481
787473
787473
787471
787470
787470
787463
787463
787463
787454
787446
787445
787429
787395
787390
787389
787388
787380
787363
787356
787345
787338
787337
787323
787314
787312
787274
787242
787209
787204
787202
787187
787185
787183
787183
787170
787157
787139
787120
787118
787099
787089
787079
787079
787078
787071
787065
787064
787057
787053
787039
787034
787032
787028
787014
787012
787000
786997
786990
786956
786954
786952
786930
786929
786919
786906
786898
786886
786877
786866
786866
786823
786816
786803
786794
786789
786779
786778
786773
786759
786739
786724
786722
786707
786704
786699
786698
786693
786682
786673
786673
786669
786657
786603
786602
786591
786572
786570
786535
786528
786508
786501
786499
786485
786465
786453
786452
786449
786444
786429
786415
786411
786400
786374
786373
786359
786353
786343
786337
786319
786244
786234
786219
786209
786189
786167
786164
786161
786118
786116
786114
786112
786111
786109
786103
786076
786059
786057
786034
786029
786005
785996
785992
785984
785979
785967
785950
785948
785943
785913
785913
785911
785910
785907
785902
785901
785891
785885
785883
785871
785870
785852
785841
785827
785812
785811
785808
785797
785791
785786
785786
785777
785767
785720
785705
785703
785689
785687
785680
785666
785625
785614
785612
785607
785571
785564
785557
785553
785529
785528
785516
785501
785495
785492
785491
785491
785488
785487
785478
785414
785396
785392
785389
785360
785312
785304
785301
785290
785271
785269
785265
785256
785255
785254
785252
785235
785227
785217
785207
785180
785156
785133
785112
785112
785110
785104
785072
785057
785032
785014
785010
784999
784986
784984
784983
784965
784962
784955
784951
784930
784929
784928
784918
784908
784906
784875
784874
784872
784849
784837
784830
784800
784799
784792
784780
784736
784735
784731
784727
784698
784691
784674
784673
784657
784655
784651
784650
784648
784634
784624
784621
784603
784594
784591
784590
784573
784538
784532
784530
784521
784493
784483
784462
784462
784458
784448
784443
784431
784414
784401
784391
784389
784366
784347
784346
784344
784336
784326
784320
784317
784304
784302
784298
784297
784295
784284
784284
784281
784273
784243
784225
784224
784220
784203
784200
784196
784189
784181
784163
784160
784158
784152
784148
784137
784134
784132
784109
784103
784093
784093
784071
784062
784056
784037
784031
784027
784026
784025
784024
784018
784016
784014
783999
783997
783990
783984
783982
783980
783977
783976
783965
783952
783948
783942
783926
783922
783920
783918
783889
783887
783882
783869
783857
783855
783853
783846
783846
783845
783839
783830
783824
783819
783798
783791
783774
783763
783742
783729
783716
783714
783708
783705
783701
783676
783672
783668
783650
783643
783622
783620
783616
783611
783598
783590
783582
783576
783576
783567
783556
783554
783545
783524
783497
783484
783475
783465
783452
783434
783432
783429
783427
783426
783424
783422
783404
783389
783385
783356
783352
783332
783319
783292
783290
783286
783284
783264
783262
783227
783216
783188
783172
783167
783164
783158
783136
783128
783115
783101
783094
783088
783083
783074
783073
783043
783037
783030
783028
783025
783018
783003
782989
782978
782977
782940
782938
782936
782931
782887
782885
782881
782879
782878
782871
782854
782809
782807
782804
782793
782773
782757
782756
782755
782750
782743
782739
782738
782714
782694
782694
782658
782650
782648
782642
782633
782629
782629
782613
782601
782597
782595
782588
782586
782572
782572
782561
782549
782533
782520
782516
782500
782486
782443
782438
782431
782422
782421
782417
782410
782409
782404
782396
782381
782369
782367
782344
782334
782327
782310
782308
782307
782301
782295
782294
782279
782278
782269
782253
782245
782245
782236
782226
782214
782196
782189
782180
782176
782171
782160
782146
782142
782132
782123
782118
782111
782095
782086
782083
782077
782068
782054
782051
782012
781989
781983
781976
781973
781956
781947
781946
781933
781920
781913
781905
781905
781894
781892
781876
781875
781855
781852
781843
781842
781842
781829
781829
781829
781807
781805
781799
781781
781769
781761
781754
781749
781740
781740
781721
781710
781690
781668
781663
781652
781631
781629
781626
781618
781615
781580
781570
781561
781559
781544
781534
781507
781491
781485
781482
781475
781454
781443
781442
781425
781413
781407
781399
781392
781382
781368
781356
781346
781335
781325
781303
781293
781289
781283
781271
781270
781258
781240
781238
781229
781224
781218
781218
781199
781169
781163
781149
781145
781139
781137
781100
781094
781082
781074
781070
781059
781056
781055
781052
781034
781023
781016
781015
780998
780997
780970
780960
780929
780924
780923
780898
780883
780875
780868
780857
780851
780847
780830
780830
780816
780812
780798
780789
780784
780780
780770
780763
780761
780743
780715
780710
780688
780645
780626
780624
780624
780615
780613
780607
780606
780593
780589
780554
780554
780551
780520
780519
780497
780495
780485
780484
780472
780468
780466
780464
780427
780421
780415
780415
780407
780396
780383
780383
780383
780360
780352
780348
780335
780323
780313
780311
780305
780287
780263
780258
780254
780226
780213
780212
780199
780197
780193
780172
780159
780158
780157
780126
780104
780103
780089
780065
780059
780059
780056
780025
780008
780002
779987
779986
779985
779977
779970
779951
779937
779937
779917
779916
779890
779888
779878
779861
779845
779842
779822
779817
779817
779802
779792
779784
779782
779781
779765
779739
779735
779734
779729
779728
779719
779697
779670
779661
779642
779636
779632
779629
779605
779596
779546
779543
779539
779532
779526
779525
779524
779513
779512
779502
779494
779494
779486
779483
779455
779452
779448
779429
779429
779424
779423
779414
779397
779396
779389
779380
779371
779356
779354
779332
779303
779303
779294
779291
779284
779282
779268
779249
779242
779215
779191
779174
779159
779158
779147
779084
779078
779078
779047
779026
779007
778984
778973
778971
778966
778957
778952
778949
778941
778928
778927
778924
778923
778905
778888
778887
778883
778881
778876
778870
778857
778839
778825
778819
778800
778796
778783
778780
778778
778770
778760
778756
778747
778745
778743
778713
778698
778695
778664
778661
778644
778639
778634
778619
778616
778605
778586
778583
778581
778575
778562
778553
778544
778541
778527
778524
778520
778502
778500
778495
778485
778485
778478
778460
778436
778427
778424
778422
778422
778400
778395
778381
778377
778345
778340
778332
778323
778318
778317
778295
778287
778272
778268
778264
778249
778234
778222
778208
778199
778198
778187
778176
778172
778154
778142
778130
778118
778099
778095
778057
778011
777979
777929
777921
777902
777874
777872
777837
777815
777801
777797
777787
777785
777781
777774
777727
777720
777719
777717
777694
777687
777687
777678
777677
777671
777668
777660
777629
777622
777605
777596
777571
777547
777537
777530
777499
777496
777491
777482
777478
777474
777458
777438
777428
777423
777423
777409
777395
777395
777388
777361
777348
777328
777327
777315
777284
777276
777274
777251
777236
777234
777233
777225
777220
777215
777213
777208
777198
777194
777189
777185
777181
777148
777147
777139
777133
777104
777102
777090
777078
777075
777058
777031
777023
777010
776993
776989
776985
776975
776975
776972
776947
776941
776922
776921
776921
776905
776897
776892
776891
776874
776866
776863
776843
776833
776821
776820
776818
776816
776807
776807
776793
776791
776754
776747
776741
776732
776720
776719
776719
776704
776703
776701
776694
776685
776670
776665
776655
776631
776630
776628
776622
776593
776559
776558
776554
776549
776533
776524
776522
776511
776503
776500
776487
776475
776474
776456
776455
776442
776441
776420
776405
776401
776377
776364
776333
776321
776303
776295
776289
776288
776284
776283
776279
776275
776271
776266
776228
776200
776199
776195
776195
776189
776151
776139
776138
776128
776120
776120
776116
776104
776094
776092
776078
776073
776068
776049
776047
776046
776032
776026
776021
776020
776019
776012
776001
775997
775991
775982
775973
775971
775971
775965
775950
775904
775891
775885
775882
775865
775858
775843
775836
775828
775828
775810
775799
775795
775791
775790
775752
775748
775744
775741
775733
775731
775709
775707
775693
775687
775685
775660
775649
775648
775647
775636
775602
775590
775561
775554
775548
775537
775537
775523
775510
775498
775475
775455
775450
775446
775444
775432
775421
775403
775401
775394
775364
775348
775345
775344
775331
775331
775327
775319
775308
775300
775298
775296
775283
775282
775279
775258
775256
775251
775247
775232
775205
775191
775179
775178
775146
775137
775137
775125
775117
775102
775093
775090
775085
775084
775073
775072
775069
775059
775051
775051
775047
775016
775009
774990
774987
774977
774965
774965
774954
774948
774944
774942
774939
774933
774927
774925
774915
774911
774911
774908
774898
774886
774837
774831
774825
774823
774799
774791
774784
774772
774757
774755
774744
774741
774738
774728
774703
774702
774701
774699
774691
774687
774678
774669
774665
774659
774637
774616
774613
774604
774587
774539
774535
774535
774524
774524
774493
774491
774486
774470
774467
774466
774450
774446
774436
774412
774393
774381
774376
774369
774349
774348
774331
774330
774329
774324
774316
774310
774310
774306
774304
774303
774292
774284
774265
774252
774201
774198
774188
774182
774181
774176
774175
774173
774171
774169
774155
774148
774144
774138
774075
774069
774062
774062
774054
774035
774025
774018
774005
774002
773962
773946
773938
773934
773928
773922
773915
773910
773901
773896
773890
773886
773882
773880
773877
773875
773871
773837
773835
773828
773823
773808
773799
773791
773785
773779
773764
773750
773735
773733
773685
773676
773662
773662
773660
773651
773629
773628
773624
773597
773589
773560
773554
773553
773527
773526
773511
773501
773492
773474
773469
773458
773432
773428
773413
773374
773358
773351
773335
773334
773331
773308
773287
773284
773283
773282
773278
773269
773266
773259
773252
773250
773238
773237
773237
773212
773206
773195
773194
773192
773170
773168
773163
773162
773140
773098
773090
773084
773083
773081
773081
773065
773059
773050
773047
773043
773036
773034
773034
773014
773010
773004
773003
773002
772996
772993
772979
772976
772973
772952
772947
772946
772927
772902
772901
772900
772897
772895
772887
772884
772880
772853
772847
772829
772826
772811
772807
772796
772794
772756
772720
772710
772701
772701
772701
772693
772672
772671
772664
772660
772650
772647
772644
772643
772636
772635
772634
772626
772623
772613
772610
772589
772585
772573
772558
772546
772545
772544
772530
772518
772511
772509
772507
772505
772499
772491
772485
772484
772481
772474
772472
772470
772431
772378
772377
772354
772342
772339
772328
772314
772311
772302
772299
772295
772288
772285
772263
772259
772258
772254
772247
772218
772217
772213
772180
772170
772166
772153
772151
772142
772134
772131
772099
772098
772097
772090
772087
772085
772061
772054
772036
772029
771986
771982
771976
771969
771948
771935
771922
771897
771894
771884
771863
771842
771834
771832
771814
771807
771803
771793
771773
771751
771747
771714
771713
771707
771703
771697
771671
771670
771656
771653
771652
771650
771634
771623
771605
771596
771593
771587
771587
771577
771569
771562
771561
771555
771535
771524
771524
771504
771480
771476
771470
771461
771459
771446
771413
771383
771383
771369
771364
771332
771331
771306
771304
771297
771292
771275
771265
771251
771247
771244
771217
771206
771196
771170
771155
771152
771132
771128
771128
771121
771119
771111
771107
771090
771088
771088
771078
771042
771023
771019
771008
771005
770998
770975
770971
770949
770949
770947
770920
770913
770906
770903
770875
770861
770857
770842
770839
770830
770819
770816
770812
770800
770798
770793
770782
770741
770737
770723
770719
770718
770712
770710
770708
770705
770702
770695
770694
770682
770682
770667
770667
770667
770663
770660
770658
770649
770627
770609
770599
770594
770593
770575
770570
770557
770555
770554
770545
770502
770495
770465
770432
770420
770415
770410
770399
770398
770395
770382
770376
770375
770367
770365
770361
770358
770354
770335
770334
770323
770301
770293
770289
770282
770258
770240
770232
770229
770188
770187
770174
770168
770136
770129
770110
770109
770100
770096
770088
770064
770059
770052
770040
770016
770005
769993
769972
769972
769966
769961
769940
769935
769930
769921
769892
769875
769875
769870
769869
769860
769859
769858
769852
769837
769831
769820
769817
769815
769807
769785
769776
769752
769739
769729
769726
769721
769719
769711
769711
769700
769695
769675
769642
769599
769591
769577
769566
769563
769560
769547
769543
769526
769514
769505
769503
769467
769456
769456
769452
769452
769451
769450
769444
769423
769414
769392
769390
769376
769350
769342
769341
769341
769340
769319
769312
769302
769289
769286
769285
769276
769270
769261
769258
769256
769255
769232
769224
769224
769220
769215
769209
769200
769199
769184
769182
769182
769180
769152
769149
769141
769118
769107
769101
769098
769092
769064
769059
769043
769035
769031
769029
769023
769015
769004
769003
768989
768969
768955
768945
768936
768926
768925
768918
768912
768908
768906
768904
768893
768890
768862
768826
768803
768795
768793
768790
768784
768767
768763
768758
768753
768741
768722
768717
768714
768710
768699
768695
768694
768683
768669
768669
768621
768611
768610
768590
768571
768561
768557
768547
768546
768545
768532
768511
768498
768481
768479
768474
768464
768454
768443
768442
768434
768426
768391
768381
768381
768365
768361
768356
768353
768351
768337
768314
768287
768286
768265
768244
768235
768226
768216
768201
768199
768190
768190
768188
768187
768187
768170
768155
768154
768148
768112
768084
768084
768082
768063
768052
768051
768044
768027
768025
768016
768016
768016
768008
768008
768006
767997
767995
767992
767981
767981
767953
767940
767938
767927
767927
767917
767905
767904
767895
767880
767868
767864
767863
767858
767850
767825
767802
767801
767785
767781
767780
767774
767763
767762
767754
767742
767740
767719
767715
767707
767707
767706
767701
767689
767656
767651
767644
767624
767622
767605
767604
767578
767574
767573
767557
767554
767543
767542
767533
767531
767526
767517
767507
767507
767507
767498
767494
767475
767469
767465
767457
767451
767451
767427
767408
767406
767397
767366
767364
767347
767346
767330
767312
767307
767284
767282
767276
767244
767238
767237
767220
767213
767207
767195
767177
767171
767157
767129
767115
767105
767079
767076
767047
767042
767039
767035
767030
767022
767022
767016
767005
767005
766991
766981
766980
766955
766955
766953
766922
766921
766914
766904
766901
766897
766887
766885
766871
766865
766861
766851
766838
766837
766820
766813
766809
766799
766788
766776
766772
766765
766760
766759
766754
766753
766728
766702
766685
766685
766682
766681
766677
766675
766673
766666
766666
766662
766656
766655
766653
766650
766650
766649
766647
766646
766642
766631
766626
766625
766625
766624
766624
766610
766609
766600
766574
766560
766560
766546
766545
766531
766528
766499
766470
766459
766451
766443
766428
766423
766403
766399
766398
766378
766350
766344
766343
766343
766326
766326
766320
766302
766294
766292
766290
766284
766259
766258
766256
766255
766252
766240
766236
766235
766187
766174
766173
766169
766161
766144
766131
766119
766111
766104
766102
766100
766090
766086
766072
766066
766064
766048
766046
766035
766019
766018
766018
766013
766012
765986
765977
765966
765966
765958
765958
765957
765932
765928
765906
765889
765875
765870
765860
765839
765838
765829
765816
765808
765803
765774
765766
765744
765716
765706
765701
765689
765687
765678
765667
765646
765640
765619
765608
765604
765596
765587
765586
765579
765574
765571
765568
765568
765557
765551
765528
765523
765500
765499
765495
765490
765490
765481
765442
765439
765437
765434
765415
765402
765396
765393
765377
765375
765370
765355
765343
765329
765291
765278
765274
765265
765260
765248
765222
765220
765219
765211
765195
765192
765178
765160
765153
765135
765108
765095
765083
765065
765064
765059
765059
765055
765026
765025
765025
765011
764992
764973
764967
764960
764952
764933
764908
764889
764886
764884
764881
764863
764815
764796
764770
764763
764754
764752
764751
764751
764750
764704
764700
764696
764691
764689
764684
764684
764674
764670
764653
764649
764627
764600
764594
764592
764591
764590
764589
764586
764579
764567
764526
764525
764495
764487
764475
764464
764452
764439
764424
764422
764416
764404
764368
764367
764366
764354
764298
764296
764294
764289
764279
764276
764270
764238
764236
764223
764223
764222
764209
764178
764174
764172
764171
764163
764159
764148
764137
764132
764123
764110
764109
764108
764108
764095
764093
764075
764068
764041
764040
764006
763970
763966
763962
763957
763953
763930
763930
763926
763924
763920
763903
763894
763861
763859
763856
763853
763845
763836
763833
763826
763792
763770
763746
763728
763726
763709
763708
763703
763697
763696
763691
763690
763659
763642
763635
763634
763631
763630
763626
763605
763596
763589
763580
763566
763562
763562
763562
763560
763549
763548
763514
763510
763501
763499
763494
763486
763473
763466
763461
763429
763420
763412
763410
763401
763383
763336
763326
763320
763317
763284
763280
763266
763241
763240
763222
763214
763210
763195
763194
763187
763186
763185
763170
763146
763144
763124
763113
763092
763088
763086
763068
763057
763038
763027
763015
762996
762977
762972
762945
762939
762936
762932
762931
762913
762898
762889
762889
762888
762887
762849
762838
762836
762834
762826
762826
762819
762807
762803
762793
762784
762771
762742
762738
762735
762733
762733
762712
762710
762709
762703
762672
762649
762634
762622
762603
762587
762542
762531
762521
762519
762517
762512
762490
762478
762478
762463
762461
762460
762448
762442
762430
762389
762387
762386
762382
762380
762375
762365
762340
762327
762298
762275
762263
762241
762235
762218
762213
762201
762186
762186
762172
762145
762107
762099
762059
762057
762026
762019
762018
762001
761995
761975
761951
761946
761937
761933
761925
761924
761921
761900
761880
761876
761868
761857
761849
761845
761829
761823
761800
761793
761779
761771
761765
761757
761752
761749
761745
761741
761735
761735
761735
761700
761696
761694
761675
761673
761669
761649
761641
761633
761622
761620
761615
761605
761604
761598
761594
761583
761583
761571
761568
761564
761563
761557
761544
761544
761536
761527
761512
761512
761504
761500
761499
761489
761469
761469
761445
761431
761427
761425
761395
761384
761372
761371
761365
761349
761343
761342
761333
761331
761322
761312
761305
761304
761302
761293
761292
761261
761258
761256
761245
761219
761216
761210
761207
761205
761194
761166
761156
761134
761120
761039
761023
761020
761000
760997
760979
760960
760955
760937
760927
760926
760925
760912
760904
760896
760884
760852
760825
760824
760822
760809
760808
760807
760785
760773
760769
760766
760757
760753
760752
760739
760720
760699
760697
760693
760683
760670
760659
760640
760612
760611
760601
760581
760577
760572
760570
760569
760566
760565
760562
760547
760545
760517
760501
760493
760490
760483
760473
760466
760461
760437
760432
760424
760415
760390
760380
760371
760359
760357
760350
760308
760306
760303
760288
760270
760259
760259
760246
760244
760234
760223
760222
760220
760219
760204
760186
760182
760179
760178
760152
760152
760150
760150
760130
760129
760125
760093
760092
760081
760075
760061
760052
760033
760032
760021
760015
760011
759992
759959
759948
759942
759923
759897
759893
759892
759891
759886
759876
759860
759858
759854
759847
759838
759825
759816
759811
759810
759810
759804
759803
759795
759792
759790
759782
759775
759755
759754
759753
759738
759735
759720
759720
759716
759711
759707
759698
759697
759678
759668
759659
759659
759644
759627
759627
759620
759620
759614
759609
759600
759597
759595
759589
759583
759578
759576
759572
759555
759553
759534
759528
759523
759523
759504
759467
759463
759459
759451
759442
759439
759431
759420
759397
759389
759386
759376
759373
759339
759334
759333
759329
759324
759308
759304
759294
759261
759253
759253
759249
759240
759238
759223
759221
759177
759175
759170
759169
759145
759134
759113
759101
759056
759041
759026
759020
759006
758986
758979
758973
758969
758966
758958
758958
758915
758914
758910
758908
758893
758890
758886
758886
758861
758850
758849
758837
758808
758802
758795
758791
758787
758785
758766
758760
758753
758748
758726
758704
758703
758678
758633
758626
758588
758587
758571
758560
758549
758546
758538
758538
758538
758537
758532
758528
758526
758521
758519
758516
758510
758502
758494
758483
758458
758455
758454
758437
758435
758433
758425
758390
758382
758378
758375
758346
758309
758294
758288
758286
758282
758275
758269
758264
758254
758250
758238
758227
758217
758216
758182
758168
758159
758154
758117
758105
758103
758100
758097
758090
758084
758083
758077
758077
758070
758065
758041
758040
758015
758000
757976
757953
757945
757942
757925
757921
757916
757896
757874
757870
757864
757845
757835
757826
757816
757807
757798
757788
757765
757756
757755
757749
757723
757711
757702
757687
757684
757682
757676
757676
757657
757654
757632
757623
757619
757610
757603
757586
757581
757576
757568
757548
757546
757531
757526
757526
757515
757497
757478
757464
757454
757446
757440
757406
757401
757384
757380
757370
757370
757353
757346
757346
757344
757330
757306
757302
757298
757288
757282
757280
757218
757194
757183
757175
757168
757150
757138
757137
757119
757094
757080
757078
757061
757059
757059
757049
757047
757043
757038
757033
757027
757024
757012
756995
756987
756987
756986
756976
756962
756958
756956
756931
756921
756911
756888
756883
756881
756879
756871
756842
756834
756823
756819
756801
756776
756723
756711
756670
756662
756654
756647
756627
756615
756594
756586
756583
756576
756573
756572
756565
756533
756532
756532
756525
756513
756507
756507
756492
756491
756488
756483
756478
756464
756451
756450
756417
756409
756402
756355
756323
756321
756304
756292
756289
756272
756267
756258
756253
756252
756243
756238
756228
756226
756222
756216
756209
756202
756194
756191
756190
756187
756186
756173
756168
756167
756162
756162
756155
756152
756146
756128
756127
756121
756119
756113
756099
756093
756091
756088
756062
756057
756007
755995
755988
755981
755977
755970
755958
755935
755904
755895
755884
755876
755861
755858
755835
755816
755775
755770
755768
755745
755728
755724
755721
755703
755693
755691
755690
755686
755681
755680
755677
755663
755655
755646
755645
755643
755642
755640
755629
755621
755610
755579
755579
755576
755574
755568
755550
755546
755537
755515
755505
755492
755484
755483
755481
755477
755470
755470
755462
755456
755448
755443
755442
755430
755402
755397
755342
755339
755339
755335
755325
755293
755293
755291
755286
755280
755278
755274
755229
755228
755223
755223
755221
755207
755198
755168
755154
755153
755151
755125
755125
755116
755108
755085
755080
755075
755071
755067
755052
755046
755029
755019
754999
754995
754994
754978
754959
754937
754933
754926
754922
754920
754914
754902
754882
754854
754850
754841
754792
754776
754772
754770
754750
754742
754738
754730
754705
754697
754686
754684
754676
754661
754660
754588
754576
754570
754564
754563
754556
754556
754554
754547
754543
754537
754529
754522
754518
754518
754511
754509
754508
754492
754478
754472
754458
754436
754414
754413
754411
754391
754385
754383
754359
754352
754341
754329
754322
754313
754309
754295
754285
754267
754263
754246
754246
754242
754216
754214
754210
754204
754200
754196
754194
754164
754155
754152
754149
754148
754136
754111
754110
754100
754098
754092
754084
754082
754063
754060
754057
754025
754020
754017
754008
753986
753983
753974
753969
753948
753932
753926
753924
753918
753916
753904
753901
753880
753811
753800
753797
753786
753784
753768
753763
753760
753747
753741
753730
753718
753702
753695
753695
753694
753679
753677
753677
753672
753671
753630
753616
753610
753602
753594
753580
753580
753564
753562
753558
753550
753535
753495
753486
753484
753483
753475
753452
753445
753443
753441
753435
753429
753424
753412
753408
753402
753401
753360
753357
753337
753336
753334
753332
753331
753330
753321
753296
753288
753285
753256
753249
753241
753220
753217
753216
753211
753209
753206
753203
753202
753201
753190
753183
753176
753172
753162
753150
753102
753097
753095
753092
753089
753083
753066
753045
753039
753038
753033
753031
753029
753020
753008
752990
752987
752978
752974
752971
752956
752911
752889
752887
752874
752874
752872
752859
752794
752791
752775
752770
752766
752764
752763
752761
752758
752740
752727
752727
752721
752691
752622
752616
752606
752587
752563
752555
752529
752528
752502
752502
752492
752489
752486
752483
752457
752446
752446
752445
752442
752431
752426
752418
752404
752396
752389
752378
752374
752363
752349
752341
752331
752286
752282
752280
752263
752255
752247
752239
752216
752208
752202
752192
752188
752183
752150
752139
752126
752124
752101
752083
752074
752039
752039
752037
752035
752035
752035
752032
752012
752009
751990
751967
751965
751957
751939
751917
751915
751908
751892
751889
751860
751855
751845
751842
751837
751829
751814
751803
751785
751775
751774
751773
751753
751732
751703
751692
751669
751661
751660
751658
751654
751642
751614
751587
751578
751575
751545
751530
751524
751512
751504
751501
751493
751491
751482
751463
751462
751457
751449
751449
751442
751425
751412
751407
751406
751393
751391
751390
751385
751382
751364
751358
751352
751344
751343
751343
751339
751334
751329
751292
751289
751288
751271
751271
751263
751253
751232
751225
751218
751181
751181
751164
751158
751152
751145
751129
751120
751116
751107
751094
751066
751066
751060
751055
751052
751045
751039
751036
751035
751024
751020
751017
751011
750996
750995
750989
750984
750975
750968
750965
750930
750926
750925
750918
750916
750911
750910
750909
750900
750900
750897
750886
750885
750871
750866
750837
750834
750834
750820
750806
750801
750791
750791
750790
750783
750769
750764
750702
750674
750619
750611
750601
750601
750600
750592
750590
750564
750562
750553
750546
750545
750539
750536
750532
750529
750527
750437
750435
750405
750400
750369
750363
750359
750348
750341
750322
750311
750299
750285
750285
750281
750280
750264
750242
750211
750209
750184
750178
750174
750167
750165
750159
750157
750153
750151
750150
750143
750139
750134
750095
750094
750092
750087
750084
750057
750053
750045
750045
750030
750019
750009
750003
750001
750001
749990
749982
749968
749968
749966
749943
749929
749924
749878
749876
749859
749846
749838
749836
749831
749801
749798
749797
749796
749792
749787
749784
749765
749763
749758
749735
749730
749696
749679
749674
749661
749658
749640
749637
749625
749621
749616
749590
749574
749572
749562
749546
749544
749542
749530
749505
749501
749484
749457
749456
749456
749436
749422
749420
749413
749382
749377
749367
749346
749331
749314
749289
749273
749268
749264
749251
749249
749245
749221
749221
749220
749216
749205
749204
749182
749176
749167
749163
749160
749138
749132
749128
749121
749099
749095
749071
749071
749013
749000
748986
748969
748956
748955
748952
748939
748937
748936
748928
748927
748918
748914
748911
748910
748880
748873
748862
748859
748859
748843
748840
748830
748816
748808
748805
748797
748775
748742
748739
748713
748709
748704
748698
748679
748670
748670
748668
748657
748637
748633
748617
748604
748604
748603
748601
748584
748564
748542
748542
748537
748522
748508
748503
748502
748496
748494
748491
748489
748488
748473
748468
748463
748461
748455
748437
748433
748420
748394
748394
748390
748386
748384
748362
748349
748326
748296
748294
748291
748282
748276
748264
748243
748231
748230
748213
748210
748201
748193
748173
748167
748156
748156
748140
748121
748106
748088
748082
748082
748079
748060
748060
748046
748019
748012
748010
748002
747998
747996
747992
747990
747985
747984
747975
747951
747934
747926
747923
747911
747911
747909
747855
747855
747855
747844
747839
747827
747826
747809
747807
747766
747762
747759
747749
747704
747698
747664
747654
747649
747647
747643
747637
747632
747619
747611
747599
747595
747579
747574
747571
747564
747554
747549
747548
747545
747542
747541
747539
747533
747517
747516
747496
747491
747465
747465
747458
747455
747443
747443
747440
747421
747419
747413
747407
747400
747400
747399
747375
747374
747368
747362
747361
747349
747338
747322
747296
747292
747290
747290
747289
747277
747271
747269
747268
747261
747257
747246
747231
747221
747199
747199
747193
747191
747185
747179
747177
747173
747170
747169
747157
747151
747144
747140
747140
747131
747108
747105
747093
747075
747070
747054
747029
747021
746992
746986
746970
746964
746960
746960
746959
746948
746927
746903
746879
746879
746870
746869
746853
746833
746827
746822
746818
746817
746804
746795
746792
746787
746786
746785
746768
746767
746751
746722
746719
746716
746679
746661
746660
746656
746652
746643
746638
746611
746605
746604
746596
746587
746587
746585
746584
746582
746561
746558
746554
746537
746531
746529
746518
746517
746508
746487
746479
746478
746438
746423
746420
746419
746397
746392
746389
746382
746371
746337
746330
746317
746312
746296
746284
746259
746245
746228
746216
746213
746207
746192
746175
746166
746131
746129
746121
746110
746101
746098
746088
746088
746072
746072
746068
746067
746052
746051
746042
746041
746032
746031
746031
746010
746009
746004
745999
745989
745987
745966
745960
745941
745939
745915
745902
745893
745885
745876
745871
745861
745858
745849
745842
745825
745815
745807
745801
745795
745791
745782
745721
745717
745715
745708
745697
745693
745686
745676
745676
745676
745671
745660
745659
745658
745654
745648
745613
745592
745592
745591
745586
745585
745579
745577
745577
745569
745563
745560
745548
745541
745527
745524
745499
745486
745485
745473
745461
745460
745454
745453
745452
745439
745438
745437
745424
745398
745360
745352
745335
745333
745329
745316
745295
745292
745290
745274
745273
745250
745242
745242
745240
745228
745225
745218
745215
745208
745198
745174
745157
745150
745147
745141
745138
745136
745128
745118
745113
745087
745074
745070
745068
745044
745042
745040
745016
745015
745006
744945
744943
744915
744909
744898
744864
744845
744827
744826
744816
744816
744805
744800
744790
744761
744757
744739
744733
744709
744707
744702
744700
744698
744681
744666
744662
744633
744617
744579
744553
744531
744518
744511
744491
744488
744477
744469
744463
744463
744458
744454
744432
744413
744401
744399
744384
744384
744374
744357
744349
744344
744332
744324
744318
744280
744279
744274
744262
744261
744240
744205
744200
744186
744179
744158
744153
744148
744138
744134
744095
744094
744092
744047
744044
744043
744040
744039
744037
744010
744009
744001
743984
743970
743960
743955
743950
743944
743924
743907
743903
743902
743890
743886
743885
743877
743871
743844
743842
743838
743836
743825
743819
743816
743799
743784
743772
743771
743769
743761
743754
743753
743747
743743
743732
743690
743677
743667
743664
743655
743654
743653
743633
743629
743618
743617
743603
743600
743593
743585
743578
743576
743548
743541
743540
743540
743538
743531
743526
743514
743504
743462
743444
743439
743430
743429
743403
743373
743373
743368
743362
743349
743349
743348
743339
743337
743330
743323
743320
743279
743277
743276
743258
743233
743204
743184
743181
743170
743143
743134
743131
743129
743114
743103
743094
743083
743076
743070
743058
743057
743016
743014
743007
742995
742955
742937
742934
742930
742919
742918
742893
742888
742883
742864
742858
742836
742831
742822
742818
742813
742811
742803
742799
742782
742761
742756
742749
742741
742713
742711
742699
742698
742696
742693
742662
742658
742643
742634
742615
742564
742544
742510
742508
742506
742500
742480
742476
742475
742473
742471
742459
742448
742417
742416
742412
742410
742404
742392
742389
742383
742381
742377
742372
742367
742359
742353
742337
742336
742334
742316
742294
742243
742224
742224
742217
742212
742199
742182
742171
742168
742139
742135
742122
742114
742113
742107
742106
742091
742087
742081
742068
742065
742061
742050
742044
742041
742036
742029
742018
742017
741993
741988
741978
741972
741962
741938
741931
741930
741921
741920
741920
741913
741898
741898
741881
741869
741860
741856
741846
741846
741843
741835
741801
741791
741789
741776
741759
741738
741734
741721
741721
741708
741703
741693
741690
741668
741635
741631
741609
741601
741593
741592
741577
741549
741489
741482
741481
741480
741479
741478
741474
741454
741452
741452
741425
741423
741418
741416
741408
741406
741402
741397
741373
741350
741343
741342
741332
741327
741317
741311
741274
741272
741265
741247
741247
741234
741222
741197
741185
741174
741156
741093
741080
741072
741065
741063
741061
741059
741052
741042
741027
741008
740998
740991
740977
740973
740973
740968
740944
740937
740936
740934
740916
740910
740889
740886
740870
740868
740861
740853
740811
740805
740796
740793
740787
740782
740781
740778
740775
740764
740743
740722
740722
740706
740701
740688
740665
740663
740654
740635
740623
740605
740605
740601
740599
740597
740596
740550
740549
740549
740539
740525
740518
740513
740494
740490
740488
740467
740465
740446
740432
740416
740415
740412
740384
740380
740375
740370
740354
740354
740343
740334
740331
740315
740298
740295
740291
740262
740255
740253
740251
740238
740237
740202
740201
740165
740160
740134
740097
740074
740072
740072
740055
740052
740043
740041
740018
740014
739984
739938
739934
739927
739907
739877
739869
739863
739863
739848
739823
739799
739791
739791
739786
739784
739777
739746
739745
739744
739739
739724
739719
739715
739707
739682
739682
739653
739649
739644
739632
739622
739613
739613
739611
739591
739580
739544
739528
739523
739502
739496
739486
739470
739458
739457
739455
739426
739416
739410
739399
739385
739384
739378
739377
739367
739347
739343
739342
739342
739324
739317
739306
739301
739288
739283
739279
739277
739276
739266
739255
739241
739229
739209
739205
739198
739193
739187
739187
739178
739175
739173
739164
739148
739141
739133
739116
739107
739095
739089
739088
739088
739086
739080
739057
739030
739019
739014
738979
738961
738954
738940
738936
738935
738933
738922
738909
738903
738895
738888
738871
738867
738851
738825
738823
738793
738764
738763
738755
738735
738721
738718
738714
738695
738690
738681
738657
738643
738642
738593
738558
738550
738549
738540
738514
738513
738493
738482
738479
738474
738473
738465
738464
738456
738448
738442
738441
738426
738397
738395
738394
738390
738381
738380
738348
738332
738328
738318
738314
738283
738283
738270
738243
738241
738236
738229
738214
738197
738196
738195
738150
738129
738127
738114
738110
738105
738096
738093
738086
738083
738078
738076
738072
738070
738070
738057
738052
738041
738038
738023
738017
738016
738003
737992
737983
737959
737953
737932
737930
737929
737921
737916
737910
737910
737885
737862
737850
737829
737829
737821
737820
737812
737812
737811
737791
737756
737755
737748
737746
737741
737736
737734
737721
737710
737683
737680
737652
737646
737635
737621
737617
737605
737591
737585
737575
737543
737521
737518
737509
737494
737485
737451
737451
737438
737410
737380
737361
737356
737317
737293
737288
737287
737287
737285
737279
737271
737267
737230
737230
737228
737209
737202
737198
737198
737176
737171
737107
737103
737054
737004
736999
736999
736992
736985
736973
736958
736947
736939
736934
736909
736897
736883
736880
736868
736864
736826
736819
736818
736813
736811
736810
736786
736785
736755
736747
736747
736741
736734
736727
736723
736714
736704
736696
736692
736673
736657
736643
736640
736633
736627
736627
736621
736620
736613
736592
736580
736578
736568
736563
736552
736538
736536
736528
736513
736510
736496
736494
736486
736475
736461
736458
736458
736456
736456
736450
736447
736444
736419
736414
736401
736394
736393
736365
736353
736328
736319
736318
736306
736291
736280
736279
736252
736224
736215
736209
736208
736206
736172
736170
736168
736165
736151
736145
736132
736128
736126
736125
736093
736087
736078
736059
736059
736040
736031
736022
736010
736004
735993
735986
735979
735952
735946
735945
735943
735933
735908
735904
735898
735888
735880
735871
735870
735869
735851
735851
735838
735818
735817
735778
735776
735769
735764
735755
735727
735727
735716
735704
735684
735658
735645
735639
735619
735613
735603
735601
735594
735582
735572
735562
735555
735543
735536
735525
735524
735518
735508
735504
735480
735471
735467
735459
735452
735435
735427
735425
735407
735397
735385
735368
735362
735336
735336
735332
735329
735323
735317
735309
735298
735295
735293
735286
735286
735281
735277
735275
735274
735271
735242
735235
735233
735225
735221
735214
735205
735204
735178
735176
735171
735148
735146
735128
735114
735110
735108
735108
735077
735057
735056
735035
735030
735029
735028
735025
735016
735002
734992
734989
734969
734954
734950
734943
734942
734942
734941
734926
734911
734908
734883
734879
734870
734850
734846
734845
734808
734801
734800
734798
734795
734792
734772
734765
734756
734750
734748
734738
734730
734724
734717
734708
734700
734693
734655
734642
734615
734595
734595
734594
734593
734582
734571
734564
734561
734559
734544
734542
734523
734520
734519
734498
734490
734490
734489
734480
734467
734456
734442
734441
734430
734429
734423
734402
734388
734375
734364
734362
734362
734338
734323
734302
734285
734277
734261
734245
734245
734242
734240
734226
734222
734208
734200
734192
734189
734177
734175
734172
734157
734153
734141
734136
734124
734123
734112
734085
734084
734072
734068
734064
734062
734030
733997
733990
733982
733965
733954
733952
733948
733946
733936
733927
733926
733917
733911
733910
733907
733902
733893
733884
733879
733860
733855
733851
733840
733837
733825
733813
733799
733792
733788
733787
733781
733778
733755
733737
733734
733732
733731
733728
733713
733702
733696
733695
733688
733682
733665
733659
733638
733632
733631
733630
733629
733616
733607
733591
733576
733568
733544
733539
733513
733507
733499
733488
733475
733471
733466
733435
733425
733425
733400
733379
733376
733373
733370
733347
733344
733343
733335
733321
733318
733299
733269
733266
733264
733264
733260
733251
733200
733150
733141
733120
733096
733096
733090
733076
733073
733056
733049
733047
733044
733037
733021
733017
733013
732985
732959
732911
732908
732905
732881
732864
732862
732847
732832
732813
732804
732797
732763
732747
732724
732694
732680
732676
732660
732645
732643
732619
732612
732607
732606
732603
732579
732566
732563
732557
732552
732541
732529
732518
732490
732479
732464
732453
732450
732424
732420
732415
732414
732409
732395
732391
732377
732371
732359
732348
732342
732338
732333
732326
732322
732318
732302
732292
732286
732266
732264
732262
732261
732261
732261
732255
732253
732234
732220
732189
732188
732182
732169
732165
732163
732162
732160
732133
732125
732109
732068
732057
732032
732029
732024
732019
732014
732013
732008
732003
732000
731994
731970
731965
731960
731957
731953
731950
731949
731943
731933
731931
731928
731913
731907
731903
731898
731895
731891
731862
731859
731857
731850
731847
731845
731837
731834
731832
731822
731815
731813
731808
731783
731766
731736
731735
731726
731708
731699
731691
731691
731684
731678
731664
731658
731647
731645
731616
731604
731594
731591
731578
731574
731573
731563
731562
731552
731551
731541
731538
731525
731524
731515
731505
731477
731473
731471
731455
731450
731444
731435
731434
731430
731427
731425
731419
731417
731409
731395
731390
731388
731386
731385
731382
731380
731372
731369
731357
731349
731348
731347
731321
731311
731311
731300
731268
731266
731265
731261
731259
731255
731255
731250
731230
731227
731216
731216
731206
731198
731195
731193
731193
731189
731188
731175
731162
731159
731155
731146
731143
731138
731128
731123
731095
731095
731074
731066
731065
731065
731056
731048
731041
731034
731021
731008
730989
730987
730968
730968
730963
730957
730948
730946
730941
730926
730921
730902
730871
730862
730852
730849
730849
730848
730842
730822
730820
730818
730811
730807
730803
730796
730773
730758
730748
730747
730735
730725
730716
730706
730697
730682
730674
730673
730672
730665
730653
730650
730624
730587
730564
730562
730552
730509
730492
730465
730464
730446
730443
730441
730434
730418
730418
730413
730395
730394
730370
730362
730353
730353
730342
730339
730337
730319
730314
730314
730307
730305
730279
730277
730277
730253
730244
730242
730240
730230
730224
730221
730203
730196
730181
730175
730156
730154
730142
730139
730128
730126
730122
730117
730116
730085
730083
730076
730072
730068
730062
730050
730034
730021
729991
729989
729980
729976
729968
729948
729943
729940
729914
729913
729883
729839
729791
729786
729773
729772
729757
729757
729743
729732
729721
729717
729716
729704
729699
729696
729690
729690
729682
729668
729661
729648
729647
729644
729625
729620
729608
729597
729590
729588
729586
729569
729562
729536
729534
729533
729528
729524
729523
729519
729514
729500
729496
729470
729445
729438
729431
729421
729414
729403
729403
729358
729351
729350
729338
729329
729294
729280
729278
729275
729268
729264
729258
729245
729240
729234
729229
729217
729214
729202
729188
729159
729158
729157
729156
729134
729132
729130
729109
729107
729078
729064
729027
729012
729002
729000
728988
728980
728976
728969
728955
728942
728934
728915
728908
728908
728895
728875
728871
728870
728869
728868
728859
728856
728849
728838
728837
728818
728796
728768
728767
728736
728691
728686
728680
728676
728672
728667
728655
728645
728627
728624
728623
728613
728610
728599
728591
728585
728564
728559
728554
728544
728535
728514
728501
728497
728475
728428
728423
728422
728407
728397
728396
728389
728381
728380
728364
728345
728327
728327
728325
728315
728314
728312
728288
728287
728282
728279
728278
728276
728274
728268
728268
728245
728245
728239
728236
728231
728231
728217
728214
728198
728198
728192
728185
728181
728172
728164
728160
728156
728153
728147
728145
728140
728119
728100
728076
728068
728059
728037
728031
728019
728019
728012
728009
727994
727994
727990
727954
727947
727931
727909
727894
727894
727889
727880
727875
727851
727845
727840
727831
727818
727817
727795
727784
727771
727750
727747
727746
727712
727711
727699
727696
727686
727683
727664
727660
727653
727645
727628
727625
727615
727580
727554
727552
727526
727517
727500
727494
727494
727487
727482
727480
727477
727458
727428
727407
727397
727369
727360
727355
727338
727331
727326
727323
727323
727323
727322
727318
727303
727260
727258
727242
727241
727230
727215
727212
727202
727202
727197
727193
727172
727163
727156
727153
727148
727144
727136
727129
727121
727106
727100
727094
727081
727073
727059
727048
727045
727041
727039
727038
727032
726981
726965
726941
726932
726932
726917
726917
726916
726869
726848
726821
726812
726810
726792
726790
726779
726772
726771
726748
726742
726729
726724
726714
726714
726708
726706
726692
726676
726675
726664
726660
726644
726642
726640
726616
726610
726607
726603
726583
726565
726556
726547
726539
726533
726531
726528
726524
726490
726479
726474
726469
726466
726464
726457
726424
726419
726414
726410
726405
726379
726367
726354
726353
726341
726324
726317
726315
726313
726304
726301
726260
726247
726247
726241
726236
726229
726211
726194
726178
726176
726176
726168
726166
726150
726136
726133
726124
726114
726095
726086
726086
726083
726082
726079
726078
726069
726066
726049
726040
726027
726025
726023
726018
726014
726014
726008
726006
725997
725995
725993
725985
725984
725962
725959
725959
725928
725907
725897
725885
725872
725869
725866
725864
725863
725850
725831
725826
725807
725806
725804
725800
725772
725753
725748
725743
725708
725701
725697
725689
725675
725669
725663
725654
725639
725626
725626
725625
725619
725618
725608
725585
725579
725560
725559
725541
725538
725537
725523
725521
725516
725503
725453
725431
725428
725412
725365
725364
725342
725326
725321
725320
725313
725297
725292
725286
725276
725273
725262
725261
725259
725241
725228
725219
725210
725191
725173
725172
725125
725100
725068
725053
725033
725021
725019
725015
725004
724999
724997
724984
724977
724954
724936
724925
724922
724917
724902
724899
724854
724851
724846
724845
724829
724828
724826
724796
724794
724793
724778
724776
724776
724757
724754
724751
724749
724737
724737
724730
724720
724691
724689
724661
724654
724650
724635
724633
724602
724592
724585
724550
724546
724541
724537
724531
724510
724492
724491
724490
724483
724464
724460
724426
724425
724421
724418
724418
724399
724388
724385
724375
724368
724358
724326
724325
724310
724306
724302
724300
724290
724287
724275
724257
724250
724223
724212
724193
724190
724189
724175
724175
724166
724160
724153
724147
724138
724133
724080
724075
724051
724036
724027
724019
724018
724009
723992
723982
723947
723941
723905
723887
723883
723858
723851
723827
723822
723813
723810
723803
723803
723799
723786
723775
723760
723754
723751
723738
723724
723710
723710
723707
723691
723664
723661
723652
723651
723651
723644
723624
723611
723590
723580
723568
723535
723513
723512
723504
723500
723492
723484
723481
723476
723467
723457
723450
723448
723448
723437
723427
723422
723396
723375
723352
723348
723333
723317
723303
723295
723293
723284
723276
723266
723259
723254
723244
723227
723223
723209
723185
723161
723157
723153
723150
723134
723130
723124
723076
723072
723072
723061
723052
723042
723040
723032
723021
722968
722953
722934
722870
722854
722853
722849
722846
722844
722825
722819
722819
722793
722792
722747
722737
722733
722716
722715
722713
722698
722684
722672
722672
722641
722603
722598
722589
722567
722539
722520
722508
722508
722497
722456
722453
722441
722439
722430
722416
722412
722403
722402
722395
722393
722371
722358
722357
722345
722345
722325
722286
722285
722265
722262
722248
722188
722175
722171
722160
722149
722148
722145
722128
722119
722108
722087
722070
722063
722061
722041
722015
722013
722001
721994
721978
721976
721968
721957
721943
721939
721936
721931
721928
721920
721892
721881
721861
721855
721850
721843
721834
721833
721830
721824
721814
721812
721794
721775
721769
721753
721742
721742
721735
721731
721727
721709
721693
721661
721661
721660
721654
721607
721605
721600
721598
721598
721593
721590
721588
721576
721536
721523
721515
721513
721468
721464
721452
721452
721448
721441
721424
721423
721422
721414
721406
721402
721392
721392
721386
721377
721376
721358
721321
721315
721305
721293
721283
721279
721274
721266
721255
721245
721235
721211
721206
721201
721187
721185
721180
721162
721162
721146
721146
721134
721110
721109
721105
721102
721099
721082
721078
721074
721069
721066
721049
721032
721029
721024
721012
721003
721000
720995
720982
720972
720971
720965
720961
720949
720940
720929
720928
720926
720917
720914
720906
720893
720873
720866
720841
720836
720835
720827
720814
720792
720784
720756
720740
720740
720740
720737
720719
720704
720696
720691
720681
720669
720646
720634
720632
720622
720610
720607
720583
720578
720537
720535
720529
720510
720501
720500
720493
720481
720481
720467
720465
720465
720461
720460
720440
720433
720413
720407
720392
720390
720374
720356
720354
720350
720289
720286
720280
720278
720268
720232
720228
720216
720196
720159
720151
720151
720139
720134
720117
720114
720112
720109
720109
720101
720090
720079
720076
720061
720051
720035
720028
720004
720000
719987
719985
719981
719967
719951
719944
719881
719869
719866
719864
719863
719846
719819
719782
719777
719773
719767
719767
719765
719754
719748
719746
719731
719730
719703
719699
719694
719669
719651
719647
719632
719601
719584
719584
719581
719574
719573
719572
719559
719554
719554
719548
719534
719517
719503
719501
719487
719479
719479
719477
719468
719464
719462
719450
719439
719428
719412
719387
719379
719367
719361
719361
719337
719326
719322
719321
719306
719290
719289
719289
719288
719286
719278
719274
719269
719264
719255
719252
719235
719230
719207
719205
719204
719188
719183
719172
719166
719164
719140
719136
719133
719120
719092
719087
719081
719080
719080
719079
719078
719072
719055
719053
719026
719025
719022
719009
718990
718975
718968
718962
718936
718923
718894
718886
718882
718873
718871
718863
718855
718851
718847
718839
718835
718831
718830
718829
718819
718797
718790
718787
718786
718784
718780
718758
718753
718752
718749
718748
718748
718747
718739
718738
718731
718727
718725
718725
718722
718718
718718
718708
718707
718693
718690
718678
718678
718675
718653
718641
718641
718617
718613
718599
718593
718590
718582
718582
718566
718564
718552
718547
718537
718536
718525
718520
718515
718487
718477
718477
718462
718461
718458
718447
718429
718428
718424
718422
718414
718414
718411
718400
718397
718394
718392
718383
718380
718373
718357
718357
718336
718327
718317
718310
718308
718306
718305
718303
718302
718295
718294
718293
718292
718284
718280
718256
718252
718230
718227
718224
718221
718220
718203
718190
718174
718171
718163
718163
718156
718150
718149
718125
718114
718113
718108
718101
718091
718090
718071
718071
718061
718055
718041
718031
718015
718013
718008
717996
717989
717979
717970
717970
717945
717944
717940
717931
717906
717902
717898
717892
717887
717884
717878
717872
717863
717811
717804
717801
717795
717791
717786
717778
717776
717766
717761
717733
717725
717713
717702
717695
717689
717658
717655
717655
717627
717625
717617
717614
717609
717608
717606
717602
717600
717597
717591
717589
717580
717576
717551
717532
717521
717516
717513
717512
717491
717478
717478
717473
717472
717455
717453
717448
717434
717407
717406
717400
717398
717386
717382
717354
717342
717331
717308
717302
717293
717280
717270
717201
717197
717195
717182
717182
717182
717181
717152
717139
717138
717115
717099
717088
717084
717065
717051
717022
717013
716991
716981
716969
716937
716917
716912
716911
716894
716893
716860
716849
716840
716831
716826
716804
716797
716775
716755
716747
716740
716737
716723
716711
716709
716707
716691
716680
716679
716674
716662
716657
716649
716618
716611
716606
716573
716563
716559
716542
716541
716537
716526
716520
716498
716496
716494
716490
716485
716485
716483
716479
716467
716465
716458
716458
716447
716442
716437
716432
716428
716418
716409
716397
716363
716350
716329
716329
716323
716322
716310
716306
716287
716280
716276
716256
716248
716240
716227
716220
716215
716206
716197
716192
716191
716184
716175
716160
716155
716150
716148
716142
716116
716116
716111
716105
716090
716082
716078
716073
716069
716066
716062
716041
716031
716029
716000
715998
715997
715995
715988
715967
715943
715932
715903
715885
715885
715862
715849
715827
715818
715816
715808
715790
715778
715745
715743
715731
715727
715716
715713
715702
715701
715677
715667
715659
715656
715631
715624
715618
715600
715597
715587
715576
715558
715538
715538
715536
715532
715528
715511
715500
715486
715453
715436
715420
715408
715404
715385
715384
715380
715372
715368
715350
715347
715300
715299
715286
715284
715273
715254
715248
715208
715204
715188
715182
715180
715155
715152
715146
715138
715111
715103
715095
715095
715094
715093
715087
715080
715069
715065
715056
715053
715033
715024
715007
715004
715003
714997
714984
714972
714961
714922
714894
714884
714873
714847
714823
714820
714819
714814
714776
714753
714728
714722
714692
714684
714674
714663
714659
714640
714634
714628
714626
714624
714611
714610
714599
714565
714562
714552
714550
714542
714512
714449
714442
714434
714428
714428
714423
714410
714404
714400
714375
714353
714350
714349
714349
714346
714343
714342
714342
714331
714305
714259
714252
714250
714238
714227
714224
714208
714186
714186
714185
714185
714172
714168
714166
714164
714153
714139
714136
714124
714122
714116
714114
714114
714106
714103
714092
714089
714088
714059
714054
714031
714030
714024
714019
714014
713999
713997
713984
713972
713955
713952
713941
713931
713918
713908
713904
713892
713892
713880
713879
713876
713845
713840
713830
713810
713803
713803
713799
713798
713792
713792
713789
713776
713772
713769
713764
713739
713731
713721
713712
713708
713705
713702
713664
713644
713625
713624
713608
713589
713577
713565
713560
713559
713531
713511
713493
713492
713488
713479
713468
713465
713464
713462
713457
713455
713453
713444
713434
713430
713429
713423
713409
713408
713407
713403
713401
713398
713397
713389
713385
713370
713363
713355
713354
713347
713340
713336
713334
713329
713303
713295
713293
713282
713280
713263
713258
713237
713226
713224
713203
713203
713201
713180
713156
713138
713130
713123
713099
713078
713073
713041
713040
713008
713001
712997
712996
712994
712993
712979
712970
712963
712962
712941
712907
712884
712878
712875
712873
712861
712860
712840
712832
712819
712816
712811
712797
712795
712779
712778
712758
712718
712718
712677
712656
712654
712654
712640
712624
712592
712591
712590
712580
712558
712553
712537
712534
712534
712531
712506
712506
712486
712481
712469
712455
712444
712439
712438
712395
712386
712383
712353
712329
712323
712314
712295
712294
712284
712284
712258
712258
712257
712240
712240
712239
712218
712213
712207
712204
712201
712178
712132
712129
712113
712097
712095
712093
712083
712082
712059
712047
712046
712044
711989
711986
711975
711954
711953
711951
711951
711930
711928
711926
711918
711910
711900
711883
711868
711859
711842
711818
711811
711807
711804
711793
711790
711790
711762
711761
711745
711741
711739
711739
711727
711723
711716
711711
711711
711709
711704
711697
711686
711675
711662
711661
711658
711658
711645
711639
711629
711628
711622
711609
711589
711585
711579
711558
711548
711547
711536
711529
711510
711504
711493
711473
711470
711468
711459
711452
711448
711438
711435
711430
711416
711366
711354
711349
711347
711344
711337
711324
711319
711316
711308
711299
711252
711241
711230
711226
711211
711207
711196
711173
711172
711171
711152
711146
711143
711109
711093
711091
711071
711063
711048
711045
711042
711028
711022
711006
711005
710997
710991
710975
710972
710961
710959
710941
710933
710932
710932
710928
710924
710924
710908
710902
710884
710872
710867
710866
710866
710862
710857
710857
710848
710837
710825
710813
710804
710803
710783
710767
710731
710725
710718
710706
710705
710693
710686
710673
710671
710663
710655
710654
710644
710641
710626
710603
710587
710565
710555
710554
710554
710531
710521
710516
710491
710483
710481
710480
710467
710453
710451
710450
710449
710437
710431
710430
710425
710416
710413
710412
710397
710384
710379
710372
710355
710350
710335
710330
710323
710323
710321
710311
710308
710289
710282
710276
710274
710252
710245
710238
710231
710230
710223
710217
710214
710211
710205
710203
710188
710184
710162
710126
710106
710075
710073
710072
710069
710068
710051
710043
710015
710011
710007
709993
709979
709973
709972
709959
709956
709951
709947
709931
709930
709910
709904
709897
709889
709887
709867
709864
709851
709846
709845
709833
709828
709824
709819
709817
709812
709805
709761
709759
709743
709741
709723
709717
709706
709706
709706
709684
709661
709646
709619
709614
709591
709588
709585
709562
709553
709530
709527
709524
709513
709478
709473
709449
709438
709435
709422
709398
709386
709384
709368
709348
709332
709327
709320
709311
709302
709285
709282
709272
709271
709265
709257
709243
709240
709235
709230
709213
709206
709201
709196
709193
709192
709191
709161
709138
709129
709126
709077
709076
709068
709059
709056
709052
709031
709007
709001
709000
708994
708992
708981
708958
708944
708939
708938
708932
708923
708916
708898
708881
708872
708846
708842
708828
708824
708810
708802
708786
708783
708779
708715
708701
708694
708693
708690
708688
708684
708682
708672
708658
708655
708653
708651
708648
708644
708611
708599
708569
708568
708568
708529
708515
708511
708494
708488
708485
708479
708453
708443
708421
708409
708405
708401
708384
708355
708345
708329
708310
708303
708295
708284
708283
708276
708276
708274
708273
708253
708245
708239
708233
708227
708226
708211
708199
708183
708164
708150
708133
708130
708130
708118
708112
708086
708071
708064
708064
708057
708056
708044
708008
708003
708001
707988
707986
707953
707935
707926
707917
707910
707908
707904
707903
707895
707885
707877
707830
707830
707820
707813
707809
707793
707790
707789
707786
707779
707770
707768
707763
707759
707742
707725
707723
707723
707719
707710
707709
707707
707695
707612
707588
707584
707558
707547
707501
707495
707478
707467
707439
707439
707433
707433
707431
707426
707383
707375
707375
707349
707348
707336
707334
707320
707318
707317
707316
707299
707292
707286
707284
707262
707262
707260
707256
707232
707214
707208
707207
707202
707201
707194
707191
707190
707179
707174
707165
707149
707143
707141
707135
707134
707120
707117
707095
707090
707069
707062
707050
707041
707040
707030
707030
707014
706997
706996
706965
706962
706934
706928
706913
706907
706905
706887
706882
706880
706878
706874
706859
706851
706841
706827
706821
706811
706808
706788
706776
706776
706757
706742
706729
706727
706712
706705
706701
706691
706684
706657
706653
706637
706630
706627
706612
706607
706606
706598
706589
706587
706565
706562
706550
706516
706510
706485
706480
706477
706453
706449
706438
706436
706421
706377
706374
706371
706346
706345
706341
706308
706295
706278
706276
706262
706215
706214
706213
706211
706195
706191
706180
706164
706156
706143
706133
706105
706102
706098
706061
706058
706054
706046
706040
706026
706024
706022
706015
706009
706001
705979
705955
705952
705948
705940
705932
705913
705909
705906
705887
705872
705866
705850
705837
705835
705830
705829
705788
705784
705768
705762
705756
705755
705738
705732
705732
705726
705722
705713
705670
705666
705625
705605
705594
705586
705577
705572
705568
705565
705558
705528
705512
705511
705468
705468
705463
705462
705438
705435
705427
705415
705412
705410
705382
705382
705375
705355
705353
705351
705349
705328
705317
705311
705301
705288
705264
705251
705245
705235
705229
705184
705162
705158
705158
705157
705145
705143
705142
705138
705133
705126
705118
705116
705108
705106
705094
705078
705036
705035
705034
705028
705024
705013
704998
704995
704988
704986
704984
704977
704977
704968
704951
704940
704939
704894
704893
704869
704865
704852
704835
704830
704815
704811
704806
704806
704803
704797
704794
704794
704777
704752
704748
704730
704726
704710
704704
704697
704689
704685
704681
704680
704677
704668
704657
704652
704650
704642
704634
704604
704591
704588
704579
704570
704556
704540
704524
704517
704514
704493
704484
704478
704466
704464
704460
704455
704445
704445
704443
704430
704422
704416
704403
704398
704379
704347
704327
704314
704260
704254
704233
704224
704224
704222
704206
704202
704186
704183
704180
704175
704152
704143
704126
704108
704099
704090
704084
704071
704064
704048
704024
704010
704005
703983
703967
703966
703965
703965
703961
703949
703945
703942
703932
703897
703893
703889
703884
703877
703876
703873
703846
703841
703835
703818
703816
703814
703812
703809
703809
703808
703802
703766
703757
703757
703741
703740
703706
703697
703691
703688
703686
703684
703679
703677
703670
703662
703647
703639
703629
703628
703615
703614
703594
703588
703581
703572
703565
703551
703547
703535
703530
703521
703507
703498
703494
703481
703480
703466
703460
703459
703450
703440
703431
703429
703426
703409
703404
703403
703396
703343
703319
703307
703304
703296
703262
703237
703220
703193
703185
703176
703168
703157
703144
703139
703139
703120
703119
703105
703103
703100
703079
703078
703068
703063
703062
703056
703049
703044
703032
703030
703014
702992
702984
702972
702944
702944
702922
702919
702899
702875
702856
702835
702834
702834
702815
702799
702785
702783
702777
702774
702769
702767
702766
702763
702761
702760
702744
702743
702740
702732
702721
702719
702713
702709
702701
702683
702682
702680
702666
702666
702660
702655
702628
702622
702611
702610
702608
702606
702601
702580
702573
702548
702500
702491
702477
702477
702467
702466
702459
702455
702450
702441
702437
702420
702418
702412
702403
702399
702391
702369
702367
702361
702359
702330
702325
702324
702311
702284
702280
702273
702268
702261
702258
702245
702243
702234
702234
702215
702204
702182
702146
702146
702127
702125
702107
702105
702095
702089
702087
702087
702070
702065
702062
702054
702053
702030
702028
702025
702013
701988
701967
701945
701934
701930
701923
701913
701911
701893
701893
701871
701851
701842
701832
701830
701827
701816
701814
701810
701807
701763
701750
701748
701740
701729
701723
701712
701704
701704
701702
701701
701700
701693
701690
701684
701683
701681
701676
701668
701661
701658
701632
701619
701617
701616
701616
701575
701564
701559
701549
701543
701542
701542
701539
701530
701523
701511
701501
701479
701476
701446
701441
701439
701437
701430
701416
701411
701402
701384
701382
701368
701367
701354
701346
701308
701306
701303
701300
701294
701292
701286
701285
701278
701264
701252
701244
701226
701214
701203
701198
701196
701183
701178
701169
701166
701160
701151
701143
701143
701143
701133
701124
701109
701097
701080
701064
701052
701037
701026
701026
701016
701016
700995
700987
700986
700972
700967
700937
700936
700935
700888
700888
700867
700864
700859
700858
700849
700846
700837
700828
700822
700807
700803
700798
700796
700790
700787
700762
700762
700755
700741
700727
700720
700702
700696
700691
700683
700677
700663
700662
700652
700643
700637
700629
700606
700606
700603
700601
700573
700552
700548
700548
700547
700546
700536
700528
700523
700518
700507
700497
700481
700475
700445
700431
700413
700410
700406
700401
700398
700387
700359
700357
700356
700355
700354
700347
700330
700325
700311
700310
700295
700275
700261
700247
700240
700234
700222
700219
700218
700193
700172
700148
700139
700113
700112
700052
700050
700045
700045
700043
700040
700036
700034
700017
700015
700008
700003
699943
699933
699923
699920
699919
699917
699915
699914
699903
699899
699898
699896
699880
699862
699859
699855
699853
699847
699840
699834
699831
699799
699772
699748
699744
699728
699713
699712
699710
699706
699704
699695
699688
699687
699636
699612
699609
699590
699590
699562
699486
699483
699476
699462
699460
699455
699448
699444
699437
699436
699427
699424
699420
699397
699397
699384
699374
699371
699362
699358
699313
699306
699300
699298
699297
699284
699283
699272
699271
699271
699256
699253
699247
699231
699227
699227
699218
699216
699208
699181
699179
699164
699158
699133
699126
699123
699118
699105
699104
699101
699101
699067
699030
699001
698991
698983
698956
698953
698946
698931
698931
698911
698891
698885
698883
698868
698860
698859
698844
698804
698767
698766
698760
698751
698746
698743
698737
698721
698669
698658
698644
698608
698605
698596
698593
698569
698560
698558
698548
698536
698529
698523
698511
698496
698490
698475
698474
698472
698466
698462
698456
698453
698445
698444
698440
698422
698410
698400
698396
698392
698391
698373
698342
698340
698337
698323
698315
698313
698306
698301
698296
698288
698283
698278
698268
698256
698217
698207
698204
698203
698170
698155
698155
698153
698139
698118
698099
698097
698081
698079
698070
698069
698061
698060
698057
698024
698006
697982
697982
697981
697969
697964
697956
697949
697944
697926
697922
697905
697892
697884
697881
697879
697844
697839
697830
697827
697823
697823
697745
697744
697733
697724
697720
697716
697704
697693
697684
697676
697667
697665
697664
697663
697657
697655
697650
697647
697609
697608
697601
697599
697581
697575
697560
697559
697547
697533
697525
697521
697513
697509
697504
697450
697444
697420
697405
697397
697390
697375
697375
697338
697308
697301
697276
697272
697270
697261
697260
697250
697240
697225
697217
697216
697215
697213
697204
697200
697189
697187
697163
697160
697157
697152
697151
697145
697137
697115
697105
697101
697070
697058
697044
697032
697032
697027
697022
697017
697006
696979
696968
696949
696946
696945
696943
696940
696939
696933
696921
696899
696897
696883
696870
696870
696858
696845
696835
696816
696813
696807
696796
696793
696780
696772
696768
696758
696755
696739
696730
696718
696703
696697
696693
696690
696683
696681
696680
696677
696673
696669
696653
696606
696592
696573
696571
696565
696562
696549
696547
696538
696536
696512
696511
696497
696459
696458
696451
696420
696408
696406
696399
696398
696386
696381
696364
696343
696331
696328
696325
696322
696314
696313
696271
696261
696242
696239
696228
696217
696183
696183
696167
696160
696156
696149
696138
696131
696117
696104
696101
696068
696058
696045
696040
696032
696030
696020
696018
696015
696009
696004
696002
695994
695981
695973
695973
695962
695959
695953
695922
695920
695916
695915
695913
695906
695906
695883
695877
695854
695830
695825
695797
695796
695794
695792
695783
695773
695758
695753
695751
695738
695725
695701
695697
695694
695677
695675
695662
695651
695628
695618
695615
695587
695580
695559
695553
695546
695545
695524
695518
695513
695512
695505
695490
695467
695444
695443
695429
695425
695413
695405
695404
695381
695370
695367
695349
695346
695342
695340
695338
695292
695289
695278
695261
695237
695228
695226
695201
695197
695196
695190
695185
695183
695176
695158
695125
695101
695080
695079
695075
695020
695012
695004
695003
694993
694990
694976
694963
694944
694935
694908
694906
694904
694876
694852
694851
694847
694835
694829
694826
694818
694797
694789
694788
694779
694779
694772
694765
694763
694761
694755
694748
694736
694731
694729
694728
694727
694708
694702
694694
694690
694683
694680
694674
694674
694656
694646
694628
694614
694596
694590
694575
694567
694563
694556
694553
694551
694523
694520
694512
694486
694477
694472
694446
694440
694430
694430
694427
694422
694419
694410
694403
694394
694381
694372
694350
694347
694341
694328
694322
694300
694299
694296
694291
694287
694279
694267
694260
694244
694237
694227
694227
694225
694203
694188
694179
694148
694146
694082
694081
694068
694039
694031
694005
694004
694004
693999
693988
693987
693973
693972
693960
693955
693938
693930
693929
693926
693918
693903
693896
693885
693874
693868
693850
693842
693831
693817
693814
693801
693797
693784
693769
693766
693758
693729
693710
693706
693704
693702
693691
693687
693663
693662
693659
693641
693634
693625
693611
693602
693600
693583
693583
693576
693572
693565
693560
693547
693544
693521
693498
693494
693472
693466
693466
693419
693416
693405
693400
693398
693373
693371
693370
693365
693359
693350
693337
693332
693325
693319
693316
693314
693311
693297
693296
693285
693284
693283
693259
693251
693236
693232
693226
693201
693192
693176
693157
693153
693141
693129
693127
693089
693080
693078
693072
693048
693027
693002
692993
692962
692941
692937
692931
692903
692902
692895
692885
692883
692868
692868
692846
692843
692841
692834
692824
692815
692807
692791
692782
692752
692742
692726
692704
692703
692659
692659
692659
692626
692620
692598
692580
692577
692564
692555
692552
692536
692533
692529
692517
692504
692491
692485
692485
692477
692472
692472
692432
692404
692398
692397
692389
692385
692380
692380
692375
692359
692322
692314
692311
692304
692302
692294
692293
692263
692260
692249
692243
692243
692238
692234
692233
692227
692215
692197
692148
692146
692144
692131
692125
692123
692115
692110
692105
692100
692088
692088
692074
692051
692048
692047
692027
692023
692018
692018
692005
692004
691978
691970
691961
691957
691953
691950
691924
691909
691896
691895
691886
691864
691860
691857
691844
691837
691837
691837
691836
691819
691813
691795
691791
691785
691776
691771
691760
691747
691740
691730
691717
691709
691691
691686
691664
691656
691656
691650
691622
691615
691609
691589
691588
691579
691563
691561
691558
691467
691462
691459
691448
691427
691426
691409
691406
691403
691390
691379
691370
691357
691336
691334
691330
691317
691315
691297
691285
691284
691273
691261
691250
691231
691227
691222
691213
691206
691203
691189
691181
691177
691135
691129
691119
691112
691101
691085
691056
691045
691002
691002
690993
690986
690984
690971
690942
690939
690925
690903
690873
690866
690854
690847
690843
690838
690813
690811
690795
690792
690789
690784
690783
690772
690752
690750
690739
690708
690707
690707
690701
690680
690670
690667
690661
690657
690657
690650
690639
690638
690636
690624
690621
690601
690582
690567
690541
690500
690495
690486
690476
690451
690448
690433
690402
690400
690394
690391
690387
690377
690377
690370
690314
690310
690289
690250
690243
690238
690224
690220
690209
690195
690188
690184
690171
690165
690159
690155
690126
690121
690090
690074
690059
690037
690031
690019
690015
689992
689990
689987
689986
689971
689956
689936
689936
689929
689916
689912
689908
689897
689895
689891
689888
689886
689885
689877
689853
689847
689828
689812
689808
689803
689794
689777
689772
689762
689762
689760
689756
689755
689751
689728
689722
689721
689713
689704
689674
689670
689662
689658
689654
689646
689640
689634
689632
689627
689622
689614
689605
689594
689590
689589
689584
689574
689557
689545
689539
689537
689536
689531
689528
689505
689498
689494
689490
689484
689473
689468
689455
689414
689406
689395
689393
689391
689390
689380
689375
689369
689366
689349
689318
689316
689311
689303
689294
689280
689250
689250
689246
689236
689234
689223
689199
689199
689198
689189
689181
689175
689130
689111
689084
689069
689040
689029
688999
688999
688992
688985
688976
688956
688953
688945
688938
688929
688924
688917
688911
688908
688906
688894
688887
688863
688824
688789
688788
688784
688777
688769
688767
688755
688747
688746
688737
688730
688730
688717
688710
688705
688702
688699
688687
688676
688653
688617
688583
688560
688556
688508
688497
688470
688462
688436
688406
688388
688377
688360
688356
688344
688340
688339
688335
688320
688312
688302
688295
688290
688286
688282
688271
688256
688250
688249
688224
688203
688193
688188
688185
688183
688179
688179
688178
688176
688174
688148
688146
688133
688125
688123
688115
688112
688107
688096
688086
688083
688033
688031
688027
688011
688006
687996
687992
687975
687968
687956
687951
687937
687930
687930
687916
687915
687914
687901
687899
687885
687868
687834
687834
687833
687823
687803
687793
687792
687789
687759
687730
687729
687727
687718
687704
687697
687696
687690
687677
687669
687659
687651
687628
687612
687607
687604
687603
687598
687573
687572
687563
687561
687536
687523
687501
687499
687496
687492
687488
687485
687480
687476
687466
687455
687453
687446
687443
687440
687421
687407
687387
687385
687382
687370
687368
687364
687352
687342
687335
687329
687326
687325
687323
687314
687293
687290
687279
687275
687270
687267
687265
687260
687257
687250
687248
687247
687240
687237
687223
687215
687188
687183
687171
687170
687165
687158
687143
687114
687113
687096
687079
687076
687074
687060
687056
687052
687045
687040
687038
687030
687025
687016
687014
687009
687009
687003
686999
686994
686980
686976
686975
686968
686962
686949
686940
686908
686893
686888
686877
686875
686869
686862
686861
686845
686838
686830
686827
686822
686810
686801
686801
686797
686795
686774
686765
686761
686757
686755
686739
686737
686733
686729
686724
686717
686710
686705
686699
686698
686697
686696
686690
686687
686682
686673
686656
686651
686650
686648
686634
686621
686621
686619
686614
686614
686605
686580
686577
686534
686532
686507
686485
686477
686472
686447
686442
686430
686419
686392
686380
686375
686374
686365
686349
686334
686312
686305
686295
686289
686289
686283
686280
686272
686258
686250
686238
686233
686233
686226
686214
686212
686199
686199
686191
686180
686175
686157
686131
686127
686121
686121
686119
686117
686115
686101
686097
686088
686077
686074
686063
686062
686043
686041
686036
686031
686026
686020
686017
685984
685979
685971
685961
685955
685935
685929
685902
685888
685877
685875
685864
685854
685847
685843
685841
685839
685833
685833
685832
685829
685814
685812
685802
685768
685766
685760
685755
685745
685735
685727
685719
685715
685703
685692
685668
685667
685661
685626
685611
685586
685582
685570
685558
685552
685551
685550
685532
685523
685511
685510
685497
685491
685482
685481
685475
685470
685469
685462
685461
685457
685443
685443
685424
685418
685415
685401
685381
685375
685367
685355
685351
685338
685320
685288
685284
685282
685272
685270
685269
685251
685245
685239
685230
685224
685223
685221
685182
685175
685163
685156
685150
685117
685106
685099
685085
685085
685077
685066
685051
685020
685014
685007
684990
684988
684988
684969
684967
684951
684951
684949
684942
684922
684920
684900
684897
684895
684875
684871
684870
684866
684863
684861
684850
684835
684815
684813
684806
684777
684751
684743
684738
684730
684729
684698
684650
684643
684632
684628
684615
684596
684573
684568
684567
684558
684550
684549
684541
684539
684536
684528
684521
684495
684490
684481
684478
684468
684454
684433
684424
684424
684413
684384
684382
684374
684371
684362
684360
684359
684344
684339
684304
684302
684292
684290
684289
684286
684273
684271
684255
684255
684243
684223
684216
684186
684186
684179
684170
684161
684146
684143
684136
684131
684126
684125
684123
684117
684112
684106
684092
684087
684077
684068
684037
684033
684028
684022
684002
683995
683968
683922
683908
683906
683902
683893
683888
683885
683858
683858
683844
683837
683823
683818
683818
683801
683795
683768
683759
683757
683733
683712
683711
683694
683681
683674
683668
683657
683651
683650
683645
683630
683627
683557
683536
683515
683512
683504
683495
683492
683478
683471
683469
683465
683463
683450
683432
683425
683421
683394
683386
683377
683335
683323
683316
683312
683303
683301
683292
683286
683278
683276
683252
683233
683226
683225
683224
683224
683223
683216
683209
683193
683192
683190
683176
683165
683165
683147
683115
683108
683084
683067
683057
683055
683054
683024
683023
683007
683001
682993
682990
682978
682977
682916
682908
682879
682878
682874
682853
682832
682823
682818
682807
682803
682795
682788
682775
682765
682745
682742
682738
682731
682712
682701
682669
682658
682656
682654
682644
682643
682600
682599
682588
682554
682540
682537
682529
682524
682482
682476
682463
682463
682453
682440
682418
682417
682413
682411
682400
682400
682385
682368
682335
682332
682309
682306
682302
682293
682288
682262
682256
682202
682197
682183
682182
682175
682174
682173
682144
682122
682108
682102
682098
682095
682070
682064
682063
682049
682039
682038
682028
681998
681991
681979
681973
681965
681919
681914
681907
681896
681895
681891
681870
681869
681866
681840
681837
681830
681830
681797
681788
681778
681764
681737
681703
681700
681688
681681
681675
681657
681650
681638
681629
681617
681601
681565
681513
681513
681509
681507
681500
681486
681482
681472
681469
681467
681448
681427
681403
681389
681357
681353
681352
681342
681334
681317
681314
681312
681310
681307
681291
681273
681218
681188
681176
681172
681164
681152
681146
681137
681116
681108
681092
681089
681076
681058
681043
681013
680986
680983
680974
680967
680967
680965
680950
680932
680928
680904
680890
680880
680849
680826
680813
680805
680777
680773
680769
680763
680755
680753
680751
680744
680739
680705
680703
680695
680681
680676
680673
680658
680648
680623
680622
680615
680606
680599
680586
680564
680558
680553
680517
680511
680510
680506
680505
680482
680461
680453
680437
680436
680431
680417
680408
680407
680394
680382
680372
680370
680370
680346
680341
680323
680257
680251
680235
680233
680225
680198
680191
680188
680185
680180
680174
680172
680169
680163
680139
680135
680124
680123
680117
680107
680105
680088
680076
680060
680054
680038
680027
680005
679973
679951
679948
679947
679935
679931
679928
679928
679919
679909
679905
679905
679882
679879
679872
679872
679843
679835
679823
679821
679798
679790
679775
679748
679720
679714
679695
679691
679688
679687
679639
679630
679627
679624
679611
679602
679599
679588
679587
679581
679562
679562
679559
679545
679536
679531
679520
679519
679516
679516
679515
679484
679476
679462
679456
679448
679436
679422
679420
679410
679409
679398
679394
679385
679382
679366
679366
679359
679354
679345
679329
679329
679306
679292
679286
679269
679256
679252
679243
679240
679239
679226
679218
679196
679180
679176
679173
679156
679151
679131
679090
679070
679069
679067
679050
679032
679032
679031
679020
679015
679008
679005
678997
678962
678959
678955
678942
678939
678930
678915
678906
678904
678901
678888
678885
678868
678865
678864
678861
678856
678839
678834
678813
678808
678788
678762
678714
678676
678662
678637
678624
678618
678616
678596
678595
678592
678580
678579
678575
678574
678571
678554
678544
678519
678483
678472
678468
678460
678441
678436
678436
678434
678411
678411
678405
678384
678358
678331
678321
678320
678310
678292
678288
678269
678245
678227
678213
678174
678173
678170
678169
678163
678163
678160
678153
678147
678136
678129
678124
678115
678112
678103
678100
678097
678082
678079
678070
678038
678038
678029
678017
677980
677927
677922
677912
677912
677912
677912
677902
677900
677881
677856
677838
677829
677820
677809
677807
677785
677769
677768
677746
677746
677731
677727
677721
677718
677701
677698
677695
677694
677687
677686
677675
677663
677650
677643
677639
677632
677631
677625
677620
677610
677608
677587
677583
677569
677541
677539
677532
677531
677513
677499
677483
677481
677476
677467
677463
677458
677441
677439
677435
677431
677429
677414
677399
677395
677393
677378
677352
677350
677346
677327
677316
677276
677274
677261
677248
677242
677241
677209
677201
677166
677158
677139
677118
677116
677112
677109
677100
677097
677096
677095
677093
677090
677070
677050
677047
677046
677043
677038
677038
677023
677016
676990
676987
676962
676954
676948
676939
676929
676929
676922
676920
676920
676890
676883
676881
676874
676852
676846
676833
676806
676803
676779
676749
676740
676734
676724
676722
676718
676715
676715
676701
676689
676681
676673
676668
676664
676655
676635
676628
676627
676604
676592
676587
676583
676553
676546
676544
676536
676528
676519
676518
676514
676487
676466
676456
676453
676448
676445
676444
676435
676425
676405
676377
676372
676345
676341
676340
676336
676334
676330
676327
676325
676306
676301
676289
676277
676271
676262
676261
676258
676239
676229
676225
676196
676187
676174
676165
676137
676134
676117
676098
676091
676083
676083
676082
676074
676068
676050
676028
676022
676012
675995
675983
675978
675976
675958
675954
675946
675943
675936
675934
675916
675908
675907
675874
675870
675870
675870
675854
675836
675828
675802
675793
675791
675771
675758
675755
675747
675743
675739
675726
675723
675712
675692
675669
675665
675665
675628
675626
675624
675624
675621
675616
675609
675571
675549
675534
675530
675515
675489
675486
675471
675461
675459
675409
675359
675347
675322
675277
675270
675255
675253
675242
675230
675212
675207
675201
675193
675189
675179
675176
675142
675134
675133
675131
675124
675111
675094
675085
675054
675050
675048
675041
675039
675032
675023
675006
675003
674997
674992
674973
674963
674951
674944
674942
674928
674922
674919
674897
674882
674862
674846
674846
674845
674821
674809
674808
674807
674804
674793
674762
674760
674757
674752
674741
674709
674691
674690
674680
674650
674631
674611
674583
674580
674573
674570
674570
674569
674567
674566
674554
674541
674511
674476
674458
674457
674455
674453
674449
674437
674431
674423
674416
674410
674409
674409
674406
674402
674400
674399
674398
674396
674394
674387
674386
674377
674331
674330
674306
674303
674301
674291
674288
674268
674257
674257
674246
674246
674239
674236
674233
674233
674229
674225
674209
674191
674191
674190
674163
674154
674152
674140
674130
674129
674123
674116
674109
674092
674088
674084
674079
674079
674066
674065
674062
674049
674043
674040
674026
674016
674003
674002
673998
673993
673971
673969
673961
673961
673948
673945
673937
673936
673936
673926
673921
673912
673901
673877
673859
673838
673828
673826
673810
673795
673781
673769
673754
673737
673734
673715
673689
673688
673683
673680
673677
673668
673665
673663
673663
673658
673649
673645
673623
673596
673595
673588
673585
673572
673572
673538
673522
673520
673511
673509
673501
673491
673485
673483
673468
673459
673457
673439
673421
673394
673393
673378
673364
673362
673360
673360
673354
673342
673330
673312
673308
673287
673275
673271
673262
673261
673258
673223
673222
673197
673193
673189
673179
673173
673164
673158
673133
673131
673110
673096
673094
673087
673086
673083
673077
673041
673028
673006
673005
673005
672993
672983
672983
672971
672957
672943
672942
672937
672930
672921
672917
672917
672899
672883
672858
672846
672840
672837
672835
672831
672829
672828
672824
672823
672817
672816
672801
672771
672753
672741
672732
672731
672715
672714
672711
672704
672702
672701
672692
672675
672637
672636
672634
672617
672601
672600
672586
672571
672566
672561
672552
672549
672537
672530
672517
672509
672507
672495
672490
672467
672463
672460
672451
672446
672432
672421
672419
672418
672395
672388
672352
672338
672327
672325
672320
672295
672288
672286
672274
672272
672266
672264
672253
672246
672240
672194
672168
672153
672137
672121
672120
672086
672085
672036
672032
671993
671991
671989
671987
671981
671978
671968
671963
671962
671956
671946
671937
671932
671924
671913
671912
671902
671881
671858
671855
671840
671821
671820
671814
671810
671809
671776
671770
671757
671754
671752
671747
671721
671704
671681
671672
671655
671652
671642
671637
671625
671602
671579
671560
671555
671542
671538
671533
671532
671531
671521
671498
671494
671484
671475
671470
671469
671469
671465
671459
671456
671433
671428
671414
671413
671409
671347
671334
671332
671324
671311
671302
671298
671291
671273
671261
671239
671206
671200
671193
671186
671183
671181
671179
671168
671162
671153
671146
671141
671137
671122
671122
671116
671113
671067
671046
671008
670975
670969
670966
670950
670944
670943
670942
670940
670923
670919
670903
670900
670874
670871
670849
670847
670831
670798
670797
670796
670791
670789
670780
670773
670771
670771
670752
670751
670747
670728
670692
670673
670669
670661
670610
670607
670603
670576
670571
670536
670531
670526
670485
670473
670452
670441
670419
670406
670402
670389
670378
670359
670345
670334
670314
670306
670306
670296
670285
670283
670274
670258
670258
670256
670254
670251
670248
670239
670226
670210
670210
670205
670204
670187
670171
670171
670165
670159
670151
670151
670141
670139
670129
670124
670124
670118
670116
670105
670102
670091
670073
670062
670061
670058
670057
670053
670040
670037
670036
670035
670022
669992
669978
669959
669957
669935
669933
669884
669871
669859
669843
669828
669821
669807
669771
669767
669765
669762
669736
669731
669718
669709
669704
669704
669681
669669
669638
669623
669603
669598
669593
669590
669578
669572
669571
669542
669530
669512
669504
669494
669487
669484
669481
669470
669469
669459
669458
669446
669440
669434
669414
669412
669402
669371
669345
669344
669343
669342
669332
669318
669315
669293
669292
669274
669270
669257
669242
669225
669217
669216
669212
669207
669189
669178
669174
669165
669165
669144
669132
669123
669114
669108
669079
669074
669068
669065
669065
669060
669055
669046
669040
669012
669000
668998
668960
668953
668945
668943
668932
668923
668910
668904
668899
668899
668897
668890
668888
668880
668878
668878
668877
668874
668853
668840
668821
668818
668812
668810
668804
668787
668765
668738
668722
668718
668703
668703
668697
668693
668685
668674
668633
668633
668610
668591
668586
668584
668583
668565
668561
668555
668553
668539
668538
668523
668500
668497
668488
668481
668472
668460
668444
668392
668379
668332
668316
668302
668297
668288
668271
668268
668268
668267
668261
668258
668255
668252
668206
668190
668173
668156
668148
668128
668114
668104
668044
668041
668040
668039
668032
668025
668020
668016
668001
667994
667991
667989
667957
667950
667933
667931
667928
667918
667916
667916
667914
667904
667883
667880
667878
667872
667866
667864
667859
667857
667853
667847
667833
667832
667820
667805
667804
667779
667773
667771
667746
667724
667714
667712
667697
667694
667678
667660
667658
667657
667653
667640
667622
667602
667596
667580
667542
667528
667504
667479
667461
667459
667451
667406
667396
667389
667381
667380
667378
667366
667363
667350
667343
667342
667325
667321
667316
667305
667303
667295
667292
667289
667287
667283
667272
667269
667262
667253
667218
667214
667187
667183
667179
667167
667166
667164
667160
667154
667150
667134
667103
667099
667088
667075
667068
667066
667060
667042
667032
667010
666993
666979
666974
666972
666970
666959
666942
666939
666937
666927
666923
666902
666898
666892
666882
666875
666865
666862
666862
666856
666856
666840
666839
666818
666809
666808
666800
666799
666793
666789
666771
666766
666761
666748
666736
666733
666728
666702
666681
666678
666677
666674
666665
666660
666657
666651
666648
666639
666631
666610
666588
666583
666574
666563
666556
666555
666545
666543
666533
666532
666523
666518
666499
666492
666478
666467
666464
666453
666435
666425
666420
666415
666408
666400
666396
666384
666383
666374
666369
666364
666361
666361
666332
666327
666323
666310
666301
666291
666287
666279
666278
666278
666236
666216
666209
666188
666178
666162
666145
666130
666108
666098
666096
666080
666073
666064
666064
666054
666027
666021
666015
666012
666004
665993
665984
665955
665928
665921
665919
665919
665913
665910
665883
665880
665872
665834
665811
665795
665795
665795
665789
665789
665767
665739
665737
665728
665724
665723
665683
665676
665669
665649
665648
665631
665616
665616
665607
665589
665582
665580
665576
665574
665573
665565
665548
665525
665522
665521
665513
665485
665481
665474
665474
665471
665466
665455
665430
665429
665424
665398
665394
665390
665376
665375
665371
665366
665357
665338
665335
665327
665324
665318
665314
665273
665266
665259
665239
665232
665182
665180
665168
665159
665157
665150
665135
665116
665116
665111
665089
665075
665074
665071
665069
665049
665041
665039
665027
665026
665011
665003
665001
665000
664983
664953
664937
664923
664901
664894
664892
664887
664880
664879
664874
664861
664860
664839
664819
664783
664779
664765
664759
664747
664746
664740
664739
664718
664717
664705
664691
664680
664679
664661
664639
664634
664630
664625
664620
664614
664610
664588
664579
664573
664561
664540
664537
664525
664519
664496
664488
664477
664470
664462
664455
664450
664449
664427
664427
664426
664419
664412
664406
664402
664399
664398
664372
664367
664360
664344
664325
664320
664287
664285
664282
664251
664224
664200
664197
664182
664182
664176
664170
664152
664121
664093
664083
664075
664055
664050
664045
664029
664026
664006
663973
663966
663963
663963
663955
663942
663942
663895
663889
663887
663880
663870
663841
663827
663821
663810
663790
663788
663761
663759
663751
663751
663711
663709
663706
663696
663692
663673
663672
663662
663651
663627
663609
663592
663588
663586
663579
663576
663573
663564
663553
663533
663509
663506
663505
663492
663491
663489
663486
663477
663470
663469
663466
663463
663431
663422
663422
663419
663415
663392
663389
663387
663380
663370
663348
663348
663332
663327
663309
663308
663307
663301
663301
663299
663285
663284
663269
663259
663256
663239
663234
663231
663201
663186
663182
663179
663173
663130
663108
663096
663087
663070
663059
663054
663049
663040
663039
663027
663014
662978
662971
662968
662959
662958
662950
662948
662942
662939
662900
662892
662887
662877
662866
662844
662840
662838
662837
662820
662802
662797
662793
662789
662783
662778
662773
662756
662756
662747
662727
662723
662718
662700
662690
662685
662676
662649
662632
662620
662620
662607
662604
662600
662600
662597
662584
662581
662574
662572
662558
662554
662538
662523
662518
662517
662498
662492
662488
662472
662466
662447
662426
662421
662409
662388
662378
662377
662372
662370
662354
662347
662345
662336
662334
662320
662313
662313
662305
662297
662276
662267
662251
662247
662240
662236
662226
662218
662217
662195
662171
662168
662166
662163
662158
662158
662147
662139
662118
662111
662104
662098
662098
662095
662077
662056
662042
662025
662016
662010
662005
661986
661980
661958
661958
661954
661947
661936
661923
661918
661912
661908
661873
661868
661862
661828
661822
661821
661814
661806
661805
661793
661792
661784
661784
661759
661758
661756
661754
661731
661725
661721
661717
661700
661700
661688
661686
661681
661644
661637
661634
661622
661617
661617
661611
661599
661592
661562
661553
661546
661540
661539
661532
661531
661529
661515
661494
661494
661483
661431
661431
661403
661400
661388
661367
661366
661366
661357
661350
661336
661329
661329
661325
661322
661321
661319
661317
661306
661302
661298
661293
661289
661284
661281
661281
661266
661256
661244
661200
661189
661187
661186
661181
661163
661163
661156
661155
661153
661125
661119
661117
661089
661071
661062
661058
661039
661036
661032
661023
661003
660991
660953
660951
660938
660933
660932
660918
660912
660911
660887
660873
660853
660850
660842
660825
660807
660805
660792
660757
660753
660751
660744
660744
660740
660710
660703
660697
660696
660680
660680
660673
660669
660664
660660
660655
660645
660644
660624
660619
660608
660607
660602
660597
660581
660579
660577
660567
660565
660564
660557
660557
660548
660545
660535
660527
660514
660503
660470
660462
660433
660418
660418
660411
660402
660396
660382
660379
660376
660369
660369
660367
660351
660348
660339
660337
660328
660325
660322
660319
660315
660305
660293
660291
660287
660280
660276
660276
660260
660259
660247
660237
660230
660225
660209
660208
660196
660193
660187
660184
660171
660168
660159
660157
660157
660142
660139
660123
660110
660107
660093
660080
660070
660056
660056
660048
660047
660039
660021
660021
659995
659986
659985
659978
659965
659960
659951
659931
659929
659919
659917
659896
659882
659875
659875
659874
659869
659868
659864
659831
659831
659821
659811
659810
659786
659782
659779
659757
659755
659751
659737
659732
659715
659714
659711
659697
659693
659690
659689
659650
659640
659633
659632
659629
659627
659617
659599
659590
659567
659564
659559
659549
659533
659526
659520
659516
659515
659515
659493
659470
659451
659437
659432
659414
659409
659401
659381
659374
659355
659328
659327
659321
659320
659281
659277
659275
659272
659254
659248
659238
659238
659237
659221
659205
659197
659195
659181
659180
659164
659163
659145
659139
659094
659094
659087
659070
659064
659020
659017
659010
659007
659006
658995
658981
658959
658955
658948
658940
658936
658933
658928
658925
658909
658902
658900
658885
658876
658876
658876
658834
658828
658819
658817
658793
658774
658766
658764
658747
658734
658728
658718
658713
658711
658708
658704
658693
658683
658657
658646
658626
658612
658606
658565
658552
658547
658544
658530
658524
658521
658497
658483
658478
658477
658442
658440
658436
658416
658392
658389
658377
658367
658366
658355
658351
658311
658310
658310
658296
658269
658268
658262
658261
658260
658258
658249
658219
658206
658199
658191
658186
658184
658163
658152
658149
658113
658108
658095
658083
658072
658071
658071
658068
658042
658036
658028
658013
658013
658011
657994
657991
657986
657980
657968
657966
657961
657960
657956
657951
657923
657890
657872
657871
657864
657856
657845
657839
657839
657825
657798
657744
657740
657739
657738
657730
657725
657720
657715
657706
657703
657700
657696
657695
657622
657598
657598
657582
657571
657559
657557
657550
657550
657548
657547
657530
657520
657519
657503
657492
657481
657458
657413
657411
657393
657387
657386
657383
657374
657373
657362
657351
657350
657329
657310
657298
657293
657274
657269
657257
657244
657242
657226
657221
657196
657181
657175
657155
657138
657133
657118
657103
657101
657080
657071
657070
657060
657050
657048
657038
657024
657021
657017
657017
657013
657012
657004
657004
656987
656977
656971
656970
656968
656950
656944
656933
656921
656913
656897
656891
656890
656884
656878
656874
656867
656843
656831
656818
656808
656804
656803
656799
656798
656783
656758
656749
656747
656741
656727
656726
656719
656718
656718
656703
656681
656673
656663
656655
656650
656646
656638
656627
656617
656617
656605
656604
656588
656573
656572
656568
656544
656542
656539
656531
656520
656506
656477
656473
656442
656438
656419
656412
656409
656398
656397
656392
656390
656385
656374
656373
656359
656350
656315
656303
656301
656272
656267
656252
656251
656237
656234
656228
656220
656198
656197
656170
656166
656152
656148
656132
656125
656118
656107
656091
656080
656079
656071
656036
656031
656029
656029
656010
656009
656005
656002
656001
655990
655987
655974
655958
655925
655905
655904
655903
655896
655878
655876
655873
655860
655856
655850
655849
655849
655836
655821
655820
655788
655770
655767
655750
655749
655739
655726
655707
655698
655688
655679
655674
655665
655664
655662
655648
655646
655643
655635
655622
655613
655610
655606
655562
655559
655558
655555
655525
655506
655504
655492
655489
655488
655488
655484
655477
655468
655460
655448
655443
655430
655426
655422
655416
655412
655377
655376
655374
655372
655366
655350
655345
655344
655335
655334
655329
655303
655287
655287
655260
655253
655243
655243
655242
655236
655227
655214
655206
655185
655173
655152
655136
655134
655086
655072
655056
655055
655053
655045
655040
655035
655031
655023
655009
654979
654974
654974
654920
654907
654905
654903
654897
654890
654884
654846
654845
654832
654828
654813
654800
654760
654754
654691
654677
654634
654616
654614
654604
654599
654598
654595
654581
654574
654572
654569
654565
654557
654547
654545
654500
654481
654477
654460
654455
654449
654441
654390
654370
654369
654355
654338
654330
654329
654325
654312
654307
654304
654301
654295
654291
654273
654268
654264
654257
654252
654210
654208
654204
654203
654172
654171
654160
654158
654120
654115
654111
654096
654090
654072
654067
654049
654035
654033
654028
654012
654012
654006
653993
653989
653980
653949
653926
653917
653914
653908
653885
653869
653843
653835
653828
653818
653814
653793
653792
653781
653777
653736
653706
653694
653681
653667
653640
653631
653622
653610
653598
653578
653577
653576
653574
653568
653562
653561
653559
653558
653552
653531
653524
653523
653512
653505
653490
653488
653480
653479
653465
653462
653452
653443
653437
653425
653415
653410
653389
653369
653365
653361
653352
653318
653308
653301
653301
653278
653264
653257
653221
653219
653218
653201
653198
653196
653181
653141
653135
653133
653098
653095
653093
653066
653065
653056
653053
653045
653031
653012
653009
652994
652992
652990
652984
652965
652919
652917
652916
652916
652913
652911
652908
652906
652894
652889
652855
652854
652846
652836
652814
652813
652803
652785
652781
652781
652772
652771
652770
652767
652764
652756
652753
652752
652744
652736
652713
652700
652691
652684
652671
652664
652651
652644
652643
652639
652616
652605
652593
652593
652563
652551
652544
652532
652530
652515
652508
652493
652483
652476
652474
652473
652472
652468
652459
652459
652453
652450
652442
652437
652424
652418
652411
652411
652411
652404
652388
652383
652380
652372
652369
652352
652352
652346
652326
652316
652299
652295
652284
652279
652275
652272
652261
652238
652229
652228
652226
652216
652210
652208
652183
652168
652167
652151
652147
652126
652122
652116
652114
652109
652103
652100
652076
652076
652076
652074
652058
652040
652036
652026
652026
652022
652018
652014
652004
652004
651991
651986
651980
651946
651939
651929
651928
651924
651919
651908
651889
651887
651879
651878
651867
651862
651850
651846
651839
651834
651827
651824
651822
651817
651813
651788
651779
651766
651766
651751
651742
651735
651719
651715
651712
651702
651702
651692
651679
651674
651656
651632
651632
651627
651626
651624
651620
651616
651613
651604
651590
651573
651524
651513
651512
651511
651510
651491
651491
651486
651468
651463
651458
651454
651448
651431
651423
651418
651416
651413
651406
651405
651394
651381
651379
651375
651350
651350
651346
651335
651318
651301
651298
651293
651285
651283
651279
651265
651261
651246
651243
651235
651234
651205
651165
651149
651128
651118
651116
651096
651092
651087
651083
651072
651036
651015
651005
650986
650972
650972
650961
650953
650951
650950
650937
650935
650928
650927
650925
650893
650881
650880
650850
650842
650839
650833
650825
650806
650800
650790
650787
650779
650766
650746
650742
650723
650696
650685
650653
650649
650632
650625
650621
650595
650578
650571
650561
650543
650539
650537
650534
650530
650520
650499
650497
650485
650471
650461
650452
650447
650438
650423
650423
650421
650421
650409
650397
650382
650380
650378
650369
650367
650363
650360
650357
650353
650351
650348
650348
650335
650333
650331
650330
650322
650308
650291
650277
650240
650208
650200
650196
650191
650191
650174
650172
650163
650162
650155
650153
650152
650136
650135
650126
650118
650117
650106
650098
650092
650072
650068
650068
650064
650055
650032
650031
650026
650024
649998
649996
649993
649970
649947
649946
649927
649919
649919
649903
649901
649900
649893
649866
649825
649799
649785
649784
649768
649754
649750
649744
649736
649735
649708
649697
649693
649689
649683
649624
649608
649602
649602
649602
649599
649589
649583
649579
649577
649558
649557
649546
649544
649538
649535
649527
649523
649513
649501
649490
649476
649464
649455
649445
649445
649440
649435
649432
649418
649413
649409
649401
649397
649395
649379
649377
649369
649369
649368
649367
649359
649357
649341
649339
649329
649320
649306
649304
649292
649236
649234
649226
649225
649220
649217
649214
649211
649187
649184
649168
649161
649158
649151
649145
649145
649127
649124
649098
649096
649091
649075
649063
649040
649014
648977
648975
648973
648967
648961
648960
648960
648941
648941
648908
648897
648888
648876
648874
648862
648857
648844
648841
648841
648836
648813
648810
648809
648807
648802
648796
648795
648793
648793
648784
648783
648779
648770
648759
648746
648744
648711
648682
648668
648666
648664
648664
648658
648657
648652
648636
648622
648621
648612
648605
648584
648583
648578
648576
648558
648558
648554
648553
648540
648535
648519
648508
648501
648501
648439
648416
648414
648403
648377
648376
648375
648375
648369
648361
648354
648351
648345
648324
648324
648322
648307
648299
648269
648266
648252
648249
648240
648219
648211
648208
648208
648185
648183
648178
648166
648149
648143
648136
648132
648118
648111
648111
648093
648080
648077
648069
648061
648056
648025
648017
648016
647966
647962
647957
647948
647939
647930
647899
647894
647832
647831
647812
647805
647805
647802
647799
647797
647775
647770
647720
647713
647684
647676
647676
647657
647646
647633
647615
647590
647579
647561
647558
647548
647539
647539
647538
647534
647504
647496
647496
647489
647474
647474
647454
647420
647420
647412
647404
647393
647390
647380
647378
647371
647359
647351
647339
647316
647302
647294
647288
647279
647277
647259
647255
647252
647241
647234
647226
647224
647222
647222
647221
647215
647208
647182
647172
647166
647165
647164
647163
647139
647124
647123
647120
647118
647117
647107
647081
647079
647077
647069
647066
647064
647029
647018
646985
646965
646961
646954
646948
646938
646927
646919
646917
646882
646838
646833
646808
646796
646793
646757
646751
646741
646740
646737
646719
646688
646685
646656
646651
646650
646650
646649
646628
646625
646620
646610
646607
646602
646593
646576
646561
646556
646548
646544
646506
646505
646500
646500
646499
646481
646469
646468
646462
646453
646452
646443
646411
646408
646396
646392
646391
646379
646373
646369
646366
646359
646350
646349
646347
646280
646276
646271
646248
646219
646214
646213
646208
646190
646188
646185
646163
646145
646137
646127
646112
646101
646098
646097
646092
646076
646071
646037
646023
646008
646005
645993
645988
645920
645909
645904
645903
645902
645898
645858
645846
645806
645798
645780
645775
645769
645738
645734
645722
645722
645682
645671
645670
645654
645653
645648
645636
645615
645606
645601
645589
645565
645564
645551
645543
645536
645513
645505
645498
645459
645418
645407
645406
645394
645368
645368
645362
645360
645352
645330
645329
645319
645309
645304
645300
645282
645279
645274
645267
645259
645253
645253
645250
645234
645221
645193
645179
645170
645167
645161
645158
645136
645129
645121
645091
645083
645079
645065
645060
645057
645047
645039
645023
645014
645012
644991
644983
644976
644966
644935
644926
644924
644893
644863
644850
644836
644827
644803
644774
644762
644751
644733
644724
644710
644699
644684
644656
644655
644637
644621
644604
644594
644577
644570
644561
644558
644521
644519
644513
644504
644504
644491
644469
644443
644439
644430
644425
644405
644400
644384
644382
644365
644359
644358
644356
644354
644350
644345
644332
644302
644301
644291
644284
644281
644274
644272
644269
644253
644247
644226
644182
644181
644172
644161
644158
644143
644126
644120
644119
644093
644085
644075
644073
644071
644067
644040
644024
644024
644022
644018
644013
644003
643966
643964
643956
643956
643948
643944
643929
643925
643922
643905
643905
643892
643876
643873
643862
643858
643849
643845
643845
643804
643778
643775
643770
643741
643734
643734
643726
643718
643714
643683
643664
643657
643655
643641
643638
643633
643631
643623
643588
643584
643584
643558
643553
643549
643513
643509
643508
643497
643497
643493
643444
643441
643429
643428
643417
643406
643394
643383
643379
643378
643354
643353
643352
643332
643326
643311
643298
643298
643289
643281
643277
643267
643260
643254
643251
643242
643215
643200
643188
643184
643181
643172
643168
643164
643158
643148
643147
643147
643140
643134
643130
643125
643113
643099
643079
643065
643058
643058
643039
643038
643036
643018
643015
642991
642978
642973
642967
642966
642953
642942
642936
642928
642925
642892
642888
642887
642883
642873
642854
642842
642818
642809
642803
642796
642794
642784
642782
642780
642723
642696
642687
642683
642678
642675
642669
642660
642658
642639
642634
642632
642632
642620
642617
642615
642609
642604
642602
642592
642576
642574
642562
642560
642550
642532
642525
642519
642452
642449
642436
642431
642424
642403
642399
642393
642392
642376
642374
642330
642287
642285
642265
642253
642244
642233
642229
642224
642207
642205
642184
642183
642177
642176
642174
642159
642153
642142
642125
642118
642116
642100
642097
642091
642084
642057
642050
642024
642023
642020
641981
641965
641965
641960
641953
641950
641950
641910
641907
641881
641879
641871
641841
641837
641834
641826
641817
641803
641793
641765
641756
641755
641753
641747
641747
641746
641744
641738
641735
641723
641716
641713
641712
641705
641650
641634
641606
641598
641571
641567
641566
641559
641554
641549
641535
641534
641533
641531
641523
641519
641514
641508
641504
641495
641494
641464
641449
641437
641422
641418
641404
641401
641398
641369
641367
641359
641337
641334
641332
641331
641331
641325
641318
641315
641311
641310
641309
641292
641285
641255
641241
641235
641207
641207
641191
641178
641173
641160
641149
641145
641143
641129
641122
641119
641116
641090
641086
641084
641083
641067
641066
641060
641048
641044
641037
641033
641032
641028
641021
641021
641020
641004
640998
640990
640985
640984
640980
640960
640959
640958
640952
640945
640932
640930
640910
640899
640885
640873
640868
640867
640843
640813
640806
640799
640798
640795
640791
640756
640734
640718
640718
640680
640659
640647
640645
640622
640617
640606
640601
640593
640592
640587
640584
640575
640575
640555
640542
640539
640539
640532
640530
640525
640510
640508
640492
640492
640484
640478
640474
640472
640437
640435
640432
640432
640418
640417
640407
640398
640393
640385
640380
640368
640344
640325
640325
640317
640316
640313
640287
640281
640274
640265
640251
640236
640236
640225
640213
640202
640189
640181
640169
640138
640133
640132
640130
640114
640101
640086
640066
640048
640014
640003
639997
639997
639994
639968
639966
639963
639949
639938
639923
639914
639914
639903
639896
639887
639877
639862
639839
639826
639826
639788
639784
639767
639763
639761
639741
639731
639727
639702
639684
639672
639665
639615
639612
639607
639596
639595
639581
639578
639567
639557
639509
639507
639492
639491
639491
639460
639440
639438
639437
639437
639436
639434
639422
639418
639397
639379
639358
639352
639346
639341
639341
639339
639326
639324
639321
639321
639317
639304
639303
639276
639275
639245
639225
639225
639224
639211
639203
639191
639179
639169
639157
639143
639137
639122
639100
639094
639067
639066
639060
639057
639052
639044
639040
639020
639020
639020
639019
639017
639016
639001
638977
638976
638969
638963
638945
638921
638910
638893
638890
638885
638884
638875
638874
638858
638855
638855
638849
638832
638831
638825
638798
638792
638778
638766
638758
638753
638746
638724
638713
638704
638702
638698
638676
638669
638663
638662
638657
638628
638627
638604
638596
638554
638545
638538
638530
638448
638433
638424
638423
638417
638364
638363
638326
638321
638317
638308
638286
638285
638277
638256
638256
638251
638219
638219
638216
638215
638209
638182
638180
638178
638176
638174
638165
638149
638128
638125
638123
638106
638096
638087
638076
638071
638069
638068
638061
638060
638054
638049
638046
638044
638022
638015
638000
637994
637988
637986
637983
637970
637967
637967
637934
637899
637897
637895
637886
637883
637878
637876
637869
637859
637858
637848
637838
637815
637813
637805
637799
637794
637786
637784
637779
637766
637763
637763
637762
637760
637757
637756
637748
637709
637679
637652
637643
637641
637635
637606
637606
637584
637575
637570
637554
637539
637535
637534
637531
637521
637520
637517
637503
637499
637491
637479
637475
637458
637452
637451
637444
637432
637427
637421
637410
637408
637395
637378
637364
637348
637338
637324
637321
637317
637313
637303
637284
637282
637281
637271
637267
637246
637232
637229
637227
637217
637216
637206
637205
637202
637193
637189
637181
637178
637151
637147
637144
637140
637140
637136
637129
637110
637085
637078
637076
637072
637071
637069
637065
637054
637028
637020
637015
637012
637010
636997
636983
636983
636982
636976
636974
636971
636969
636969
636946
636945
636930
636911
636880
636879
636853
636851
636812
636787
636756
636751
636733
636716
636715
636708
636693
636687
636687
636666
636656
636650
636646
636646
636645
636615
636610
636609
636589
636582
636578
636556
636538
636531
636494
636491
636437
636435
636433
636423
636420
636411
636407
636389
636386
636354
636341
636324
636321
636320
636317
636311
636297
636288
636263
636255
636255
636242
636231
636217
636196
636195
636189
636189
636176
636169
636169
636157
636144
636142
636142
636128
636124
636117
636112
636103
636087
636079
636060
636053
636050
636045
636037
636037
636037
636035
636034
636030
636006
636004
635981
635976
635974
635970
635958
635954
635936
635928
635928
635925
635917
635916
635902
635902
635889
635875
635820
635807
635805
635802
635802
635774
635746
635746
635745
635742
635741
635733
635712
635706
635703
635689
635669
635628
635617
635612
635598
635591
635580
635578
635578
635578
635574
635573
635564
635556
635545
635544
635543
635541
635538
635506
635484
635468
635467
635451
635447
635440
635428
635427
635420
635419
635408
635405
635377
635377
635376
635375
635357
635339
635301
635286
635280
635273
635271
635267
635246
635236
635212
635208
635172
635157
635152
635147
635131
635121
635060
635038
635020
635018
635004
634966
634957
634952
634950
634926
634925
634909
634909
634905
634899
634893
634866
634864
634856
634845
634842
634837
634830
634830
634824
634822
634815
634813
634810
634805
634794
634790
634784
634772
634761
634730
634677
634674
634673
634654
634653
634638
634618
634617
634606
634604
634596
634586
634574
634560
634540
634528
634457
634455
634446
634442
634434
634427
634393
634391
634380
634380
634377
634369
634368
634357
634353
634352
634339
634337
634330
634329
634305
634295
634263
634260
634259
634239
634238
634226
634214
634208
634198
634192
634191
634190
634175
634174
634168
634160
634137
634134
634126
634124
634120
634092
634042
634036
634033
634030
634026
634011
634010
634007
634005
633986
633984
633975
633975
633961
633961
633952
633951
633937
633927
633901
633879
633878
633859
633840
633830
633829
633814
633810
633801
633799
633768
633768
633760
633758
633757
633739
633738
633733
633731
633728
633725
633693
633683
633668
633643
633622
633606
633602
633583
633578
633578
633568
633566
633562
633548
633541
633530
633513
633505
633496
633492
633491
633473
633457
633441
633434
633405
633401
633398
633381
633379
633371
633367
633364
633353
633347
633332
633330
633326
633318
633290
633283
633270
633244
633222
633205
633202
633201
633200
633181
633172
633170
633161
633161
633148
633075
633058
633057
633055
633038
633025
633000
632995
632983
632955
632946
632934
632931
632926
632901
632897
632884
632875
632848
632842
632839
632828
632823
632821
632811
632810
632797
632792
632789
632763
632753
632750
632731
632724
632708
632695
632679
632669
632652
632646
632636
632635
632624
632618
632597
632593
632592
632575
632571
632558
632555
632554
632549
632542
632541
632541
632529
632507
632504
632495
632486
632472
632472
632449
632419
632415
632382
632381
632372
632364
632352
632343
632337
632327
632322
632317
632294
632287
632276
632271
632264
632261
632246
632242
632241
632241
632240
632227
632209
632200
632191
632166
632151
632151
632115
632111
632106
632102
632088
632072
632065
632046
632002
631999
631999
631996
631985
631983
631952
631935
631870
631854
631851
631843
631835
631824
631822
631808
631775
631770
631769
631756
631736
631727
631715
631709
631694
631690
631654
631642
631628
631626
631624
631611
631608
631578
631525
631517
631515
631509
631506
631504
631493
631487
631486
631475
631469
631463
631452
631448
631448
631446
631442
631442
631438
631430
631422
631418
631389
631389
631377
631365
631354
631349
631326
631318
631307
631289
631282
631281
631273
631271
631264
631259
631259
631244
631228
631226
631217
631192
631189
631186
631186
631184
631178
631171
631156
631147
631107
631105
631104
631093
631087
631083
631058
631058
631054
631041
631040
631024
631019
631015
631008
630991
630983
630941
630919
630914
630904
630873
630867
630850
630843
630824
630814
630812
630807
630785
630768
630747
630742
630737
630711
630704
630699
630689
630639
630626
630624
630617
630615
630613
630608
630608
630570
630553
630533
630521
630520
630508
630507
630493
630493
630484
630481
630474
630469
630425
630422
630403
630397
630383
630383
630378
630373
630362
630362
630348
630310
630304
630300
630289
630289
630282
630282
630261
630250
630249
630246
630240
630239
630229
630206
630203
630187
630185
630183
630180
630173
630170
630163
630153
630152
630144
630144
630137
630133
630123
630119
630105
630095
630088
630087
630071
630052
630031
630030
630027
630022
630015
630009
629997
629994
629983
629978
629970
629966
629948
629938
629928
629921
629902
629900
629887
629884
629875
629872
629866
629863
629860
629859
629838
629835
629835
629833
629818
629818
629815
629802
629789
629789
629783
629780
629752
629748
629709
629709
629702
629692
629674
629669
629667
629666
629655
629653
629644
629643
629643
629630
629617
629611
629608
629604
629577
629572
629569
629563
629562
629541
629538
629518
629515
629512
629511
629503
629487
629465
629457
629448
629440
629411
629394
629387
629380
629377
629363
629317
629294
629284
629265
629263
629257
629253
629213
629189
629180
629148
629146
629142
629120
629107
629099
629093
629087
629073
629059
629038
629018
629002
628999
628995
628993
628977
628959
628954
628943
628933
628928
628924
628920
628912
628910
628908
628903
628898
628898
628895
628892
628878
628876
628873
628869
628865
628846
628842
628830
628829
628824
628820
628817
628809
628798
628792
628778
628774
628768
628759
628741
628730
628698
628698
628672
628649
628645
628642
628640
628640
628639
628637
628628
628626
628623
628621
628613
628607
628587
628585
628559
628556
628544
628543
628528
628527
628520
628483
628470
628466
628455
628452
628443
628441
628429
628412
628398
628395
628378
628370
628369
628366
628365
628351
628348
628340
628338
628334
628316
628296
628276
628271
628271
628256
628251
628250
628248
628246
628232
628222
628210
628207
628189
628173
628166
628156
628144
628138
628133
628084
628077
628063
628053
628045
628034
628031
628017
627999
627983
627968
627953
627946
627940
627933
627928
627913
627913
627912
627909
627888
627887
627866
627865
627854
627852
627842
627837
627836
627827
627821
627813
627805
627800
627787
627783
627777
627772
627754
627751
627734
627730
627720
627710
627702
627690
627681
627672
627653
627651
627649
627646
627624
627622
627609
627602
627594
627593
627590
627587
627576
627570
627556
627547
627547
627541
627518
627494
627475
627469
627467
627459
627456
627453
627451
627448
627445
627432
627422
627410
627396
627390
627379
627355
627347
627316
627298
627290
627289
627284
627284
627272
627266
627252
627221
627221
627215
627204
627194
627193
627184
627175
627168
627157
627157
627143
627143
627140
627137
627133
627130
627129
627120
627090
627086
627067
627059
627055
627041
627029
627019
627009
626989
626984
626982
626975
626967
626963
626957
626951
626939
626917
626916
626905
626887
626880
626879
626871
626864
626861
626840
626840
626791
626786
626783
626779
626779
626777
626764
626696
626692
626673
626667
626661
626611
626604
626598
626594
626593
626579
626569
626569
626568
626560
626554
626552
626544
626539
626539
626536
626527
626521
626512
626504
626503
626499
626493
626491
626473
626469
626464
626461
626443
626440
626431
626385
626379
626372
626370
626367
626329
626328
626320
626299
626290
626285
626284
626280
626279
626277
626275
626272
626270
626269
626267
626261
626261
626251
626249
626242
626217
626202
626193
626179
626176
626158
626156
626154
626145
626122
626102
626084
626075
626054
626053
626048
626045
626040
626031
626029
626023
626016
626014
626009
626008
625997
625990
625987
625976
625954
625950
625926
625914
625897
625894
625891
625882
625881
625872
625866
625863
625856
625856
625840
625828
625821
625818
625813
625810
625807
625802
625797
625794
625773
625745
625735
625734
625732
625718
625706
625675
625668
625665
625662
625658
625647
625636
625625
625624
625597
625591
625590
625540
625536
625532
625531
625528
625514
625501
625497
625496
625494
625482
625477
625474
625446
625425
625406
625397
625392
625391
625373
625364
625361
625358
625343
625342
625334
625286
625279
625263
625259
625246
625243
625222
625222
625219
625205
625197
625190
625189
625186
625183
625183
625160
625157
625143
625142
625130
625121
625088
625086
625079
625079
625077
625065
625056
625028
625027
625008
625003
624994
624990
624982
624976
624972
624962
624956
624946
624943
624919
624916
624915
624908
624897
624874
624861
624852
624842
624842
624835
624829
624820
624819
624817
624809
624808
624805
624801
624798
624789
624777
624747
624735
624734
624725
624694
624685
624684
624678
624678
624656
624651
624650
624638
624626
624578
624565
624525
624521
624507
624493
624489
624475
624469
624442
624422
624418
624400
624394
624368
624351
624338
624332
624328
624324
624321
624304
624201
624175
624175
624174
624151
624118
624117
624111
624102
624096
624095
624050
624050
624034
624033
624017
624006
624006
623995
623993
623985
623979
623978
623973
623968
623963
623959
623953
623941
623940
623937
623932
623932
623923
623897
623897
623888
623885
623863
623860
623857
623824
623816
623812
623804
623792
623757
623742
623706
623696
623688
623678
623669
623662
623658
623635
623632
623624
623611
623609
623607
623601
623578
623573
623553
623549
623533
623525
623519
623513
623490
623489
623489
623485
623474
623464
623445
623440
623437
623428
623418
623373
623370
623365
623362
623348
623320
623320
623294
623284
623277
623274
623273
623267
623213
623207
623206
623168
623166
623165
623163
623153
623143
623137
623137
623120
623108
623104
623091
623078
623057
623054
623054
623050
623048
623044
623042
623022
623016
623016
622991
622986
622983
622960
622944
622940
622930
622923
622920
622914
622901
622898
622885
622880
622870
622865
622864
622854
622850
622847
622834
622831
622798
622798
622794
622794
622793
622791
622771
622768
622766
622752
622746
622746
622729
622722
622721
622720
622702
622687
622679
622677
622676
622644
622643
622632
622618
622618
622598
622584
622583
622578
622574
622569
622557
622540
622503
622500
622497
622485
622474
622468
622465
622456
622453
622443
622435
622421
622414
622390
622381
622346
622306
622297
622291
622279
622277
622274
622266
622257
622252
622251
622241
622202
622197
622188
622168
622166
622166
622159
622159
622158
622138
622126
622062
622061
622055
622054
622052
622039
622010
622007
621992
621989
621970
621966
621934
621921
621912
621903
621888
621880
621880
621863
621842
621840
621829
621826
621824
621818
621817
621817
621802
621791
621787
621786
621760
621732
621726
621713
621712
621711
621706
621693
621693
621688
621667
621662
621659
621658
621647
621622
621604
621600
621590
621581
621575
621573
621567
621562
621561
621558
621503
621498
621472
621465
621458
621447
621433
621422
621404
621396
621386
621381
621365
621364
621358
621346
621340
621327
621322
621322
621319
621310
621306
621301
621288
621286
621276
621271
621265
621257
621237
621228
621226
621201
621192
621181
621168
621167
621135
621134
621134
621101
621098
621096
621095
621090
621089
621085
621074
621073
621047
621046
621044
621041
621014
620991
620986
620986
620976
620964
620955
620950
620946
620929
620908
620905
620900
620893
620892
620891
620877
620862
620862
620839
620826
620822
620819
620810
620809
620806
620793
620788
620784
620783
620778
620777
620764
620715
620704
620703
620680
620679
620679
620664
620663
620640
620638
620635
620617
620598
620590
620582
620579
620566
620554
620549
620536
620533
620524
620521
620514
620510
620500
620467
620460
620431
620429
620427
620392
620391
620384
620381
620378
620372
620322
620314
620304
620286
620277
620264
620261
620240
620235
620231
620222
620220
620209
620208
620198
620191
620191
620180
620159
620157
620154
620148
620130
620109
620079
620068
620058
620045
620035
620034
620022
620014
620001
619994
619977
619974
619974
619970
619970
619943
619943
619942
619941
619931
619930
619903
619898
619885
619882
619871
619857
619857
619853
619849
619846
619840
619832
619827
619822
619816
619801
619784
619781
619778
619765
619741
619729
619720
619690
619686
619670
619651
619648
619645
619630
619607
619598
619594
619570
619550
619546
619541
619539
619533
619510
619489
619477
619471
619468
619459
619458
619433
619433
619408
619407
619395
619394
619367
619354
619349
619330
619325
619308
619304
619300
619300
619299
619299
619296
619287
619284
619279
619269
619266
619266
619248
619244
619241
619238
619235
619227
619226
619219
619202
619202
619179
619159
619139
619139
619121
619108
619107
619106
619094
619087
619057
619056
619031
619017
619011
619010
619002
618966
618949
618945
618943
618939
618934
618908
618887
618881
618871
618864
618844
618834
618828
618821
618820
618805
618801
618790
618790
618783
618781
618774
618773
618765
618765
618761
618743
618743
618734
618709
618645
618643
618642
618637
618635
618626
618613
618607
618593
618591
618580
618579
618572
618553
618551
618543
618504
618500
618497
618494
618493
618485
618471
618456
618439
618439
618435
618424
618413
618401
618376
618367
618363
618361
618316
618313
618310
618308
618306
618302
618294
618285
618275
618273
618262
618239
618232
618212
618209
618209
618201
618192
618188
618186
618183
618161
618158
618157
618150
618131
618118
618107
618104
618103
618087
618085
618076
618070
618064
618047
618039
618038
618036
618032
618032
618029
618013
618012
618004
618000
617995
617992
617986
617978
617975
617971
617970
617953
617951
617950
617928
617925
617920
617908
617907
617876
617875
617858
617857
617856
617852
617846
617844
617839
617837
617832
617831
617826
617817
617808
617806
617797
617789
617787
617778
617771
617763
617742
617740
617737
617729
617724
617686
617682
617680
617674
617672
617665
617664
617660
617621
617604
617600
617600
617598
617596
617572
617569
617547
617532
617532
617530
617525
617520
617514
617495
617487
617476
617469
617445
617441
617439
617420
617408
617400
617399
617394
617378
617372
617358
617355
617353
617345
617343
617335
617330
617323
617298
617292
617264
617262
617258
617236
617235
617224
617199
617183
617183
617181
617166
617163
617163
617155
617139
617125
617106
617105
617104
617097
617094
617076
617067
617067
617058
617040
617034
617033
617030
617028
617024
617017
617013
617005
616997
616986
616974
616967
616944
616924
616922
616921
616919
616904
616897
616895
616892
616883
616857
616848
616837
616823
616822
616815
616798
616797
616763
616758
616732
616731
616727
616725
616723
616720
616711
616705
616705
616702
616701
616689
616654
616637
616635
616631
616614
616611
616593
616564
616563
616552
616544
616535
616515
616511
616509
616502
616485
616469
616450
616446
616420
616419
616404
616404
616403
616392
616390
616382
616380
616352
616342
616318
616314
616307
616300
616295
616291
616285
616279
616271
616261
616254
616254
616229
616221
616194
616193
616192
616190
616165
616157
616152
616141
616141
616137
616122
616122
616120
616115
616107
616104
616099
616081
616080
616078
616077
616040
616031
616017
616016
616011
616010
615986
615969
615962
615955
615950
615935
615925
615921
615910
615903
615899
615888
615884
615864
615863
615857
615857
615852
615841
615840
615833
615806
615803
615788
615787
615773
615749
615748
615738
615725
615720
615719
615713
615712
615709
615707
615696
615679
615675
615675
615667
615654
615652
615652
615630
615629
615627
615624
615624
615592
615577
615575
615566
615564
615543
615543
615540
615531
615514
615512
615497
615455
615449
615424
615415
615408
615398
615388
615369
615366
615360
615358
615356
615309
615302
615284
615270
615260
615253
615246
615235
615221
615209
615196
615177
615177
615172
615156
615134
615125
615106
615100
615098
615098
615073
615057
615043
615031
615024
615018
615008
614995
614992
614965
614934
614932
614929
614926
614902
614901
614893
614875
614873
614865
614833
614833
614815
614811
614805
614803
614798
614783
614779
614770
614762
614759
614751
614741
614731
614724
614713
614710
614704
614695
614686
614678
614671
614668
614665
614660
614649
614623
614620
614602
614587
614559
614538
614523
614522
614510
614488
614484
614464
614461
614449
614446
614444
614443
614421
614418
614398
614386
614382
614375
614369
614369
614359
614350
614321
614293
614290
614287
614284
614279
614265
614265
614243
614238
614229
614226
614222
614210
614208
614179
614179
614166
614142
614103
614089
614074
614057
614055
614043
614038
614032
614031
614012
614001
614001
613990
613976
613965
613959
613914
613902
613897
613893
613889
613884
613877
613869
613865
613862
613820
613820
613809
613809
613804
613802
613799
613775
613774
613773
613770
613760
613749
613748
613734
613731
613717
613708
613705
613689
613673
613620
613616
613598
613593
613581
613557
613549
613537
613525
613513
613495
613486
613475
613472
613460
613452
613440
613408
613408
613390
613346
613343
613314
613308
613298
613295
613263
613249
613195
613179
613178
613158
613079
613063
613059
613046
613046
613042
613040
613035
613024
613019
613017
612992
612992
612979
612977
612966
612963
612956
612949
612944
612943
612942
612934
612929
612928
612924
612921
612918
612911
612907
612880
612873
612857
612857
612847
612842
612820
612809
612806
612801
612799
612799
612760
612751
612750
612746
612740
612736
612718
612716
612687
612676
612674
612671
612656
612612
612590
612583
612582
612578
612553
612539
612530
612510
612502
612498
612498
612479
612476
612456
612432
612425
612420
612379
612370
612358
612356
612338
612338
612315
612308
612265
612249
612239
612234
612228
612223
612209
612207
612205
612201
612200
612186
612173
612172
612172
612162
612159
612143
612143
612113
612108
612105
612104
612091
612088
612086
612079
612067
612052
612051
612047
612047
612034
612023
611994
611983
611954
611937
611937
611928
611914
611898
611886
611881
611874
611871
611867
611865
611864
611863
611859
611858
611855
611852
611847
611836
611834
611828
611822
611811
611805
611796
611781
611781
611779
611769
611765
611759
611745
611739
611724
611724
611722
611721
611720
611710
611703
611693
611676
611674
611652
611634
611633
611625
611616
611610
611608
611607
611604
611598
611597
611581
611581
611549
611546
611545
611523
611508
611508
611487
611480
611480
611474
611464
611461
611461
611450
611448
611447
611445
611441
611435
611433
611430
611422
611413
611412
611409
611407
611403
611400
611379
611373
611370
611362
611342
611335
611320
611307
611304
611293
611284
611282
611277
611268
611246
611224
611219
611210
611199
611186
611163
611161
611152
611152
611148
611123
611119
611118
611118
611106
611096
611091
611083
611080
611073
611062
611059
611056
611040
611040
611022
611017
610997
610995
610991
610980
610961
610955
610951
610943
610928
610927
610917
610905
610881
610863
610846
610846
610839
610837
610798
610767
610767
610761
610756
610734
610729
610715
610696
610670
610669
610659
610648
610629
610627
610620
610619
610614
610591
610590
610570
610555
610554
610546
610530
610516
610507
610499
610488
610471
610451
610442
610423
610390
610382
610374
610372
610341
610332
610330
610326
610319
610319
610314
610300
610288
610285
610258
610254
610244
610206
610200
610191
610181
610175
610172
610164
610156
610151
610147
610141
610135
610134
610128
610108
610107
610105
610032
610030
610008
609996
609989
609957
609942
609939
609924
609909
609899
609891
609877
609863
609833
609809
609796
609794
609791
609776
609767
609743
609724
609722
609678
609667
609665
609662
609631
609631
609619
609607
609581
609580
609571
609569
609568
609565
609564
609558
609538
609534
609500
609492
609441
609426
609410
609383
609381
609337
609323
609322
609320
609315
609313
609287
609285
609276
609260
609245
609225
609222
609221
609217
609204
609203
609194
609194
609192
609190
609169
609146
609141
609134
609129
609126
609116
609103
609083
609042
609035
609026
609007
609003
608985
608979
608979
608974
608963
608962
608956
608941
608939
608920
608919
608898
608890
608888
608887
608870
608867
608865
608855
608846
608817
608814
608810
608809
608806
608779
608767
608766
608722
608721
608720
608718
608712
608700
608698
608684
608683
608674
608673
608664
608652
608647
608632
608625
608624
608622
608620
608606
608597
608587
608582
608547
608542
608536
608534
608522
608502
608499
608472
608460
608416
608412
608396
608375
608361
608338
608311
608286
608278
608252
608250
608228
608208
608172
608166
608155
608131
608104
608062
608057
608043
608034
608020
607996
607994
607979
607959
607956
607956
607946
607944
607934
607931
607929
607920
607916
607906
607901
607894
607875
607875
607867
607846
607839
607832
607825
607797
607788
607782
607761
607753
607728
607724
607704
607694
607693
607692
607680
607672
607665
607655
607645
607643
607641
607637
607633
607630
607624
607604
607604
607589
607584
607572
607568
607565
607556
607552
607542
607533
607528
607525
607510
607503
607497
607485
607482
607475
607473
607460
607457
607443
607426
607403
607400
607386
607357
607320
607309
607295
607282
607254
607252
607243
607221
607217
607211
607186
607185
607142
607128
607127
607126
607123
607097
607096
607081
607074
607067
607066
607055
607028
607020
607012
607002
607000
607000
606993
606985
606964
606958
606947
606937
606927
606921
606918
606907
606892
606872
606864
606849
606820
606805
606797
606795
606791
606778
606773
606759
606758
606757
606748
606744
606741
606729
606728
606727
606722
606713
606712
606705
606702
606694
606685
606683
606676
606663
606649
606647
606633
606631
606599
606580
606577
606567
606548
606525
606507
606504
606499
606492
606491
606479
606476
606471
606468
606466
606464
606439
606434
606428
606413
606404
606397
606395
606363
606356
606342
606342
606335
606333
606330
606312
606308
606307
606305
606289
606279
606264
606254
606243
606236
606209
606205
606187
606171
606168
606162
606156
606140
606139
606117
606116
606083
606072
606060
606053
606051
606034
605996
605985
605967
605958
605951
605946
605926
605919
605898
605825
605814
605808
605799
605780
605768
605755
605754
605750
605737
605732
605730
605719
605660
605645
605637
605613
605601
605597
605587
605586
605578
605575
605568
605560
605556
605532
605526
605520
605520
605518
605510
605499
605498
605491
605481
605465
605462
605459
605445
605442
605433
605428
605426
605409
605398
605381
605380
605375
605353
605322
605316
605301
605299
605295
605290
605253
605248
605242
605237
605236
605234
605216
605209
605202
605194
605187
605178
605177
605173
605166
605157
605127
605115
605112
605100
605053
605023
605015
605014
605008
604996
604996
604992
604978
604976
604961
604958
604957
604939
604932
604926
604895
604895
604881
604880
604870
604864
604864
604850
604840
604821
604819
604808
604786
604782
604781
604770
604768
604767
604741
604740
604739
604737
604734
604710
604653
604650
604649
604633
604633
604630
604626
604614
604601
604596
604571
604568
604555
604547
604537
604536
604516
604515
604511
604509
604509
604507
604502
604484
604444
604410
604405
604391
604378
604356
604354
604341
604334
604333
604327
604322
604310
604301
604277
604276
604264
604257
604229
604226
604225
604223
604187
604185
604181
604172
604145
604130
604127
604122
604109
604105
604093
604086
604085
604083
604066
604034
604033
604025
603992
603990
603983
603971
603959
603953
603939
603931
603921
603877
603856
603849
603835
603815
603797
603795
603794
603783
603781
603778
603764
603751
603731
603709
603707
603693
603678
603678
603668
603666
603661
603633
603623
603609
603609
603602
603599
603596
603595
603580
603569
603561
603551
603525
603517
603515
603511
603507
603501
603483
603462
603440
603438
603435
603429
603427
603426
603421
603417
603399
603397
603380
603354
603350
603339
603332
603310
603295
603292
603279
603263
603245
603235
603234
603228
603208
603199
603194
603192
603186
603185
603168
603164
603154
603132
603132
603131
603130
603097
603096
603081
603081
603056
603041
603012
602995
602977
602972
602967
602962
602946
602939
602935
602928
602927
602905
602905
602902
602900
602890
602889
602881
602875
602869
602826
602803
602798
602775
602750
602739
602736
602726
602714
602687
602674
602657
602642
602633
602629
602622
602621
602594
602594
602588
602581
602546
602540
602527
602521
602515
602506
602502
602500
602498
602492
602487
602461
602421
602420
602403
602402
602398
602391
602386
602383
602364
602358
602354
602309
602308
602289
602248
602239
602228
602223
602203
602165
602160
602153
602149
602141
602118
602112
602110
602102
602094
602080
602053
602052
602038
602034
602032
602027
601992
601960
601958
601955
601954
601937
601916
601914
601907
601894
601884
601871
601865
601840
601838
601837
601824
601800
601794
601783
601782
601773
601772
601757
601746
601746
601732
601717
601696
601693
601691
601671
601648
601640
601622
601618
601597
601585
601582
601581
601572
601570
601554
601553
601553
601552
601546
601543
601530
601521
601507
601505
601500
601500
601499
601495
601481
601481
601472
601466
601428
601426
601416
601406
601400
601388
601384
601380
601369
601367
601306
601295
601287
601276
601274
601274
601264
601263
601262
601239
601223
601213
601188
601173
601171
601162
601160
601156
601125
601125
601097
601095
601069
601055
601050
601046
601042
601035
601023
601022
601014
600993
600987
600978
600976
600973
600960
600949
600946
600935
600926
600905
600903
600902
600899
600886
600876
600863
600845
600842
600839
600837
600833
600831
600826
600825
600823
600820
600816
600814
600811
600807
600800
600765
600753
600750
600716
600706
600699
600694
600687
600673
600672
600668
600661
600661
600660
600645
600644
600625
600623
600590
600585
600573
600565
600560
600549
600537
600517
600499
600483
600482
600475
600472
600461
600438
600437
600433
600432
600422
600421
600412
600404
600401
600394
600374
600361
600356
600349
600348
600346
600336
600332
600329
600317
600298
600287
600287
600273
600268
600267
600265
600264
600241
600239
600233
600230
600224
600223
600219
600218
600206
600181
600134
600133
600132
600131
600124
600123
600115
600107
600102
600093
600067
600066
600065
600041
600018
600001
599996
599991
599985
599967
599956
599954
599948
599943
599932
599923
599922
599908
599908
599901
599890
599884
599874
599857
599808
599802
599799
599798
599794
599794
599791
599790
599787
599779
599778
599751
599715
599711
599696
599692
599688
599685
599682
599674
599672
599663
599662
599658
599657
599646
599628
599622
599619
599618
599615
599606
599606
599598
599592
599590
599589
599588
599576
599572
599570
599558
599549
599509
599503
599497
599495
599464
599458
599458
599433
599432
599430
599427
599420
599406
599402
599398
599391
599380
599375
599357
599356
599356
599321
599312
599305
599295
599288
599281
599245
599212
599210
599209
599189
599159
599145
599122
599120
599117
599113
599100
599089
599087
599067
599049
599029
599028
599021
599016
599014
599009
599004
599003
598981
598980
598957
598953
598947
598943
598943
598934
598931
598911
598908
598907
598887
598877
598869
598857
598837
598824
598817
598815
598807
598799
598798
598789
598742
598740
598729
598712
598703
598700
598696
598680
598678
598674
598635
598634
598583
598575
598568
598565
598560
598535
598533
598520
598510
598498
598498
598470
598467
598454
598445
598439
598431
598419
598414
598408
598405
598404
598358
598357
598349
598337
598332
598317
598305
598303
598295
598290
598282
598276
598265
598262
598247
598238
598225
598217
598210
598206
598194
598192
598171
598164
598160
598127
598127
598120
598117
598107
598103
598102
598096
598094
598089
598087
598072
598055
598044
598042
598026
598023
598023
598016
598015
598009
597995
597993
597979
597970
597970
597962
597946
597935
597914
597876
597861
597857
597856
597855
597839
597831
597829
597828
597817
597812
597808
597806
597799
597788
597766
597740
597728
597720
597718
597707
597706
597692
597676
597668
597643
597621
597610
597600
597590
597589
597582
597580
597565
597563
597562
597552
597549
597539
597532
597530
597523
597523
597515
597510
597504
597501
597493
597492
597486
597483
597479
597474
597457
597450
597446
597440
597440
597428
597428
597425
597407
597398
597396
597387
597374
597370
597364
597350
597349
597344
597339
597328
597326
597312
597295
597288
597286
597268
597266
597265
597260
597258
597227
597222
597213
597200
597193
597187
597172
597153
597145
597138
597122
597103
597097
597096
597073
597047
597038
597025
597001
596998
596993
596991
596989
596927
596924
596908
596907
596897
596890
596888
596887
596887
596872
596869
596859
596838
596834
596830
596824
596817
596809
596792
596769
596764
596762
596751
596749
596711
596699
596699
596695
596691
596679
596670
596657
596634
596629
596624
596623
596623
596616
596592
596589
596585
596575
596554
596530
596503
596502
596490
596478
596477
596477
596474
596459
596453
596397
596395
596388
596368
596354
596348
596340
596336
596320
596285
596285
596283
596275
596265
596258
596256
596245
596239
596200
596193
596190
596169
596165
596160
596154
596152
596148
596148
596120
596099
596099
596098
596095
596094
596080
596071
596066
596060
596049
596035
596020
596016
596000
595985
595980
595969
595960
595956
595951
595930
595920
595898
595895
595892
595884
595883
595875
595836
595828
595807
595805
595792
595792
595790
595789
595768
595745
595637
595627
595623
595608
595602
595600
595598
595592
595569
595553
595545
595538
595531
595522
595510
595455
595449
595442
595441
595437
595411
595393
595376
595376
595368
595365
595360
595354
595342
595337
595335
595335
595333
595326
595312
595284
595284
595276
595268
595262
595258
595255
595213
595188
595145
595141
595109
595098
595084
595078
595074
595057
595035
595027
595015
595005
594984
594965
594963
594956
594953
594946
594938
594935
594926
594920
594901
594883
594835
594825
594803
594783
594776
594770
594770
594768
594735
594720
594717
594710
594709
594687
594663
594659
594657
594646
594623
594620
594618
594605
594594
594591
594586
594573
594559
594556
594548
594522
594517
594516
594504
594487
594451
594432
594420
594406
594406
594383
594372
594370
594369
594363
594353
594348
594340
594316
594300
594297
594275
594272
594224
594213
594212
594206
594204
594194
594170
594162
594161
594120
594077
594077
594071
594068
594058
594051
594031
593974
593969
593957
593943
593931
593914
593891
593882
593866
593865
593865
593858
593787
593782
593780
593777
593771
593771
593753
593750
593738
593733
593731
593720
593716
593705
593688
593651
593646
593626
593626
593616
593611
593608
593601
593574
593572
593562
593560
593552
593545
593544
593542
593536
593531
593521
593504
593496
593494
593493
593492
593473
593464
593462
593457
593446
593436
593433
593426
593415
593411
593408
593396
593383
593377
593375
593370
593357
593354
593353
593352
593349
593337
593333
593330
593328
593324
593315
593309
593301
593247
593245
593239
593227
593225
593214
593213
593201
593199
593187
593168
593168
593158
593152
593150
593123
593113
593110
593095
593089
593078
593077
593047
593045
593041
593007
593007
592976
592974
592964
592944
592931
592911
592909
592897
592897
592892
592889
592886
592880
592879
592876
592871
592870
592846
592823
592809
592788
592778
592764
592735
592735
592721
592717
592709
592675
592672
592672
592671
592665
592661
592653
592639
592637
592631
592607
592605
592603
592590
592585
592576
592574
592553
592524
592521
592509
592499
592487
592481
592478
592463
592457
592440
592438
592427
592417
592417
592402
592372
592368
592368
592363
592352
592351
592341
592341
592312
592312
592301
592297
592286
592279
592270
592266
592264
592255
592250
592239
592226
592220
592206
592205
592192
592176
592168
592147
592116
592107
592094
592087
592086
592079
592073
592054
592021
592018
592005
592000
591963
591963
591960
591947
591944
591925
591925
591883
591882
591882
591876
591874
591873
591872
591871
591870
591865
591828
591822
591814
591811
591805
591801
591782
591738
591718
591700
591685
591682
591676
591673
591671
591669
591669
591653
591653
591616
591606
591604
591579
591570
591566
591560
591552
591542
591535
591525
591515
591514
591506
591496
591479
591438
591428
591410
591401
591337
591332
591321
591317
591317
591314
591290
591285
591247
591244
591210
591196
591151
591151
591127
591119
591107
591079
591070
591060
591053
591027
591018
591010
590995
590964
590955
590954
590943
590940
590930
590921
590920
590916
590913
590911
590910
590907
590898
590898
590895
590891
590891
590887
590887
590868
590852
590850
590844
590840
590839
590826
590815
590811
590794
590771
590770
590757
590755
590741
590738
590712
590711
590705
590703
590693
590676
590633
590629
590626
590602
590599
590578
590540
590538
590537
590537
590535
590527
590504
590493
590481
590476
590470
590464
590461
590455
590440
590436
590421
590404
590395
590394
590387
590379
590374
590352
590350
590319
590318
590317
590305
590304
590298
590281
590277
590274
590274
590270
590268
590246
590242
590232
590217
590205
590194
590188
590177
590153
590149
590143
590140
590139
590133
590128
590114
590112
590109
590103
590088
590062
590055
590037
590035
590028
590026
590002
589995
589993
589971
589958
589940
589923
589918
589917
589900
589897
589884
589877
589853
589837
589835
589834
589827
589824
589822
589815
589810
589809
589803
589789
589781
589758
589751
589728
589709
589708
589703
589700
589676
589675
589675
589664
589658
589657
589647
589643
589636
589628
589610
589605
589591
589586
589573
589561
589559
589551
589549
589545
589545
589536
589533
589520
589505
589496
589495
589484
589477
589466
589462
589460
589453
589446
589437
589429
589429
589420
589403
589397
589379
589370
589353
589336
589325
589322
589316
589310
589290
589282
589279
589262
589260
589254
589186
589175
589156
589155
589124
589117
589115
589114
589099
589097
589096
589085
589075
589058
589056
589044
589044
589042
589041
589035
589029
589025
589015
589013
589010
589009
588996
588985
588976
588957
588936
588922
588911
588905
588898
588888
588884
588859
588854
588852
588844
588840
588837
588809
588802
588801
588799
588790
588773
588758
588718
588707
588705
588701
588700
588694
588678
588673
588670
588649
588634
588633
588629
588619
588595
588590
588573
588573
588567
588559
588536
588534
588532
588532
588529
588513
588513
588509
588499
588498
588498
588479
588478
588455
588450
588442
588408
588398
588397
588393
588368
588367
588363
588363
588346
588344
588325
588312
588300
588254
588235
588207
588206
588200
588184
588177
588160
588107
588092
588086
588085
588073
588067
588067
588054
588047
588018
588014
587988
587946
587932
587927
587894
587892
587885
587876
587870
587865
587860
587842
587842
587840
587838
587833
587832
587829
587787
587785
587773
587768
587766
587758
587755
587740
587738
587735
587735
587731
587729
587724
587721
587717
587715
587700
587680
587674
587661
587647
587629
587607
587605
587604
587589
587585
587583
587565
587553
587552
587543
587531
587524
587524
587519
587507
587507
587489
587479
587458
587453
587450
587444
587420
587416
587403
587383
587377
587373
587371
587363
587363
587352
587345
587343
587332
587331
587315
587315
587287
587273
587256
587232
587231
587231
587230
587224
587221
587217
587212
587211
587207
587204
587182
587181
587170
587168
587165
587164
587159
587154
587154
587137
587124
587115
587112
587093
587083
587082
587074
587074
587059
587045
587020
586973
586959
586950
586937
586926
586917
586914
586846
586837
586830
586829
586827
586807
586802
586790
586789
586781
586780
586776
586773
586769
586764
586762
586711
586708
586705
586691
586684
586676
586639
586630
586603
586596
586586
586573
586541
586527
586523
586522
586514
586506
586503
586486
586482
586479
586471
586466
586465
586460
586460
586455
586445
586444
586435
586434
586421
586412
586410
586383
586382
586382
586381
586375
586364
586360
586358
586349
586345
586341
586340
586327
586320
586314
586306
586272
586263
586255
586255
586253
586245
586238
586233
586220
586198
586194
586172
586167
586149
586128
586125
586108
586081
586071
586066
586058
586058
586054
586046
586035
586019
586011
586009
586005
586001
585998
585995
585993
585989
585982
585959
585948
585947
585946
585938
585935
585926
585922
585913
585902
585894
585893
585890
585885
585869
585868
585858
585851
585833
585829
585817
585813
585794
585774
585774
585768
585752
585743
585731
585701
585693
585649
585646
585640
585629
585619
585617
585606
585598
585588
585584
585571
585569
585568
585557
585530
585521
585513
585511
585462
585455
585439
585425
585406
585397
585390
585385
585383
585382
585378
585366
585363
585349
585343
585335
585328
585324
585299
585297
585274
585263
585262
585255
585254
585236
585232
585196
585185
585153
585149
585144
585141
585132
585127
585127
585124
585123
585115
585110
585094
585089
585085
585083
585081
585025
585025
585020
585020
585016
584996
584981
584976
584971
584962
584944
584934
584925
584910
584909
584894
584871
584857
584832
584819
584777
584777
584740
584736
584726
584710
584705
584684
584683
584680
584660
584648
584633
584630
584625
584614
584606
584602
584589
584576
584569
584553
584548
584543
584529
584521
584496
584493
584486
584464
584457
584438
584432
584426
584420
584418
584399
584391
584390
584385
584377
584350
584315
584298
584295
584288
584276
584268
584267
584260
584259
584244
584240
584232
584232
584216
584209
584198
584194
584194
584176
584173
584164
584161
584156
584147
584147
584143
584131
584093
584088
584081
584066
584053
584042
584024
584003
583997
583986
583950
583944
583942
583926
583922
583919
583913
583912
583907
583905
583896
583889
583877
583848
583841
583825
583814
583814
583805
583795
583787
583782
583772
583771
583762
583729
583726
583698
583668
583661
583658
583654
583649
583615
583608
583607
583565
583554
583550
583548
583540
583532
583523
583478
583473
583468
583462
583452
583451
583450
583444
583437
583418
583402
583397
583392
583387
583381
583381
583366
583363
583351
583351
583326
583326
583307
583295
583294
583293
583283
583281
583276
583246
583224
583222
583213
583210
583206
583202
583200
583198
583186
583140
583136
583119
583107
583096
583093
583088
583084
583078
583075
583072
583056
583053
583046
583031
583030
583011
582992
582990
582984
582981
582966
582963
582949
582905
582889
582883
582882
582845
582841
582826
582825
582810
582800
582780
582775
582773
582762
582743
582722
582718
582711
582680
582665
582659
582648
582646
582644
582630
582622
582618
582604
582604
582603
582595
582585
582548
582541
582528
582523
582485
582478
582466
582416
582411
582404
582378
582378
582370
582360
582350
582337
582326
582309
582307
582302
582297
582290
582241
582226
582209
582205
582150
582150
582140
582136
582109
582101
582081
582080
582052
582039
582006
582005
581986
581966
581950
581943
581939
581923
581918
581904
581903
581899
581899
581894
581889
581848
581845
581834
581828
581824
581823
581815
581806
581802
581799
581793
581780
581777
581775
581773
581755
581720
581705
581686
581679
581678
581677
581672
581670
581670
581642
581640
581617
581586
581584
581583
581574
581570
581562
581560
581559
581550
581520
581509
581503
581500
581483
581477
581462
581460
581437
581433
581429
581426
581425
581408
581406
581378
581376
581364
581349
581344
581343
581328
581319
581312
581300
581294
581286
581285
581271
581245
581244
581232
581231
581221
581221
581217
581200
581199
581198
581189
581174
581167
581163
581146
581131
581122
581119
581112
581101
581090
581046
581044
581018
581013
581011
581011
581011
580971
580966
580954
580931
580929
580911
580894
580890
580888
580876
580860
580857
580847
580844
580837
580829
580826
580822
580821
580815
580799
580797
580786
580777
580776
580765
580764
580750
580738
580725
580724
580711
580711
580705
580699
580692
580688
580648
580636
580635
580630
580624
580616
580611
580577
580569
580546
580539
580539
580527
580524
580524
580491
580486
580482
580473
580455
580447
580443
580432
580416
580414
580411
580407
580406
580400
580399
580399
580397
580390
580337
580328
580316
580312
580300
580281
580252
580248
580239
580237
580234
580223
580209
580197
580166
580165
580137
580137
580127
580124
580113
580111
580094
580089
580080
580049
580045
580045
580044
580043
580025
580011
580005
579997
579992
579980
579974
579972
579969
579964
579943
579932
579932
579910
579909
579895
579888
579886
579885
579884
579883
579872
579868
579858
579857
579841
579840
579831
579821
579812
579789
579779
579774
579765
579755
579728
579718
579691
579677
579677
579674
579670
579654
579641
579615
579610
579609
579598
579591
579583
579582
579569
579540
579503
579502
579494
579492
579488
579488
579485
579468
579464
579454
579454
579432
579429
579428
579427
579425
579424
579411
579407
579403
579398
579367
579365
579361
579356
579335
579331
579323
579321
579317
579316
579311
579268
579264
579230
579228
579207
579202
579186
579178
579178
579156
579147
579133
579132
579131
579114
579101
579100
579092
579076
579074
579068
579056
579053
579037
579035
579021
579020
579016
579016
579009
579009
579003
578997
578989
578980
578968
578963
578958
578945
578927
578914
578906
578879
578876
578873
578870
578863
578859
578836
578830
578821
578817
578814
578804
578791
578785
578779
578779
578772
578770
578766
578761
578757
578747
578746
578743
578735
578725
578719
578712
578702
578680
578659
578642
578636
578627
578615
578586
578571
578567
578562
578553
578550
578516
578515
578496
578478
578472
578467
578451
578443
578433
578407
578404
578403
578385
578371
578371
578367
578363
578355
578321
578315
578310
578305
578305
578304
578298
578298
578272
578261
578259
578248
578229
578219
578211
578206
578179
578155
578155
578153
578148
578139
578137
578119
578090
578077
578069
578057
578056
578053
578027
578022
578015
577974
577969
577967
577956
577936
577936
577923
577922
577922
577921
577898
577893
577891
577877
577874
577870
577860
577826
577816
577810
577805
577801
577763
577761
577761
577747
577741
577736
577732
577724
577720
577711
577701
577692
577663
577646
577639
577625
577622
577613
577606
577596
577588
577580
577520
577519
577517
577509
577507
577492
577484
577442
577442
577440
577421
577387
577385
577356
577355
577354
577336
577328
577326
577305
577300
577256
577232
577223
577222
577208
577202
577195
577188
577157
577156
577147
577117
577115
577111
577109
577076
577071
577062
577042
577039
577037
577021
577018
577013
577007
577005
576997
576976
576976
576970
576963
576952
576924
576921
576915
576903
576896
576893
576878
576867
576864
576862
576854
576832
576831
576824
576821
576818
576815
576810
576782
576772
576768
576748
576730
576719
576715
576692
576684
576665
576650
576626
576623
576578
576560
576546
576546
576522
576521
576511
576510
576484
576479
576470
576458
576439
576437
576426
576420
576408
576385
576383
576376
576344
576340
576330
576326
576326
576310
576269
576261
576253
576239
576234
576222
576205
576198
576192
576190
576171
576157
576152
576141
576131
576099
576074
576062
576040
576002
575998
575997
575995
575957
575949
575941
575928
575914
575913
575901
575893
575888
575888
575879
575865
575849
575848
575842
575841
575834
575825
575813
575774
575755
575748
575742
575718
575689
575685
575673
575670
575667
575652
575649
575640
575631
575619
575619
575613
575607
575567
575566
575565
575548
575547
575541
575536
575528
575522
575516
575507
575489
575473
575466
575464
575458
575446
575445
575433
575430
575426
575394
575387
575350
575329
575305
575288
575287
575282
575265
575256
575245
575245
575240
575225
575218
575216
575212
575209
575193
575183
575179
575178
575167
575160
575140
575136
575107
575095
575094
575092
575091
575082
575077
575065
575062
575061
575044
575031
575013
574985
574926
574915
574915
574899
574892
574884
574874
574870
574856
574842
574830
574830
574824
574809
574805
574805
574788
574778
574773
574768
574768
574757
574754
574753
574743
574740
574728
574717
574705
574696
574680
574657
574652
574648
574636
574625
574613
574595
574592
574581
574577
574567
574560
574551
574539
574538
574530
574487
574479
574435
574420
574416
574411
574402
574389
574388
574361
574328
574317
574311
574306
574250
574217
574213
574201
574187
574165
574163
574141
574140
574137
574137
574133
574118
574116
574108
574104
574091
574086
574084
574078
574075
574071
574067
574055
574048
574038
574036
574032
574023
574021
574016
574012
574001
573999
573991
573990
573978
573977
573959
573943
573927
573925
573897
573882
573880
573867
573866
573866
573863
573862
573861
573857
573843
573819
573817
573802
573793
573793
573791
573788
573787
573785
573784
573774
573774
573753
573744
573744
573742
573726
573720
573698
573694
573687
573639
573627
573618
573609
573606
573605
573596
573593
573587
573580
573568
573566
573558
573547
573542
573536
573534
573525
573524
573506
573478
573454
573453
573450
573448
573435
573431
573417
573413
573409
573407
573405
573401
573390
573388
573355
573340
573329
573328
573319
573309
573273
573259
573227
573220
573218
573216
573209
573207
573201
573200
573190
573165
573165
573159
573120
573118
573110
573109
573103
573094
573093
573082
573082
573077
573070
573061
573007
572998
572998
572990
572982
572966
572941
572932
572890
572881
572875
572870
572855
572846
572846
572843
572827
572818
572814
572802
572793
572793
572747
572742
572741
572733
572714
572707
572701
572697
572696
572681
572653
572639
572624
572618
572608
572568
572565
572549
572544
572515
572504
572502
572499
572492
572485
572475
572475
572474
572450
572447
572442
572438
572426
572422
572401
572394
572387
572375
572341
572314
572287
572285
572279
572270
572260
572259
572252
572229
572225
572217
572209
572200
572194
572192
572169
572160
572131
572116
572116
572115
572108
572103
572098
572095
572073
572063
572043
572029
572024
572020
572016
572016
572005
572003
571982
571966
571964
571951
571921
571921
571918
571917
571913
571909
571904
571884
571877
571875
571871
571864
571850
571843
571840
571839
571830
571825
571822
571821
571813
571812
571786
571774
571765
571763
571755
571728
571727
571721
571721
571714
571694
571691
571682
571645
571640
571626
571624
571622
571613
571611
571608
571602
571590
571587
571586
571580
571574
571565
571562
571557
571555
571551
571544
571544
571539
571533
571531
571516
571509
571505
571505
571490
571488
571476
571465
571459
571450
571446
571445
571439
571401
571392
571388
571373
571362
571340
571309
571309
571292
571291
571283
571277
571266
571256
571236
571225
571216
571191
571187
571166
571160
571156
571148
571140
571134
571123
571108
571105
571100
571088
571062
571042
571036
571035
571029
571028
571020
571008
571004
570982
570981
570975
570965
570917
570905
570904
570902
570901
570885
570881
570869
570841
570824
570822
570809
570809
570793
570793
570785
570736
570694
570614
570611
570611
570607
570606
570587
570585
570584
570552
570535
570515
570489
570469
570468
570465
570456
570442
570435
570425
570419
570408
570405
570384
570382
570372
570365
570362
570342
570333
570292
570291
570285
570277
570274
570269
570255
570254
570250
570234
570215
570212
570176
570165
570157
570156
570144
570143
570140
570138
570137
570131
570128
570124
570092
570074
570070
570070
570065
570046
570029
570023
570017
570004
569989
569987
569981
569959
569933
569926
569922
569918
569905
569883
569871
569869
569868
569866
569855
569812
569807
569795
569793
569793
569778
569766
569748
569738
569734
569717
569706
569702
569692
569681
569675
569665
569633
569629
569622
569620
569609
569605
569599
569597
569596
569591
569572
569552
569547
569542
569540
569510
569490
569483
569465
569464
569446
569434
569430
569403
569393
569391
569380
569354
569350
569337
569322
569316
569314
569294
569285
569284
569263
569255
569250
569237
569235
569189
569182
569171
569171
569166
569157
569135
569111
569084
569084
569066
569059
569024
569021
568993
568986
568972
568959
568952
568942
568931
568931
568922
568920
568912
568887
568886
568885
568884
568883
568801
568787
568776
568768
568748
568745
568743
568742
568739
568731
568725
568719
568698
568689
568669
568663
568657
568649
568622
568618
568617
568617
568615
568596
568581
568561
568554
568513
568505
568497
568496
568495
568487
568478
568466
568464
568459
568448
568444
568436
568425
568382
568372
568366
568364
568343
568337
568337
568310
568303
568301
568300
568295
568290
568275
568271
568259
568245
568201
568197
568169
568168
568151
568141
568140
568109
568095
568094
568087
568070
568064
568051
568045
568040
568030
568022
568004
567976
567955
567953
567953
567948
567948
567942
567937
567923
567907
567887
567878
567863
567859
567857
567856
567842
567827
567818
567806
567799
567798
567791
567777
567766
567747
567743
567730
567722
567698
567696
567689
567679
567677
567672
567650
567617
567609
567609
567587
567586
567577
567577
567576
567573
567570
567560
567558
567513
567511
567482
567480
567461
567459
567452
567443
567441
567438
567434
567427
567420
567418
567417
567416
567399
567396
567388
567386
567363
567341
567334
567313
567291
567283
567278
567268
567267
567263
567256
567236
567236
567231
567229
567215
567191
567186
567182
567176
567172
567169
567166
567158
567148
567130
567126
567120
567119
567110
567110
567101
567092
567075
567072
567067
567049
567021
567021
567020
567010
567008
566993
566991
566970
566960
566942
566939
566930
566919
566916
566915
566911
566901
566890
566887
566874
566861
566849
566848
566841
566837
566835
566830
566823
566803
566774
566771
566765
566765
566764
566758
566752
566744
566742
566715
566704
566699
566664
566661
566648
566644
566636
566633
566619
566618
566609
566587
566576
566566
566563
566544
566541
566536
566528
566525
566517
566508
566504
566491
566489
566472
566467
566442
566437
566431
566425
566415
566380
566377
566374
566344
566343
566328
566316
566312
566301
566296
566284
566277
566275
566272
566266
566262
566252
566225
566199
566194
566123
566118
566114
566113
566103
566096
566091
566066
566058
566053
566048
566043
566041
566040
566025
566025
566011
565987
565981
565976
565975
565947
565939
565933
565922
565918
565909
565863
565860
565856
565850
565847
565830
565811
565805
565797
565762
565759
565753
565744
565740
565728
565726
565709
565688
565685
565678
565675
565667
565653
565643
565639
565638
565632
565628
565624
565607
565603
565584
565560
565553
565548
565548
565533
565530
565506
565499
565488
565455
565446
565445
565441
565438
565431
565427
565414
565413
565410
565406
565395
565380
565342
565310
565308
565276
565260
565254
565244
565237
565237
565230
565215
565214
565202
565199
565196
565175
565159
565143
565132
565128
565123
565059
565057
565048
565030
565028
565025
565024
565023
565021
565006
564984
564982
564977
564952
564948
564947
564939
564938
564935
564930
564902
564886
564880
564873
564852
564839
564838
564833
564818
564817
564815
564813
564809
564798
564762
564745
564726
564725
564724
564706
564697
564693
564686
564683
564673
564667
564665
564639
564631
564623
564613
564610
564590
564570
564568
564551
564550
564545
564518
564507
564505
564493
564465
564465
564456
564447
564431
564431
564421
564420
564406
564395
564387
564383
564375
564369
564363
564339
564313
564270
564268
564230
564226
564218
564209
564204
564203
564188
564180
564177
564176
564167
564166
564154
564152
564149
564136
564131
564123
564113
564096
564086
564078
564074
564072
564071
564069
564068
564062
564061
564051
564050
564027
564022
564013
564007
563994
563993
563977
563972
563965
563955
563939
563937
563932
563925
563923
563919
563916
563900
563893
563893
563881
563870
563850
563849
563844
563831
563826
563823
563814
563799
563769
563760
563747
563743
563742
563739
563737
563702
563700
563685
563668
563658
563642
563635
563626
563624
563616
563613
563608
563607
563603
563578
563578
563574
563574
563568
563550
563546
563518
563505
563495
563480
563478
563476
563475
563474
563464
563462
563457
563451
563450
563426
563402
563379
563376
563370
563368
563363
563362
563304
563287
563284
563276
563269
563268
563250
563243
563241
563238
563232
563199
563196
563188
563182
563179
563161
563124
563103
563100
563088
563086
563076
563049
563037
563006
563004
563003
562998
562997
562990
562982
562976
562974
562957
562957
562948
562945
562944
562931
562926
562922
562920
562913
562869
562867
562866
562863
562855
562850
562847
562845
562842
562839
562827
562804
562796
562780
562779
562770
562755
562745
562741
562737
562731
562705
562675
562662
562662
562637
562612
562598
562597
562586
562570
562564
562538
562516
562516
562514
562509
562505
562494
562491
562471
562471
562467
562453
562451
562444
562438
562422
562421
562408
562408
562406
562399
562397
562393
562389
562387
562385
562378
562370
562362
562360
562338
562315
562303
562301
562295
562285
562284
562281
562276
562267
562265
562259
562247
562240
562240
562230
562218
562210
562208
562194
562190
562186
562185
562162
562147
562144
562143
562123
562120
562115
562114
562110
562096
562077
562064
562063
562046
562046
562044
562044
562025
561988
561980
561923
561921
561908
561906
561905
561885
561863
561855
561846
561834
561821
561819
561811
561800
561799
561796
561780
561780
561771
561757
561753
561745
561721
561701
561695
561677
561674
561672
561669
561668
561664
561645
561641
561634
561633
561601
561597
561586
561583
561565
561561
561551
561548
561541
561516
561498
561473
561439
561438
561435
561435
561427
561420
561413
561406
561405
561402
561393
561393
561382
561374
561336
561322
561312
561309
561290
561282
561269
561258
561251
561244
561230
561210
561209
561208
561187
561186
561177
561172
561165
561141
561140
561139
561137
561123
561119
561117
561103
561102
561099
561099
561095
561084
561075
561070
561070
561065
561061
561053
561052
561018
561008
561003
560984
560975
560969
560961
560957
560943
560932
560928
560897
560896
560888
560880
560878
560856
560854
560852
560845
560819
560812
560801
560790
560768
560754
560748
560741
560736
560720
560713
560713
560703
560686
560681
560680
560648
560609
560608
560606
560604
560603
560587
560574
560574
560565
560559
560553
560528
560525
560508
560507
560494
560474
560470
560463
560453
560453
560452
560447
560446
560413
560410
560376
560366
560343
560341
560326
560282
560271
560270
560267
560262
560245
560241
560228
560194
560190
560172
560170
560169
560167
560165
560157
560150
560148
560143
560141
560115
560074
560072
560072
560071
560065
560024
560006
560005
560004
560003
560003
560000
559995
559985
559969
559947
559946
559945
559944
559928
559916
559912
559901
559888
559873
559852
559836
559834
559825
559824
559822
559819
559819
559811
559785
559785
559767
559761
559755
559752
559734
559724
559703
559699
559683
559681
559669
559663
559661
559651
559646
559629
559621
559569
559553
559550
559543
559541
559537
559528
559519
559518
559516
559505
559499
559479
559462
559450
559430
559411
559406
559390
559385
559373
559371
559370
559361
559322
559277
559275
559251
559236
559236
559230
559223
559219
559207
559207
559196
559189
559185
559179
559178
559172
559150
559142
559140
559129
559128
559123
559122
559111
559108
559105
559097
559091
559082
559064
559049
559044
559018
559005
558982
558973
558970
558948
558933
558932
558927
558920
558918
558911
558905
558891
558891
558888
558888
558885
558858
558851
558847
558828
558822
558819
558813
558812
558809
558804
558771
558765
558750
558729
558719
558708
558707
558700
558700
558698
558698
558681
558681
558644
558633
558619
558596
558595
558582
558569
558536
558532
558523
558512
558512
558509
558504
558453
558448
558418
558406
558405
558401
558398
558392
558389
558380
558353
558353
558332
558321
558297
558291
558267
558261
558260
558259
558243
558234
558229
558215
558162
558157
558155
558143
558132
558127
558117
558108
558107
558100
558086
558082
558073
558055
558048
558040
558019
558018
558008
557985
557976
557960
557953
557950
557948
557929
557927
557926
557921
557917
557893
557877
557868
557867
557862
557849
557829
557829
557810
557804
557787
557784
557754
557736
557736
557717
557713
557703
557701
557700
557693
557684
557675
557674
557662
557661
557653
557650
557588
557582
557580
557555
557554
557542
557541
557530
557527
557505
557503
557494
557479
557475
557468
557468
557452
557437
557433
557431
557409
557400
557388
557387
557384
557370
557369
557353
557339
557331
557326
557316
557316
557313
557291
557288
557277
557269
557257
557255
557245
557234
557218
557178
557177
557168
557164
557150
557148
557145
557126
557124
557121
557105
557100
557093
557091
557078
557063
557055
557052
557048
557042
557035
557029
557002
557001
556996
556996
556988
556987
556980
556970
556963
556959
556940
556933
556923
556914
556910
556909
556889
556881
556881
556877
556873
556860
556842
556832
556821
556814
556795
556773
556769
556763
556758
556750
556747
556739
556736
556726
556724
556723
556721
556712
556670
556660
556653
556651
556644
556635
556619
556618
556580
556578
556577
556577
556565
556562
556553
556547
556535
556526
556523
556522
556512
556486
556481
556419
556405
556381
556376
556363
556354
556323
556321
556305
556304
556302
556301
556301
556300
556296
556290
556287
556286
556268
556267
556259
556252
556250
556248
556231
556221
556181
556164
556163
556159
556153
556120
556119
556116
556115
556103
556070
556067
556055
556037
556025
556007
556007
556004
555991
555991
555969
555957
555955
555946
555911
555904
555885
555879
555877
555863
555863
555857
555853
555840
555838
555828
555815
555812
555810
555795
555782
555753
555732
555718
555714
555710
555699
555691
555690
555626
555625
555623
555622
555618
555599
555581
555580
555580
555550
555516
555515
555487
555486
555467
555466
555453
555448
555440
555433
555396
555388
555385
555362
555359
555339
555335
555331
555324
555315
555303
555271
555265
555244
555234
555219
555199
555199
555198
555184
555183
555180
555154
555141
555136
555120
555113
555113
555111
555093
555052
555036
555025
554998
554993
554989
554978
554970
554969
554968
554926
554924
554922
554921
554917
554889
554870
554859
554834
554830
554819
554784
554780
554777
554775
554768
554755
554748
554743
554734
554732
554728
554726
554707
554706
554699
554695
554677
554665
554658
554650
554646
554633
554616
554605
554588
554588
554585
554583
554580
554576
554573
554568
554562
554556
554554
554551
554546
554544
554544
554541
554540
554533
554533
554530
554526
554515
554492
554492
554491
554476
554459
554454
554444
554436
554430
554429
554414
554407
554407
554397
554379
554376
554370
554345
554334
554330
554323
554320
554294
554269
554262
554248
554208
554186
554184
554180
554170
554166
554157
554153
554121
554116
554112
554099
554099
554099
554078
554077
554076
554069
554060
554057
554052
554048
554040
554038
554006
553997
553985
553976
553972
553967
553962
553954
553938
553937
553924
553920
553916
553909
553908
553897
553884
553875
553874
553858
553852
553849
553845
553842
553808
553800
553772
553763
553761
553758
553748
553720
553714
553708
553700
553698
553694
553693
553688
553674
553670
553648
553622
553615
553601
553595
553592
553592
553588
553576
553574
553556
553555
553553
553551
553550
553543
553528
553498
553497
553489
553489
553456
553397
553385
553374
553353
553319
553301
553301
553299
553286
553285
553274
553264
553246
553245
553242
553237
553233
553231
553215
553210
553209
553204
553195
553183
553163
553162
553122
553111
553107
553089
553086
553074
553071
553066
553049
553017
552991
552980
552977
552960
552950
552943
552939
552933
552918
552913
552905
552902
552893
552887
552881
552881
552877
552877
552871
552869
552857
552830
552822
552818
552783
552783
552776
552775
552759
552736
552708
552704
552689
552663
552663
552662
552658
552642
552632
552629
552626
552620
552619
552606
552604
552599
552574
552566
552551
552526
552518
552510
552505
552493
552488
552476
552454
552454
552436
552436
552428
552426
552424
552414
552411
552404
552389
552363
552330
552329
552322
552315
552309
552297
552296
552258
552242
552241
552227
552208
552202
552196
552192
552184
552179
552172
552156
552150
552133
552123
552058
552046
552034
552032
552016
552015
552011
551998
551998
551993
551987
551977
551966
551966
551934
551923
551920
551917
551907
551883
551863
551852
551846
551845
551844
551837
551834
551830
551828
551823
551821
551801
551783
551773
551758
551752
551747
551744
551722
551717
551717
551683
551656
551648
551637
551632
551622
551611
551604
551585
551569
551555
551547
551542
551533
551528
551526
551522
551519
551516
551512
551505
551504
551485
551482
551482
551480
551479
551476
551463
551444
551432
551430
551419
551415
551409
551400
551396
551393
551392
551386
551358
551354
551349
551335
551329
551322
551315
551306
551302
551297
551288
551277
551270
551254
551238
551234
551232
551226
551224
551218
551195
551190
551170
551168
551159
551155
551154
551145
551139
551123
551107
551101
551098
551093
551089
551087
551076
551075
551070
551045
551030
551027
551017
551015
551012
551012
551011
550997
550987
550986
550973
550967
550939
550922
550896
550885
550853
550815
550802
550776
550761
550755
550754
550754
550751
550725
550711
550695
550671
550670
550668
550667
550662
550646
550644
550640
550631
550622
550622
550618
550616
550611
550608
550600
550570
550568
550561
550559
550536
550534
550510
550478
550467
550438
550436
550421
550420
550416
550414
550403
550399
550384
550373
550363
550359
550356
550349
550334
550325
550317
550315
550297
550292
550288
550276
550276
550271
550229
550227
550220
550220
550219
550212
550210
550201
550194
550192
550185
550179
550177
550155
550134
550128
550102
550098
550098
550091
550087
550084
550073
550073
550061
550055
550049
550033
550027
550018
550009
549984
549963
549962
549955
549944
549936
549931
549909
549876
549866
549862
549858
549851
549839
549826
549817
549793
549770
549754
549750
549750
549747
549730
549722
549715
549708
549695
549660
549642
549612
549605
549600
549597
549594
549586
549583
549565
549564
549560
549552
549533
549526
549517
549515
549503
549500
549474
549473
549471
549463
549455
549448
549437
549420
549402
549393
549387
549386
549385
549365
549361
549358
549323
549313
549300
549296
549292
549290
549283
549269
549267
549267
549263
549255
549252
549252
549251
549247
549236
549226
549222
549219
549211
549209
549205
549201
549201
549198
549194
549182
549173
549172
549171
549170
549170
549167
549167
549160
549160
549157
549154
549144
549138
549136
549135
549134
549099
549093
549086
549055
549044
549041
549030
549017
549015
549002
548992
548982
548982
548924
548921
548919
548910
548900
548892
548884
548866
548861
548845
548840
548840
548819
548808
548805
548799
548798
548790
548782
548778
548776
548768
548767
548752
548748
548745
548737
548723
548723
548715
548710
548707
548695
548684
548678
548676
548667
548641
548634
548629
548620
548612
548610
548606
548598
548597
548595
548580
548569
548569
548562
548553
548553
548543
548540
548528
548510
548506
548504
548484
548484
548484
548482
548475
548468
548457
548451
548450
548445
548442
548439
548437
548432
548432
548428
548422
548421
548406
548397
548390
548382
548349
548349
548334
548322
548314
548309
548307
548307
548299
548288
548279
548274
548269
548264
548256
548230
548183
548182
548163
548159
548156
548134
548125
548111
548105
548084
548079
548075
548069
548066
548065
548061
548061
548058
548052
548047
548045
548044
548042
548040
548037
548032
547984
547973
547943
547938
547936
547925
547923
547921
547909
547899
547898
547892
547875
547870
547865
547865
547857
547854
547854
547851
547848
547840
547818
547817
547794
547791
547788
547776
547771
547771
547756
547755
547681
547681
547629
547593
547589
547551
547543
547530
547516
547511
547492
547483
547481
547458
547452
547446
547444
547442
547438
547436
547415
547405
547383
547380
547375
547373
547369
547365
547363
547351
547338
547324
547297
547287
547285
547274
547273
547271
547270
547252
547237
547228
547216
547210
547204
547199
547195
547182
547166
547153
547139
547135
547130
547122
547120
547119
547107
547088
547084
547070
547064
547063
547052
547047
547024
547023
547005
546985
546981
546972
546972
546971
546962
546959
546944
546938
546930
546929
546914
546908
546877
546872
546856
546848
546842
546822
546808
546802
546780
546755
546753
546729
546726
546722
546701
546700
546697
546696
546676
546647
546644
546642
546628
546618
546615
546608
546596
546592
546589
546582
546568
546550
546544
546529
546494
546482
546469
546456
546450
546446
546446
546439
546438
546431
546428
546425
546398
546395
546375
546368
546365
546335
546303
546301
546291
546277
546258
546244
546240
546235
546232
546220
546212
546209
546203
546159
546145
546142
546134
546133
546113
546095
546093
546052
546048
546044
546041
546039
546038
546038
546035
546028
546026
546023
546011
545998
545978
545971
545945
545936
545926
545925
545917
545910
545892
545878
545859
545852
545845
545844
545833
545825
545780
545778
545772
545740
545735
545713
545704
545683
545633
545631
545627
545619
545618
545615
545613
545610
545602
545582
545560
545550
545526
545525
545515
545494
545490
545481
545471
545464
545457
545444
545442
545441
545425
545424
545418
545379
545377
545375
545371
545362
545361
545314
545289
545282
545262
545256
545204
545197
545196
545190
545186
545180
545170
545164
545154
545149
545144
545140
545111
545102
545091
545088
545087
545086
545047
545045
545034
545008
544991
544990
544963
544962
544951
544947
544944
544939
544923
544898
544869
544867
544859
544844
544844
544837
544832
544826
544799
544794
544782
544779
544770
544766
544752
544737
544733
544706
544703
544699
544695
544691
544661
544651
544610
544608
544605
544602
544597
544596
544589
544587
544585
544564
544564
544555
544553
544543
544536
544527
544526
544505
544502
544471
544466
544464
544446
544435
544429
544422
544408
544405
544402
544387
544381
544372
544371
544353
544347
544337
544324
544317
544313
544307
544306
544304
544301
544291
544281
544269
544262
544262
544254
544235
544183
544177
544146
544140
544128
544127
544093
544090
544079
544060
544060
544040
544025
544025
544016
544013
544012
544003
543981
543978
543974
543960
543936
543923
543922
543919
543917
543904
543900
543893
543892
543884
543874
543872
543845
543837
543809
543807
543806
543806
543801
543784
543780
543779
543774
543766
543755
543711
543692
543667
543667
543653
543647
543634
543633
543631
543620
543610
543601
543601
543589
543587
543581
543579
543565
543565
543516
543500
543484
543481
543479
543464
543459
543443
543430
543413
543411
543390
543388
543374
543363
543362
543361
543359
543356
543343
543342
543337
543335
543322
543320
543318
543287
543283
543247
543234
543233
543209
543189
543187
543185
543183
543164
543156
543155
543152
543139
543138
543120
543083
543058
543047
543044
543039
543026
543023
543016
543011
543008
543008
542982
542949
542933
542927
542920
542913
542903
542902
542902
542880
542880
542879
542876
542869
542859
542853
542832
542826
542823
542823
542816
542804
542802
542767
542766
542742
542741
542734
542732
542725
542718
542688
542687
542665
542647
542644
542597
542583
542570
542568
542567
542552
542546
542537
542528
542528
542519
542508
542496
542463
542444
542440
542423
542373
542358
542347
542334
542315
542300
542274
542269
542251
542250
542227
542222
542213
542167
542158
542153
542147
542144
542133
542129
542115
542113
542113
542084
542083
542078
542065
542061
542051
542050
542012
542008
541998
541997
541987
541985
541958
541957
541952
541947
541946
541941
541940
541930
541924
541921
541904
541902
541901
541885
541884
541884
541880
541856
541847
541827
541820
541782
541770
541762
541754
541742
541686
541678
541674
541643
541633
541626
541620
541601
541601
541591
541591
541591
541582
541581
541574
541571
541568
541558
541556
541545
541533
541499
541474
541463
541446
541441
541425
541372
541361
541342
541320
541299
541264
541254
541254
541248
541239
541232
541216
541216
541188
541183
541178
541164
541145
541139
541137
541135
541118
541116
541110
541096
541092
541083
541078
541060
541044
541003
540979
540978
540977
540967
540955
540954
540952
540931
540930
540926
540918
540890
540842
540821
540812
540799
540796
540782
540756
540750
540734
540728
540716
540712
540710
540697
540686
540683
540673
540672
540663
540632
540629
540621
540614
540606
540589
540555
540544
540541
540534
540524
540514
540501
540498
540471
540423
540410
540406
540405
540404
540396
540380
540346
540345
540344
540341
540341
540323
540321
540320
540317
540316
540315
540308
540304
540299
540294
540274
540268
540257
540252
540237
540228
540172
540170
540169
540163
540153
540153
540151
540141
540135
540132
540132
540131
540129
540128
540127
540116
540105
540105
540098
540096
540092
540088
540067
540067
540066
540045
540041
540014
540005
539960
539955
539952
539951
539948
539943
539936
539925
539918
539902
539901
539898
539888
539885
539865
539860
539854
539825
539822
539815
539799
539797
539768
539766
539761
539759
539755
539753
539750
539740
539733
539699
539687
539671
539667
539665
539665
539657
539653
539650
539648
539646
539641
539629
539620
539612
539603
539593
539572
539529
539521
539515
539504
539496
539491
539486
539478
539477
539472
539464
539456
539422
539405
539394
539381
539372
539372
539370
539370
539367
539364
539356
539340
539338
539295
539274
539264
539245
539239
539219
539216
539209
539177
539169
539158
539139
539103
539101
539100
539094
539087
539083
539064
539060
539040
539016
539006
539006
539001
538990
538988
538973
538957
538954
538945
538943
538936
538936
538932
538880
538880
538879
538876
538866
538847
538825
538821
538819
538819
538814
538767
538759
538751
538745
538741
538726
538717
538708
538693
538691
538670
538630
538616
538594
538575
538573
538566
538560
538549
538543
538540
538525
538514
538512
538501
538500
538483
538483
538465
538455
538443
538441
538429
538423
538406
538403
538400
538390
538388
538384
538379
538377
538376
538370
538363
538361
538355
538344
538336
538336
538329
538284
538258
538250
538194
538182
538176
538174
538173
538152
538141
538139
538133
538127
538118
538114
538057
538052
538018
538014
538012
538011
537999
537989
537986
537975
537972
537961
537960
537952
537946
537943
537940
537938
537935
537925
537924
537921
537894
537881
537879
537869
537846
537844
537815
537811
537807
537804
537789
537784
537779
537777
537752
537745
537739
537735
537732
537717
537713
537705
537666
537658
537655
537652
537635
537607
537606
537581
537569
537568
537559
537550
537538
537533
537526
537524
537523
537504
537503
537484
537479
537418
537413
537384
537381
537371
537365
537354
537347
537342
537332
537325
537322
537317
537314
537305
537301
537290
537281
537275
537262
537250
537241
537221
537207
537196
537191
537164
537150
537148
537125
537113
537109
537077
537069
537056
537040
537026
537015
537014
537006
536995
536952
536948
536933
536909
536884
536880
536863
536860
536849
536840
536835
536818
536813
536812
536804
536793
536791
536790
536772
536765
536756
536753
536746
536739
536734
536733
536732
536730
536691
536686
536681
536671
536653
536626
536625
536623
536620
536616
536615
536603
536575
536569
536549
536544
536528
536524
536517
536497
536490
536469
536445
536442
536442
536441
536417
536407
536370
536369
536340
536339
536337
536316
536291
536284
536278
536271
536268
536262
536257
536255
536254
536253
536226
536214
536207
536193
536185
536177
536168
536157
536128
536122
536112
536109
536106
536104
536096
536049
536044
536042
536040
536037
536026
536019
536013
536000
535987
535975
535955
535946
535938
535934
535933
535921
535917
535909
535904
535902
535902
535890
535867
535861
535854
535839
535835
535813
535805
535797
535771
535760
535759
535750
535741
535724
535722
535718
535709
535691
535686
535676
535675
535674
535667
535663
535638
535621
535596
535592
535591
535581
535577
535572
535560
535551
535545
535535
535483
535475
535436
535431
535427
535418
535418
535416
535408
535407
535403
535402
535395
535391
535391
535387
535385
535383
535379
535365
535359
535354
535324
535314
535305
535285
535260
535253
535243
535240
535222
535214
535209
535205
535185
535183
535177
535173
535166
535153
535143
535123
535113
535104
535103
535099
535087
535080
535065
535065
535061
535054
535028
535020
535007
535005
535002
534988
534980
534930
534912
534908
534905
534904
534901
534895
534891
534887
534875
534868
534867
534864
534864
534850
534848
534845
534840
534816
534803
534797
534769
534764
534758
534758
534743
534731
534731
534715
534690
534669
534669
534661
534649
534639
534635
534618
534610
534607
534597
534593
534577
534573
534568
534558
534551
534536
534526
534525
534523
534521
534520
534517
534504
534501
534481
534472
534472
534462
534455
534442
534442
534437
534423
534409
534407
534407
534405
534394
534384
534383
534369
534360
534360
534357
534333
534303
534290
534236
534230
534215
534192
534192
534178
534173
534155
534100
534087
534052
534020
534012
534004
534003
533990
533957
533941
533938
533928
533915
533914
533911
533910
533905
533898
533895
533888
533882
533875
533873
533868
533867
533865
533859
533839
533838
533828
533795
533776
533764
533726
533714
533708
533706
533693
533692
533687
533667
533660
533655
533649
533645
533634
533624
533615
533607
533605
533586
533581
533566
533554
533544
533531
533476
533474
533466
533458
533447
533444
533430
533417
533386
533378
533376
533348
533345
533343
533341
533333
533319
533308
533306
533263
533255
533241
533229
533223
533204
533202
533189
533153
533137
533132
533122
533110
533100
533084
533083
533071
533051
533051
533043
533027
533026
533007
533002
532956
532949
532944
532943
532942
532921
532899
532886
532883
532876
532872
532843
532837
532821
532820
532776
532760
532707
532705
532701
532693
532685
532672
532672
532630
532620
532602
532568
532566
532561
532544
532535
532523
532509
532499
532499
532451
532440
532437
532417
532411
532400
532395
532390
532383
532378
532376
532363
532345
532344
532322
532320
532274
532272
532266
532252
532245
532244
532192
532165
532163
532152
532146
532132
532059
532011
531999
531995
531982
531975
531970
531960
531957
531953
531945
531944
531942
531941
531932
531930
531927
531894
531887
531880
531879
531878
531859
531845
531844
531840
531836
531821
531803
531788
531763
531756
531755
531743
531735
531732
531728
531715
531713
531699
531696
531687
531684
531665
531662
531661
531656
531649
531602
531597
531596
531580
531580
531576
531561
531547
531544
531535
531528
531521
531510
531498
531494
531494
531486
531482
531454
531429
531427
531421
531377
531335
531316
531313
531286
531281
531275
531246
531240
531240
531223
531184
531181
531177
531166
531153
531135
531119
531119
531111
531106
531104
531093
531063
531040
531029
531029
531012
531003
530986
530970
530968
530964
530959
530957
530936
530929
530927
530909
530900
530899
530868
530868
530868
530836
530823
530817
530804
530790
530772
530754
530754
530754
530744
530707
530669
530633
530625
530620
530609
530604
530601
530598
530564
530557
530548
530535
530527
530517
530506
530505
530485
530484
530482
530480
530476
530463
530461
530458
530437
530399
530377
530377
530375
530373
530373
530369
530366
530362
530333
530327
530313
530313
530303
530303
530296
530292
530280
530273
530263
530252
530231
530231
530227
530211
530208
530198
530190
530187
530158
530112
530106
530097
530095
530088
530079
530077
530068
530057
530046
530038
530031
530027
530017
530017
530001
529998
529977
529976
529955
529954
529937
529927
529913
529900
529899
529896
529895
529895
529876
529875
529864
529864
529857
529851
529850
529847
529845
529844
529844
529840
529830
529809
529803
529802
529798
529796
529788
529786
529764
529743
529733
529731
529721
529713
529707
529702
529702
529693
529673
529664
529661
529661
529636
529635
529633
529624
529608
529604
529601
529600
529578
529569
529559
529558
529513
529512
529508
529508
529500
529496
529493
529492
529473
529467
529444
529436
529436
529430
529410
529405
529396
529396
529393
529391
529385
529380
529376
529365
529360
529360
529359
529321
529320
529308
529284
529270
529244
529241
529217
529206
529195
529187
529165
529159
529157
529157
529156
529144
529123
529122
529120
529114
529108
529105
529102
529097
529085
529064
529050
529036
529027
529007
528994
528991
528985
528977
528972
528966
528966
528959
528944
528944
528923
528902
528898
528888
528868
528856
528849
528836
528832
528828
528808
528805
528786
528765
528765
528737
528733
528726
528711
528702
528696
528688
528649
528647
528644
528640
528632
528621
528616
528615
528614
528597
528597
528589
528588
528580
528564
528561
528529
528515
528510
528477
528472
528469
528459
528434
528427
528424
528419
528414
528400
528391
528366
528344
528322
528322
528315
528307
528306
528257
528251
528249
528227
528226
528214
528195
528190
528186
528181
528180
528171
528166
528161
528153
528130
528103
528089
528077
528063
528057
528052
528047
528043
528041
528040
528022
528005
528004
527932
527913
527904
527886
527884
527868
527865
527820
527813
527810
527793
527793
527772
527756
527749
527735
527730
527721
527710
527700
527696
527693
527682
527666
527663
527645
527644
527639
527628
527618
527584
527580
527572
527561
527559
527541
527524
527524
527506
527505
527492
527452
527429
527426
527397
527377
527376
527375
527369
527368
527351
527350
527335
527328
527325
527311
527305
527281
527281
527280
527258
527254
527254
527251
527248
527237
527221
527197
527188
527188
527172
527155
527154
527146
527133
527113
527089
527069
527062
527058
527052
527048
527027
527011
527004
527001
526995
526995
526987
526982
526971
526947
526926
526915
526912
526882
526881
526840
526836
526822
526787
526777
526753
526737
526735
526729
526720
526686
526660
526613
526609
526598
526591
526590
526575
526570
526566
526561
526544
526543
526529
526512
526501
526499
526489
526488
526485
526482
526477
526473
526472
526469
526467
526448
526445
526433
526432
526429
526419
526413
526412
526402
526396
526393
526392
526386
526383
526358
526352
526339
526336
526327
526313
526309
526293
526290
526279
526276
526269
526261
526257
526240
526236
526234
526232
526228
526194
526130
526124
526123
526121
526046
526033
525999
525982
525963
525959
525952
525951
525939
525926
525912
525910
525903
525897
525896
525889
525862
525862
525847
525846
525846
525838
525831
525830
525815
525804
525795
525793
525790
525776
525776
525742
525741
525726
525723
525694
525687
525677
525647
525622
525621
525611
525599
525591
525576
525563
525560
525553
525544
525543
525536
525534
525507
525494
525475
525471
525470
525462
525455
525440
525436
525430
525419
525391
525385
525378
525375
525374
525371
525370
525361
525355
525349
525349
525344
525342
525337
525334
525303
525291
525287
525285
525278
525260
525260
525258
525257
525237
525236
525225
525225
525225
525208
525205
525198
525178
525170
525150
525147
525114
525113
525104
525101
525095
525072
525069
525067
525065
525029
525018
524991
524973
524966
524957
524938
524937
524933
524906
524893
524885
524884
524879
524868
524868
524867
524867
524863
524851
524840
524834
524831
524825
524822
524820
524800
524780
524765
524759
524749
524749
524748
524738
524738
524725
524691
524680
524662
524657
524644
524624
524600
524597
524584
524567
524565
524560
524560
524552
524551
524530
524525
524504
524481
524480
524477
524473
524465
524458
524452
524438
524422
524413
524412
524405
524398
524389
524378
524363
524359
524358
524354
524348
524337
524327
524311
524309
524291
524291
524268
524267
524248
524235
524231
524228
524228
524209
524204
524202
524162
524157
524155
524143
524139
524125
524113
524104
524082
524082
524077
524071
524064
524060
524033
524026
524024
524020
524020
524018
524016
524014
524006
524001
523995
523986
523974
523954
523952
523939
523929
523924
523910
523906
523905
523897
523892
523860
523855
523852
523849
523839
523836
523834
523816
523813
523811
523803
523790
523789
523761
523708
523694
523662
523661
523651
523643
523642
523641
523613
523610
523608
523606
523602
523595
523593
523584
523574
523572
523561
523561
523545
523543
523535
523523
523519
523510
523510
523498
523489
523470
523469
523458
523457
523443
523425
523403
523401
523398
523385
523384
523380
523371
523363
523357
523355
523352
523350
523341
523336
523333
523327
523322
523321
523320
523318
523313
523307
523301
523300
523292
523292
523281
523272
523266
523235
523232
523223
523201
523195
523192
523191
523184
523181
523172
523168
523168
523155
523152
523149
523134
523125
523121
523117
523103
523092
523077
523074
523061
523054
523051
523031
523027
523022
522998
522993
522988
522943
522926
522902
522900
522893
522890
522881
522867
522859
522853
522846
522840
522810
522807
522802
522794
522792
522779
522776
522761
522745
522731
522721
522718
522700
522698
522685
522675
522673
522673
522671
522667
522660
522652
522650
522640
522639
522639
522634
522616
522614
522612
522601
522592
522582
522582
522581
522567
522563
522559
522555
522554
522550
522529
522517
522511
522509
522468
522459
522446
522432
522428
522405
522397
522384
522381
522377
522372
522363
522362
522360
522354
522336
522318
522318
522310
522305
522288
522280
522264
522235
522231
522229
522209
522195
522179
522178
522170
522169
522166
522160
522148
522147
522121
522114
522109
522095
522079
522053
522042
522037
522033
522030
522023
522018
521994
521991
521989
521988
521978
521963
521953
521930
521886
521881
521880
521867
521866
521864
521851
521842
521838
521831
521818
521805
521803
521797
521781
521767
521765
521758
521754
521751
521734
521712
521705
521678
521675
521674
521654
521616
521606
521593
521585
521571
521567
521554
521534
521524
521509
521505
521496
521488
521484
521477
521466
521466
521458
521455
521453
521451
521418
521402
521399
521396
521391
521375
521343
521338
521334
521326
521321
521317
521309
521287
521284
521272
521220
521194
521193
521184
521175
521123
521109
521100
521087
521080
521080
521074
521070
521065
521063
521063
521048
521041
521027
521025
521020
521020
521015
521013
521012
521007
521006
520980
520980
520967
520959
520952
520947
520885
520867
520846
520845
520834
520826
520822
520792
520777
520774
520772
520769
520769
520754
520740
520730
520727
520726
520722
520698
520689
520685
520683
520652
520644
520640
520632
520630
520627
520568
520562
520558
520546
520516
520508
520500
520497
520495
520494
520491
520488
520451
520442
520438
520438
520431
520430
520422
520419
520419
520399
520396
520393
520381
520377
520375
520370
520366
520355
520355
520351
520346
520327
520293
520263
520244
520240
520224
520224
520223
520202
520170
520166
520136
520128
520109
520109
520064
520058
520054
520054
520024
520019
520006
520002
519984
519980
519971
519947
519887
519887
519886
519886
519858
519858
519855
519855
519849
519847
519834
519827
519825
519779
519763
519758
519757
519751
519743
519738
519735
519733
519727
519666
519662
519660
519658
519651
519643
519634
519628
519628
519623
519612
519606
519602
519596
519596
519594
519583
519577
519568
519558
519554
519519
519496
519495
519480
519478
519467
519456
519444
519443
519431
519428
519428
519417
519404
519400
519398
519384
519379
519378
519369
519355
519344
519324
519302
519296
519294
519289
519281
519281
519276
519275
519268
519262
519247
519240
519233
519228
519227
519212
519205
519201
519200
519195
519190
519187
519182
519172
519171
519170
519168
519161
519157
519150
519147
519136
519136
519111
519107
519101
519096
519085
519079
519077
519066
519065
519055
519054
519052
519050
519050
519032
519029
519028
518962
518962
518962
518961
518948
518943
518934
518932
518926
518922
518893
518887
518886
518879
518872
518864
518860
518856
518849
518843
518842
518840
518836
518835
518815
518797
518797
518797
518791
518779
518771
518765
518753
518743
518741
518737
518722
518715
518709
518709
518704
518679
518668
518653
518643
518638
518614
518607
518596
518594
518594
518589
518579
518567
518565
518548
518529
518527
518516
518511
518507
518503
518490
518484
518480
518478
518467
518449
518448
518437
518430
518413
518406
518406
518354
518341
518329
518315
518313
518312
518302
518291
518290
518263
518258
518256
518247
518241
518215
518207
518190
518180
518163
518152
518139
518137
518121
518118
518103
518103
518099
518091
518082
518071
518060
518041
518004
517994
517989
517980
517956
517952
517949
517935
517921
517915
517914
517911
517864
517855
517837
517827
517824
517821
517817
517806
517801
517800
517792
517787
517770
517764
517760
517758
517754
517752
517750
517750
517731
517730
517718
517692
517690
517685
517676
517658
517649
517646
517645
517642
517639
517622
517620
517616
517613
517612
517604
517596
517593
517579
517577
517572
517569
517558
517557
517554
517553
517530
517527
517506
517500
517481
517459
517453
517440
517424
517419
517417
517411
517401
517393
517383
517383
517366
517366
517347
517345
517343
517340
517334
517324
517316
517295
517288
517271
517270
517254
517222
517220
517213
517206
517202
517198
517174
517147
517131
517129
517126
517093
517084
517082
517055
517054
517050
517028
517012
517001
516995
516984
516984
516982
516978
516950
516940
516935
516924
516919
516918
516917
516917
516907
516901
516899
516894
516890
516888
516884
516882
516880
516859
516847
516846
516844
516834
516831
516828
516827
516812
516785
516784
516782
516774
516766
516744
516742
516740
516738
516732
516718
516710
516694
516691
516689
516688
516647
516630
516624
516612
516587
516587
516584
516575
516571
516569
516568
516555
516553
516553
516534
516533
516531
516530
516518
516515
516514
516501
516488
516475
516471
516456
516455
516416
516413
516408
516367
516346
516325
516296
516294
516287
516254
516237
516237
516221
516213
516182
516182
516177
516158
516157
516152
516149
516148
516146
516144
516133
516106
516104
516102
516092
516076
516028
516013
516001
515998
515986
515985
515980
515971
515958
515939
515926
515907
515904
515902
515899
515892
515884
515857
515856
515824
515808
515807
515800
515800
515786
515780
515780
515779
515767
515764
515763
515759
515756
515752
515741
515740
515736
515724
515715
515700
515684
515678
515674
515667
515666
515641
515636
515628
515625
515621
515614
515583
515562
515559
515542
515519
515511
515502
515502
515472
515453
515445
515432
515392
515377
515370
515358
515347
515341
515339
515318
515305
515301
515281
515280
515273
515265
515263
515259
515239
515237
515237
515219
515209
515206
515202
515194
515180
515174
515171
515154
515133
515115
515091
515077
515075
515075
515072
515071
515070
515067
515053
515052
515044
515028
515027
515019
515003
514990
514982
514971
514964
514956
514947
514939
514921
514910
514898
514885
514884
514882
514881
514847
514845
514832
514828
514827
514816
514811
514806
514797
514795
514766
514757
514756
514737
514710
514698
514669
514660
514656
514653
514642
514638
514637
514633
514605
514591
514568
514565
514537
514531
514519
514516
514510
514500
514490
514485
514479
514473
514457
514442
514438
514431
514428
514418
514418
514414
514389
514388
514383
514371
514361
514310
514302
514296
514294
514288
514285
514273
514260
514255
514255
514254
514232
514231
514226
514206
514189
514178
514173
514161
514150
514149
514124
514124
514122
514117
514117
514104
514100
514094
514091
514083
514075
514063
514053
514048
514046
514033
514029
514028
514026
514020
513998
513991
513968
513954
513951
513950
513946
513933
513924
513922
513916
513911
513910
513895
513864
513863
513855
513852
513843
513842
513834
513820
513815
513770
513751
513746
513730
513727
513715
513711
513705
513702
513701
513699
513698
513684
513679
513671
513656
513641
513640
513620
513617
513603
513590
513581
513577
513550
513549
513549
513543
513541
513540
513539
513530
513524
513512
513510
513495
513481
513468
513458
513457
513455
513454
513449
513443
513440
513434
513424
513422
513408
513402
513401
513396
513395
513385
513341
513326
513314
513290
513283
513279
513271
513268
513265
513249
513236
513229
513228
513211
513206
513192
513181
513177
513159
513141
513139
513138
513138
513128
513125
513124
513108
513088
513074
513056
513055
513040
513038
513038
513032
513021
513016
513002
512991
512976
512965
512961
512958
512957
512941
512923
512923
512920
512919
512914
512889
512884
512883
512876
512867
512863
512834
512827
512814
512813
512803
512790
512771
512769
512764
512746
512734
512733
512731
512719
512703
512691
512687
512680
512679
512662
512662
512638
512626
512589
512583
512582
512570
512569
512561
512488
512487
512464
512457
512441
512435
512425
512412
512406
512405
512402
512393
512369
512369
512358
512347
512336
512326
512305
512276
512265
512263
512259
512253
512246
512232
512228
512223
512220
512204
512185
512180
512176
512156
512151
512128
512125
512117
512116
512110
512100
512091
512083
512063
512057
512044
512043
512042
512033
512008
511977
511971
511956
511943
511938
511932
511915
511904
511896
511886
511869
511862
511860
511856
511855
511843
511843
511841
511839
511804
511804
511793
511792
511791
511785
511784
511762
511762
511760
511756
511743
511712
511710
511704
511688
511680
511672
511665
511652
511631
511615
511608
511592
511586
511580
511574
511567
511552
511550
511550
511531
511518
511511
511506
511465
511440
511436
511435
511432
511431
511419
511410
511408
511400
511374
511370
511370
511365
511346
511339
511338
511316
511316
511308
511307
511267
511262
511260
511246
511245
511243
511234
511227
511216
511209
511186
511175
511168
511162
511159
511138
511133
511133
511121
511105
511084
511061
511057
511055
511051
511042
511034
511027
511010
511002
510966
510956
510954
510936
510934
510931
510912
510912
510911
510908
510907
510891
510889
510871
510869
510863
510862
510858
510851
510847
510845
510840
510826
510814
510802
510788
510774
510753
510750
510740
510734
510733
510720
510708
510682
510680
510679
510678
510672
510671
510663
510661
510655
510651
510636
510634
510622
510608
510594
510590
510577
510566
510552
510543
510517
510516
510504
510494
510454
510435
510426
510399
510384
510374
510366
510355
510340
510338
510328
510323
510302
510296
510292
510284
510280
510278
510274
510251
510246
510243
510229
510229
510221
510211
510207
510203
510190
510187
510187
510186
510185
510183
510179
510166
510165
510150
510140
510131
510106
510105
510101
510096
510083
510081
510080
510069
510064
510063
510063
510058
510053
510035
510021
510005
509991
509989
509988
509976
509972
509967
509966
509950
509937
509930
509908
509902
509900
509891
509881
509880
509810
509806
509788
509786
509769
509757
509742
509725
509716
509708
509693
509693
509692
509681
509651
509646
509646
509643
509638
509611
509595
509593
509593
509586
509583
509582
509565
509564
509559
509555
509552
509548
509543
509542
509526
509519
509515
509507
509503
509498
509488
509483
509481
509467
509464
509459
509422
509412
509409
509406
509403
509402
509389
509357
509343
509330
509306
509291
509287
509271
509266
509259
509245
509237
509230
509203
509183
509183
509179
509171
509161
509147
509144
509139
509132
509131
509126
509118
509117
509115
509114
509100
509100
509069
509063
509058
509043
509015
509002
508995
508995
508993
508946
508940
508926
508922
508896
508884
508870
508866
508865
508850
508820
508819
508815
508813
508804
508804
508788
508778
508758
508751
508749
508747
508746
508736
508719
508707
508693
508687
508667
508659
508651
508647
508638
508635
508627
508627
508615
508605
508592
508588
508572
508552
508543
508540
508512
508508
508506
508495
508483
508481
508481
508474
508456
508445
508430
508427
508408
508408
508396
508383
508367
508360
508339
508333
508329
508329
508325
508321
508293
508285
508284
508274
508273
508264
508263
508256
508214
508198
508182
508179
508148
508140
508133
508127
508115
508082
508037
508027
508011
508009
508005
508005
507988
507956
507947
507933
507928
507922
507894
507883
507877
507876
507871
507859
507851
507844
507834
507830
507824
507821
507815
507810
507809
507806
507791
507763
507760
507753
507749
507743
507732
507716
507709
507697
507695
507694
507646
507617
507609
507604
507603
507592
507585
507575
507567
507555
507552
507545
507539
507535
507519
507515
507484
507466
507457
507418
507416
507414
507407
507389
507375
507369
507368
507359
507341
507336
507326
507288
507287
507278
507273
507266
507261
507254
507238
507221
507212
507206
507204
507204
507195
507188
507186
507157
507155
507151
507140
507126
507108
507105
507105
507096
507088
507071
507067
507056
507056
507027
507026
507005
507004
506998
506987
506983
506981
506965
506964
506945
506944
506935
506934
506922
506921
506919
506911
506888
506880
506865
506855
506847
506824
506812
506797
506783
506782
506770
506756
506752
506751
506750
506750
506747
506728
506719
506718
506713
506709
506708
506693
506693
506681
506676
506665
506661
506658
506646
506637
506618
506613
506611
506604
506602
506588
506587
506582
506568
506555
506543
506500
506484
506475
506473
506467
506454
506414
506410
506402
506398
506351
506345
506332
506308
506301
506282
506262
506251
506212
506211
506200
506194
506192
506180
506178
506153
506152
506151
506148
506140
506117
506110
506092
506083
506082
506080
506079
506076
506069
506060
506051
506047
506045
506031
506023
506016
506006
506003
505997
505987
505982
505971
505962
505938
505937
505936
505923
505918
505910
505888
505881
505877
505875
505867
505861
505861
505859
505857
505848
505848
505846
505836
505833
505820
505797
505779
505775
505772
505771
505745
505739
505735
505733
505733
505727
505716
505695
505694
505673
505661
505652
505611
505603
505599
505599
505598
505586
505581
505571
505563
505556
505552
505550
505547
505531
505515
505509
505508
505506
505501
505492
505482
505479
505477
505468
505459
505417
505405
505389
505388
505377
505370
505357
505357
505343
505338
505308
505289
505278
505274
505265
505265
505252
505246
505245
505236
505234
505231
505203
505194
505177
505130
505125
505124
505106
505096
505092
505065
505058
505052
505047
505038
505023
505008
505003
504996
504994
504988
504953
504947
504894
504893
504892
504890
504877
504864
504857
504856
504854
504849
504839
504831
504823
504819
504806
504778
504755
504746
504742
504706
504692
504683
504672
504664
504656
504652
504644
504628
504627
504608
504579
504574
504559
504550
504542
504522
504513
504500
504493
504489
504473
504470
504451
504443
504437
504421
504417
504374
504373
504371
504369
504350
504336
504334
504315
504315
504301
504299
504292
504278
504273
504263
504236
504236
504234
504232
504204
504202
504185
504184
504183
504182
504161
504147
504141
504110
504106
504096
504073
504067
504057
504057
504052
504050
504043
504039
504036
504021
504012
503999
503993
503988
503973
503967
503961
503946
503939
503936
503934
503917
503892
503883
503868
503866
503857
503814
503812
503809
503798
503789
503788
503783
503772
503749
503749
503742
503726
503702
503675
503656
503656
503653
503631
503619
503609
503583
503571
503565
503552
503540
503523
503520
503516
503506
503474
503465
503450
503430
503430
503413
503396
503370
503352
503346
503326
503318
503317
503314
503302
503273
503260
503250
503205
503199
503172
503164
503163
503143
503097
503093
503093
503090
503082
503079
503078
503069
503037
503034
503028
503003
502983
502970
502969
502941
502940
502933
502922
502908
502904
502904
502903
502902
502895
502885
502878
502869
502869
502866
502866
502821
502817
502812
502792
502788
502773
502769
502739
502737
502731
502722
502717
502714
502701
502689
502678
502672
502658
502654
502640
502627
502612
502602
502593
502587
502584
502578
502578
502576
502541
502522
502516
502501
502490
502477
502471
502460
502457
502439
502430
502424
502421
502419
502414
502411
502401
502398
502376
502371
502370
502364
502340
502329
502326
502323
502322
502304
502302
502299
502289
502285
502270
502238
502237
502231
502207
502200
502189
502185
502182
502176
502171
502170
502167
502158
502106
502103
502086
502071
502070
502063
502055
502042
502022
502018
501982
501973
501968
501955
501929
501910
501899
501881
501870
501868
501846
501824
501817
501811
501784
501782
501761
501755
501750
501748
501736
501727
501723
501713
501702
501701
501695
501689
501677
501647
501647
501639
501618
501596
501596
501591
501570
501563
501560
501497
501487
501483
501479
501476
501468
501461
501460
501455
501449
501421
501389
501388
501387
501378
501375
501335
501331
501305
501298
501297
501292
501292
501287
501279
501274
501272
501254
501253
501232
501231
501222
501221
501215
501194
501193
501178
501173
501167
501159
501145
501139
501134
501130
501122
501119
501118
501117
501113
501112
501108
501105
501100
501086
501044
501029
501015
501014
501010
501007
501003
500995
500987
500986
500982
500981
500972
500955
500955
500949
500929
500905
500900
500880
500877
500867
500864
500854
500837
500812
500801
500779
500757
500751
500751
500744
500742
500734
500733
500720
500708
500707
500707
500694
500681
500673
500669
500668
500662
500660
500655
500622
500619
500618
500610
500604
500597
500588
500583
500573
500572
500545
500534
500527
500505
500478
500475
500468
500465
500463
500452
500451
500445
500444
500442
500429
500422
500420
500416
500415
500413
500411
500401
500396
500376
500355
500351
500350
500314
500302
500295
500290
500290
500256
500248
500220
500210
500210
500204
500178
500165
500153
500132
500118
500112
500107
500104
500102
500097
500076
500070
500064
500064
500052
500031
500020
500014
500011
500007
499999
499995
499981
499978
499973
499965
499962
499955
499944
499935
499931
499910
499903
499896
499889
499885
499870
499856
499854
499845
499844
499836
499830
499824
499821
499811
499787
499783
499781
499779
499755
499746
499743
499742
499737
499725
499716
499709
499701
499694
499689
499663
499652
499642
499641
499633
499632
499627
499608
499607
499606
499605
499593
499584
499578
499575
499569
499560
499558
499551
499542
499541
499536
499524
499516
499502
499495
499487
499483
499477
499465
499446
499443
499435
499432
499378
499376
499363
499362
499353
499349
499348
499342
499317
499315
499313
499310
499300
499299
499278
499274
499261
499248
499235
499220
499210
499208
499198
499190
499190
499174
499141
499140
499136
499107
499101
499098
499082
499080
499075
499052
499050
499039
499029
499006
499001
498997
498982
498979
498969
498948
498917
498915
498914
498912
498910
498893
498876
498870
498838
498834
498825
498824
498817
498812
498806
498787
498784
498768
498765
498756
498737
498734
498732
498729
498727
498726
498713
498692
498689
498688
498649
498646
498643
498631
498628
498622
498613
498607
498602
498592
498579
498577
498569
498549
498519
498464
498446
498435
498421
498418
498417
498415
498411
498407
498399
498396
498395
498387
498383
498383
498342
498340
498333
498330
498330
498284
498267
498263
498252
498250
498123
498121
498119
498100
498094
498084
498076
498076
498039
498000
497992
497968
497957
497955
497943
497942
497934
497928
497921
497920
497917
497912
497907
497878
497871
497867
497863
497861
497855
497833
497819
497815
497799
497798
497784
497771
497739
497739
497727
497726
497691
497688
497687
497683
497680
497661
497654
497648
497646
497632
497614
497613
497599
497586
497586
497584
497540
497538
497534
497533
497526
497470
497456
497454
497440
497435
497423
497420
497403
497379
497371
497351
497346
497338
497322
497314
497313
497287
497254
497239
497238
497200
497180
497153
497145
497145
497142
497123
497122
497108
497094
497090
497083
497080
497080
497071
497065
497053
497053
497018
497017
496994
496986
496975
496971
496950
496945
496941
496931
496931
496918
496915
496897
496881
496879
496872
496870
496870
496869
496843
496842
496838
496832
496820
496813
496795
496791
496791
496788
496780
496764
496761
496759
496755
496739
496736
496720
496719
496715
496714
496706
496699
496697
496695
496690
496683
496679
496669
496612
496604
496602
496585
496582
496568
496567
496563
496550
496531
496529
496527
496505
496501
496496
496491
496452
496451
496445
496434
496422
496410
496400
496390
496384
496369
496366
496364
496364
496334
496316
496305
496283
496280
496275
496261
496246
496240
496223
496219
496202
496198
496196
496170
496167
496166
496163
496128
496126
496108
496083
496067
496066
496055
496037
496026
496009
495976
495959
495955
495937
495928
495906
495901
495887
495883
495854
495852
495832
495832
495824
495821
495788
495786
495776
495770
495745
495740
495709
495684
495684
495683
495682
495680
495680
495678
495658
495637
495636
495628
495628
495616
495608
495598
495584
495580
495580
495578
495505
495503
495501
495499
495493
495477
495476
495476
495474
495471
495470
495469
495455
495445
495413
495388
495384
495381
495369
495366
495346
495328
495307
495304
495285
495272
495269
495266
495250
495238
495222
495220
495198
495190
495173
495142
495131
495121
495118
495115
495113
495113
495105
495091
495079
495078
495042
495041
495013
495005
494980
494973
494972
494970
494954
494952
494939
494929
494925
494920
494918
494918
494914
494913
494902
494895
494857
494855
494854
494848
494835
494830
494814
494806
494774
494769
494758
494755
494744
494742
494737
494731
494728
494723
494713
494712
494710
494709
494703
494659
494656
494630
494625
494624
494624
494607
494588
494586
494586
494575
494565
494537
494536
494526
494505
494493
494489
494486
494486
494470
494456
494445
494425
494417
494403
494395
494394
494391
494381
494379
494368
494347
494340
494337
494335
494322
494316
494306
494280
494279
494275
494239
494219
494215
494214
494201
494187
494183
494175
494171
494165
494118
494108
494105
494088
494081
494068
494056
494047
494038
494037
494024
494019
494014
494010
494003
493996
493990
493985
493969
493966
493962
493956
493952
493952
493949
493936
493915
493903
493892
493887
493882
493867
493866
493847
493847
493841
493835
493832
493816
493814
493813
493786
493785
493783
493753
493693
493682
493670
493669
493661
493654
493643
493626
493620
493614
493574
493546
493544
493542
493541
493536
493518
493504
493498
493467
493466
493462
493461
493458
493430
493406
493403
493396
493350
493346
493336
493324
493311
493310
493303
493280
493269
493266
493261
493249
493228
493181
493179
493179
493173
493173
493168
493158
493149
493140
493129
493116
493112
493111
493108
493087
493084
493074
493062
493026
493024
493012
492985
492979
492969
492968
492944
492931
492917
492905
492877
492835
492829
492826
492811
492807
492791
492785
492777
492768
492766
492765
492742
492731
492726
492718
492718
492714
492702
492698
492672
492660
492648
492642
492640
492633
492628
492616
492614
492578
492563
492557
492554
492544
492531
492526
492519
492518
492516
492493
492486
492485
492478
492472
492464
492423
492421
492393
492387
492384
492381
492375
492369
492367
492345
492342
492342
492313
492308
492305
492296
492292
492289
492262
492262
492262
492247
492205
492201
492198
492195
492194
492192
492182
492180
492179
492153
492151
492145
492136
492128
492121
492119
492078
492078
492070
492061
492058
492031
492028
492019
492013
492011
492010
492000
491994
491989
491981
491967
491947
491940
491929
491918
491903
491891
491881
491870
491859
491855
491831
491824
491807
491799
491798
491788
491774
491772
491750
491743
491742
491739
491725
491719
491711
491710
491699
491691
491690
491689
491687
491680
491655
491654
491646
491634
491613
491612
491610
491604
491582
491581
491577
491568
491566
491561
491540
491540
491537
491517
491501
491487
491477
491475
491435
491434
491432
491414
491409
491406
491397
491386
491383
491383
491380
491379
491376
491375
491367
491349
491340
491339
491335
491334
491324
491315
491312
491305
491302
491301
491261
491259
491250
491241
491236
491222
491220
491219
491201
491193
491175
491149
491136
491128
491128
491123
491113
491112
491108
491095
491052
491051
491045
491043
491043
491029
491012
490988
490986
490933
490882
490881
490864
490859
490852
490848
490835
490829
490823
490819
490817
490817
490814
490807
490806
490796
490790
490786
490784
490771
490766
490765
490762
490738
490716
490714
490697
490697
490670
490666
490648
490646
490636
490634
490626
490614
490605
490603
490563
490560
490547
490543
490537
490535
490529
490523
490521
490505
490505
490483
490483
490457
490451
490450
490435
490433
490401
490389
490387
490381
490368
490352
490338
490338
490335
490326
490311
490296
490271
490229
490226
490218
490217
490215
490212
490195
490194
490192
490189
490186
490182
490172
490170
490163
490161
490160
490160
490149
490143
490131
490127
490124
490122
490118
490118
490086
490085
490080
490070
490070
490065
490063
490052
490051
490029
490027
490019
489986
489975
489964
489939
489922
489898
489894
489890
489871
489867
489860
489846
489844
489836
489798
489797
489796
489769
489767
489756
489734
489732
489726
489708
489702
489697
489672
489671
489666
489654
489652
489641
489639
489621
489594
489588
489585
489570
489569
489545
489538
489537
489529
489527
489524
489519
489516
489485
489484
489470
489454
489448
489440
489417
489412
489389
489382
489378
489373
489372
489364
489355
489342
489334
489326
489325
489308
489304
489303
489289
489282
489258
489245
489221
489184
489157
489148
489140
489112
489087
489079
489070
489046
489045
489017
489016
489011
489007
489006
488981
488975
488974
488965
488964
488954
488953
488935
488934
488930
488929
488927
488927
488909
488883
488876
488858
488858
488834
488826
488822
488807
488803
488792
488792
488785
488780
488764
488762
488760
488752
488745
488734
488731
488724
488721
488713
488710
488698
488692
488682
488682
488676
488672
488641
488635
488622
488606
488595
488587
488579
488576
488558
488550
488544
488537
488533
488524
488491
488482
488479
488476
488438
488433
488423
488410
488401
488401
488401
488392
488391
488376
488360
488356
488355
488343
488340
488339
488333
488331
488324
488318
488310
488304
488286
488279
488261
488254
488254
488247
488241
488238
488230
488227
488208
488200
488199
488167
488165
488159
488158
488155
488136
488129
488122
488094
488080
488077
488070
488068
488048
488044
488036
488033
488018
488014
488013
488009
488002
487989
487985
487976
487968
487965
487955
487945
487926
487915
487911
487904
487902
487862
487861
487840
487838
487838
487793
487764
487741
487739
487713
487700
487697
487688
487680
487676
487672
487654
487646
487638
487635
487619
487612
487581
487568
487567
487563
487562
487559
487531
487530
487516
487514
487503
487502
487490
487488
487479
487469
487467
487465
487439
487436
487429
487427
487404
487389
487387
487361
487346
487331
487325
487317
487305
487300
487293
487281
487246
487223
487219
487219
487219
487204
487190
487187
487185
487180
487167
487154
487138
487134
487120
487103
487095
487092
487090
487088
487086
487085
487079
487061
487051
487048
487045
487045
487040
487031
487027
487021
486988
486976
486973
486968
486967
486967
486963
486955
486946
486935
486914
486912
486906
486899
486887
486886
486881
486873
486873
486862
486859
486856
486843
486833
486786
486764
486763
486760
486759
486748
486737
486729
486711
486679
486661
486658
486655
486625
486592
486588
486554
486545
486498
486482
486479
486478
486463
486449
486435
486428
486423
486414
486412
486402
486402
486391
486387
486382
486339
486338
486336
486333
486330
486326
486324
486317
486305
486298
486280
486268
486268
486258
486253
486253
486244
486221
486213
486208
486205
486201
486200
486199
486180
486177
486174
486171
486167
486160
486155
486153
486144
486130
486094
486092
486070
485977
485966
485938
485932
485931
485930
485920
485917
485892
485891
485889
485870
485857
485850
485840
485836
485833
485820
485805
485781
485776
485774
485767
485762
485747
485743
485742
485741
485711
485711
485707
485705
485701
485681
485675
485673
485671
485670
485663
485659
485652
485621
485612
485608
485606
485604
485594
485589
485589
485585
485576
485574
485552
485539
485515
485502
485497
485494
485477
485441
485428
485398
485398
485397
485397
485330
485329
485325
485315
485300
485286
485266
485264
485261
485260
485258
485253
485247
485242
485240
485234
485229
485217
485210
485196
485193
485178
485159
485154
485146
485121
485107
485105
485095
485093
485091
485087
485075
485068
485068
485060
485045
485036
485026
485025
485024
485020
485009
485004
484971
484971
484962
484959
484956
484950
484948
484942
484929
484926
484889
484888
484883
484860
484841
484841
484836
484835
484830
484820
484816
484807
484806
484795
484788
484777
484774
484760
484751
484723
484696
484679
484672
484660
484635
484611
484611
484586
484579
484577
484574
484567
484559
484517
484516
484516
484509
484507
484493
484482
484482
484476
484467
484467
484449
484434
484433
484428
484416
484411
484390
484362
484348
484309
484299
484295
484287
484287
484284
484280
484278
484268
484267
484260
484255
484255
484254
484241
484214
484205
484203
484180
484174
484161
484140
484131
484110
484106
484088
484086
484078
484077
484058
484037
484036
484028
484017
484012
483992
483988
483979
483961
483956
483928
483922
483914
483911
483893
483884
483879
483864
483854
483849
483848
483839
483826
483811
483786
483782
483782
483781
483763
483740
483734
483717
483689
483688
483685
483679
483670
483664
483659
483656
483655
483648
483641
483632
483616
483608
483603
483598
483580
483574
483571
483557
483533
483521
483513
483505
483505
483502
483456
483443
483441
483424
483411
483393
483373
483355
483344
483267
483247
483235
483234
483228
483219
483210
483207
483203
483198
483174
483163
483156
483153
483109
483102
483101
483098
483095
483086
483084
483073
483066
483058
483057
483040
483036
483026
483025
483020
483014
483007
482982
482967
482963
482934
482915
482910
482883
482878
482868
482856
482851
482839
482839
482837
482805
482799
482790
482780
482778
482771
482770
482767
482757
482751
482744
482742
482741
482736
482730
482685
482683
482682
482677
482649
482635
482632
482627
482619
482618
482613
482583
482553
482548
482547
482546
482541
482521
482520
482513
482512
482511
482477
482472
482465
482462
482449
482441
482432
482428
482428
482421
482417
482416
482412
482368
482362
482347
482343
482338
482321
482316
482295
482295
482293
482291
482286
482280
482279
482261
482202
482177
482173
482145
482138
482137
482129
482127
482117
482107
482089
482080
482068
482063
482062
482038
482034
482019
481992
481991
481988
481979
481975
481973
481939
481920
481916
481891
481870
481858
481811
481796
481796
481782
481765
481760
481758
481734
481728
481716
481710
481690
481683
481679
481673
481670
481665
481613
481610
481578
481554
481553
481547
481537
481536
481509
481505
481499
481499
481497
481486
481470
481464
481461
481436
481434
481417
481414
481383
481369
481358
481338
481307
481301
481271
481262
481257
481254
481243
481235
481231
481214
481204
481194
481174
481173
481163
481158
481129
481129
481096
481086
481069
481069
481066
481064
481059
481040
481014
480991
480990
480987
480967
480954
480953
480933
480928
480923
480900
480897
480890
480864
480861
480848
480846
480842
480828
480819
480817
480763
480756
480753
480742
480694
480692
480682
480681
480657
480648
480645
480629
480628
480621
480617
480615
480608
480605
480603
480602
480589
480581
480580
480565
480561
480505
480491
480486
480483
480469
480467
480455
480453
480442
480437
480432
480419
480417
480410
480402
480394
480385
480380
480346
480326
480325
480317
480315
480304
480285
480274
480266
480262
480262
480223
480166
480155
480144
480141
480132
480131
480129
480124
480113
480108
480095
480092
480080
480071
480058
480051
480040
480023
480021
480020
480016
480015
480007
479987
479963
479959
479947
479940
479933
479922
479897
479888
479868
479862
479828
479821
479819
479817
479816
479785
479772
479761
479754
479753
479743
479741
479731
479719
479705
479686
479679
479668
479650
479638
479616
479605
479593
479588
479581
479578
479576
479575
479559
479550
479550
479525
479517
479514
479503
479496
479487
479475
479470
479463
479460
479421
479421
479419
479413
479395
479365
479359
479347
479346
479333
479333
479329
479324
479322
479280
479278
479276
479260
479235
479228
479190
479179
479150
479149
479139
479115
479102
479101
479097
479073
479058
479049
479048
479032
479026
479025
479015
479014
479003
478984
478983
478971
478962
478962
478959
478957
478948
478911
478897
478891
478883
478873
478869
478861
478859
478857
478854
478852
478844
478829
478810
478807
478799
478797
478758
478757
478750
478739
478724
478702
478697
478689
478686
478656
478640
478620
478613
478612
478601
478598
478571
478560
478550
478548
478515
478468
478462
478426
478424
478417
478411
478403
478367
478360
478350
478337
478329
478328
478322
478315
478308
478293
478292
478266
478257
478255
478235
478233
478172
478170
478157
478129
478117
478113
478083
478080
478079
478031
478022
478015
478006
478001
477999
477976
477972
477967
477967
477953
477947
477936
477932
477924
477917
477916
477913
477910
477909
477902
477899
477894
477893
477889
477887
477884
477883
477853
477822
477816
477798
477779
477775
477744
477739
477731
477720
477720
477711
477707
477675
477660
477657
477655
477649
477648
477628
477623
477611
477610
477603
477597
477565
477548
477515
477507
477502
477497
477495
477494
477493
477492
477475
477460
477438
477436
477421
477417
477415
477413
477383
477378
477375
477375
477347
477340
477339
477336
477332
477328
477263
477239
477191
477185
477173
477170
477169
477168
477154
477154
477153
477140
477139
477131
477124
477040
477036
477023
477022
476979
476973
476972
476970
476969
476939
476938
476930
476904
476903
476902
476894
476872
476867
476849
476849
476844
476843
476802
476791
476788
476776
476772
476771
476739
476733
476726
476720
476720
476715
476700
476684
476658
476657
476644
476643
476619
476617
476581
476581
476577
476571
476559
476557
476552
476548
476507
476483
476468
476451
476437
476408
476403
476396
476386
476376
476353
476352
476352
476344
476337
476329
476326
476325
476305
476298
476283
476282
476278
476277
476276
476270
476270
476241
476207
476199
476196
476194
476181
476173
476169
476165
476164
476161
476146
476145
476111
476109
476084
476053
476053
476052
476031
476014
476011
475992
475982
475974
475965
475961
475953
475951
475932
475924
475904
475872
475867
475850
475850
475836
475836
475826
475810
475808
475793
475793
475784
475757
475742
475729
475729
475720
475701
475700
475695
475694
475689
475686
475682
475672
475658
475655
475649
475643
475636
475631
475621
475597
475593
475586
475577
475570
475537
475522
475514
475489
475480
475479
475477
475456
475445
475430
475421
475413
475411
475409
475400
475394
475393
475392
475388
475382
475378
475372
475371
475353
475322
475306
475299
475296
475273
475267
475267
475263
475260
475236
475231
475221
475217
475214
475207
475203
475192
475191
475171
475170
475153
475151
475148
475145
475137
475124
475124
475122
475111
475106
475100
475099
475088
475087
475069
475033
475025
475022
475018
474996
474976
474970
474953
474942
474941
474940
474929
474928
474884
474871
474869
474866
474854
474851
474830
474813
474789
474776
474766
474760
474753
474746
474739
474733
474718
474716
474707
474690
474683
474661
474656
474654
474654
474653
474651
474624
474615
474597
474575
474567
474562
474549
474537
474531
474507
474506
474505
474500
474483
474479
474471
474470
474459
474457
474455
474453
474451
474432
474418
474412
474411
474404
474404
474395
474381
474378
474367
474362
474354
474340
474340
474330
474326
474326
474318
474288
474252
474250
474247
474222
474221
474208
474186
474183
474178
474153
474149
474145
474142
474122
474116
474107
474105
474099
474099
474075
474058
474027
474008
474001
474001
473996
473995
473993
473970
473964
473961
473942
473922
473909
473888
473883
473872
473860
473830
473813
473809
473805
473801
473780
473773
473751
473735
473721
473718
473716
473713
473694
473674
473663
473659
473651
473644
473622
473601
473590
473585
473581
473561
473546
473541
473519
473514
473513
473510
473493
473491
473481
473462
473445
473409
473354
473343
473334
473324
473322
473293
473268
473267
473266
473248
473244
473225
473221
473216
473215
473180
473157
473149
473142
473138
473125
473123
473119
473117
473112
473104
473102
473090
473083
473080
473035
473007
473002
472985
472966
472960
472958
472951
472948
472909
472904
472899
472874
472872
472872
472866
472853
472828
472816
472803
472785
472785
472774
472773
472770
472756
472740
472732
472725
472719
472715
472710
472701
472696
472682
472661
472658
472608
472600
472595
472595
472594
472582
472577
472570
472563
472540
472526
472524
472511
472506
472503
472498
472492
472487
472471
472470
472467
472460
472455
472433
472431
472421
472417
472412
472392
472359
472345
472335
472312
472305
472300
472290
472283
472265
472264
472254
472248
472234
472223
472216
472203
472189
472180
472179
472169
472167
472161
472158
472150
472147
472144
472136
472134
472126
472103
472102
472097
472081
472075
472068
472052
472046
472042
472029
472013
472010
472010
471973
471967
471951
471942
471899
471878
471865
471863
471860
471856
471850
471849
471840
471808
471805
471783
471778
471772
471768
471764
471757
471744
471741
471697
471682
471649
471645
471639
471628
471579
471578
471566
471560
471537
471537
471517
471511
471510
471504
471488
471471
471470
471470
471457
471453
471447
471435
471435
471425
471416
471415
471403
471383
471364
471355
471349
471348
471345
471324
471315
471313
471299
471298
471298
471277
471273
471256
471239
471237
471231
471221
471220
471213
471211
471194
471193
471191
471177
471169
471167
471165
471156
471135
471130
471124
471116
471107
471090
471024
471016
471003
470979
470971
470971
470961
470957
470954
470943
470929
470929
470923
470923
470899
470875
470864
470842
470838
470817
470815
470803
470798
470780
470780
470766
470751
470725
470725
470719
470711
470701
470676
470665
470661
470653
470639
470607
470593
470591
470572
470563
470558
470546
470544
470533
470510
470479
470473
470467
470463
470458
470446
470421
470412
470410
470399
470397
470388
470358
470345
470339
470324
470310
470308
470306
470300
470278
470276
470268
470205
470204
470187
470170
470146
470142
470103
470092
470087
470068
470045
470037
470010
470006
469993
469980
469955
469955
469954
469941
469934
469920
469905
469888
469868
469867
469849
469846
469846
469838
469823
469823
469821
469818
469815
469802
469789
469787
469776
469772
469767
469751
469721
469716
469711
469702
469701
469689
469687
469674
469667
469655
469655
469646
469646
469633
469619
469614
469598
469596
469596
469591
469584
469570
469569
469538
469537
469532
469529
469521
469502
469494
469488
469487
469472
469464
469449
469431
469418
469408
469408
469403
469385
469366
469361
469359
469344
469340
469332
469331
469328
469326
469323
469314
469312
469300
469291
469261
469254
469252
469249
469247
469244
469231
469214
469208
469198
469189
469186
469184
469162
469157
469155
469151
469131
469120
469075
469073
469060
469056
469026
469014
469013
468994
468990
468979
468976
468975
468954
468945
468931
468929
468929
468920
468912
468909
468902
468884
468854
468850
468807
468795
468789
468738
468725
468721
468719
468713
468662
468650
468648
468637
468629
468610
468607
468598
468589
468562
468542
468525
468523
468523
468514
468511
468500
468492
468492
468491
468480
468474
468456
468452
468428
468412
468402
468401
468387
468373
468372
468371
468351
468340
468332
468330
468324
468317
468312
468291
468285
468282
468257
468248
468248
468237
468227
468222
468207
468206
468185
468183
468170
468168
468168
468167
468155
468143
468134
468127
468088
468041
468034
468031
468030
468023
468008
468007
467999
467988
467980
467973
467972
467969
467965
467964
467960
467951
467927
467926
467917
467903
467889
467889
467878
467874
467866
467850
467846
467836
467828
467827
467823
467823
467781
467766
467765
467764
467764
467756
467756
467741
467739
467725
467715
467706
467706
467704
467653
467652
467639
467635
467630
467623
467621
467610
467590
467590
467590
467585
467582
467576
467560
467545
467544
467533
467530
467527
467515
467512
467509
467504
467490
467480
467480
467466
467462
467457
467424
467422
467422
467412
467355
467343
467338
467319
467305
467261
467225
467211
467196
467175
467165
467151
467142
467135
467135
467134
467101
467094
467084
467075
467040
467032
467016
467015
467009
467000
466999
466993
466991
466977
466968
466967
466940
466921
466915
466896
466887
466883
466855
466855
466837
466823
466821
466811
466807
466798
466782
466765
466738
466732
466728
466726
466726
466724
466721
466717
466691
466687
466681
466677
466657
466655
466644
466631
466614
466593
466576
466576
466575
466562
466562
466544
466531
466524
466518
466509
466507
466491
466486
466483
466458
466444
466443
466417
466416
466399
466366
466359
466355
466348
466345
466335
466329
466298
466296
466282
466272
466260
466253
466248
466239
466238
466234
466232
466219
466217
466213
466212
466198
466188
466161
466128
466124
466093
466093
466089
466074
466065
466061
466047
466038
466032
466025
466005
465985
465976
465962
465958
465956
465954
465944
465943
465942
465941
465937
465937
465937
465934
465919
465911
465904
465843
465842
465831
465822
465818
465807
465791
465787
465767
465758
465742
465736
465730
465725
465724
465709
465700
465699
465680
465679
465677
465675
465673
465667
465666
465665
465659
465630
465627
465615
465610
465602
465599
465581
465563
465556
465548
465538
465529
465528
465512
465507
465484
465463
465456
465430
465425
465394
465389
465356
465333
465327
465298
465281
465260
465242
465241
465204
465198
465174
465162
465159
465153
465135
465117
465105
465096
465090
465074
465055
465045
465041
465010
465008
464997
464991
464979
464973
464970
464962
464961
464960
464941
464938
464918
464903
464897
464895
464894
464890
464861
464857
464849
464835
464827
464819
464817
464802
464799
464784
464766
464752
464743
464740
464730
464728
464725
464720
464712
464694
464688
464671
464669
464666
464655
464653
464652
464639
464627
464618
464614
464611
464597
464592
464591
464581
464570
464564
464563
464558
464557
464546
464544
464543
464539
464539
464536
464527
464525
464522
464516
464513
464509
464503
464499
464499
464478
464452
464437
464427
464401
464394
464378
464362
464356
464336
464332
464318
464300
464298
464297
464296
464290
464285
464284
464282
464262
464259
464244
464238
464237
464216
464208
464202
464195
464190
464175
464168
464150
464133
464122
464120
464101
464092
464073
464073
464047
464045
464021
464021
464020
464017
464015
464014
464008
464007
463990
463986
463961
463946
463940
463939
463929
463926
463905
463900
463866
463832
463832
463830
463817
463817
463783
463760
463759
463751
463743
463735
463729
463723
463722
463703
463701
463668
463663
463631
463627
463617
463616
463605
463586
463566
463565
463558
463539
463536
463514
463500
463498
463495
463494
463493
463473
463454
463448
463428
463417
463400
463392
463383
463380
463370
463363
463359
463359
463358
463356
463355
463343
463331
463329
463305
463295
463294
463281
463274
463266
463248
463225
463221
463219
463218
463215
463212
463206
463171
463163
463159
463150
463140
463135
463131
463128
463122
463118
463105
463078
463077
463048
463043
463029
463025
463004
463004
463001
462996
462992
462992
462981
462962
462953
462949
462948
462942
462928
462925
462918
462896
462892
462887
462874
462870
462864
462856
462847
462835
462824
462820
462805
462803
462787
462781
462775
462767
462752
462749
462725
462709
462696
462694
462688
462675
462657
462651
462627
462611
462601
462598
462588
462572
462571
462559
462547
462546
462543
462520
462518
462502
462496
462487
462476
462422
462415
462412
462408
462392
462387
462382
462367
462361
462348
462347
462346
462340
462329
462312
462312
462288
462282
462251
462224
462208
462197
462195
462194
462171
462170
462162
462151
462144
462123
462120
462111
462108
462108
462099
462093
462080
462079
462070
462061
462057
462056
462036
462018
462016
462005
461996
461985
461985
461976
461953
461896
461895
461893
461871
461867
461865
461846
461840
461835
461817
461765
461765
461763
461761
461756
461748
461746
461742
461738
461737
461713
461710
461706
461700
461689
461684
461683
461664
461654
461648
461647
461635
461631
461612
461610
461595
461592
461581
461551
461550
461539
461536
461530
461526
461505
461498
461468
461465
461453
461450
461435
461434
461427
461416
461369
461362
461357
461336
461318
461314
461310
461310
461292
461285
461283
461281
461278
461271
461246
461245
461241
461239
461231
461226
461224
461221
461220
461182
461179
461176
461176
461172
461172
461159
461158
461156
461152
461146
461140
461115
461084
461083
461072
461064
461047
461029
461011
460987
460983
460965
460962
460961
460949
460929
460903
460881
460872
460859
460859
460851
460838
460828
460822
460819
460772
460752
460749
460748
460744
460742
460704
460701
460698
460694
460688
460683
460668
460663
460660
460649
460645
460635
460629
460619
460609
460600
460593
460592
460544
460543
460541
460531
460521
460506
460479
460479
460472
460458
460453
460449
460441
460438
460436
460428
460416
460410
460388
460373
460360
460331
460329
460328
460317
460313
460298
460294
460283
460276
460258
460253
460247
460200
460190
460171
460167
460145
460122
460120
460091
460089
460083
460072
460057
460047
460047
460042
460035
460013
460012
460009
460005
460001
459986
459985
459979
459977
459975
459969
459964
459962
459959
459954
459953
459948
459945
459937
459924
459923
459913
459913
459900
459899
459885
459867
459854
459852
459838
459821
459812
459811
459805
459749
459719
459711
459705
459699
459672
459663
459649
459639
459623
459607
459582
459571
459564
459549
459536
459520
459516
459514
459513
459512
459500
459500
459500
459488
459478
459476
459468
459435
459433
459431
459413
459396
459386
459385
459371
459367
459362
459344
459326
459318
459300
459298
459284
459266
459261
459251
459251
459250
459249
459234
459201
459201
459197
459188
459175
459168
459164
459160
459160
459154
459153
459153
459146
459122
459113
459083
459079
459072
459066
459029
459021
459001
458998
458992
458984
458983
458979
458978
458976
458973
458966
458951
458946
458942
458900
458892
458886
458874
458870
458870
458868
458848
458838
458838
458838
458836
458835
458832
458815
458788
458785
458777
458752
458735
458729
458723
458721
458708
458708
458677
458671
458652
458652
458648
458631
458627
458568
458566
458545
458544
458544
458536
458534
458530
458529
458510
458489
458458
458440
458439
458431
458426
458421
458412
458404
458389
458375
458366
458362
458359
458355
458350
458349
458346
458343
458337
458335
458330
458313
458308
458291
458271
458269
458268
458247
458234
458229
458204
458189
458186
458186
458170
458156
458152
458145
458144
458142
458131
458117
458111
458100
458088
458074
458060
458031
458029
458026
458017
457978
457974
457972
457971
457947
457932
457917
457906
457891
457869
457847
457835
457833
457825
457778
457774
457768
457750
457740
457729
457721
457707
457704
457678
457665
457664
457659
457642
457640
457632
457630
457621
457609
457599
457585
457554
457553
457538
457531
457529
457525
457495
457478
457465
457437
457436
457403
457393
457374
457373
457354
457349
457338
457319
457308
457308
457305
457304
457300
457297
457293
457269
457240
457225
457225
457222
457219
457215
457210
457195
457186
457179
457167
457154
457152
457142
457126
457124
457118
457105
457103
457098
457086
457082
457076
457065
457059
457054
457051
457042
457037
457036
457035
457023
456997
456997
456963
456930
456912
456897
456895
456883
456860
456851
456825
456815
456812
456796
456793
456793
456785
456783
456772
456766
456761
456722
456693
456685
456680
456680
456671
456638
456634
456620
456609
456607
456596
456586
456568
456559
456553
456545
456545
456543
456542
456541
456470
456463
456455
456454
456440
456440
456413
456411
456395
456393
456389
456374
456372
456370
456364
456363
456355
456353
456351
456351
456343
456328
456283
456266
456234
456222
456205
456200
456177
456140
456125
456110
456087
456077
456070
456065
456045
456040
456037
456032
456016
456014
456002
455993
455989
455982
455980
455979
455979
455958
455956
455950
455949
455943
455942
455939
455930
455929
455928
455911
455892
455880
455876
455848
455847
455846
455838
455836
455834
455796
455795
455781
455777
455751
455735
455727
455720
455717
455707
455697
455658
455653
455645
455642
455642
455629
455621
455613
455601
455600
455574
455562
455559
455558
455555
455551
455540
455538
455535
455527
455527
455522
455511
455502
455499
455491
455488
455444
455422
455411
455408
455397
455394
455383
455382
455369
455365
455364
455360
455321
455318
455307
455294
455289
455249
455242
455238
455222
455205
455204
455177
455164
455164
455148
455148
455139
455139
455125
455097
455078
455047
455045
455035
455017
454992
454986
454961
454945
454931
454916
454914
454909
454899
454898
454879
454850
454848
454846
454820
454819
454806
454790
454785
454770
454769
454768
454761
454754
454753
454751
454719
454692
454688
454666
454654
454653
454638
454635
454585
454581
454567
454566
454556
454552
454551
454534
454515
454514
454513
454510
454492
454480
454476
454454
454445
454444
454435
454426
454424
454424
454405
454400
454372
454367
454357
454356
454355
454337
454323
454318
454282
454262
454259
454251
454241
454239
454239
454229
454226
454220
454204
454202
454183
454179
454172
454168
454152
454143
454119
454110
454102
454101
454073
454070
454068
454068
454055
454033
454003
454002
453976
453960
453953
453950
453936
453932
453924
453897
453894
453886
453871
453856
453853
453849
453840
453835
453824
453807
453798
453798
453794
453780
453761
453739
453723
453695
453686
453665
453646
453630
453597
453596
453576
453572
453566
453541
453533
453513
453507
453493
453487
453471
453468
453444
453440
453422
453418
453408
453397
453393
453368
453362
453350
453341
453340
453322
453316
453310
453302
453298
453277
453256
453226
453217
453195
453190
453144
453140
453137
453111
453099
453094
453061
453045
453035
453030
453015
453014
452984
452948
452925
452921
452915
452915
452906
452873
452873
452857
452850
452845
452828
452795
452792
452787
452768
452749
452737
452731
452728
452686
452677
452676
452669
452660
452639
452636
452633
452623
452611
452605
452592
452581
452574
452571
452535
452522
452517
452516
452513
452500
452491
452470
452470
452448
452446
452437
452433
452414
452412
452397
452394
452387
452381
452380
452380
452368
452367
452366
452354
452351
452302
452289
452287
452273
452269
452259
452229
452221
452220
452200
452189
452188
452168
452168
452133
452129
452110
452092
452090
452086
452082
452075
452052
452046
452021
452016
451996
451993
451993
451975
451973
451966
451951
451947
451940
451937
451919
451908
451904
451897
451890
451885
451873
451872
451862
451858
451856
451851
451850
451841
451840
451812
451797
451788
451788
451777
451763
451747
451745
451743
451740
451720
451716
451715
451711
451697
451668
451664
451659
451656
451654
451631
451616
451613
451602
451593
451587
451574
451560
451538
451534
451520
451501
451497
451480
451471
451454
451450
451426
451422
451411
451406
451402
451397
451356
451354
451327
451327
451326
451326
451321
451306
451306
451292
451278
451258
451252
451178
451155
451154
451135
451114
451111
451098
451096
451087
451077
451066
451058
451056
451050
451045
451035
451001
450997
450997
450993
450989
450986
450986
450984
450972
450969
450968
450963
450942
450933
450918
450910
450896
450882
450880
450863
450853
450851
450851
450845
450820
450820
450770
450751
450720
450719
450714
450714
450699
450682
450649
450647
450646
450644
450643
450633
450631
450622
450614
450572
450561
450516
450506
450447
450405
450396
450385
450352
450332
450329
450329
450310
450285
450257
450248
450242
450239
450236
450234
450194
450146
450138
450137
450115
450105
450103
450088
450078
450074
450063
450038
450037
450026
450025
450024
450024
450018
450013
449999
449987
449984
449983
449979
449966
449947
449947
449937
449927
449907
449904
449871
449845
449844
449832
449825
449822
449817
449816
449803
449796
449793
449792
449790
449789
449789
449774
449767
449759
449741
449740
449738
449716
449710
449693
449685
449684
449679
449663
449663
449648
449645
449619
449614
449607
449595
449578
449574
449565
449559
449545
449535
449512
449483
449481
449474
449468
449459
449453
449437
449424
449420
449403
449398
449392
449389
449379
449378
449376
449367
449345
449345
449344
449344
449337
449332
449332
449329
449324
449316
449312
449310
449310
449301
449293
449291
449289
449280
449278
449275
449272
449261
449253
449251
449249
449237
449234
449223
449219
449215
449209
449162
449162
449159
449150
449148
449141
449131
449120
449118
449096
449091
449081
449078
449056
449047
449026
449024
449019
449010
449010
448999
448979
448959
448955
448930
448883
448873
448871
448858
448858
448835
448833
448830
448824
448809
448791
448781
448776
448771
448757
448749
448710
448706
448701
448662
448651
448638
448607
448602
448580
448574
448563
448551
448550
448544
448544
448520
448517
448510
448507
448501
448498
448485
448483
448459
448437
448432
448407
448398
448396
448386
448385
448382
448370
448354
448331
448325
448312
448301
448301
448251
448250
448237
448232
448180
448164
448147
448140
448131
448129
448128
448122
448112
448106
448098
448095
448093
448072
448068
448060
448060
448054
448052
448051
448049
448040
448034
447998
447995
447994
447976
447972
447969
447966
447961
447961
447932
447917
447885
447866
447865
447860
447838
447828
447817
447815
447812
447796
447787
447786
447769
447768
447757
447755
447755
447742
447710
447707
447706
447705
447701
447672
447662
447660
447648
447647
447611
447600
447598
447591
447563
447558
447541
447531
447511
447509
447505
447497
447491
447482
447478
447460
447457
447453
447449
447443
447428
447416
447390
447388
447387
447386
447377
447353
447332
447330
447320
447304
447304
447299
447288
447268
447245
447238
447218
447202
447200
447191
447185
447181
447177
447167
447165
447159
447146
447146
447131
447125
447115
447102
447099
447097
447092
447091
447090
447090
447087
447085
447080
447075
447067
447046
447024
447024
447020
447000
446984
446976
446976
446966
446963
446962
446961
446948
446913
446904
446891
446880
446879
446866
446865
446860
446859
446848
446839
446833
446825
446825
446823
446819
446804
446797
446791
446776
446773
446752
446744
446738
446738
446736
446715
446710
446679
446676
446672
446668
446619
446594
446594
446588
446574
446567
446566
446554
446551
446524
446513
446502
446466
446454
446452
446416
446415
446411
446396
446395
446387
446374
446363
446359
446357
446338
446334
446331
446328
446325
446312
446311
446309
446308
446303
446295
446291
446291
446287
446262
446239
446236
446220
446207
446204
446203
446202
446173
446171
446162
446146
446135
446131
446099
446068
446046
446045
446034
446004
445970
445967
445963
445957
445952
445948
445924
445912
445912
445886
445883
445864
445860
445858
445840
445838
445812
445801
445789
445785
445776
445761
445758
445744
445744
445738
445721
445694
445678
445670
445669
445660
445658
445652
445641
445636
445626
445623
445606
445603
445597
445584
445578
445570
445554
445539
445525
445495
445472
445468
445466
445447
445445
445445
445445
445443
445424
445410
445408
445398
445382
445370
445363
445361
445356
445339
445330
445324
445298
445298
445288
445282
445275
445274
445266
445265
445265
445253
445249
445237
445234
445229
445222
445202
445195
445192
445178
445172
445171
445166
445156
445135
445133
445129
445117
445088
445085
445076
445075
445066
445060
445055
445038
445034
445028
445019
445019
445016
445011
445008
444997
444979
444977
444973
444946
444942
444934
444934
444934
444929
444923
444903
444901
444900
444898
444894
444894
444889
444876
444863
444859
444837
444835
444819
444813
444789
444747
444746
444727
444726
444723
444700
444693
444687
444677
444672
444668
444659
444652
444652
444632
444632
444624
444617
444614
444606
444604
444603
444603
444594
444588
444588
444572
444566
444559
444556
444555
444554
444554
444554
444533
444530
444519
444505
444489
444487
444481
444479
444451
444449
444407
444405
444401
444380
444379
444371
444361
444341
444341
444340
444305
444291
444290
444262
444259
444244
444228
444224
444222
444219
444206
444205
444200
444184
444176
444171
444166
444144
444134
444129
444107
444080
444062
443998
443981
443957
443957
443954
443951
443948
443942
443932
443930
443918
443915
443887
443886
443873
443870
443864
443858
443858
443852
443847
443843
443834
443823
443819
443809
443808
443797
443777
443757
443756
443751
443733
443733
443732
443718
443718
443712
443707
443700
443698
443680
443668
443663
443662
443656
443644
443637
443635
443630
443628
443625
443619
443611
443610
443602
443593
443572
443565
443550
443534
443529
443502
443498
443492
443473
443470
443464
443453
443450
443441
443433
443424
443415
443396
443396
443394
443384
443370
443351
443347
443337
443329
443324
443316
443306
443296
443295
443283
443271
443270
443258
443251
443250
443240
443235
443233
443225
443204
443202
443195
443189
443170
443168
443164
443159
443124
443116
443114
443109
443094
443089
443073
443071
443070
443052
443052
443046
443026
443012
442999
442992
442985
442936
442927
442913
442903
442903
442900
442894
442888
442886
442880
442871
442870
442839
442837
442834
442827
442797
442795
442792
442791
442777
442759
442756
442754
442750
442737
442735
442716
442712
442702
442701
442699
442689
442689
442683
442683
442678
442666
442660
442646
442642
442625
442618
442608
442608
442597
442583
442581
442579
442568
442562
442543
442543
442543
442533
442515
442498
442482
442478
442472
442466
442460
442456
442433
442432
442430
442412
442408
442402
442399
442389
442378
442355
442339
442338
442334
442314
442313
442275
442274
442233
442202
442194
442180
442169
442165
442158
442156
442144
442143
442142
442141
442123
442106
442096
442095
442087
442086
442086
442068
442066
442060
442044
442035
442021
441998
441998
441988
441982
441979
441972
441971
441970
441962
441934
441930
441924
441915
441911
441905
441900
441892
441891
441889
441879
441874
441857
441845
441839
441830
441822
441787
441784
441773
441771
441768
441768
441753
441750
441750
441729
441716
441701
441690
441690
441688
441674
441666
441659
441650
441645
441631
441626
441592
441591
441589
441585
441572
441557
441550
441549
441540
441538
441537
441527
441506
441481
441480
441471
441457
441430
441429
441416
441397
441370
441346
441340
441340
441279
441275
441267
441260
441252
441249
441238
441232
441230
441158
441138
441131
441109
441108
441100
441090
441080
441066
441057
441054
441050
441041
441031
441027
440995
440991
440985
440971
440959
440957
440952
440935
440928
440923
440917
440916
440899
440897
440878
440874
440870
440868
440864
440826
440825
440822
440792
440772
440707
440705
440702
440700
440690
440646
440644
440634
440634
440631
440599
440598
440595
440575
440571
440557
440539
440538
440528
440526
440516
440513
440513
440508
440480
440466
440432
440426
440421
440421
440417
440414
440404
440400
440384
440374
440367
440363
440351
440347
440346
440344
440326
440322
440310
440287
440281
440280
440275
440269
440259
440252
440247
440235
440228
440223
440209
440199
440184
440163
440145
440141
440134
440127
440125
440119
440111
440098
440091
440073
440071
440065
440060
440041
440040
440037
440021
440020
440019
439993
439989
439973
439953
439947
439933
439917
439895
439885
439884
439874
439873
439860
439844
439843
439841
439837
439819
439797
439793
439792
439783
439782
439748
439746
439739
439739
439722
439716
439691
439664
439654
439652
439641
439613
439603
439602
439596
439593
439585
439585
439560
439534
439508
439505
439478
439462
439461
439459
439450
439449
439445
439413
439409
439385
439382
439379
439371
439366
439357
439351
439342
439337
439311
439296
439292
439282
439263
439259
439258
439256
439254
439249
439245
439243
439233
439227
439227
439227
439206
439206
439188
439186
439180
439178
439174
439163
439151
439132
439123
439123
439103
439087
439066
439056
439041
438999
438966
438962
438962
438959
438959
438955
438952
438947
438921
438900
438891
438875
438829
438827
438820
438812
438810
438800
438798
438788
438788
438741
438736
438734
438728
438726
438722
438721
438712
438698
438683
438654
438653
438653
438650
438615
438597
438596
438587
438579
438567
438552
438547
438542
438525
438519
438514
438492
438482
438478
438472
438471
438440
438428
438427
438420
438418
438414
438391
438389
438388
438336
438321
438315
438301
438301
438274
438274
438264
438263
438237
438235
438230
438224
438210
438210
438188
438180
438179
438163
438156
438156
438140
438138
438128
438116
438108
438103
438091
438084
438071
438070
438068
438047
438044
438027
438013
438002
437995
437979
437963
437959
437945
437937
437936
437924
437921
437909
437892
437865
437854
437834
437819
437803
437793
437780
437774
437769
437757
437732
437725
437717
437714
437712
437707
437706
437698
437692
437686
437667
437667
437653
437637
437637
437612
437585
437579
437574
437573
437554
437543
437531
437523
437519
437508
437508
437505
437496
437480
437476
437463
437459
437444
437439
437438
437424
437415
437410
437405
437384
437363
437359
437358
437339
437292
437285
437281
437270
437238
437237
437214
437191
437182
437181
437180
437172
437148
437146
437110
437105
437104
437100
437069
437041
437038
437019
437017
437016
437013
436998
436997
436994
436958
436912
436903
436900
436881
436871
436826
436819
436805
436795
436793
436789
436783
436762
436758
436757
436742
436728
436707
436646
436642
436637
436631
436612
436609
436577
436555
436528
436507
436504
436492
436491
436462
436456
436432
436430
436427
436427
436420
436417
436406
436400
436397
436379
436371
436370
436367
436325
436318
436291
436277
436275
436272
436269
436268
436250
436246
436244
436230
436228
436226
436224
436200
436195
436192
436190
436183
436168
436167
436160
436158
436154
436151
436151
436137
436122
436121
436104
436099
436098
436094
436091
436080
436056
436033
436032
435997
435996
435983
435972
435955
435954
435946
435944
435928
435928
435898
435882
435871
435869
435866
435862
435856
435850
435847
435837
435834
435828
435823
435822
435812
435808
435804
435784
435780
435779
435775
435771
435750
435729
435727
435712
435632
435629
435622
435603
435599
435587
435577
435573
435569
435566
435563
435563
435560
435559
435557
435552
435536
435524
435517
435502
435480
435474
435466
435441
435433
435432
435427
435405
435397
435383
435341
435320
435314
435310
435303
435294
435284
435284
435225
435219
435214
435212
435201
435188
435174
435162
435139
435137
435130
435120
435112
435095
435048
435047
435040
435030
435009
435008
434994
434993
434988
434962
434960
434956
434955
434943
434942
434937
434931
434917
434909
434888
434871
434850
434844
434834
434787
434756
434744
434742
434731
434714
434677
434675
434663
434661
434655
434647
434639
434627
434617
434611
434607
434604
434587
434576
434561
434556
434554
434548
434530
434528
434524
434520
434505
434481
434474
434470
434464
434462
434457
434454
434448
434446
434443
434421
434412
434410
434410
434406
434382
434372
434358
434343
434325
434304
434295
434271
434269
434269
434260
434247
434236
434234
434229
434227
434224
434213
434213
434192
434179
434142
434120
434114
434113
434102
434096
434086
434052
434042
434026
434025
434013
434011
433999
433995
433993
433988
433981
433980
433969
433964
433959
433926
433905
433899
433892
433886
433885
433878
433869
433853
433845
433838
433830
433829
433818
433817
433798
433792
433783
433776
433761
433757
433756
433751
433748
433695
433685
433675
433659
433654
433620
433597
433583
433563
433549
433539
433539
433533
433532
433529
433523
433522
433509
433499
433497
433494
433489
433447
433433
433428
433426
433420
433401
433377
433371
433366
433356
433338
433334
433321
433307
433301
433295
433278
433265
433258
433249
433238
433231
433228
433220
433216
433210
433203
433184
433163
433154
433152
433147
433145
433139
433125
433091
433083
433083
433070
433067
433053
433046
433031
433016
433016
433010
433007
432994
432989
432975
432966
432965
432950
432948
432946
432946
432939
432903
432898
432887
432887
432886
432876
432857
432856
432848
432836
432832
432824
432818
432797
432797
432776
432773
432766
432763
432744
432742
432729
432727
432726
432719
432715
432709
432707
432704
432692
432691
432688
432684
432681
432662
432644
432638
432599
432599
432590
432583
432583
432567
432565
432532
432524
432474
432462
432455
432453
432451
432443
432433
432431
432405
432400
432370
432369
432341
432335
432334
432330
432329
432327
432327
432327
432326
432300
432287
432271
432257
432252
432246
432239
432231
432231
432226
432206
432191
432164
432145
432142
432120
432113
432106
432103
432098
432090
432079
432056
432044
432043
432039
432010
431995
431978
431976
431973
431964
431948
431946
431946
431919
431917
431916
431915
431894
431892
431889
431878
431875
431862
431859
431855
431827
431825
431818
431817
431816
431804
431800
431769
431757
431743
431730
431727
431708
431707
431706
431701
431679
431667
431651
431650
431642
431639
431638
431618
431614
431577
431573
431566
431538
431529
431507
431498
431487
431485
431479
431465
431462
431459
431450
431446
431441
431424
431411
431394
431386
431384
431383
431379
431375
431359
431357
431345
431335
431331
431326
431290
431290
431288
431278
431272
431267
431260
431239
431212
431207
431201
431192
431180
431177
431172
431157
431152
431144
431144
431122
431118
431115
431103
431100
431089
431081
431054
431053
431049
431045
431037
431034
431024
431020
430998
430996
430986
430981
430975
430969
430932
430925
430915
430915
430908
430903
430897
430873
430872
430841
430838
430837
430817
430817
430814
430805
430802
430794
430775
430766
430760
430752
430750
430736
430730
430723
430708
430703
430693
430681
430673
430667
430661
430647
430628
430615
430612
430607
430600
430585
430576
430560
430560
430553
430548
430548
430542
430528
430521
430515
430508
430506
430493
430484
430460
430447
430430
430418
430404
430391
430389
430376
430376
430372
430353
430331
430329
430320
430309
430295
430287
430281
430262
430260
430256
430241
430225
430224
430214
430192
430178
430175
430163
430126
430115
430107
430079
430071
430061
430045
430043
430040
430015
429978
429958
429954
429954
429943
429936
429914
429907
429906
429898
429897
429897
429895
429893
429882
429878
429877
429849
429845
429826
429823
429804
429803
429803
429800
429789
429783
429780
429750
429734
429732
429712
429707
429706
429674
429667
429662
429661
429655
429654
429652
429643
429641
429638
429636
429630
429621
429609
429593
429589
429585
429583
429575
429550
429539
429532
429529
429519
429504
429502
429488
429488
429486
429483
429471
429464
429461
429460
429451
429445
429443
429439
429429
429429
429425
429423
429395
429351
429317
429316
429315
429283
429276
429264
429263
429248
429223
429194
429190
429188
429168
429158
429138
429138
429128
429100
429076
429050
429011
428999
428998
428983
428978
428960
428952
428951
428949
428941
428932
428930
428913
428911
428901
428900
428852
428846
428842
428841
428840
428836
428836
428835
428830
428829
428792
428785
428779
428776
428775
428762
428758
428754
428752
428737
428722
428703
428697
428691
428691
428686
428681
428670
428635
428631
428629
428608
428595
428584
428580
428553
428550
428540
428522
428519
428514
428483
428478
428447
428445
428422
428409
428407
428391
428387
428385
428384
428382
428377
428371
428356
428353
428345
428339
428338
428317
428292
428289
428286
428284
428274
428269
428263
428260
428246
428246
428240
428230
428226
428219
428212
428206
428190
428188
428185
428180
428179
428177
428175
428172
428167
428150
428138
428124
428119
428117
428091
428087
428073
428069
428068
428067
428050
428041
428018
428016
428013
428010
428009
428001
427986
427984
427980
427973
427972
427960
427931
427931
427899
427892
427891
427888
427859
427853
427848
427846
427825
427815
427813
427812
427794
427775
427757
427726
427718
427716
427700
427693
427688
427664
427657
427653
427647
427647
427621
427606
427605
427585
427573
427569
427566
427561
427558
427534
427532
427505
427504
427499
427494
427489
427488
427481
427471
427459
427459
427458
427442
427430
427429
427410
427408
427394
427366
427355
427339
427337
427328
427317
427314
427312
427306
427302
427294
427261
427252
427251
427237
427232
427222
427205
427172
427168
427159
427153
427151
427122
427075
427066
427063
427042
427042
427039
427028
427022
427021
427014
427004
426990
426988
426985
426981
426974
426973
426966
426947
426919
426904
426886
426873
426860
426859
426857
426853
426851
426849
426848
426828
426827
426806
426780
426766
426756
426748
426740
426729
426704
426695
426686
426655
426649
426640
426626
426612
426602
426599
426593
426593
426584
426581
426576
426570
426557
426548
426547
426547
426531
426519
426507
426494
426474
426471
426465
426455
426449
426449
426445
426443
426442
426428
426423
426411
426398
426392
426381
426373
426369
426365
426354
426352
426347
426345
426329
426328
426303
426303
426300
426271
426253
426247
426226
426223
426205
426195
426191
426191
426189
426187
426157
426146
426140
426105
426105
426089
426083
426077
426061
426050
426048
426031
426010
426001
425991
425970
425931
425921
425918
425891
425870
425866
425856
425848
425833
425832
425787
425783
425755
425754
425752
425751
425750
425748
425731
425721
425715
425695
425695
425687
425663
425655
425646
425632
425628
425616
425613
425611
425589
425589
425577
425565
425543
425537
425509
425506
425483
425469
425467
425460
425459
425456
425453
425447
425434
425419
425404
425402
425401
425396
425372
425370
425358
425354
425349
425348
425340
425325
425323
425320
425308
425293
425291
425278
425274
425268
425262
425230
425221
425213
425212
425206
425198
425194
425182
425180
425168
425167
425154
425153
425146
425144
425140
425118
425115
425112
425080
425066
425059
425051
425051
425047
425041
425032
425017
425010
425008
425000
424985
424967
424960
424951
424940
424882
424882
424855
424851
424849
424844
424839
424837
424831
424824
424813
424796
424774
424772
424771
424732
424707
424690
424684
424676
424640
424623
424612
424601
424588
424583
424575
424541
424523
424517
424511
424502
424497
424496
424495
424486
424470
424451
424450
424445
424443
424427
424426
424412
424410
424393
424388
424386
424370
424370
424354
424348
424348
424347
424346
424325
424324
424307
424305
424286
424269
424258
424257
424231
424224
424214
424207
424195
424194
424194
424194
424178
424173
424167
424143
424130
424128
424112
424104
424101
424083
424082
424062
424059
424042
424042
424039
424038
424035
424022
424016
423992
423985
423967
423960
423926
423903
423894
423884
423882
423869
423857
423841
423833
423832
423832
423818
423818
423818
423811
423801
423800
423800
423798
423792
423776
423773
423763
423756
423729
423725
423716
423715
423715
423711
423705
423695
423690
423676
423667
423642
423631
423623
423623
423621
423579
423572
423568
423551
423507
423486
423482
423482
423473
423466
423455
423451
423444
423440
423435
423427
423382
423376
423367
423345
423345
423342
423318
423294
423276
423273
423271
423254
423252
423233
423232
423223
423208
423206
423197
423182
423179
423163
423150
423148
423136
423125
423110
423104
423102
423089
423086
423084
423084
423083
423063
423061
423035
423024
423022
423017
423011
422976
422974
422960
422953
422925
422909
422906
422904
422902
422887
422884
422881
422863
422863
422862
422847
422831
422826
422824
422816
422810
422804
422794
422787
422776
422772
422758
422754
422753
422728
422708
422700
422697
422683
422683
422681
422671
422639
422634
422625
422602
422581
422558
422557
422556
422540
422529
422528
422511
422497
422492
422479
422470
422469
422452
422450
422447
422442
422422
422398
422386
422386
422383
422376
422370
422367
422363
422360
422304
422289
422289
422289
422276
422267
422240
422233
422231
422219
422203
422202
422200
422194
422181
422169
422145
422122
422087
422078
422072
422056
422047
422044
422040
422035
422035
422023
422014
421982
421980
421959
421952
421946
421934
421930
421924
421916
421899
421884
421876
421861
421856
421855
421849
421805
421804
421803
421797
421791
421785
421781
421767
421765
421763
421760
421755
421743
421731
421717
421706
421680
421679
421668
421658
421654
421638
421635
421633
421631
421619
421612
421611
421590
421581
421578
421572
421569
421563
421549
421543
421535
421530
421529
421509
421474
421459
421451
421439
421438
421434
421433
421424
421393
421389
421376
421370
421369
421365
421365
421360
421360
421344
421336
421331
421316
421311
421301
421274
421260
421256
421254
421238
421237
421236
421234
421232
421225
421224
421190
421185
421167
421164
421162
421161
421149
421071
421068
421065
421064
421059
421049
421043
421043
421034
421032
421031
421021
421019
421011
421007
420991
420988
420980
420966
420934
420923
420903
420901
420879
420875
420846
420843
420838
420835
420834
420828
420808
420785
420783
420776
420766
420762
420757
420747
420726
420712
420683
420666
420658
420647
420634
420629
420611
420588
420581
420581
420574
420572
420554
420540
420521
420504
420502
420497
420493
420488
420480
420465
420453
420447
420446
420444
420444
420436
420435
420435
420428
420412
420407
420388
420375
420371
420364
420363
420357
420341
420330
420329
420325
420320
420308
420305
420303
420299
420296
420290
420289
420277
420272
420265
420263
420261
420250
420245
420231
420229
420224
420224
420211
420186
420171
420164
420138
420131
420118
420108
420108
420098
420095
420095
420081
420072
420070
420069
420061
420038
420013
420007
419960
419946
419921
419913
419912
419901
419886
419874
419830
419827
419827
419822
419816
419807
419806
419801
419791
419772
419772
419765
419760
419741
419731
419727
419721
419714
419701
419698
419671
419668
419668
419664
419658
419655
419645
419644
419638
419637
419591
419590
419586
419574
419559
419549
419549
419534
419525
419524
419507
419502
419467
419464
419449
419446
419440
419437
419395
419391
419373
419372
419366
419364
419351
419342
419334
419333
419322
419311
419308
419300
419292
419290
419283
419279
419265
419227
419199
419174
419171
419165
419158
419152
419143
419135
419131
419119
419117
419112
419108
419099
419094
419045
419044
419039
419039
419038
419037
419023
419020
419015
419013
419000
418964
418947
418915
418904
418903
418895
418885
418884
418876
418872
418872
418869
418869
418867
418848
418843
418811
418810
418809
418806
418768
418762
418757
418742
418730
418726
418682
418675
418674
418670
418647
418646
418645
418623
418607
418601
418600
418597
418590
418563
418543
418516
418511
418501
418499
418492
418485
418481
418469
418469
418463
418422
418420
418407
418402
418396
418383
418381
418369
418355
418337
418332
418332
418300
418292
418292
418271
418266
418260
418240
418237
418224
418207
418182
418180
418173
418168
418166
418145
418145
418134
418104
418096
418091
418091
418081
418077
418074
418069
418057
418057
418041
418026
418020
417967
417966
417963
417962
417960
417960
417951
417950
417923
417895
417887
417884
417882
417853
417850
417848
417846
417826
417803
417796
417795
417790
417788
417784
417780
417771
417769
417752
417747
417746
417745
417707
417701
417701
417696
417690
417688
417684
417680
417674
417672
417670
417670
417668
417651
417646
417614
417613
417606
417591
417583
417575
417552
417550
417522
417517
417517
417515
417493
417479
417473
417471
417467
417461
417451
417441
417439
417434
417414
417400
417395
417387
417385
417378
417378
417376
417369
417357
417349
417335
417332
417316
417313
417295
417282
417254
417250
417250
417248
417220
417204
417196
417178
417172
417161
417157
417147
417129
417128
417124
417123
417119
417116
417108
417103
417082
417077
417076
417072
417034
417019
417013
417012
417011
417004
416996
416994
416993
416989
416972
416969
416965
416962
416954
416947
416915
416909
416896
416888
416885
416881
416874
416861
416858
416851
416841
416836
416814
416781
416771
416754
416740
416729
416674
416650
416642
416641
416636
416631
416602
416594
416591
416570
416550
416534
416533
416520
416507
416498
416490
416489
416482
416475
416470
416461
416457
416452
416452
416427
416424
416423
416420
416417
416408
416405
416394
416394
416387
416384
416367
416365
416349
416345
416343
416326
416322
416316
416315
416309
416295
416262
416260
416259
416250
416249
416244
416227
416222
416214
416202
416169
416164
416153
416151
416144
416124
416111
416107
416099
416091
416087
416072
416058
416055
416047
416031
416029
416012
416002
415999
415987
415957
415946
415943
415935
415932
415914
415914
415900
415898
415898
415839
415830
415823
415814
415812
415810
415803
415800
415792
415782
415766
415763
415755
415738
415736
415725
415717
415713
415692
415658
415650
415637
415622
415620
415615
415601
415599
415556
415545
415532
415526
415526
415524
415518
415510
415469
415464
415461
415457
415447
415439
415408
415400
415400
415366
415363
415362
415362
415348
415345
415341
415334
415310
415302
415296
415292
415289
415253
415239
415229
415223
415213
415203
415193
415189
415181
415168
415154
415152
415147
415146
415126
415104
415081
415079
415073
415073
415066
415048
415041
415039
415031
415009
415005
414987
414960
414956
414942
414935
414925
414923
414895
414880
414871
414870
414861
414859
414852
414849
414839
414833
414831
414811
414804
414804
414794
414793
414786
414775
414774
414771
414745
414736
414726
414723
414715
414708
414704
414699
414671
414655
414649
414646
414641
414636
414619
414615
414607
414601
414586
414583
414579
414578
414569
414565
414558
414557
414550
414544
414542
414538
414534
414518
414505
414498
414491
414448
414440
414434
414414
414399
414394
414382
414375
414367
414363
414347
414345
414327
414326
414326
414325
414319
414314
414314
414306
414302
414295
414254
414234
414233
414230
414228
414223
414221
414204
414190
414189
414187
414178
414160
414154
414153
414150
414145
414137
414131
414119
414113
414104
414103
414094
414091
414041
414038
414024
414006
414005
413997
413990
413974
413960
413960
413956
413952
413940
413926
413920
413918
413918
413905
413879
413872
413849
413848
413848
413838
413807
413804
413782
413776
413765
413756
413743
413731
413719
413718
413715
413713
413704
413699
413658
413653
413651
413618
413610
413587
413566
413559
413556
413542
413542
413514
413510
413505
413495
413490
413481
413463
413432
413432
413431
413431
413426
413421
413401
413396
413392
413330
413322
413309
413304
413293
413292
413287
413277
413276
413241
413239
413230
413218
413206
413203
413184
413182
413175
413173
413148
413146
413143
413129
413108
413105
413063
413035
413019
412997
412953
412917
412901
412889
412888
412860
412859
412858
412858
412841
412827
412799
412795
412786
412739
412737
412736
412735
412732
412728
412728
412718
412691
412664
412646
412634
412630
412629
412586
412578
412567
412560
412553
412550
412548
412548
412504
412483
412473
412455
412429
412420
412409
412404
412402
412390
412364
412338
412326
412323
412322
412322
412313
412313
412301
412265
412262
412251
412231
412223
412214
412193
412187
412178
412173
412147
412133
412132
412121
412118
412089
412079
412058
412049
412026
412016
412012
412005
411994
411987
411973
411972
411968
411941
411924
411921
411919
411917
411915
411898
411892
411891
411889
411865
411864
411859
411853
411848
411845
411832
411829
411818
411804
411790
411784
411778
411773
411764
411763
411759
411746
411745
411744
411704
411701
411696
411687
411675
411674
411673
411656
411637
411620
411619
411602
411585
411581
411551
411546
411531
411526
411521
411516
411507
411494
411481
411472
411458
411441
411436
411430
411415
411414
411392
411384
411380
411361
411350
411346
411340
411340
411338
411336
411326
411325
411303
411286
411265
411253
411252
411250
411227
411210
411207
411142
411137
411126
411065
411050
411038
411033
411031
411025
411024
411018
411016
411013
411004
411002
411000
410993
410989
410960
410935
410911
410910
410907
410887
410883
410875
410872
410869
410852
410839
410816
410799
410782
410767
410762
410752
410747
410740
410736
410725
410704
410685
410677
410677
410677
410657
410652
410646
410637
410632
410629
410620
410608
410595
410590
410581
410572
410566
410551
410546
410545
410541
410528
410507
410496
410477
410440
410436
410429
410420
410415
410400
410399
410393
410389
410384
410380
410374
410373
410369
410342
410321
410309
410279
410256
410255
410242
410241
410241
410220
410218
410207
410205
410201
410192
410187
410177
410172
410092
410071
410057
410037
410033
410024
410006
409996
409995
409993
409973
409969
409961
409961
409960
409953
409931
409923
409919
409892
409882
409866
409861
409858
409852
409827
409825
409822
409802
409801
409800
409799
409797
409789
409785
409773
409770
409760
409740
409726
409704
409701
409695
409662
409657
409655
409652
409651
409618
409617
409582
409572
409566
409557
409551
409537
409501
409461
409443
409431
409425
409414
409408
409387
409379
409378
409365
409344
409337
409336
409328
409326
409325
409323
409316
409304
409302
409283
409282
409271
409257
409256
409255
409244
409233
409211
409209
409209
409200
409181
409178
409134
409133
409127
409115
409114
409072
409072
409053
409051
409036
409035
409032
409012
409012
409006
408994
408982
408980
408959
408956
408950
408946
408928
408925
408904
408904
408894
408876
408876
408874
408861
408860
408859
408851
408846
408835
408825
408824
408814
408799
408789
408786
408778
408763
408754
408754
408742
408738
408738
408716
408696
408696
408683
408680
408672
408656
408645
408643
408642
408636
408634
408632
408632
408628
408628
408620
408593
408585
408573
408566
408564
408557
408536
408531
408528
408511
408489
408479
408471
408466
408461
408459
408457
408451
408406
408405
408396
408394
408381
408377
408357
408352
408348
408340
408329
408305
408303
408286
408277
408249
408244
408241
408240
408225
408173
408171
408161
408153
408141
408112
408099
408097
408093
408084
408078
408062
408061
408049
408048
408047
408041
408027
408021
408011
407992
407985
407981
407960
407955
407955
407952
407940
407932
407921
407918
407907
407882
407881
407879
407869
407868
407867
407865
407847
407838
407819
407807
407793
407782
407769
407760
407760
407736
407732
407728
407720
407718
407712
407712
407711
407698
407691
407687
407672
407648
407646
407634
407622
407601
407600
407599
407574
407572
407569
407566
407562
407556
407554
407526
407512
407500
407490
407483
407480
407466
407466
407465
407458
407451
407434
407412
407385
407376
407364
407355
407355
407351
407339
407334
407334
407328
407312
407298
407267
407250
407212
407209
407199
407183
407178
407176
407175
407169
407154
407148
407144
407142
407139
407130
407125
407120
407115
407075
407056
407050
407026
407026
407022
406999
406999
406989
406987
406966
406961
406957
406957
406931
406924
406923
406920
406895
406884
406882
406861
406857
406849
406848
406843
406831
406829
406821
406819
406816
406812
406808
406798
406757
406755
406748
406723
406717
406708
406697
406694
406691
406690
406677
406644
406644
406643
406641
406639
406628
406593
406588
406584
406577
406570
406516
406513
406511
406501
406493
406489
406489
406477
406474
406461
406459
406458
406458
406451
406435
406431
406420
406418
406403
406397
406395
406387
406370
406363
406362
406359
406355
406347
406345
406307
406305
406293
406290
406266
406255
406248
406233
406231
406213
406211
406201
406193
406189
406186
406178
406177
406172
406161
406161
406158
406155
406153
406129
406115
406115
406102
406089
406080
406075
406067
406053
406050
406027
406021
405999
405991
405984
405982
405947
405946
405942
405939
405926
405917
405916
405915
405913
405909
405897
405890
405880
405867
405849
405834
405832
405829
405807
405787
405765
405762
405736
405725
405690
405677
405676
405664
405662
405656
405614
405584
405579
405569
405568
405565
405514
405508
405498
405470
405466
405452
405447
405441
405438
405436
405416
405413
405401
405367
405367
405350
405345
405341
405327
405307
405305
405297
405280
405260
405246
405240
405236
405227
405214
405181
405181
405181
405158
405154
405143
405103
405102
405094
405077
405072
405053
405053
405034
405033
405025
405024
405008
404995
404972
404970
404968
404947
404945
404945
404923
404920
404912
404907
404904
404898
404890
404887
404881
404875
404868
404861
404853
404810
404800
404798
404793
404761
404753
404749
404747
404745
404743
404728
404727
404707
404705
404702
404698
404693
404688
404674
404670
404662
404614
404578
404569
404558
404545
404538
404536
404534
404533
404533
404528
404525
404523
404509
404490
404480
404479
404477
404444
404433
404432
404421
404413
404401
404396
404382
404376
404376
404372
404367
404345
404344
404342
404340
404336
404332
404328
404325
404322
404238
404221
404219
404216
404214
404212
404202
404197
404162
404150
404144
404138
404124
404115
404108
404095
404085
404041
404039
404029
404012
404010
403999
403998
403993
403962
403947
403946
403933
403917
403901
403897
403895
403894
403888
403882
403869
403860
403855
403840
403837
403834
403831
403828
403809
403806
403804
403794
403783
403778
403775
403758
403748
403739
403737
403733
403724
403699
403692
403665
403661
403643
403619
403612
403602
403583
403582
403562
403556
403514
403498
403497
403491
403470
403465
403453
403452
403449
403445
403434
403417
403417
403416
403400
403395
403382
403371
403369
403368
403366
403362
403321
403311
403292
403258
403254
403237
403236
403225
403220
403218
403207
403203
403203
403200
403189
403175
403148
403143
403139
403108
403099
403074
403068
403049
403045
403039
403038
403037
403021
402994
402988
402978
402978
402964
402963
402949
402941
402939
402928
402926
402909
402908
402906
402902
402895
402887
402886
402879
402867
402864
402864
402857
402855
402835
402827
402826
402821
402816
402811
402802
402786
402781
402776
402765
402763
402758
402751
402751
402741
402734
402700
402659
402650
402644
402633
402622
402621
402585
402580
402578
402571
402557
402551
402548
402545
402539
402514
402513
402496
402490
402488
402475
402468
402462
402461
402457
402456
402456
402454
402438
402433
402431
402431
402407
402404
402394
402393
402388
402385
402370
402367
402362
402356
402331
402325
402322
402316
402311
402305
402291
402290
402266
402263
402253
402194
402179
402170
402169
402142
402125
402118
402116
402109
402098
402074
402074
402069
402032
402030
402014
402005
401988
401979
401955
401953
401932
401931
401929
401925
401923
401921
401916
401903
401898
401877
401855
401846
401841
401825
401806
401794
401774
401759
401736
401731
401721
401717
401708
401692
401682
401680
401664
401660
401626
401613
401610
401602
401580
401551
401548
401542
401539
401527
401510
401496
401490
401485
401477
401452
401441
401433
401425
401373
401367
401364
401355
401352
401352
401350
401333
401310
401294
401291
401281
401280
401279
401277
401274
401272
401262
401246
401243
401239
401239
401233
401232
401230
401209
401205
401204
401176
401173
401167
401161
401141
401127
401117
401110
401109
401101
401097
401082
401074
401062
401060
401042
401036
401026
401021
401007
401001
400991
400989
400959
400949
400930
400919
400908
400907
400896
400890
400861
400852
400832
400821
400820
400811
400796
400776
400771
400766
400760
400734
400723
400715
400714
400713
400710
400704
400697
400664
400633
400615
400608
400600
400555
400551
400551
400548
400535
400533
400527
400509
400496
400476
400466
400457
400451
400442
400424
400424
400416
400405
400403
400402
400387
400387
400378
400367
400354
400341
400319
400316
400312
400310
400307
400302
400287
400282
400270
400267
400243
400227
400225
400223
400219
400207
400202
400167
400164
400164
400162
400150
400149
400138
400122
400115
400109
400107
400095
400095
400089
400088
400087
400077
400073
400054
400050
400018
400008
400007
399978
399968
399950
399942
399938
399913
399897
399892
399887
399880
399863
399859
399839
399838
399829
399826
399824
399813
399785
399755
399753
399750
399748
399692
399671
399662
399662
399658
399658
399643
399643
399638
399622
399621
399621
399618
399607
399606
399604
399603
399584
399582
399580
399576
399563
399532
399527
399514
399485
399480
399462
399458
399420
399401
399399
399396
399374
399368
399368
399358
399358
399349
399346
399345
399326
399309
399299
399289
399288
399288
399280
399278
399274
399215
399206
399187
399166
399161
399154
399152
399150
399121
399082
399077
399076
399069
399055
399026
399021
398986
398983
398979
398978
398970
398965
398925
398924
398907
398893
398864
398862
398855
398833
398800
398792
398752
398730
398698
398692
398677
398676
398674
398669
398668
398661
398656
398647
398644
398627
398627
398622
398612
398590
398580
398566
398557
398554
398549
398548
398528
398526
398513
398508
398507
398495
398453
398418
398418
398410
398397
398375
398346
398344
398341
398312
398305
398291
398291
398274
398269
398260
398238
398238
398231
398231
398230
398229
398221
398201
398173
398172
398170
398170
398138
398130
398124
398107
398093
398055
398054
398054
398044
398030
398027
398023
398019
398010
398008
398007
397999
397993
397993
397987
397982
397981
397935
397925
397922
397898
397888
397870
397869
397859
397854
397848
397833
397831
397808
397806
397797
397762
397749
397746
397735
397729
397707
397700
397692
397692
397691
397679
397655
397624
397615
397604
397581
397574
397556
397519
397518
397517
397512
397510
397504
397504
397477
397475
397456
397455
397436
397398
397398
397393
397393
397384
397380
397380
397350
397338
397315
397297
397286
397263
397263
397252
397252
397250
397247
397244
397242
397163
397148
397123
397082
397079
397060
397058
397049
397036
397036
397019
396995
396976
396972
396952
396948
396947
396941
396932
396928
396923
396914
396899
396891
396886
396876
396876
396868
396859
396853
396842
396841
396832
396829
396824
396814
396807
396806
396805
396790
396770
396770
396763
396755
396753
396739
396738
396732
396727
396705
396703
396689
396684
396675
396651
396641
396635
396627
396618
396608
396608
396597
396596
396593
396585
396567
396566
396553
396551
396545
396540
396538
396532
396530
396514
396495
396488
396488
396488
396484
396483
396482
396466
396465
396460
396454
396416
396415
396412
396404
396393
396386
396375
396374
396355
396345
396344
396342
396337
396332
396322
396316
396304
396302
396298
396298
396296
396285
396281
396269
396263
396263
396255
396234
396204
396201
396193
396177
396172
396161
396151
396148
396147
396147
396146
396141
396137
396131
396125
396114
396111
396098
396092
396092
396078
396070
396068
396062
396036
396017
396000
395998
395988
395978
395946
395944
395939
395924
395923
395921
395906
395901
395896
395884
395876
395873
395872
395872
395872
395867
395859
395854
395853
395832
395827
395820
395800
395797
395793
395782
395770
395764
395762
395761
395750
395748
395731
395712
395686
395681
395680
395667
395648
395630
395624
395609
395608
395604
395594
395580
395571
395570
395568
395537
395536
395534
395510
395509
395504
395493
395475
395473
395470
395463
395457
395456
395454
395447
395445
395410
395408
395393
395383
395325
395318
395305
395300
395297
395295
395294
395289
395271
395253
395240
395228
395207
395203
395170
395150
395149
395125
395116
395105
395092
395090
395086
395081
395079
395073
395066
395059
395009
395003
394997
394996
394993
394989
394977
394975
394971
394970
394964
394956
394955
394933
394903
394897
394882
394874
394873
394871
394870
394862
394860
394858
394841
394840
394840
394827
394820
394816
394815
394793
394780
394768
394757
394755
394745
394743
394739
394730
394717
394680
394678
394677
394644
394639
394638
394636
394611
394609
394607
394604
394577
394571
394568
394558
394547
394541
394521
394518
394490
394489
394477
394472
394453
394451
394450
394443
394440
394433
394420
394406
394398
394395
394384
394381
394379
394375
394369
394350
394348
394325
394310
394287
394285
394274
394271
394248
394231
394222
394218
394216
394215
394210
394207
394196
394196
394196
394183
394177
394166
394162
394128
394124
394123
394119
394105
394102
394080
394072
394061
394056
394018
394002
393996
393987
393979
393974
393973
393962
393960
393950
393934
393934
393916
393914
393904
393896
393875
393875
393865
393837
393837
393835
393831
393823
393807
393806
393784
393783
393781
393776
393750
393728
393725
393705
393692
393689
393683
393677
393675
393673
393655
393654
393640
393617
393616
393615
393613
393608
393597
393578
393570
393570
393553
393533
393531
393531
393503
393489
393487
393477
393473
393466
393459
393431
393430
393426
393409
393387
393372
393354
393346
393339
393337
393325
393305
393301
393280
393277
393271
393257
393253
393235
393218
393203
393198
393163
393155
393151
393144
393133
393130
393122
393116
393087
393079
393076
393073
393073
393065
393050
393025
393020
393018
393008
393008
393005
393003
392982
392969
392966
392954
392950
392947
392932
392931
392930
392926
392925
392917
392909
392877
392876
392876
392852
392846
392844
392837
392821
392820
392815
392810
392802
392800
392798
392796
392768
392750
392746
392746
392713
392698
392695
392684
392684
392669
392662
392657
392645
392641
392636
392632
392596
392585
392562
392561
392552
392549
392529
392521
392521
392510
392506
392503
392496
392481
392457
392454
392450
392447
392442
392432
392396
392394
392371
392364
392358
392349
392348
392331
392328
392315
392303
392289
392268
392255
392247
392246
392245
392243
392242
392231
392230
392213
392200
392196
392176
392146
392135
392130
392115
392102
392087
392086
392077
392076
392068
392040
392033
392024
392008
391997
391983
391971
391960
391952
391946
391931
391911
391893
391892
391888
391887
391867
391854
391850
391845
391845
391840
391809
391797
391789
391765
391762
391727
391727
391726
391717
391702
391693
391680
391677
391672
391671
391654
391641
391625
391619
391604
391601
391569
391568
391560
391558
391557
391554
391554
391553
391547
391546
391521
391489
391478
391466
391458
391456
391446
391444
391426
391411
391395
391388
391374
391372
391359
391357
391357
391346
391334
391331
391328
391296
391284
391282
391273
391240
391239
391235
391231
391224
391215
391206
391199
391195
391185
391171
391169
391143
391136
391120
391117
391112
391111
391103
391101
391100
391087
391083
391065
391029
391020
391013
391012
390982
390970
390960
390955
390940
390929
390920
390919
390913
390895
390891
390888
390879
390877
390874
390855
390848
390824
390784
390767
390763
390758
390720
390705
390700
390669
390660
390638
390633
390624
390602
390568
390555
390550
390535
390530
390519
390513
390509
390507
390497
390488
390481
390470
390460
390454
390440
390404
390402
390402
390398
390394
390388
390383
390382
390374
390365
390359
390352
390350
390327
390324
390321
390315
390312
390295
390290
390285
390283
390243
390222
390217
390215
390197
390193
390183
390177
390145
390118
390118
390109
390109
390096
390091
390082
390079
390078
390073
390064
390063
390052
390042
390033
390025
390023
390019
389996
389994
389966
389964
389958
389945
389930
389920
389903
389897
389891
389888
389871
389869
389859
389859
389857
389811
389800
389791
389783
389762
389758
389754
389720
389704
389691
389689
389688
389687
389666
389666
389665
389661
389647
389647
389644
389632
389606
389599
389583
389579
389558
389546
389543
389541
389539
389539
389536
389515
389498
389497
389482
389476
389474
389469
389455
389452
389433
389422
389414
389369
389366
389363
389363
389353
389353
389346
389345
389328
389327
389321
389318
389313
389311
389307
389307
389291
389278
389256
389252
389245
389238
389214
389207
389204
389185
389178
389175
389159
389153
389153
389144
389141
389138
389136
389123
389110
389110
389096
389090
389089
389070
389068
389060
389046
389040
389015
389013
389002
388999
388989
388989
388987
388977
388968
388965
388956
388954
388953
388935
388933
388932
388917
388911
388903
388893
388879
388852
388837
388828
388813
388811
388787
388782
388774
388756
388754
388737
388722
388718
388716
388713
388685
388670
388666
388654
388639
388633
388630
388621
388591
388584
388570
388563
388555
388555
388551
388544
388529
388529
388524
388504
388499
388499
388490
388486
388485
388484
388477
388472
388469
388469
388457
388455
388447
388427
388401
388389
388389
388365
388360
388354
388344
388343
388332
388331
388324
388282
388262
388256
388245
388240
388236
388207
388185
388162
388106
388061
388060
388049
388047
388038
388033
388030
388012
388008
387997
387987
387979
387973
387969
387963
387960
387954
387952
387926
387915
387905
387902
387891
387887
387872
387864
387862
387859
387852
387837
387828
387825
387821
387815
387783
387774
387770
387767
387766
387726
387701
387698
387693
387679
387660
387643
387637
387632
387627
387609
387603
387587
387578
387568
387563
387558
387554
387515
387506
387463
387462
387461
387456
387455
387445
387440
387439
387429
387417
387416
387416
387396
387394
387382
387382
387379
387375
387345
387340
387338
387334
387331
387329
387326
387305
387304
387303
387294
387283
387241
387236
387214
387214
387210
387205
387192
387165
387141
387140
387136
387129
387114
387109
387107
387093
387072
387070
387070
387069
387068
387043
387034
387017
387008
386997
386994
386980
386966
386938
386927
386920
386916
386903
386902
386896
386890
386868
386855
386852
386845
386842
386840
386833
386799
386795
386789
386784
386782
386773
386742
386740
386737
386736
386734
386733
386729
386711
386697
386691
386668
386667
386648
386608
386605
386602
386599
386587
386578
386566
386551
386542
386536
386526
386526
386520
386490
386481
386462
386446
386445
386432
386394
386389
386370
386360
386344
386341
386339
386317
386279
386279
386278
386266
386260
386258
386253
386222
386216
386208
386198
386185
386176
386171
386158
386156
386146
386142
386130
386129
386128
386126
386119
386118
386095
386091
386090
386078
386064
386059
386057
386025
386024
386023
386021
386011
386008
386006
386006
385999
385999
385983
385977
385975
385964
385960
385957
385952
385948
385925
385920
385919
385916
385891
385876
385853
385852
385830
385810
385806
385781
385780
385778
385769
385745
385710
385701
385693
385686
385684
385672
385657
385653
385651
385637
385568
385565
385558
385546
385546
385535
385523
385494
385489
385482
385480
385479
385475
385430
385430
385427
385414
385414
385409
385405
385369
385353
385348
385320
385320
385318
385304
385296
385279
385265
385249
385241
385230
385229
385197
385191
385188
385185
385183
385154
385153
385150
385140
385106
385066
385037
385033
385003
384988
384987
384986
384967
384963
384948
384946
384940
384927
384904
384904
384884
384877
384877
384869
384858
384854
384833
384828
384806
384800
384791
384788
384787
384787
384787
384784
384779
384764
384761
384756
384753
384696
384660
384639
384630
384620
384611
384607
384602
384600
384593
384570
384543
384531
384512
384478
384469
384459
384456
384456
384455
384453
384449
384438
384419
384402
384397
384396
384395
384364
384358
384350
384349
384339
384323
384317
384316
384309
384299
384279
384254
384220
384215
384213
384192
384178
384166
384148
384088
384071
384068
384059
384055
384041
384030
384020
384019
384008
384002
383999
383986
383986
383984
383982
383970
383965
383961
383959
383947
383942
383940
383939
383925
383897
383893
383890
383883
383882
383875
383872
383863
383861
383858
383823
383822
383813
383795
383788
383784
383779
383745
383742
383740
383718
383711
383701
383695
383690
383684
383675
383656
383628
383618
383610
383607
383602
383597
383560
383547
383516
383502
383484
383469
383466
383466
383457
383442
383420
383404
383401
383395
383393
383382
383378
383361
383340
383337
383329
383325
383317
383306
383303
383297
383294
383281
383246
383242
383235
383219
383213
383201
383184
383175
383161
383145
383143
383118
383100
383087
383078
383071
383069
383062
383051
383050
383050
383038
383037
382976
382975
382961
382949
382919
382905
382900
382898
382871
382864
382850
382850
382836
382835
382825
382807
382800
382787
382784
382783
382778
382752
382748
382748
382735
382731
382722
382690
382688
382686
382685
382679
382662
382645
382642
382638
382625
382601
382601
382599
382586
382577
382572
382563
382546
382545
382539
382523
382509
382497
382475
382440
382439
382427
382418
382418
382398
382388
382385
382381
382348
382347
382328
382283
382281
382279
382247
382214
382199
382194
382167
382153
382131
382120
382113
382099
382078
382057
382032
382027
382025
382016
381990
381976
381974
381971
381959
381942
381921
381896
381889
381878
381856
381849
381844
381818
381815
381813
381812
381806
381778
381762
381758
381734
381732
381663
381661
381657
381644
381633
381632
381628
381627
381616
381585
381572
381569
381557
381553
381552
381540
381524
381501
381494
381476
381474
381456
381452
381440
381437
381418
381401
381393
381368
381350
381344
381341
381333
381324
381301
381300
381289
381283
381263
381256
381246
381243
381242
381237
381232
381218
381212
381210
381189
381183
381164
381145
381134
381131
381128
381126
381119
381092
381070
381069
381056
381049
381037
381021
381016
381004
380988
380975
380971
380966
380958
380955
380954
380952
380932
380915
380912
380892
380892
380871
380855
380842
380841
380841
380828
380817
380795
380785
380746
380738
380736
380730
380727
380719
380710
380684
380668
380666
380646
380590
380551
380547
380546
380545
380540
380533
380529
380505
380504
380491
380469
380453
380431
380429
380411
380400
380395
380394
380392
380374
380313
380286
380255
380230
380216
380195
380170
380144
380134
380133
380125
380118
380111
380099
380092
380071
380054
380030
380018
379924
379920
379911
379894
379883
379878
379877
379858
379845
379843
379843
379827
379821
379809
379794
379772
379769
379750
379743
379739
379711
379696
379689
379681
379664
379663
379662
379655
379636
379632
379624
379623
379618
379614
379612
379585
379581
379569
379567
379555
379552
379550
379543
379528
379528
379520
379514
379513
379507
379480
379469
379463
379459
379419
379404
379376
379372
379358
379335
379323
379320
379312
379308
379288
379287
379286
379277
379264
379256
379250
379243
379227
379226
379208
379190
379177
379176
379155
379152
379111
379065
379048
379028
379023
379017
379014
378998
378978
378966
378965
378962
378962
378954
378943
378942
378924
378880
378866
378853
378853
378847
378836
378802
378797
378790
378786
378777
378776
378774
378770
378719
378719
378681
378680
378666
378655
378642
378641
378609
378600
378570
378550
378540
378531
378522
378522
378520
378513
378500
378497
378454
378448
378446
378444
378437
378425
378415
378411
378404
378390
378389
378388
378368
378362
378361
378350
378344
378319
378315
378311
378293
378292
378286
378273
378272
378238
378238
378226
378225
378204
378184
378170
378143
378138
378136
378119
378109
378107
378096
378095
378072
378046
378044
378044
378032
378020
378012
378010
377986
377976
377953
377940
377935
377929
377915
377907
377884
377849
377837
377825
377804
377759
377747
377727
377722
377712
377710
377689
377683
377680
377638
377638
377633
377628
377627
377627
377624
377620
377611
377600
377584
377569
377565
377560
377559
377540
377534
377515
377513
377507
377502
377492
377488
377472
377446
377431
377401
377398
377392
377389
377373
377331
377329
377328
377325
377322
377309
377308
377301
377294
377283
377276
377270
377251
377247
377241
377240
377238
377235
377228
377217
377197
377193
377181
377176
377170
377154
377143
377125
377120
377119
377112
377108
377088
377086
377077
377068
377064
377046
377041
377034
377031
377017
377013
376995
376984
376964
376964
376959
376951
376948
376931
376930
376926
376921
376920
376912
376891
376881
376871
376867
376859
376851
376850
376849
376832
376823
376800
376791
376777
376775
376764
376750
376744
376742
376703
376688
376664
376659
376654
376625
376608
376607
376606
376601
376594
376580
376579
376558
376508
376507
376501
376485
376479
376474
376461
376425
376422
376392
376385
376371
376363
376359
376352
376352
376309
376302
376298
376290
376287
376246
376241
376237
376226
376223
376220
376220
376208
376206
376203
376195
376176
376162
376157
376107
376104
376070
376060
376058
376056
376045
376030
376029
376000
375995
375990
375989
375987
375975
375974
375964
375962
375947
375942
375939
375929
375921
375914
375911
375904
375899
375878
375868
375866
375852
375847
375846
375840
375832
375819
375812
375783
375783
375758
375756
375742
375728
375714
375696
375674
375670
375658
375621
375617
375608
375590
375590
375571
375570
375522
375504
375499
375497
375493
375492
375458
375455
375455
375437
375416
375411
375399
375394
375383
375360
375347
375328
375325
375323
375306
375281
375281
375262
375258
375254
375253
375240
375209
375202
375163
375162
375158
375151
375148
375147
375134
375113
375093
375066
375060
375041
375039
375038
375019
375009
375000
374991
374970
374966
374959
374953
374951
374945
374934
374933
374931
374930
374929
374928
374924
374922
374917
374915
374889
374884
374879
374866
374858
374853
374848
374841
374829
374828
374826
374819
374817
374797
374777
374775
374768
374752
374736
374730
374713
374711
374710
374704
374679
374675
374673
374656
374645
374632
374595
374584
374565
374565
374555
374510
374495
374479
374440
374425
374421
374414
374413
374405
374395
374391
374381
374379
374368
374364
374364
374358
374354
374353
374319
374315
374306
374300
374300
374290
374287
374278
374276
374273
374272
374231
374231
374223
374218
374199
374188
374184
374170
374169
374153
374148
374142
374131
374131
374125
374122
374115
374114
374103
374080
374076
374073
374056
374043
374041
374039
374013
374010
374006
373981
373955
373934
373931
373930
373928
373903
373901
373889
373875
373874
373863
373837
373833
373813
373794
373792
373792
373790
373789
373788
373778
373771
373758
373757
373755
373723
373720
373697
373692
373653
373608
373605
373602
373586
373569
373564
373554
373513
373479
373474
373474
373469
373438
373438
373437
373421
373397
373395
373387
373383
373373
373373
373335
373313
373288
373285
373273
373270
373269
373268
373237
373233
373228
373203
373200
373162
373158
373153
373151
373133
373128
373119
373118
373094
373087
373070
373060
373051
373043
373041
373041
373037
373035
373025
373011
373010
373005
372993
372982
372977
372976
372964
372955
372924
372910
372904
372900
372887
372881
372864
372843
372835
372815
372811
372804
372784
372778
372775
372758
372757
372756
372750
372744
372740
372735
372722
372714
372708
372699
372683
372677
372676
372670
372668
372658
372645
372626
372621
372616
372608
372606
372605
372603
372585
372579
372569
372563
372545
372528
372527
372526
372489
372481
372477
372474
372472
372461
372458
372371
372356
372337
372336
372333
372331
372325
372292
372287
372274
372274
372272
372266
372265
372260
372226
372214
372177
372177
372176
372167
372141
372140
372133
372128
372114
372111
372109
372105
372090
372088
372085
372073
372061
372053
372038
372034
372034
372031
372028
372003
371995
371986
371982
371971
371949
371944
371937
371935
371930
371894
371892
371890
371886
371875
371862
371839
371835
371835
371823
371821
371818
371815
371799
371770
371769
371741
371738
371720
371714
371697
371685
371663
371661
371647
371613
371606
371559
371558
371536
371535
371533
371507
371507
371494
371492
371476
371438
371433
371419
371414
371411
371404
371390
371390
371386
371385
371347
371329
371318
371306
371288
371286
371278
371276
371261
371252
371248
371237
371234
371177
371161
371158
371155
371141
371113
371099
371093
371089
371083
371083
371081
371056
371038
371033
371009
370974
370940
370906
370890
370886
370885
370879
370873
370847
370824
370822
370817
370810
370809
370803
370795
370775
370773
370766
370749
370745
370742
370731
370719
370713
370706
370701
370695
370684
370679
370663
370659
370651
370648
370637
370635
370593
370591
370581
370569
370559
370557
370544
370524
370508
370498
370489
370452
370443
370440
370430
370430
370408
370397
370388
370377
370376
370370
370369
370358
370348
370342
370339
370332
370225
370214
370200
370196
370194
370187
370173
370171
370169
370157
370141
370122
370107
370080
370074
370064
370056
370056
370038
370029
370024
370023
369964
369962
369956
369948
369934
369926
369918
369910
369907
369886
369881
369866
369865
369864
369863
369852
369851
369843
369840
369829
369821
369802
369800
369797
369774
369772
369733
369721
369707
369704
369702
369697
369688
369679
369673
369672
369667
369656
369653
369650
369636
369635
369633
369616
369614
369602
369600
369594
369594
369592
369575
369573
369568
369563
369557
369548
369546
369534
369531
369505
369497
369493
369487
369462
369405
369398
369372
369367
369365
369356
369351
369349
369348
369340
369332
369330
369324
369300
369290
369280
369275
369274
369271
369253
369240
369224
369200
369197
369197
369191
369188
369178
369176
369175
369149
369145
369115
369102
369096
369073
369049
369027
369023
369019
369015
369014
368977
368943
368938
368932
368929
368915
368898
368881
368879
368870
368868
368865
368860
368836
368814
368802
368794
368786
368779
368768
368759
368750
368747
368735
368729
368729
368718
368713
368710
368708
368706
368704
368699
368688
368683
368679
368675
368674
368672
368671
368668
368667
368665
368655
368651
368649
368639
368638
368626
368620
368618
368617
368608
368605
368599
368589
368585
368559
368549
368537
368507
368506
368485
368472
368467
368467
368454
368453
368452
368446
368444
368442
368434
368421
368414
368406
368401
368396
368385
368385
368370
368365
368362
368362
368347
368340
368337
368336
368312
368300
368260
368235
368234
368225
368209
368206
368199
368196
368180
368177
368177
368175
368170
368153
368143
368133
368121
368116
368115
368115
368115
368100
368086
368073
368070
368046
368031
368029
368027
368017
368013
367988
367976
367975
367968
367936
367911
367895
367886
367865
367857
367856
367832
367831
367828
367824
367822
367799
367795
367788
367786
367781
367780
367778
367761
367718
367712
367709
367709
367683
367671
367656
367654
367646
367626
367620
367609
367605
367571
367556
367550
367549
367537
367535
367492
367489
367481
367476
367464
367456
367451
367449
367447
367445
367440
367438
367433
367433
367414
367409
367404
367396
367393
367326
367319
367248
367245
367244
367234
367227
367225
367207
367194
367192
367192
367189
367183
367177
367161
367159
367151
367148
367148
367147
367124
367123
367119
367110
367106
367105
367102
367101
367087
367063
367061
367053
367052
367050
367045
367026
367022
367019
367008
367003
366993
366988
366980
366965
366958
366956
366934
366919
366906
366895
366889
366849
366848
366844
366842
366837
366805
366789
366780
366775
366771
366770
366762
366759
366755
366752
366751
366724
366719
366711
366707
366696
366670
366665
366664
366661
366646
366642
366628
366623
366622
366612
366605
366585
366584
366582
366576
366568
366563
366560
366550
366546
366526
366523
366514
366511
366494
366490
366460
366443
366425
366423
366411
366404
366402
366380
366371
366365
366361
366352
366337
366332
366323
366317
366310
366301
366286
366285
366271
366257
366216
366202
366198
366185
366180
366168
366161
366152
366152
366131
366129
366121
366118
366112
366106
366100
366063
366049
366038
366034
366020
366019
366016
365992
365991
365990
365987
365955
365942
365933
365922
365919
365916
365905
365892
365866
365865
365863
365852
365844
365831
365827
365821
365804
365800
365787
365784
365781
365780
365771
365738
365714
365706
365702
365700
365682
365660
365651
365637
365636
365618
365590
365563
365560
365534
365526
365521
365482
365479
365478
365461
365440
365432
365430
365409
365388
365383
365375
365370
365354
365341
365336
365329
365276
365272
365266
365258
365245
365217
365205
365197
365188
365172
365169
365166
365157
365143
365137
365136
365135
365130
365124
365082
365077
365074
365065
365065
365063
365047
365046
365038
365035
365031
365022
365020
365018
365014
364976
364970
364967
364965
364953
364950
364949
364947
364947
364944
364914
364900
364886
364885
364884
364879
364875
364868
364867
364863
364849
364847
364843
364816
364815
364787
364767
364737
364726
364725
364715
364704
364698
364691
364688
364664
364614
364598
364596
364589
364586
364583
364578
364562
364559
364546
364545
364545
364541
364531
364525
364512
364481
364473
364451
364436
364430
364423
364411
364409
364371
364363
364360
364355
364338
364337
364316
364298
364289
364271
364261
364253
364243
364217
364217
364209
364207
364187
364162
364123
364118
364117
364062
364061
364054
364052
364047
364046
364022
364018
364017
364008
363999
363999
363982
363976
363975
363970
363967
363962
363954
363951
363946
363925
363925
363919
363918
363913
363897
363896
363883
363877
363871
363832
363827
363812
363809
363793
363781
363777
363763
363762
363756
363745
363735
363735
363725
363714
363713
363689
363674
363666
363663
363657
363657
363642
363638
363623
363608
363592
363578
363562
363545
363544
363526
363509
363509
363499
363480
363476
363475
363474
363466
363464
363462
363460
363456
363444
363429
363427
363415
363376
363369
363361
363361
363358
363338
363326
363324
363311
363286
363271
363271
363257
363249
363248
363246
363237
363230
363222
363205
363204
363183
363138
363132
363119
363115
363095
363092
363086
363068
363064
363048
363027
363010
363009
363002
363002
362998
362992
362977
362975
362973
362964
362949
362946
362944
362919
362902
362901
362875
362868
362862
362844
362844
362838
362830
362828
362827
362822
362817
362795
362787
362784
362784
362777
362760
362748
362748
362746
362739
362731
362706
362691
362686
362670
362657
362656
362642
362616
362615
362614
362591
362589
362580
362568
362552
362543
362541
362531
362527
362515
362514
362506
362501
362496
362483
362473
362471
362465
362455
362446
362437
362430
362415
362389
362388
362386
362380
362367
362363
362360
362356
362356
362353
362338
362324
362319
362302
362302
362293
362290
362283
362261
362261
362257
362235
362210
362195
362175
362170
362161
362151
362116
362114
362104
362090
362080
362036
362013
362013
361986
361953
361951
361937
361922
361920
361898
361887
361876
361875
361871
361871
361859
361833
361830
361827
361793
361773
361770
361769
361764
361744
361730
361728
361719
361689
361645
361637
361634
361614
361605
361596
361593
361589
361578
361535
361517
361509
361500
361499
361496
361496
361495
361490
361489
361487
361464
361463
361457
361455
361439
361405
361397
361395
361374
361365
361365
361351
361316
361313
361310
361305
361284
361281
361275
361257
361256
361253
361249
361235
361216
361209
361198
361190
361187
361133
361101
361097
361096
361070
361064
361039
361036
361026
361024
361020
361018
361001
360998
360995
360985
360971
360966
360963
360951
360930
360924
360921
360921
360919
360915
360892
360883
360879
360877
360874
360868
360862
360854
360814
360798
360797
360787
360784
360782
360781
360767
360756
360743
360726
360722
360716
360712
360704
360693
360689
360681
360659
360653
360647
360634
360630
360629
360626
360624
360617
360607
360601
360588
360582
360574
360572
360563
360556
360548
360547
360535
360535
360523
360490
360479
360458
360455
360447
360447
360434
360417
360393
360393
360385
360384
360373
360372
360360
360351
360342
360329
360325
360316
360316
360303
360301
360296
360281
360277
360263
360241
360233
360209
360203
360184
360176
360170
360169
360140
360132
360130
360114
360107
360105
360095
360072
360067
360062
360040
360016
360013
360003
359949
359947
359945
359942
359936
359929
359914
359912
359884
359878
359875
359855
359853
359847
359846
359839
359836
359833
359832
359811
359804
359800
359798
359753
359751
359740
359701
359694
359670
359637
359625
359611
359604
359604
359586
359573
359572
359536
359526
359520
359508
359493
359473
359470
359463
359453
359436
359388
359371
359362
359360
359355
359330
359327
359314
359287
359261
359251
359243
359236
359234
359231
359208
359200
359186
359162
359153
359151
359134
359095
359072
359062
359048
359047
359045
359039
359038
359035
359025
358992
358977
358965
358962
358928
358921
358919
358917
358909
358908
358895
358884
358884
358870
358869
358864
358863
358861
358861
358854
358853
358850
358847
358836
358810
358798
358797
358776
358774
358760
358753
358753
358740
358731
358731
358729
358725
358721
358716
358713
358706
358692
358680
358670
358646
358624
358604
358603
358580
358571
358566
358547
358526
358508
358420
358419
358408
358354
358337
358328
358299
358299
358266
358244
358231
358224
358203
358202
358201
358176
358132
358129
358109
358100
358085
358072
358060
358059
358057
358053
358017
358009
358001
357979
357977
357970
357957
357956
357954
357934
357907
357889
357882
357876
357873
357872
357860
357858
357858
357856
357850
357809
357798
357798
357784
357782
357767
357756
357755
357749
357741
357719
357708
357700
357699
357697
357663
357662
357657
357656
357648
357642
357637
357635
357632
357631
357628
357622
357616
357610
357604
357587
357578
357575
357556
357555
357537
357536
357530
357529
357496
357493
357486
357483
357476
357459
357449
357445
357434
357432
357422
357408
357394
357380
357377
357375
357374
357368
357359
357354
357351
357330
357328
357325
357322
357306
357298
357298
357296
357277
357276
357254
357243
357224
357209
357204
357194
357193
357177
357175
357174
357164
357163
357163
357162
357152
357144
357143
357133
357106
357101
357048
357034
357027
357023
357002
357001
357000
356998
356994
356985
356980
356972
356967
356955
356954
356948
356948
356940
356934
356927
356924
356911
356904
356894
356880
356865
356859
356846
356838
356827
356818
356818
356809
356804
356799
356795
356786
356782
356779
356778
356771
356725
356724
356714
356700
356682
356679
356672
356664
356663
356663
356650
356626
356620
356618
356596
356587
356586
356585
356576
356560
356557
356545
356531
356521
356515
356514
356477
356434
356426
356421
356389
356386
356363
356353
356342
356332
356326
356324
356306
356305
356305
356305
356304
356291
356286
356242
356230
356226
356218
356200
356189
356182
356174
356147
356138
356134
356123
356117
356114
356109
356107
356101
356066
356059
356057
356055
356054
356042
356012
356008
355982
355974
355957
355944
355939
355921
355911
355911
355909
355909
355894
355885
355863
355859
355857
355855
355851
355835
355814
355810
355803
355803
355780
355763
355716
355716
355709
355708
355702
355690
355671
355665
355660
355654
355647
355641
355638
355633
355561
355522
355513
355512
355507
355485
355477
355461
355461
355459
355457
355450
355449
355449
355441
355438
355435
355431
355426
355423
355404
355399
355388
355383
355375
355372
355367
355360
355346
355333
355328
355319
355317
355316
355282
355274
355261
355245
355244
355237
355234
355226
355223
355221
355219
355217
355182
355180
355175
355172
355169
355162
355134
355131
355128
355114
355104
355096
355095
355076
355066
355024
355023
355021
355017
355013
355008
355003
354996
354992
354989
354984
354972
354970
354967
354933
354931
354921
354902
354895
354883
354869
354865
354861
354848
354814
354803
354797
354786
354780
354779
354776
354767
354756
354743
354732
354720
354714
354710
354705
354686
354680
354672
354671
354670
354666
354622
354610
354580
354570
354568
354565
354560
354558
354515
354490
354490
354482
354460
354413
354402
354398
354377
354369
354363
354344
354336
354331
354323
354296
354294
354279
354272
354244
354230
354227
354220
354218
354207
354201
354191
354186
354185
354179
354177
354174
354159
354154
354132
354125
354125
354115
354115
354104
354101
354094
354080
354077
354048
354041
354036
354036
354029
354026
354025
354014
354013
354001
353985
353979
353974
353972
353963
353957
353922
353920
353917
353915
353912
353896
353893
353846
353841
353830
353818
353816
353790
353789
353784
353783
353777
353761
353760
353743
353734
353730
353725
353722
353683
353674
353645
353637
353633
353613
353609
353605
353603
353599
353583
353582
353574
353562
353557
353554
353509
353504
353491
353489
353471
353464
353458
353450
353447
353440
353431
353394
353392
353386
353373
353350
353333
353332
353327
353308
353304
353294
353284
353281
353257
353208
353195
353174
353171
353165
353165
353158
353147
353146
353140
353106
353096
353059
353055
353051
353043
353043
353011
353008
353004
352999
352986
352961
352958
352948
352947
352941
352939
352931
352903
352897
352895
352879
352863
352829
352817
352804
352804
352801
352790
352766
352752
352713
352711
352710
352710
352659
352649
352629
352624
352614
352600
352598
352571
352564
352557
352548
352541
352531
352507
352498
352497
352496
352467
352460
352454
352454
352449
352448
352433
352394
352393
352383
352367
352366
352361
352353
352317
352315
352307
352303
352303
352300
352299
352292
352285
352282
352278
352253
352238
352238
352233
352228
352227
352200
352188
352187
352185
352179
352175
352165
352147
352138
352133
352113
352112
352106
352076
352068
352065
352065
352064
352062
352048
352026
352018
352000
351999
351997
351985
351981
351978
351952
351951
351936
351927
351925
351912
351896
351888
351885
351868
351844
351839
351836
351834
351830
351812
351811
351797
351787
351750
351734
351711
351709
351705
351704
351701
351698
351693
351688
351681
351679
351669
351659
351645
351637
351636
351634
351632
351632
351576
351565
351557
351555
351552
351546
351539
351537
351532
351531
351529
351516
351498
351489
351480
351479
351471
351465
351437
351429
351405
351396
351388
351372
351362
351308
351297
351288
351284
351276
351252
351225
351221
351220
351204
351188
351165
351161
351154
351142
351137
351115
351073
351073
351066
351066
351056
351055
351055
351040
351039
351035
351035
351028
351022
351018
351013
351002
350994
350966
350946
350936
350935
350931
350907
350906
350895
350894
350885
350865
350861
350854
350815
350802
350789
350784
350781
350768
350757
350755
350755
350742
350740
350725
350721
350711
350693
350690
350686
350668
350641
350620
350609
350601
350587
350577
350574
350550
350538
350535
350526
350515
350514
350503
350496
350495
350486
350483
350475
350463
350461
350449
350421
350419
350414
350409
350399
350395
350392
350390
350388
350384
350384
350383
350374
350364
350362
350358
350352
350350
350349
350346
350340
350339
350338
350333
350318
350309
350267
350239
350236
350232
350226
350220
350208
350204
350191
350169
350169
350164
350145
350140
350129
350129
350127
350115
350093
350083
350072
350070
350062
350054
350048
350038
350037
350030
350020
350012
350004
349997
349986
349977
349974
349962
349946
349933
349912
349912
349889
349884
349874
349861
349843
349843
349841
349839
349833
349833
349827
349817
349772
349759
349733
349729
349709
349694
349680
349680
349678
349676
349672
349668
349655
349637
349624
349615
349585
349577
349565
349565
349549
349537
349534
349527
349526
349515
349507
349505
349504
349496
349492
349479
349465
349452
349448
349446
349441
349440
349411
349399
349382
349366
349348
349344
349339
349337
349335
349328
349323
349308
349305
349291
349288
349286
349265
349264
349263
349257
349256
349254
349243
349239
349222
349220
349219
349212
349197
349193
349188
349187
349183
349180
349179
349168
349142
349133
349129
349121
349113
349084
349072
349062
349061
349050
349042
349035
349026
349009
348989
348976
348972
348958
348958
348940
348936
348912
348903
348898
348895
348858
348851
348849
348848
348838
348822
348822
348804
348799
348779
348778
348776
348775
348768
348756
348755
348754
348736
348730
348729
348721
348716
348713
348694
348693
348692
348659
348652
348647
348637
348633
348630
348622
348615
348615
348599
348591
348588
348587
348572
348565
348562
348559
348558
348557
348557
348544
348530
348521
348505
348504
348503
348503
348484
348481
348480
348470
348464
348463
348461
348454
348451
348440
348432
348417
348416
348401
348400
348399
348378
348374
348354
348354
348345
348345
348344
348341
348340
348322
348305
348297
348278
348274
348267
348251
348209
348182
348172
348123
348117
348113
348056
348054
348050
348032
348032
348030
348026
348026
347993
347988
347978
347972
347968
347966
347964
347963
347953
347928
347913
347891
347856
347855
347835
347833
347817
347812
347782
347781
347774
347753
347741
347727
347723
347717
347708
347704
347701
347678
347673
347665
347653
347650
347643
347626
347625
347622
347606
347590
347586
347575
347568
347566
347560
347544
347538
347526
347523
347521
347517
347506
347491
347480
347477
347476
347470
347470
347450
347447
347420
347418
347410
347408
347362
347358
347357
347353
347353
347353
347346
347340
347318
347311
347309
347292
347288
347274
347263
347253
347232
347231
347226
347218
347210
347178
347165
347164
347154
347151
347144
347124
347121
347113
347105
347070
347056
347048
347030
347029
347010
347005
347001
346986
346974
346953
346941
346940
346919
346918
346916
346906
346892
346890
346885
346884
346874
346872
346856
346844
346842
346820
346775
346762
346757
346752
346738
346729
346727
346718
346712
346711
346696
346696
346694
346689
346687
346682
346675
346671
346666
346655
346637
346607
346602
346594
346574
346573
346568
346543
346520
346519
346513
346502
346498
346498
346491
346484
346470
346463
346458
346443
346433
346421
346408
346401
346396
346389
346388
346354
346337
346331
346327
346308
346300
346298
346290
346289
346279
346277
346270
346250
346248
346237
346233
346212
346204
346199
346195
346189
346180
346148
346139
346120
346117
346110
346102
346087
346084
346081
346060
346043
346037
346036
346021
346018
346011
345977
345973
345972
345954
345953
345952
345933
345932
345925
345924
345906
345894
345884
345883
345866
345858
345853
345840
345826
345823
345816
345815
345774
345770
345757
345755
345734
345729
345727
345712
345708
345698
345691
345677
345660
345658
345653
345653
345636
345635
345624
345622
345617
345594
345590
345587
345568
345549
345531
345529
345526
345519
345516
345515
345491
345488
345483
345477
345473
345451
345439
345434
345430
345424
345421
345419
345407
345390
345374
345362
345342
345330
345284
345283
345254
345245
345236
345230
345213
345212
345208
345202
345168
345142
345116
345114
345107
345078
345072
345049
345039
345039
345037
345037
345033
345028
345016
345011
345004
344973
344965
344963
344951
344948
344938
344936
344932
344929
344910
344908
344906
344888
344882
344878
344878
344877
344873
344863
344854
344848
344827
344824
344822
344820
344820
344804
344784
344780
344777
344769
344756
344753
344740
344715
344709
344707
344706
344695
344685
344675
344661
344652
344652
344651
344637
344634
344633
344623
344622
344594
344581
344569
344541
344540
344527
344526
344515
344503
344480
344478
344471
344468
344450
344449
344443
344427
344424
344419
344410
344407
344398
344376
344360
344359
344324
344323
344320
344310
344306
344281
344275
344268
344268
344266
344239
344220
344215
344211
344152
344121
344112
344108
344106
344103
344093
344090
344090
344061
344042
344026
344021
344007
344002
344000
343990
343981
343934
343932
343924
343917
343914
343906
343890
343884
343883
343876
343840
343840
343778
343761
343724
343673
343643
343634
343615
343595
343587
343530
343525
343520
343495
343493
343486
343485
343485
343475
343452
343434
343404
343400
343333
343328
343320
343312
343298
343295
343263
343257
343252
343248
343228
343217
343175
343173
343151
343145
343139
343135
343134
343122
343113
343105
343097
343071
343071
343039
343036
343030
343030
343029
343028
343025
343023
343015
343014
343006
342983
342893
342889
342889
342888
342886
342878
342871
342859
342854
342849
342849
342848
342846
342845
342836
342818
342813
342789
342775
342769
342767
342767
342757
342748
342739
342732
342722
342686
342677
342677
342674
342667
342665
342660
342656
342656
342652
342651
342648
342647
342645
342633
342631
342621
342616
342602
342600
342584
342577
342571
342562
342554
342553
342545
342543
342517
342516
342506
342497
342492
342483
342481
342475
342473
342460
342445
342419
342415
342403
342395
342395
342387
342363
342345
342334
342331
342321
342307
342292
342288
342283
342282
342280
342276
342269
342266
342224
342200
342190
342187
342176
342158
342144
342140
342132
342126
342117
342098
342095
342072
342070
342049
342028
342024
341999
341997
341996
341973
341952
341949
341946
341939
341922
341919
341905
341896
341890
341884
341858
341849
341828
341813
341811
341807
341791
341777
341772
341770
341754
341740
341731
341721
341704
341700
341677
341675
341673
341667
341645
341639
341635
341630
341630
341622
341607
341587
341573
341557
341525
341520
341517
341481
341456
341452
341445
341439
341436
341428
341416
341413
341413
341385
341380
341364
341359
341335
341333
341332
341323
341307
341302
341289
341278
341265
341259
341253
341234
341221
341220
341210
341195
341179
341155
341147
341132
341131
341126
341124
341104
341101
341084
341077
341072
341063
341055
341050
341046
341042
341005
341004
341004
340991
340985
340974
340973
340963
340939
340936
340934
340920
340892
340875
340873
340869
340857
340853
340851
340840
340817
340804
340801
340793
340780
340779
340773
340761
340727
340725
340711
340698
340690
340689
340682
340666
340665
340664
340648
340635
340628
340616
340606
340600
340590
340578
340575
340570
340551
340507
340502
340498
340469
340467
340458
340454
340444
340417
340413
340400
340394
340389
340389
340389
340381
340367
340365
340362
340347
340325
340306
340293
340286
340280
340272
340263
340262
340242
340234
340231
340226
340220
340168
340156
340145
340141
340130
340119
340117
340114
340086
340078
340075
340035
340002
339991
339989
339980
339974
339974
339973
339962
339953
339943
339933
339924
339910
339896
339895
339891
339888
339884
339881
339880
339854
339854
339828
339811
339810
339809
339796
339775
339702
339682
339677
339646
339645
339631
339557
339554
339544
339537
339511
339508
339504
339477
339476
339465
339454
339453
339447
339443
339441
339398
339395
339391
339378
339378
339375
339370
339367
339362
339360
339357
339326
339323
339321
339316
339307
339306
339298
339297
339291
339287
339282
339281
339261
339245
339207
339207
339197
339193
339184
339181
339164
339156
339149
339146
339133
339125
339111
339099
339081
339061
339053
339038
339030
338994
338989
338986
338979
338977
338967
338963
338961
338956
338945
338937
338933
338932
338926
338925
338918
338916
338894
338884
338878
338874
338867
338866
338865
338832
338822
338817
338800
338786
338778
338771
338770
338758
338753
338733
338714
338711
338651
338622
338612
338611
338593
338583
338569
338551
338526
338526
338525
338516
338500
338496
338488
338487
338467
338462
338449
338398
338395
338395
338392
338384
338307
338302
338296
338294
338285
338282
338277
338258
338240
338236
338234
338201
338190
338189
338172
338116
338091
338090
338087
338085
338082
338080
338057
338055
338052
338027
338027
338024
338014
338014
338010
338005
337999
337982
337969
337967
337962
337954
337937
337933
337931
337923
337915
337900
337897
337895
337891
337888
337887
337858
337856
337849
337831
337816
337800
337793
337777
337756
337756
337756
337751
337738
337728
337700
337682
337673
337655
337654
337649
337629
337623
337613
337610
337605
337604
337581
337559
337532
337527
337498
337492
337479
337477
337472
337462
337447
337439
337436
337435
337433
337433
337432
337414
337392
337372
337366
337343
337342
337329
337322
337318
337316
337313
337307
337302
337301
337301
337288
337260
337227
337225
337224
337212
337199
337181
337179
337165
337162
337161
337144
337134
337133
337130
337119
337099
337080
337060
337060
337058
337055
337055
337052
337037
337015
337011
336978
336947
336942
336939
336922
336921
336916
336872
336872
336853
336833
336809
336805
336802
336786
336763
336757
336734
336707
336698
336662
336655
336648
336642
336642
336634
336615
336608
336592
336586
336567
336541
336533
336530
336522
336505
336504
336470
336443
336432
336425
336420
336418
336403
336402
336392
336390
336385
336359
336343
336342
336337
336329
336328
336325
336324
336319
336301
336294
336273
336268
336258
336257
336254
336221
336197
336193
336145
336116
336111
336092
336092
336083
336067
336055
336042
336035
336023
336008
335984
335967
335959
335956
335955
335952
335944
335911
335907
335905
335891
335881
335880
335874
335867
335864
335862
335841
335835
335833
335821
335806
335788
335775
335774
335765
335752
335744
335741
335738
335733
335722
335687
335680
335671
335669
335668
335645
335619
335618
335615
335601
335589
335579
335576
335547
335540
335540
335540
335538
335514
335513
335512
335511
335492
335486
335448
335446
335437
335436
335435
335434
335417
335406
335399
335394
335392
335357
335345
335328
335327
335312
335294
335286
335278
335253
335241
335240
335217
335212
335210
335191
335175
335171
335128
335128
335120
335119
335108
335092
335088
335083
335076
335070
335051
335049
335027
335012
335003
334993
334993
334956
334949
334937
334924
334905
334886
334858
334846
334840
334821
334820
334816
334805
334784
334770
334762
334752
334744
334740
334729
334728
334725
334682
334672
334666
334665
334657
334626
334624
334620
334607
334601
334588
334581
334570
334564
334560
334548
334532
334528
334521
334516
334507
334505
334484
334478
334473
334468
334457
334443
334440
334420
334414
334413
334409
334403
334402
334398
334396
334392
334390
334374
334364
334364
334347
334345
334333
334327
334268
334266
334262
334253
334251
334251
334247
334244
334237
334226
334190
334188
334182
334146
334137
334137
334128
334124
334123
334117
334115
334113
334091
334085
334074
334067
334066
334056
334056
334047
334044
334038
334017
334013
333982
333976
333952
333947
333940
333937
333928
333910
333898
333891
333879
333872
333870
333865
333834
333826
333808
333805
333793
333792
333785
333779
333762
333746
333733
333721
333709
333709
333707
333651
333643
333636
333636
333626
333618
333611
333598
333597
333591
333591
333591
333590
333564
333548
333543
333534
333520
333520
333520
333518
333517
333504
333480
333474
333470
333464
333460
333450
333443
333414
333405
333373
333367
333363
333343
333343
333315
333313
333308
333297
333295
333271
333235
333232
333200
333159
333151
333069
333067
333059
333056
333052
333042
333032
333021
333018
333000
332995
332991
332962
332947
332945
332945
332939
332932
332926
332925
332914
332902
332883
332878
332872
332861
332839
332817
332812
332792
332778
332773
332766
332766
332762
332759
332747
332745
332732
332725
332712
332695
332670
332669
332668
332665
332646
332642
332628
332627
332612
332609
332597
332572
332553
332549
332516
332514
332504
332498
332471
332462
332455
332430
332407
332382
332354
332346
332301
332296
332272
332269
332253
332244
332227
332218
332211
332202
332200
332191
332179
332179
332175
332170
332158
332143
332131
332108
332108
332101
332095
332087
332076
332069
332062
332060
332046
332017
332015
331992
331986
331949
331941
331936
331927
331924
331912
331897
331877
331866
331813
331812
331802
331799
331799
331790
331773
331773
331772
331772
331758
331751
331743
331720
331717
331690
331674
331666
331665
331657
331656
331648
331646
331643
331631
331562
331521
331507
331492
331492
331487
331470
331462
331455
331448
331446
331440
331435
331429
331418
331385
331384
331379
331359
331339
331333
331333
331332
331326
331324
331303
331303
331299
331273
331263
331262
331256
331247
331242
331225
331217
331216
331196
331195
331189
331187
331185
331177
331160
331127
331094
331089
331082
331069
331041
331038
331030
331026
330998
330995
330994
330991
330986
330975
330974
330966
330962
330962
330952
330951
330934
330924
330890
330883
330874
330864
330859
330849
330840
330835
330829
330828
330820
330805
330797
330753
330738
330714
330711
330707
330705
330678
330669
330668
330668
330652
330646
330636
330631
330615
330613
330598
330593
330581
330577
330567
330564
330559
330558
330550
330549
330538
330532
330521
330517
330515
330513
330511
330509
330488
330464
330460
330411
330406
330401
330394
330388
330373
330335
330318
330311
330311
330291
330272
330270
330268
330266
330249
330242
330238
330233
330227
330218
330208
330207
330190
330178
330168
330135
330123
330100
330094
330082
330080
330075
330073
330068
330060
330054
330054
330052
330027
330026
330017
330005
329977
329972
329969
329967
329959
329951
329945
329934
329923
329896
329889
329876
329857
329849
329845
329840
329837
329822
329800
329795
329792
329783
329764
329762
329758
329749
329745
329737
329725
329704
329693
329693
329685
329679
329664
329641
329636
329590
329581
329557
329550
329546
329545
329537
329527
329505
329502
329498
329489
329486
329485
329473
329469
329468
329462
329460
329456
329455
329439
329438
329435
329425
329407
329407
329399
329395
329389
329372
329363
329355
329353
329353
329331
329329
329234
329222
329210
329194
329189
329176
329168
329167
329144
329134
329131
329115
329112
329106
329105
329078
329076
329072
329062
329059
329057
329045
329037
329022
329013
328986
328980
328951
328950
328946
328943
328937
328928
328927
328926
328924
328923
328923
328909
328886
328853
328845
328839
328838
328807
328803
328784
328763
328755
328729
328696
328689
328668
328620
328620
328604
328587
328566
328558
328556
328551
328544
328536
328495
328481
328475
328459
328459
328448
328429
328425
328419
328418
328401
328397
328391
328378
328377
328368
328368
328354
328345
328318
328310
328307
328293
328287
328277
328260
328255
328253
328222
328212
328207
328196
328185
328174
328166
328158
328155
328129
328124
328110
328072
328062
328057
328056
328054
328041
328035
328032
328020
328011
328010
327999
327990
327956
327942
327938
327936
327919
327919
327885
327842
327832
327818
327809
327807
327784
327778
327754
327754
327745
327728
327724
327711
327676
327670
327670
327665
327650
327641
327634
327615
327598
327598
327595
327590
327589
327577
327563
327558
327539
327524
327517
327477
327467
327465
327463
327452
327451
327449
327433
327418
327412
327399
327399
327399
327386
327376
327350
327338
327331
327328
327319
327315
327304
327293
327292
327275
327252
327252
327251
327236
327234
327230
327220
327190
327190
327185
327174
327146
327140
327134
327128
327114
327084
327071
327052
327049
327045
327041
327034
327028
327027
327021
327017
326985
326980
326978
326975
326950
326949
326934
326923
326917
326903
326891
326884
326863
326838
326833
326831
326824
326812
326810
326810
326793
326783
326767
326745
326744
326707
326645
326637
326627
326617
326588
326586
326572
326571
326559
326543
326536
326526
326515
326453
326424
326418
326417
326402
326398
326395
326371
326356
326353
326343
326342
326341
326341
326341
326327
326327
326326
326297
326282
326279
326273
326255
326252
326227
326215
326188
326187
326178
326174
326173
326170
326164
326163
326162
326158
326156
326148
326124
326119
326106
326096
326092
326086
326081
326078
326076
326075
326068
326051
326037
326028
326006
326005
325971
325956
325949
325878
325876
325875
325870
325844
325834
325832
325829
325828
325812
325787
325778
325749
325747
325744
325738
325734
325711
325699
325681
325667
325648
325617
325610
325609
325596
325589
325558
325558
325552
325546
325538
325532
325527
325524
325491
325489
325483
325481
325481
325458
325452
325447
325431
325421
325414
325401
325397
325390
325368
325364
325364
325361
325344
325341
325336
325334
325312
325291
325291
325289
325268
325252
325234
325226
325214
325212
325198
325181
325159
325132
325090
325082
325067
325054
325048
325040
325039
325019
325006
324949
324939
324934
324917
324914
324897
324896
324889
324887
324886
324878
324878
324873
324864
324826
324805
324795
324793
324780
324775
324766
324753
324738
324737
324734
324725
324709
324707
324704
324703
324702
324699
324695
324689
324680
324675
324657
324649
324642
324640
324640
324636
324631
324626
324606
324602
324554
324549
324546
324518
324516
324510
324489
324465
324462
324451
324445
324438
324431
324424
324423
324416
324409
324404
324403
324395
324392
324387
324385
324370
324366
324347
324345
324338
324338
324333
324319
324310
324308
324290
324288
324280
324276
324265
324258
324257
324254
324243
324239
324228
324227
324220
324218
324217
324202
324197
324187
324166
324165
324111
324110
324098
324098
324065
324055
324052
324047
324041
324033
324033
323988
323986
323985
323983
323968
323967
323922
323913
323908
323907
323870
323860
323859
323840
323823
323818
323810
323807
323802
323796
323778
323772
323752
323747
323744
323738
323738
323718
323710
323707
323703
323703
323674
323666
323661
323655
323633
323622
323615
323611
323611
323611
323593
323587
323584
323575
323574
323564
323559
323559
323550
323546
323544
323535
323527
323513
323510
323502
323479
323463
323432
323427
323427
323415
323414
323396
323385
323344
323307
323304
323300
323288
323287
323279
323267
323265
323262
323256
323247
323241
323233
323223
323219
323215
323159
323152
323150
323133
323121
323120
323116
323111
323072
323062
323016
323001
323000
322992
322982
322950
322942
322934
322922
322913
322900
322846
322834
322826
322826
322824
322809
322802
322802
322786
322782
322778
322777
322774
322759
322751
322739
322733
322733
322723
322723
322707
322697
322681
322677
322666
322666
322665
322638
322625
322623
322590
322581
322578
322575
322508
322502
322496
322495
322494
322473
322458
322431
322431
322430
322428
322422
322416
322400
322377
322365
322344
322338
322337
322335
322334
322327
322275
322263
322258
322219
322211
322210
322203
322182
322166
322163
322159
322157
322153
322146
322145
322138
322133
322119
322118
322109
322098
322092
322090
322066
322049
322047
322046
322037
322030
322030
321988
321956
321948
321926
321921
321920
321905
321901
321900
321897
321887
321873
321848
321845
321840
321814
321810
321808
321799
321794
321789
321781
321773
321752
321735
321734
321697
321697
321690
321676
321671
321668
321662
321653
321651
321617
321581
321572
321571
321567
321561
321550
321521
321515
321491
321476
321440
321438
321435
321431
321409
321389
321383
321379
321366
321347
321346
321338
321334
321330
321313
321311
321309
321296
321288
321280
321265
321240
321205
321205
321198
321196
321195
321178
321173
321172
321169
321156
321138
321137
321134
321125
321093
321089
321080
321078
321076
321054
321038
321036
321025
321020
321011
320983
320956
320940
320935
320931
320931
320929
320896
320881
320871
320871
320867
320847
320847
320843
320835
320831
320825
320823
320819
320803
320753
320734
320732
320712
320710
320708
320708
320705
320667
320658
320653
320620
320565
320546
320528
320527
320514
320492
320487
320477
320474
320431
320428
320428
320425
320422
320413
320409
320407
320402
320401
320388
320388
320380
320377
320366
320347
320334
320313
320306
320290
320272
320255
320240
320229
320227
320222
320190
320189
320178
320169
320168
320164
320158
320136
320128
320124
320104
320094
320076
320058
320052
320040
320028
320003
319994
319989
319978
319968
319948
319941
319932
319922
319918
319915
319874
319845
319845
319843
319841
319837
319833
319831
319821
319811
319809
319801
319792
319776
319763
319759
319759
319753
319746
319711
319706
319694
319693
319692
319690
319689
319667
319666
319648
319641
319634
319633
319605
319603
319599
319598
319596
319591
319581
319580
319553
319553
319552
319550
319540
319540
319529
319523
319520
319503
319496
319489
319486
319456
319441
319421
319410
319392
319370
319344
319337
319321
319316
319316
319308
319300
319280
319272
319262
319262
319235
319225
319219
319211
319192
319189
319177
319175
319170
319162
319150
319135
319097
319081
319076
319073
319072
319051
319042
319015
319014
319011
319007
319002
318979
318929
318920
318914
318912
318906
318905
318900
318893
318886
318869
318868
318863
318849
318836
318827
318811
318805
318792
318773
318772
318763
318757
318746
318738
318726
318715
318693
318665
318665
318655
318630
318612
318610
318604
318598
318590
318564
318563
318554
318554
318514
318511
318510
318503
318484
318466
318458
318446
318444
318431
318430
318409
318398
318397
318393
318385
318361
318359
318346
318343
318341
318339
318327
318324
318305
318298
318288
318278
318275
318253
318247
318238
318226
318223
318197
318192
318186
318184
318172
318161
318147
318143
318139
318122
318121
318114
318113
318111
318098
318098
318063
318060
318058
318056
318054
318050
318050
318034
318033
318012
318009
317998
317988
317984
317980
317960
317942
317934
317917
317916
317906
317903
317860
317859
317858
317856
317853
317847
317846
317830
317828
317782
317778
317773
317756
317720
317690
317672
317666
317606
317602
317589
317563
317560
317559
317550
317543
317532
317524
317522
317517
317515
317513
317508
317486
317485
317476
317472
317465
317462
317409
317406
317404
317402
317386
317363
317356
317343
317342
317332
317312
317308
317304
317296
317292
317287
317287
317284
317278
317278
317278
317272
317270
317266
317261
317257
317249
317242
317242
317222
317213
317206
317200
317199
317186
317182
317150
317146
317128
317124
317123
317109
317103
317088
317083
317063
317062
317060
317034
317031
317014
317012
317008
316989
316989
316979
316962
316959
316949
316912
316910
316908
316897
316884
316882
316865
316844
316829
316795
316792
316790
316774
316768
316759
316758
316753
316710
316678
316664
316648
316644
316642
316620
316604
316595
316553
316552
316552
316546
316516
316514
316500
316454
316454
316452
316435
316422
316395
316392
316392
316387
316386
316372
316364
316356
316355
316343
316324
316320
316317
316310
316308
316289
316281
316247
316235
316227
316224
316222
316205
316203
316197
316193
316192
316178
316168
316168
316162
316155
316147
316132
316092
316087
316080
316073
316060
316041
316032
316026
316023
316009
315990
315984
315983
315979
315964
315960
315945
315940
315938
315930
315908
315906
315902
315897
315895
315892
315890
315886
315883
315867
315857
315851
315844
315840
315812
315810
315790
315775
315754
315737
315729
315725
315724
315686
315678
315676
315674
315670
315658
315651
315645
315640
315637
315629
315541
315537
315521
315518
315490
315489
315471
315464
315436
315430
315416
315415
315394
315391
315386
315385
315369
315359
315353
315345
315337
315336
315329
315321
315319
315318
315313
315311
315291
315290
315288
315281
315268
315262
315248
315247
315235
315234
315226
315209
315208
315175
315166
315158
315108
315094
315093
315077
315076
315069
315068
315057
315057
315049
315037
315023
315010
315009
315008
314981
314967
314964
314963
314962
314941
314915
314871
314869
314865
314857
314852
314848
314832
314826
314825
314793
314788
314788
314783
314775
314765
314755
314739
314717
314711
314686
314682
314671
314670
314665
314664
314651
314650
314631
314605
314599
314583
314582
314568
314561
314544
314536
314533
314493
314485
314475
314456
314453
314449
314440
314423
314394
314393
314354
314337
314211
314204
314202
314169
314169
314167
314148
314122
314120
314105
314095
314091
314090
314061
314056
314046
314045
314042
314041
314029
314027
314021
314006
314002
313994
313992
313991
313980
313971
313966
313944
313932
313926
313926
313920
313918
313873
313846
313815
313807
313803
313797
313795
313790
313787
313784
313768
313764
313760
313724
313720
313713
313712
313711
313687
313668
313666
313662
313650
313643
313625
313619
313618
313596
313591
313589
313586
313554
313503
313501
313501
313477
313474
313473
313455
313443
313441
313440
313434
313433
313419
313418
313391
313389
313386
313369
313362
313333
313321
313309
313292
313288
313282
313268
313256
313237
313236
313209
313167
313150
313147
313144
313124
313121
313113
313103
313101
313090
313077
313073
313060
313057
313049
313034
313032
313019
313017
312993
312990
312962
312950
312948
312924
312910
312901
312901
312875
312864
312862
312861
312847
312835
312832
312821
312818
312817
312808
312806
312805
312803
312779
312774
312772
312763
312759
312753
312753
312737
312734
312734
312723
312718
312706
312701
312691
312690
312681
312680
312668
312662
312658
312633
312632
312632
312631
312620
312619
312611
312608
312594
312590
312589
312587
312581
312576
312571
312543
312542
312539
312538
312522
312521
312518
312516
312510
312499
312486
312484
312481
312452
312437
312436
312430
312426
312405
312402
312400
312389
312384
312345
312344
312324
312314
312303
312292
312287
312286
312283
312282
312280
312257
312248
312243
312229
312206
312193
312178
312151
312144
312137
312135
312130
312123
312102
312084
312083
312076
312071
312055
312048
312045
312045
312044
312044
312035
312034
312017
312012
312005
312001
311981
311973
311968
311966
311957
311935
311925
311921
311918
311905
311902
311891
311872
311871
311860
311831
311825
311825
311810
311794
311792
311782
311779
311774
311750
311737
311714
311694
311694
311694
311694
311682
311678
311671
311670
311670
311665
311661
311654
311650
311646
311643
311641
311626
311616
311591
311589
311581
311578
311578
311565
311559
311550
311527
311525
311512
311502
311493
311488
311476
311473
311471
311452
311443
311410
311396
311392
311391
311389
311385
311384
311380
311361
311345
311340
311329
311315
311300
311297
311290
311285
311285
311260
311252
311251
311251
311242
311228
311219
311185
311183
311178
311172
311149
311138
311127
311115
311093
311089
311079
311079
311065
311054
311047
311044
311038
311038
311025
311025
311012
311011
311008
310993
310973
310965
310955
310954
310948
310947
310942
310933
310930
310911
310894
310874
310865
310864
310859
310856
310831
310822
310816
310786
310768
310762
310756
310747
310739
310729
310726
310700
310690
310686
310666
310666
310662
310659
310653
310652
310639
310618
310597
310587
310569
310565
310559
310558
310546
310543
310542
310529
310509
310508
310507
310502
310499
310486
310485
310469
310452
310444
310434
310427
310416
310412
310401
310398
310387
310363
310352
310350
310350
310319
310318
310306
310294
310273
310271
310267
310241
310224
310221
310203
310194
310186
310181
310179
310155
310153
310133
310120
310117
310092
310079
310070
310067
310048
310043
310041
310037
310037
310014
310005
310001
309992
309989
309974
309972
309954
309933
309926
309915
309915
309903
309898
309893
309892
309886
309881
309869
309869
309840
309837
309837
309829
309795
309794
309769
309762
309755
309742
309735
309722
309695
309694
309687
309685
309680
309675
309675
309666
309642
309640
309635
309627
309618
309618
309590
309587
309567
309551
309549
309547
309543
309539
309535
309516
309515
309508
309492
309460
309449
309448
309438
309437
309432
309425
309385
309370
309364
309341
309340
309302
309294
309290
309271
309258
309258
309249
309241
309210
309203
309201
309199
309194
309191
309183
309180
309179
309176
309141
309138
309131
309131
309105
309099
309086
309077
309076
309075
309074
309066
309060
309041
309014
309010
308994
308985
308981
308965
308961
308959
308955
308948
308940
308939
308923
308903
308900
308892
308890
308888
308878
308866
308827
308818
308815
308801
308794
308771
308690
308688
308666
308662
308635
308630
308629
308626
308624
308623
308610
308597
308596
308595
308566
308550
308526
308520
308499
308492
308466
308465
308463
308454
308438
308405
308401
308336
308320
308312
308293
308280
308257
308251
308247
308234
308233
308232
308231
308225
308214
308211
308188
308162
308152
308144
308142
308139
308138
308135
308122
308106
308101
308094
308091
308064
308043
308033
308023
308014
308006
308001
307999
307991
307982
307966
307962
307949
307940
307937
307926
307920
307918
307913
307881
307875
307828
307825
307799
307794
307788
307772
307768
307722
307707
307703
307702
307701
307692
307691
307664
307653
307646
307640
307631
307613
307610
307609
307574
307574
307567
307563
307562
307559
307558
307549
307543
307542
307533
307517
307513
307509
307504
307486
307462
307457
307454
307454
307438
307436
307434
307422
307421
307393
307393
307390
307383
307364
307355
307347
307338
307325
307316
307315
307278
307278
307260
307259
307255
307221
307178
307175
307172
307164
307152
307146
307140
307129
307112
307107
307100
307079
307062
307054
307054
307053
307043
307033
307021
307016
307015
306991
306990
306978
306977
306967
306957
306946
306939
306932
306909
306906
306906
306874
306868
306817
306813
306794
306790
306755
306740
306729
306728
306714
306682
306678
306667
306649
306645
306635
306598
306595
306590
306589
306581
306571
306543
306526
306501
306484
306453
306440
306436
306380
306378
306370
306367
306357
306355
306350
306339
306315
306313
306309
306284
306270
306267
306259
306259
306251
306220
306198
306183
306180
306159
306154
306130
306114
306114
306105
306086
306068
306051
306035
306035
306032
306000
305995
305994
305978
305961
305959
305959
305954
305953
305941
305923
305916
305915
305899
305898
305882
305874
305871
305869
305863
305859
305853
305846
305819
305814
305814
305813
305812
305808
305800
305788
305779
305778
305771
305741
305735
305721
305710
305698
305690
305676
305669
305638
305633
305632
305625
305610
305595
305594
305588
305585
305554
305536
305520
305508
305496
305494
305487
305480
305471
305469
305447
305432
305429
305415
305415
305414
305397
305394
305390
305386
305385
305381
305374
305362
305338
305336
305329
305327
305325
305319
305302
305284
305275
305273
305254
305249
305242
305241
305238
305235
305228
305225
305209
305189
305185
305159
305157
305141
305130
305085
305083
305064
305062
305051
305046
305033
305027
305026
305008
304999
304984
304981
304980
304976
304966
304930
304929
304928
304893
304868
304862
304851
304845
304839
304839
304824
304788
304783
304771
304766
304755
304753
304752
304747
304744
304743
304738
304736
304689
304688
304686
304644
304633
304625
304598
304592
304589
304579
304578
304559
304554
304536
304534
304524
304520
304518
304498
304497
304431
304427
304416
304413
304413
304401
304392
304386
304385
304370
304368
304366
304344
304338
304333
304324
304323
304317
304291
304268
304268
304265
304263
304260
304244
304225
304225
304219
304170
304165
304162
304155
304153
304129
304124
304115
304097
304094
304087
304084
304058
304056
304042
304039
304027
304020
304007
303996
303991
303976
303974
303973
303969
303961
303957
303952
303940
303937
303930
303894
303887
303880
303875
303861
303844
303840
303807
303802
303788
303785
303780
303724
303707
303706
303698
303661
303646
303644
303638
303636
303626
303613
303597
303587
303586
303573
303558
303553
303551
303550
303549
303542
303541
303536
303533
303518
303508
303488
303487
303481
303472
303472
303453
303451
303438
303437
303426
303419
303379
303367
303348
303348
303334
303330
303316
303296
303290
303266
303260
303254
303250
303248
303234
303230
303226
303226
303223
303223
303217
303215
303213
303206
303204
303198
303189
303184
303180
303174
303173
303170
303165
303162
303157
303147
303141
303137
303132
303077
303054
303045
303038
303028
303021
303017
303012
303009
302982
302976
302969
302955
302942
302896
302888
302882
302878
302869
302853
302844
302835
302824
302801
302783
302760
302753
302751
302733
302729
302725
302721
302712
302701
302674
302670
302638
302634
302629
302617
302602
302586
302585
302558
302556
302551
302531
302528
302522
302521
302510
302485
302483
302479
302477
302470
302466
302463
302461
302455
302450
302440
302437
302390
302371
302348
302347
302344
302334
302310
302307
302303
302289
302283
302277
302259
302251
302250
302200
302192
302189
302168
302148
302075
302060
302057
302056
302044
302031
302026
302024
302022
302003
302001
301992
301991
301987
301976
301964
301948
301948
301930
301912
301912
301911
301908
301902
301887
301881
301881
301879
301865
301857
301843
301821
301815
301808
301805
301786
301739
301738
301728
301727
301711
301699
301696
301691
301682
301673
301669
301663
301661
301658
301655
301644
301643
301638
301621
301621
301607
301592
301585
301576
301564
301540
301518
301513
301495
301491
301474
301454
301445
301431
301420
301414
301402
301380
301378
301368
301355
301336
301320
301317
301316
301302
301295
301276
301256
301247
301223
301216
301207
301207
301207
301198
301196
301163
301159
301158
301157
301152
301150
301145
301125
301112
301105
301102
301097
301093
301087
301085
301076
301075
301074
301071
301050
301038
301031
301017
301014
301006
300993
300988
300986
300985
300973
300969
300969
300959
300941
300930
300930
300919
300903
300897
300876
300873
300861
300847
300841
300809
300807
300785
300768
300749
300746
300746
300742
300719
300696
300686
300679
300675
300671
300669
300665
300614
300610
300608
300605
300591
300581
300567
300562
300549
300532
300518
300504
300499
300481
300476
300475
300471
300470
300461
300460
300450
300446
300408
300384
300364
300363
300363
300359
300353
300343
300340
300329
300323
300321
300317
300307
300301
300293
300286
300283
300272
300263
300260
300221
300221
300217
300202
300200
300184
300183
300149
300134
300130
300130
300111
300107
300100
300090
300087
300069
300066
300064
300059
300050
300025
300008
299994
299990
299980
299976
299968
299960
299933
299930
299929
299904
299891
299884
299881
299878
299865
299864
299858
299852
299835
299814
299809
299805
299804
299784
299770
299745
299745
299719
299716
299690
299659
299644
299630
299614
299614
299590
299556
299554
299537
299513
299512
299503
299500
299472
299469
299452
299425
299410
299402
299393
299380
299351
299341
299332
299332
299320
299305
299300
299291
299277
299275
299258
299255
299252
299242
299226
299210
299200
299190
299179
299173
299155
299154
299147
299141
299120
299118
299107
299101
299094
299086
299065
299046
299028
299014
299003
299001
298994
298985
298984
298975
298973
298972
298942
298909
298906
298905
298903
298899
298894
298871
298866
298856
298854
298848
298847
298836
298834
298825
298817
298806
298798
298766
298738
298720
298706
298705
298695
298694
298693
298690
298685
298683
298672
298661
298642
298641
298614
298602
298590
298577
298571
298550
298549
298536
298526
298516
298513
298500
298492
298492
298484
298462
298462
298440
298419
298406
298370
298363
298355
298340
298339
298335
298325
298307
298300
298287
298260
298254
298249
298246
298243
298235
298207
298205
298194
298182
298178
298169
298157
298151
298146
298126
298119
298111
298104
298102
298095
298091
298078
298057
298043
298030
298014
297980
297976
297975
297970
297965
297944
297940
297937
297902
297890
297888
297888
297883
297876
297875
297851
297851
297838
297822
297810
297808
297788
297784
297762
297761
297760
297752
297741
297734
297732
297731
297726
297725
297686
297665
297665
297663
297661
297660
297654
297653
297652
297651
297614
297602
297586
297579
297572
297571
297537
297535
297534
297510
297507
297503
297500
297489
297486
297485
297483
297462
297446
297435
297430
297426
297412
297409
297397
297396
297395
297388
297370
297362
297362
297361
297354
297340
297325
297324
297320
297318
297312
297295
297277
297261
297259
297259
297251
297245
297244
297239
297223
297215
297215
297180
297168
297148
297135
297134
297129
297116
297077
297062
297046
297038
297031
297026
297023
297016
297004
296961
296953
296952
296936
296934
296930
296925
296921
296886
296885
296868
296868
296862
296858
296819
296811
296801
296797
296782
296776
296747
296746
296742
296731
296727
296727
296719
296718
296707
296689
296682
296677
296675
296670
296663
296641
296639
296637
296631
296628
296625
296620
296609
296602
296597
296593
296584
296584
296576
296547
296540
296518
296512
296493
296492
296488
296472
296469
296464
296455
296451
296423
296417
296413
296393
296387
296345
296335
296330
296317
296305
296302
296287
296264
296259
296240
296240
296239
296211
296204
296200
296196
296168
296156
296154
296136
296118
296114
296106
296099
296092
296089
296075
296066
296047
296035
296030
296025
296015
296007
296004
295989
295981
295977
295972
295958
295949
295941
295940
295935
295933
295916
295904
295901
295900
295899
295896
295869
295862
295852
295833
295829
295826
295819
295815
295728
295708
295696
295692
295682
295675
295668
295667
295663
295657
295650
295650
295642
295622
295602
295596
295594
295590
295576
295572
295558
295550
295516
295511
295510
295487
295482
295481
295474
295473
295467
295467
295448
295444
295436
295423
295416
295414
295414
295393
295367
295346
295323
295310
295309
295301
295264
295264
295261
295241
295235
295218
295200
295190
295188
295174
295173
295144
295134
295101
295096
295088
295075
295072
295061
295052
295049
295048
295042
295034
295032
295015
295011
294999
294991
294972
294967
294953
294944
294918
294918
294902
294899
294875
294861
294835
294810
294798
294793
294751
294750
294746
294738
294734
294729
294703
294701
294666
294653
294639
294634
294612
294605
294603
294588
294584
294575
294571
294570
294568
294563
294557
294554
294541
294538
294534
294527
294523
294515
294514
294499
294494
294455
294431
294422
294420
294400
294399
294390
294371
294371
294342
294299
294297
294293
294278
294274
294240
294237
294217
294216
294210
294196
294176
294164
294163
294155
294142
294118
294099
294079
294063
294059
294051
294043
294042
294026
294025
294024
294013
294013
294009
294003
293986
293979
293976
293954
293938
293932
293932
293928
293912
293907
293906
293900
293884
293863
293837
293825
293818
293818
293816
293770
293769
293767
293755
293733
293726
293716
293705
293697
293684
293683
293669
293661
293650
293648
293648
293633
293603
293591
293588
293587
293581
293550
293546
293525
293520
293513
293509
293506
293501
293497
293491
293486
293482
293464
293463
293449
293436
293431
293424
293418
293414
293406
293402
293389
293377
293377
293358
293356
293346
293327
293325
293324
293317
293317
293307
293303
293300
293288
293282
293282
293278
293262
293256
293250
293244
293240
293231
293221
293218
293217
293214
293205
293194
293192
293183
293148
293147
293137
293128
293087
293081
293080
293080
293073
293071
293040
293020
293006
292995
292984
292983
292978
292961
292941
292927
292903
292897
292889
292884
292842
292807
292802
292799
292783
292770
292744
292731
292731
292727
292726
292718
292701
292695
292691
292690
292673
292673
292670
292655
292655
292653
292650
292623
292620
292612
292603
292594
292553
292550
292499
292498
292494
292485
292465
292458
292458
292436
292420
292417
292406
292400
292396
292392
292362
292359
292357
292349
292341
292317
292309
292303
292295
292284
292259
292244
292236
292215
292214
292191
292190
292177
292176
292168
292166
292163
292162
292134
292132
292129
292118
292109
292107
292096
292083
292078
292077
292074
292067
292062
292060
292045
292043
292038
292034
292033
292031
292017
292017
292010
292007
292006
291995
291982
291974
291973
291965
291961
291960
291945
291943
291928
291918
291912
291899
291896
291894
291882
291836
291833
291805
291804
291786
291786
291779
291775
291760
291731
291714
291712
291710
291700
291669
291669
291660
291632
291628
291627
291623
291622
291612
291605
291548
291545
291539
291538
291521
291518
291471
291471
291466
291458
291433
291414
291395
291385
291371
291368
291358
291357
291341
291340
291333
291322
291322
291296
291290
291287
291273
291271
291267
291256
291247
291246
291240
291222
291221
291218
291185
291172
291169
291168
291152
291121
291085
291076
291074
291070
291045
291044
291034
291034
291033
291014
291012
291009
290987
290984
290968
290965
290949
290944
290937
290936
290927
290920
290913
290912
290904
290880
290869
290844
290835
290832
290828
290818
290815
290805
290800
290799
290786
290786
290776
290734
290732
290729
290722
290716
290700
290698
290697
290695
290684
290676
290650
290649
290640
290616
290616
290579
290575
290568
290552
290552
290532
290521
290509
290508
290486
290457
290452
290438
290415
290414
290412
290400
290382
290363
290354
290345
290338
290337
290321
290321
290316
290307
290306
290302
290271
290263
290249
290244
290238
290223
290199
290194
290177
290173
290169
290168
290165
290163
290161
290154
290145
290132
290131
290116
290114
290103
290067
290056
290044
290007
290007
290002
290002
289994
289986
289982
289966
289964
289955
289945
289939
289938
289937
289932
289922
289920
289896
289890
289882
289878
289876
289875
289853
289851
289847
289847
289843
289843
289837
289824
289808
289804
289798
289776
289771
289748
289748
289727
289695
289682
289678
289678
289660
289639
289632
289630
289627
289607
289599
289586
289581
289575
289572
289570
289569
289557
289549
289546
289542
289501
289493
289490
289489
289478
289478
289477
289458
289438
289433
289428
289419
289415
289411
289410
289404
289399
289393
289379
289379
289329
289315
289313
289312
289310
289284
289277
289265
289262
289260
289258
289257
289253
289239
289218
289212
289196
289196
289193
289193
289190
289187
289186
289176
289166
289155
289155
289150
289150
289147
289145
289142
289140
289120
289109
289061
289060
289058
289050
289035
289027
289020
289015
289014
289013
289012
289002
288994
288992
288974
288963
288961
288951
288947
288934
288913
288903
288896
288892
288870
288863
288857
288850
288826
288811
288810
288796
288793
288783
288782
288777
288770
288748
288731
288730
288710
288709
288681
288665
288654
288648
288646
288641
288636
288633
288631
288622
288619
288607
288606
288606
288606
288598
288584
288577
288547
288538
288532
288531
288517
288487
288469
288465
288463
288452
288445
288444
288442
288439
288435
288420
288415
288406
288404
288401
288390
288384
288382
288382
288381
288372
288355
288337
288331
288330
288329
288318
288314
288311
288303
288298
288275
288274
288269
288267
288253
288249
288245
288231
288231
288206
288202
288196
288187
288172
288171
288148
288121
288088
288083
288079
288078
288056
288055
288051
288031
288025
288018
288018
287998
287993
287981
287969
287955
287942
287935
287920
287878
287873
287859
287849
287808
287805
287783
287780
287777
287769
287768
287765
287763
287752
287747
287719
287704
287696
287691
287679
287678
287675
287673
287660
287650
287639
287614
287610
287606
287596
287588
287574
287543
287537
287536
287519
287516
287515
287495
287494
287492
287482
287481
287473
287443
287442
287436
287423
287421
287420
287411
287411
287407
287367
287361
287360
287348
287313
287301
287289
287271
287260
287255
287245
287225
287211
287199
287188
287181
287180
287154
287150
287150
287149
287135
287128
287125
287117
287114
287061
287054
287048
287048
287047
287047
287043
287011
286987
286986
286977
286952
286949
286937
286930
286920
286920
286909
286908
286906
286904
286898
286871
286865
286864
286860
286834
286807
286807
286767
286750
286743
286727
286719
286715
286703
286693
286693
286673
286668
286658
286656
286654
286645
286634
286614
286589
286565
286554
286532
286527
286517
286516
286505
286503
286501
286498
286494
286482
286463
286441
286425
286371
286368
286367
286364
286356
286327
286326
286321
286318
286309
286278
286268
286259
286251
286211
286208
286188
286183
286165
286158
286154
286146
286131
286122
286117
286114
286105
286096
286090
286087
286077
286071
286063
286060
286042
286030
286025
286018
286018
286014
286012
286002
285990
285990
285984
285973
285967
285951
285946
285941
285919
285902
285901
285898
285890
285858
285854
285837
285834
285813
285811
285802
285791
285784
285778
285767
285765
285749
285712
285700
285697
285692
285675
285672
285656
285624
285617
285612
285609
285604
285599
285592
285591
285586
285579
285578
285568
285562
285554
285533
285521
285517
285483
285483
285471
285458
285443
285439
285435
285418
285416
285415
285412
285411
285408
285407
285385
285383
285379
285373
285354
285350
285344
285337
285320
285309
285297
285268
285237
285222
285216
285167
285148
285143
285142
285101
285099
285088
285069
285067
285060
285058
285048
285042
285013
285010
284997
284992
284986
284985
284981
284980
284962
284961
284953
284950
284939
284936
284932
284925
284915
284913
284900
284896
284889
284889
284869
284853
284848
284819
284818
284814
284789
284786
284783
284757
284717
284706
284674
284673
284665
284644
284643
284637
284636
284633
284628
284623
284600
284596
284589
284588
284585
284556
284548
284535
284527
284515
284465
284459
284459
284447
284446
284445
284420
284399
284387
284377
284353
284352
284348
284345
284341
284328
284323
284321
284317
284312
284288
284285
284282
284272
284261
284235
284233
284229
284225
284219
284198
284195
284190
284169
284159
284125
284122
284119
284101
284089
284067
284059
284052
284026
284009
284005
283995
283994
283987
283985
283927
283925
283923
283923
283905
283898
283882
283873
283862
283847
283825
283813
283810
283808
283796
283731
283722
283722
283709
283708
283704
283702
283696
283680
283679
283675
283674
283646
283615
283608
283584
283564
283556
283549
283540
283513
283511
283505
283502
283500
283492
283491
283470
283451
283444
283437
283435
283430
283419
283419
283415
283407
283399
283370
283369
283350
283343
283332
283331
283329
283323
283321
283315
283314
283301
283287
283258
283254
283252
283240
283240
283240
283223
283202
283190
283182
283178
283177
283168
283166
283151
283146
283145
283142
283139
283136
283135
283129
283128
283125
283117
283112
283106
283103
283100
283100
283084
283055
283045
283037
283032
283027
283022
283009
282966
282938
282934
282932
282894
282891
282881
282881
282863
282850
282847
282839
282837
282831
282828
282824
282817
282797
282791
282784
282763
282742
282734
282724
282723
282686
282686
282682
282653
282601
282596
282554
282552
282549
282546
282540
282538
282503
282491
282484
282474
282462
282455
282449
282421
282416
282409
282403
282400
282386
282379
282377
282368
282368
282366
282362
282349
282342
282310
282297
282284
282272
282270
282270
282260
282255
282231
282223
282197
282177
282173
282138
282116
282097
282095
282082
282077
282074
282066
282064
282060
282034
282026
282008
282002
281998
281992
281977
281955
281954
281947
281928
281926
281923
281923
281905
281904
281900
281885
281877
281873
281861
281850
281846
281845
281835
281833
281801
281796
281789
281762
281727
281707
281703
281675
281670
281656
281653
281646
281645
281645
281630
281593
281575
281518
281510
281509
281494
281485
281477
281466
281462
281454
281452
281445
281443
281439
281438
281429
281412
281411
281409
281388
281377
281373
281366
281362
281356
281350
281347
281337
281323
281301
281283
281271
281261
281245
281225
281220
281203
281196
281191
281181
281181
281163
281162
281160
281154
281150
281147
281145
281098
281088
281085
281078
281074
281051
281045
281029
281017
281011
280982
280978
280977
280966
280962
280960
280950
280948
280938
280937
280937
280923
280914
280912
280895
280891
280880
280877
280875
280871
280869
280868
280861
280855
280853
280847
280839
280821
280817
280813
280812
280798
280797
280787
280781
280780
280763
280759
280757
280726
280720
280712
280695
280690
280683
280682
280675
280664
280622
280603
280601
280581
280562
280549
280549
280542
280526
280519
280515
280507
280503
280487
280480
280454
280432
280428
280398
280385
280379
280359
280353
280351
280350
280340
280333
280323
280297
280295
280283
280280
280257
280242
280234
280225
280222
280205
280197
280197
280197
280181
280156
280150
280147
280146
280143
280142
280110
280104
280102
280095
280091
280081
280078
280078
280071
280065
280053
280050
280026
280014
279997
279985
279983
279963
279961
279954
279954
279951
279945
279945
279924
279905
279903
279898
279892
279888
279874
279872
279842
279834
279832
279818
279816
279811
279808
279798
279792
279788
279785
279779
279779
279775
279769
279764
279763
279754
279734
279732
279720
279718
279707
279691
279690
279683
279675
279675
279671
279667
279632
279631
279618
279597
279597
279594
279592
279583
279573
279563
279549
279538
279526
279516
279511
279503
279497
279491
279477
279468
279467
279462
279451
279433
279421
279420
279393
279388
279386
279386
279374
279356
279342
279324
279317
279311
279310
279273
279269
279265
279261
279253
279251
279245
279244
279241
279226
279199
279196
279188
279185
279184
279183
279177
279172
279157
279155
279141
279130
279124
279112
279084
279084
279080
279049
279048
279048
279039
279033
279023
279022
278994
278985
278983
278976
278932
278926
278918
278911
278907
278898
278892
278890
278886
278878
278872
278859
278855
278854
278849
278848
278837
278830
278827
278826
278815
278810
278810
278806
278804
278795
278787
278775
278765
278765
278753
278753
278751
278744
278735
278649
278641
278633
278630
278627
278624
278620
278599
278599
278585
278576
278574
278567
278553
278551
278536
278529
278520
278518
278510
278502
278484
278477
278464
278454
278438
278412
278408
278404
278399
278399
278384
278375
278369
278362
278354
278335
278298
278283
278270
278266
278261
278255
278253
278251
278250
278244
278236
278224
278211
278207
278200
278195
278164
278159
278144
278138
278133
278127
278121
278091
278077
278076
278061
278035
278020
278017
278014
278003
277997
277958
277948
277941
277940
277927
277897
277882
277875
277819
277816
277802
277790
277771
277763
277756
277756
277748
277725
277723
277714
277704
277691
277690
277688
277685
277634
277593
277589
277580
277568
277557
277551
277534
277532
277532
277529
277527
277517
277516
277500
277495
277476
277469
277463
277463
277459
277458
277455
277451
277447
277443
277437
277430
277412
277389
277356
277349
277347
277346
277342
277337
277335
277334
277325
277292
277291
277285
277283
277271
277265
277229
277222
277220
277200
277198
277193
277190
277150
277148
277137
277126
277125
277119
277105
277090
277089
277089
277067
277066
277058
277048
277047
277033
277030
277029
277015
277005
277004
276995
276989
276981
276976
276973
276951
276932
276915
276903
276884
276875
276870
276860
276860
276836
276830
276828
276825
276803
276802
276792
276788
276778
276774
276762
276758
276739
276739
276738
276702
276677
276672
276657
276626
276625
276625
276604
276589
276588
276582
276578
276576
276574
276572
276569
276565
276551
276542
276539
276523
276517
276510
276507
276495
276476
276466
276460
276459
276431
276408
276394
276365
276363
276354
276354
276350
276338
276338
276305
276296
276296
276285
276276
276256
276256
276208
276206
276193
276192
276186
276146
276144
276129
276128
276104
276104
276080
276080
276068
276065
276062
276059
276033
276017
275997
275974
275957
275950
275941
275938
275908
275907
275858
275851
275846
275836
275834
275787
275781
275772
275754
275746
275745
275740
275737
275736
275736
275724
275694
275690
275670
275649
275629
275610
275600
275598
275577
275570
275561
275550
275549
275547
275545
275533
275528
275517
275495
275487
275467
275464
275459
275453
275452
275447
275433
275419
275402
275396
275392
275378
275376
275364
275364
275330
275323
275302
275282
275269
275257
275248
275243
275229
275216
275210
275205
275205
275180
275174
275157
275139
275126
275106
275101
275096
275093
275072
275069
275052
275051
275041
275017
274971
274954
274947
274940
274933
274930
274914
274910
274903
274901
274896
274891
274884
274873
274868
274861
274846
274833
274831
274824
274812
274781
274779
274776
274776
274757
274738
274735
274732
274727
274704
274671
274649
274634
274624
274608
274608
274577
274550
274536
274535
274530
274515
274507
274504
274495
274486
274482
274477
274458
274456
274444
274442
274435
274390
274388
274383
274382
274377
274369
274341
274338
274338
274332
274320
274312
274308
274307
274306
274303
274297
274286
274273
274270
274265
274265
274257
274239
274233
274232
274231
274202
274181
274178
274177
274156
274146
274143
274124
274117
274112
274108
274078
274056
274054
274030
274027
274025
274003
274001
273989
273987
273986
273983
273981
273980
273977
273974
273972
273926
273911
273910
273902
273901
273889
273884
273881
273880
273860
273857
273854
273844
273825
273782
273780
273758
273714
273712
273704
273698
273670
273653
273650
273647
273646
273636
273634
273631
273580
273570
273561
273553
273538
273513
273496
273476
273473
273463
273462
273457
273456
273444
273442
273436
273428
273427
273418
273376
273345
273342
273339
273330
273330
273324
273320
273310
273306
273302
273299
273299
273298
273296
273294
273292
273287
273266
273246
273242
273235
273221
273220
273214
273211
273189
273179
273143
273139
273135
273133
273123
273109
273101
273099
273086
273079
273077
273067
273045
273039
273020
273011
272986
272953
272950
272944
272923
272914
272910
272908
272906
272906
272893
272884
272870
272849
272820
272808
272804
272790
272786
272773
272770
272757
272752
272731
272719
272718
272685
272667
272663
272654
272653
272630
272619
272619
272597
272597
272593
272580
272573
272547
272544
272541
272530
272519
272505
272498
272493
272487
272465
272456
272450
272442
272394
272394
272371
272363
272362
272353
272348
272332
272330
272328
272308
272307
272305
272304
272291
272291
272290
272258
272246
272242
272241
272239
272222
272213
272195
272181
272179
272164
272163
272147
272137
272120
272114
272091
272051
272043
272036
272026
272000
271997
271995
271985
271975
271931
271916
271894
271888
271864
271852
271836
271824
271823
271815
271812
271808
271806
271797
271790
271774
271741
271740
271738
271724
271711
271706
271682
271680
271660
271643
271641
271637
271627
271624
271620
271593
271584
271579
271569
271562
271557
271538
271518
271512
271511
271503
271491
271477
271440
271433
271411
271400
271395
271394
271390
271356
271348
271341
271337
271314
271309
271305
271305
271302
271288
271288
271287
271284
271279
271277
271270
271252
271250
271246
271227
271208
271184
271182
271175
271173
271157
271155
271148
271132
271131
271103
271092
271089
271088
271062
271061
271057
271052
271051
271038
271036
271029
271007
270964
270952
270941
270941
270935
270908
270894
270880
270855
270853
270847
270843
270826
270799
270787
270786
270783
270777
270776
270751
270750
270733
270732
270726
270724
270723
270713
270699
270689
270678
270676
270670
270667
270664
270661
270643
270628
270624
270611
270609
270607
270598
270555
270547
270498
270495
270495
270471
270461
270457
270449
270445
270425
270392
270389
270367
270365
270357
270335
270333
270329
270322
270307
270304
270303
270298
270269
270259
270213
270198
270180
270166
270164
270160
270156
270155
270150
270150
270149
270123
270123
270113
270081
270073
270069
270067
270064
270063
270046
270024
270019
270016
270014
270009
270004
270001
269993
269993
269971
269964
269950
269936
269923
269921
269913
269909
269904
269888
269878
269877
269870
269864
269853
269830
269817
269806
269805
269803
269802
269792
269792
269775
269774
269759
269754
269742
269732
269731
269712
269692
269691
269687
269686
269676
269655
269650
269639
269626
269613
269611
269607
269603
269563
269547
269546
269514
269512
269504
269503
269490
269478
269478
269459
269445
269431
269407
269395
269386
269380
269373
269372
269353
269337
269324
269322
269317
269282
269273
269272
269270
269262
269256
269249
269246
269234
269213
269213
269213
269200
269198
269186
269184
269178
269173
269143
269118
269105
269091
269089
269088
269086
269078
269049
269043
269038
269029
269016
268999
268998
268991
268987
268951
268947
268938
268931
268927
268925
268924
268915
268908
268899
268857
268857
268833
268811
268804
268787
268747
268741
268729
268729
268704
268704
268703
268701
268692
268691
268687
268682
268677
268675
268666
268657
268655
268640
268628
268608
268596
268580
268574
268573
268558
268542
268505
268498
268496
268493
268486
268483
268481
268478
268474
268469
268458
268447
268439
268431
268424
268414
268399
268392
268385
268382
268374
268371
268356
268345
268338
268330
268324
268309
268301
268266
268254
268244
268233
268231
268230
268215
268202
268180
268167
268163
268137
268121
268104
268097
268092
268069
268058
268055
268042
268037
268030
268022
268007
268005
267999
267979
267978
267970
267933
267918
267903
267902
267883
267858
267838
267793
267790
267773
267769
267768
267751
267748
267743
267740
267726
267726
267724
267713
267704
267703
267703
267695
267695
267690
267662
267658
267648
267638
267628
267618
267610
267600
267598
267581
267574
267563
267540
267540
267537
267535
267533
267533
267527
267524
267522
267519
267512
267508
267508
267501
267493
267488
267471
267452
267445
267442
267426
267420
267405
267401
267395
267382
267379
267373
267372
267357
267355
267351
267327
267318
267307
267302
267298
267280
267267
267250
267235
267219
267213
267208
267196
267188
267176
267166
267139
267125
267116
267116
267102
267057
267049
267047
267037
267034
267026
267025
267019
267014
266981
266957
266947
266945
266939
266939
266932
266926
266926
266897
266897
266894
266870
266867
266859
266856
266856
266846
266833
266831
266819
266818
266809
266809
266800
266798
266797
266797
266786
266775
266771
266763
266747
266746
266740
266731
266712
266692
266672
266665
266646
266634
266604
266586
266583
266581
266579
266566
266564
266559
266553
266533
266531
266519
266510
266501
266484
266480
266479
266446
266436
266435
266428
266401
266389
266373
266370
266370
266342
266340
266321
266314
266301
266298
266297
266288
266287
266282
266281
266277
266269
266268
266253
266249
266245
266239
266224
266221
266218
266210
266208
266208
266196
266191
266185
266181
266180
266174
266148
266147
266136
266136
266129
266113
266107
266105
266079
266067
266061
266048
266037
266036
266027
266025
266024
265993
265988
265953
265951
265950
265948
265942
265941
265925
265924
265909
265898
265887
265884
265882
265882
265873
265865
265834
265830
265805
265794
265783
265777
265752
265747
265746
265731
265704
265701
265681
265660
265645
265626
265622
265613
265586
265580
265574
265565
265565
265554
265534
265508
265499
265487
265486
265485
265475
265470
265464
265422
265412
265397
265387
265380
265377
265369
265360
265352
265343
265342
265341
265336
265329
265320
265279
265263
265249
265248
265244
265240
265239
265229
265228
265200
265197
265180
265141
265137
265121
265105
265102
265096
265090
265088
265080
265071
265058
265035
265034
265027
265025
265009
264989
264986
264983
264970
264925
264905
264893
264884
264883
264882
264876
264864
264854
264827
264820
264816
264807
264806
264788
264783
264746
264741
264739
264738
264736
264712
264700
264689
264688
264667
264659
264658
264656
264647
264628
264620
264615
264609
264594
264587
264576
264544
264521
264515
264497
264497
264481
264466
264453
264440
264436
264435
264412
264404
264385
264383
264375
264365
264357
264354
264351
264344
264343
264311
264306
264299
264298
264280
264270
264268
264263
264258
264251
264229
264226
264216
264200
264176
264171
264164
264158
264155
264149
264147
264130
264114
264112
264096
264088
264085
264081
264071
264069
264067
264065
264049
264006
263997
263969
263957
263957
263942
263940
263922
263920
263914
263912
263907
263906
263854
263827
263825
263816
263788
263769
263759
263754
263750
263746
263746
263742
263741
263737
263736
263730
263722
263722
263721
263690
263681
263677
263661
263657
263643
263637
263632
263626
263626
263623
263601
263598
263589
263584
263573
263552
263550
263543
263540
263519
263504
263504
263494
263485
263484
263473
263446
263445
263437
263437
263432
263427
263408
263407
263403
263390
263386
263384
263342
263334
263329
263328
263313
263275
263266
263254
263219
263206
263205
263203
263187
263186
263181
263176
263153
263152
263147
263130
263127
263122
263096
263095
263088
263087
263056
263051
263049
263041
263023
263016
263015
263015
262991
262967
262930
262929
262913
262905
262904
262903
262901
262897
262894
262893
262858
262855
262850
262847
262832
262830
262809
262781
262768
262753
262720
262714
262711
262688
262687
262681
262670
262662
262660
262658
262649
262643
262642
262628
262627
262620
262611
262600
262598
262594
262576
262566
262562
262558
262504
262497
262491
262472
262463
262462
262455
262421
262418
262408
262397
262392
262381
262368
262351
262337
262315
262311
262290
262290
262273
262264
262239
262222
262219
262200
262195
262187
262186
262171
262167
262152
262139
262139
262091
262082
262075
262020
262018
262015
262002
262001
261991
261985
261970
261966
261958
261954
261935
261935
261904
261901
261878
261856
261847
261841
261823
261815
261812
261811
261810
261807
261802
261790
261787
261785
261779
261778
261777
261769
261762
261747
261738
261733
261730
261712
261711
261697
261681
261680
261672
261671
261668
261662
261653
261649
261637
261629
261628
261626
261616
261613
261553
261552
261526
261526
261516
261515
261513
261506
261505
261505
261487
261436
261432
261427
261417
261406
261399
261397
261381
261376
261351
261338
261317
261274
261260
261258
261251
261237
261167
261155
261144
261138
261138
261126
261124
261118
261114
261101
261101
261097
261096
261090
261066
261038
261023
261022
261017
260966
260958
260954
260951
260951
260945
260941
260932
260931
260923
260917
260912
260907
260904
260900
260900
260893
260884
260881
260874
260858
260841
260828
260788
260788
260768
260760
260754
260729
260724
260715
260711
260699
260683
260679
260672
260663
260647
260641
260611
260606
260602
260591
260591
260582
260566
260565
260538
260531
260527
260523
260523
260504
260493
260483
260475
260457
260455
260450
260425
260383
260359
260358
260346
260329
260323
260309
260300
260293
260290
260282
260277
260273
260226
260219
260218
260195
260189
260177
260173
260170
260169
260164
260139
260124
260115
260089
260087
260086
260077
260071
260069
260065
260059
260055
260034
260025
260016
260015
260014
260005
259996
259982
259977
259976
259969
259943
259942
259931
259931
259927
259925
259905
259899
259874
259864
259852
259848
259846
259833
259821
259817
259807
259803
259802
259788
259767
259760
259745
259736
259713
259711
259651
259647
259628
259613
259608
259601
259601
259592
259559
259555
259528
259503
259491
259466
259454
259450
259438
259426
259418
259409
259391
259376
259359
259358
259357
259324
259319
259315
259307
259307
259301
259300
259298
259297
259288
259283
259281
259271
259268
259258
259251
259230
259225
259210
259198
259196
259176
259174
259152
259150
259136
259133
259131
259125
259110
259088
259084
259073
259061
259060
259043
259025
259011
258998
258994
258988
258959
258925
258924
258908
258903
258887
258869
258865
258862
258842
258837
258806
258804
258788
258781
258779
258779
258727
258719
258716
258714
258708
258703
258702
258685
258679
258652
258626
258621
258616
258603
258587
258573
258570
258567
258567
258560
258554
258549
258510
258509
258507
258503
258495
258494
258487
258472
258465
258460
258433
258401
258396
258394
258376
258364
258364
258358
258351
258348
258339
258335
258329
258328
258298
258288
258287
258278
258268
258265
258258
258244
258237
258233
258202
258196
258187
258166
258157
258144
258081
258056
258041
258034
258031
258031
258010
258006
258005
257988
257970
257966
257966
257963
257960
257958
257949
257940
257937
257932
257923
257917
257912
257911
257910
257904
257885
257856
257846
257841
257839
257839
257833
257831
257823
257820
257783
257775
257727
257716
257712
257700
257692
257690
257683
257676
257667
257646
257634
257622
257613
257598
257581
257567
257556
257530
257527
257526
257471
257464
257451
257431
257427
257418
257415
257413
257380
257367
257341
257335
257329
257327
257318
257315
257308
257304
257283
257280
257273
257237
257232
257229
257228
257227
257225
257219
257214
257202
257187
257149
257146
257133
257114
257114
257101
257099
257094
257090
257080
257067
257057
257050
257048
257042
257018
257004
257003
256975
256974
256973
256946
256941
256936
256932
256932
256928
256926
256925
256924
256922
256922
256898
256871
256854
256845
256844
256769
256767
256758
256751
256734
256732
256700
256700
256684
256671
256660
256646
256643
256631
256628
256627
256625
256622
256622
256621
256578
256568
256558
256556
256555
256525
256523
256517
256501
256501
256496
256480
256453
256441
256434
256428
256404
256400
256400
256396
256382
256372
256368
256341
256321
256319
256315
256315
256314
256279
256266
256262
256260
256250
256239
256230
256230
256227
256221
256211
256198
256190
256181
256174
256167
256162
256146
256145
256136
256133
256124
256104
256103
256103
256099
256085
256078
256073
256027
256015
255994
255987
255967
255948
255936
255934
255919
255912
255902
255875
255861
255860
255857
255857
255836
255832
255823
255814
255813
255801
255799
255789
255788
255787
255786
255785
255780
255776
255773
255770
255769
255755
255744
255735
255713
255709
255709
255703
255682
255668
255661
255658
255649
255648
255638
255638
255612
255590
255589
255586
255583
255553
255551
255548
255546
255520
255513
255499
255499
255488
255485
255459
255439
255437
255425
255422
255409
255388
255388
255380
255373
255349
255338
255330
255322
255310
255296
255271
255264
255259
255258
255244
255239
255238
255235
255222
255220
255218
255211
255206
255205
255198
255197
255185
255183
255165
255162
255155
255140
255138
255138
255130
255129
255123
255095
255095
255089
255076
255073
255071
255062
255045
255038
255033
255032
255024
254995
254987
254984
254980
254979
254975
254973
254964
254961
254954
254947
254947
254945
254943
254938
254916
254914
254909
254889
254872
254837
254820
254817
254813
254798
254792
254786
254785
254783
254763
254753
254745
254725
254713
254711
254705
254697
254680
254659
254651
254637
254597
254589
254578
254572
254563
254559
254544
254540
254534
254514
254506
254501
254497
254473
254473
254466
254462
254462
254428
254427
254410
254406
254384
254379
254325
254325
254313
254311
254292
254268
254227
254225
254211
254210
254196
254189
254175
254174
254173
254148
254136
254132
254132
254103
254091
254081
254074
254066
254040
254036
254031
254022
254014
254003
254001
253993
253968
253960
253955
253941
253933
253932
253928
253917
253913
253909
253894
253891
253887
253885
253885
253862
253850
253848
253840
253821
253806
253802
253785
253769
253764
253761
253759
253755
253739
253729
253729
253719
253716
253714
253697
253666
253665
253661
253649
253646
253643
253643
253639
253638
253623
253611
253603
253600
253590
253579
253569
253552
253517
253517
253508
253506
253504
253502
253497
253455
253455
253445
253440
253418
253401
253401
253399
253394
253389
253383
253360
253360
253357
253355
253342
253333
253331
253328
253325
253315
253300
253285
253285
253254
253252
253249
253236
253225
253217
253215
253213
253211
253183
253180
253169
253163
253159
253149
253146
253146
253128
253119
253118
253118
253089
253085
253085
253084
253079
253067
253066
253060
253058
253040
253036
253022
253018
253013
253008
253004
253001
252994
252992
252991
252977
252975
252959
252952
252946
252937
252920
252917
252908
252906
252893
252886
252882
252870
252864
252864
252863
252853
252832
252817
252815
252799
252792
252770
252768
252757
252746
252743
252719
252714
252702
252697
252696
252678
252676
252675
252642
252600
252594
252590
252582
252560
252559
252547
252513
252512
252492
252491
252482
252480
252480
252473
252466
252466
252457
252455
252419
252414
252397
252396
252391
252387
252382
252375
252371
252360
252357
252322
252320
252311
252295
252294
252270
252255
252242
252223
252208
252186
252175
252175
252169
252159
252155
252151
252149
252140
252140
252122
252118
252104
252076
252064
252054
252008
251997
251992
251987
251975
251971
251969
251959
251948
251948
251943
251942
251942
251936
251935
251917
251907
251903
251895
251893
251887
251860
251835
251828
251822
251818
251805
251802
251799
251778
251762
251746
251739
251738
251727
251720
251709
251705
251705
251698
251697
251691
251676
251672
251651
251650
251649
251624
251623
251621
251613
251604
251602
251594
251553
251550
251540
251537
251530
251530
251504
251503
251482
251460
251458
251442
251436
251426
251417
251406
251398
251396
251385
251381
251380
251376
251354
251347
251321
251316
251314
251298
251297
251279
251279
251275
251265
251254
251239
251233
251222
251185
251179
251178
251174
251173
251154
251147
251146
251105
251101
251097
251060
251033
251033
250998
250995
250991
250959
250954
250949
250945
250937
250902
250893
250874
250872
250868
250862
250856
250849
250846
250844
250815
250803
250796
250786
250786
250767
250763
250744
250734
250727
250724
250717
250712
250703
250692
250691
250690
250672
250672
250668
250626
250624
250605
250602
250596
250585
250580
250573
250570
250546
250533
250523
250513
250510
250495
250493
250491
250482
250456
250428
250416
250414
250402
250401
250401
250394
250379
250370
250365
250328
250322
250319
250316
250312
250310
250298
250290
250284
250282
250277
250275
250273
250270
250259
250243
250226
250226
250220
250201
250196
250196
250195
250182
250179
250174
250167
250162
250153
250142
250136
250132
250128
250098
250093
250083
250080
250050
250046
250041
250039
250035
250029
250012
249999
249986
249985
249984
249984
249984
249968
249963
249948
249941
249938
249933
249927
249913
249869
249861
249859
249858
249847
249846
249810
249778
249774
249753
249752
249740
249736
249735
249717
249700
249694
249686
249685
249675
249668
249667
249665
249652
249647
249643
249641
249625
249617
249582
249579
249560
249560
249553
249553
249537
249525
249519
249477
249475
249463
249455
249450
249421
249411
249386
249360
249350
249345
249308
249299
249255
249247
249227
249220
249219
249201
249200
249194
249193
249179
249176
249176
249158
249154
249137
249102
249101
249071
249067
249063
249063
249055
249044
249043
249031
249017
249010
249004
249003
249002
248981
248980
248959
248949
248946
248941
248940
248938
248925
248925
248924
248896
248891
248880
248879
248861
248847
248834
248827
248817
248807
248787
248781
248771
248758
248746
248741
248735
248732
248729
248693
248689
248681
248679
248657
248655
248651
248647
248625
248615
248604
248602
248599
248584
248584
248580
248580
248578
248577
248577
248574
248567
248550
248543
248537
248532
248530
248520
248501
248482
248445
248437
248437
248428
248425
248415
248402
248381
248374
248335
248320
248320
248317
248314
248312
248298
248296
248296
248294
248292
248282
248272
248272
248267
248261
248258
248231
248225
248223
248219
248203
248157
248157
248124
248102
248091
248074
248058
248042
248040
248040
248029
248019
248019
248013
248010
248001
247995
247995
247978
247968
247960
247960
247944
247942
247939
247931
247929
247918
247911
247908
247889
247888
247884
247845
247843
247830
247827
247821
247820
247793
247788
247787
247785
247775
247774
247747
247743
247742
247740
247736
247736
247727
247726
247726
247725
247722
247711
247710
247694
247690
247684
247683
247674
247671
247658
247654
247642
247639
247637
247612
247598
247588
247585
247577
247525
247519
247516
247511
247502
247483
247460
247459
247454
247448
247442
247441
247438
247426
247416
247400
247391
247359
247357
247354
247352
247349
247347
247344
247334
247316
247310
247308
247307
247283
247249
247245
247245
247234
247227
247222
247219
247216
247211
247205
247200
247192
247185
247178
247176
247135
247131
247118
247053
247051
247046
247028
247025
247020
247020
247004
247003
246991
246986
246978
246977
246969
246965
246963
246949
246946
246942
246927
246913
246905
246887
246887
246887
246880
246875
246875
246856
246836
246833
246830
246828
246827
246809
246803
246775
246775
246771
246766
246753
246753
246749
246703
246676
246670
246670
246665
246661
246653
246650
246644
246628
246628
246623
246621
246615
246607
246607
246605
246574
246558
246557
246553
246543
246543
246536
246525
246470
246467
246461
246461
246448
246438
246419
246406
246403
246396
246394
246393
246381
246381
246330
246318
246305
246303
246288
246265
246252
246240
246223
246218
246173
246162
246158
246154
246149
246143
246140
246121
246116
246108
246094
246083
246082
246071
246069
246064
246057
246044
246040
246034
246031
246025
246011
245991
245989
245981
245974
245965
245955
245949
245947
245938
245908
245878
245870
245855
245841
245836
245835
245834
245819
245757
245757
245754
245746
245745
245731
245730
245727
245727
245685
245673
245665
245646
245641
245638
245634
245623
245616
245588
245566
245561
245556
245526
245515
245492
245485
245464
245464
245463
245454
245442
245441
245436
245430
245409
245406
245403
245397
245394
245377
245357
245352
245338
245333
245330
245312
245311
245290
245288
245287
245280
245269
245267
245264
245262
245260
245255
245245
245235
245233
245227
245217
245211
245207
245188
245184
245171
245171
245165
245157
245150
245149
245147
245147
245146
245139
245124
245108
245068
245062
245059
245058
245053
245048
245035
245004
244986
244963
244953
244938
244931
244925
244919
244919
244908
244875
244874
244869
244853
244849
244849
244842
244801
244794
244782
244782
244779
244747
244741
244723
244712
244704
244700
244694
244687
244667
244662
244659
244659
244638
244627
244613
244597
244590
244582
244573
244559
244554
244547
244545
244535
244523
244517
244510
244510
244499
244496
244471
244448
244445
244440
244436
244434
244428
244412
244408
244358
244349
244344
244300
244300
244297
244294
244291
244265
244213
244190
244184
244181
244174
244169
244169
244155
244153
244144
244123
244111
244080
244076
244064
244033
244028
244025
244019
244013
244009
244000
243988
243982
243963
243960
243953
243945
243942
243931
243924
243913
243908
243899
243888
243878
243878
243860
243859
243853
243845
243839
243831
243829
243829
243823
243810
243773
243757
243741
243740
243734
243718
243706
243696
243683
243683
243676
243667
243665
243642
243639
243637
243624
243623
243609
243603
243600
243596
243592
243589
243558
243554
243551
243524
243516
243504
243497
243484
243468
243461
243450
243439
243428
243427
243414
243409
243386
243381
243377
243371
243359
243353
243348
243345
243334
243329
243328
243327
243298
243298
243284
243276
243257
243255
243253
243237
243226
243207
243205
243197
243183
243176
243155
243151
243151
243144
243140
243130
243120
243090
243090
243082
243078
243075
243072
243066
243055
243037
243033
243027
243023
243009
243007
242999
242988
242986
242981
242966
242960
242954
242921
242908
242893
242881
242878
242869
242861
242858
242854
242852
242851
242851
242841
242835
242834
242829
242823
242805
242800
242794
242791
242778
242773
242768
242768
242767
242766
242717
242694
242693
242692
242692
242684
242684
242676
242675
242675
242660
242660
242658
242648
242643
242629
242612
242595
242588
242581
242580
242567
242565
242560
242560
242556
242552
242542
242542
242530
242513
242507
242503
242502
242502
242490
242485
242475
242472
242452
242445
242443
242426
242423
242417
242416
242407
242406
242380
242377
242367
242362
242360
242332
242322
242280
242274
242256
242254
242244
242239
242223
242221
242215
242202
242196
242196
242195
242183
242178
242173
242160
242155
242144
242121
242109
242108
242096
242093
242089
242078
242059
242048
242042
242025
242006
242005
241974
241950
241947
241945
241925
241914
241907
241904
241897
241867
241844
241844
241823
241802
241802
241793
241792
241776
241762
241754
241735
241714
241689
241684
241659
241656
241650
241649
241635
241631
241629
241605
241601
241589
241585
241578
241574
241570
241559
241543
241538
241537
241537
241514
241505
241472
241465
241452
241449
241446
241444
241433
241433
241418
241403
241401
241394
241373
241362
241360
241359
241324
241321
241320
241306
241295
241294
241289
241288
241275
241274
241270
241270
241264
241254
241239
241204
241184
241181
241161
241158
241151
241145
241129
241124
241105
241094
241070
241060
241052
241052
241041
241041
241034
241014
240997
240993
240988
240970
240960
240951
240926
240915
240911
240881
240853
240852
240847
240821
240816
240811
240798
240798
240790
240784
240781
240756
240754
240754
240742
240739
240700
240690
240686
240682
240663
240662
240661
240654
240640
240634
240615
240599
240563
240561
240554
240550
240547
240546
240545
240539
240537
240534
240521
240514
240504
240496
240496
240496
240487
240484
240483
240482
240480
240464
240449
240446
240430
240421
240416
240415
240411
240404
240398
240387
240372
240371
240370
240355
240346
240337
240333
240329
240328
240320
240320
240320
240276
240266
240264
240257
240254
240236
240233
240220
240204
240187
240187
240174
240142
240133
240130
240130
240125
240104
240089
240054
240051
240050
240040
240006
240005
239998
239996
239994
239988
239982
239966
239961
239930
239922
239901
239888
239868
239861
239860
239846
239837
239821
239821
239808
239797
239770
239757
239742
239715
239714
239704
239687
239684
239675
239674
239669
239663
239647
239639
239631
239625
239611
239606
239599
239599
239596
239585
239582
239558
239554
239532
239528
239523
239517
239510
239510
239503
239495
239491
239488
239459
239458
239448
239407
239396
239383
239376
239350
239337
239325
239301
239297
239269
239266
239257
239243
239226
239221
239219
239178
239175
239174
239167
239161
239159
239149
239149
239148
239126
239126
239125
239093
239088
239078
239028
239027
239005
238985
238984
238983
238979
238962
238944
238941
238936
238916
238873
238825
238822
238819
238807
238806
238806
238788
238785
238780
238733
238727
238720
238719
238708
238680
238679
238664
238654
238652
238650
238647
238646
238638
238634
238601
238599
238599
238599
238577
238566
238557
238552
238543
238529
238529
238511
238510
238497
238494
238493
238491
238470
238468
238468
238457
238453
238436
238430
238410
238410
238387
238386
238385
238349
238344
238343
238342
238324
238323
238307
238304
238301
238284
238262
238240
238226
238225
238224
238216
238213
238213
238213
238212
238210
238208
238202
238191
238165
238163
238157
238155
238148
238145
238141
238141
238137
238125
238096
238091
238090
238081
238046
238044
238040
238031
238009
237996
237981
237978
237971
237961
237944
237931
237922
237920
237916
237914
237884
237854
237850
237837
237836
237832
237813
237798
237792
237785
237779
237779
237777
237772
237772
237761
237743
237734
237733
237702
237665
237647
237645
237644
237642
237637
237636
237635
237631
237616
237603
237596
237587
237582
237576
237574
237533
237524
237524
237518
237501
237494
237490
237482
237481
237433
237414
237404
237390
237374
237368
237368
237368
237357
237333
237297
237294
237285
237281
237278
237271
237258
237235
237232
237232
237228
237220
237216
237203
237192
237165
237156
237130
237121
237110
237080
237067
237051
237049
237027
237017
237002
236976
236973
236969
236963
236960
236958
236956
236918
236902
236895
236894
236881
236875
236867
236856
236846
236840
236837
236815
236781
236780
236775
236773
236759
236751
236751
236744
236744
236722
236715
236683
236663
236661
236660
236655
236647
236646
236641
236637
236625
236614
236582
236576
236573
236568
236565
236562
236543
236535
236521
236513
236493
236487
236486
236483
236455
236446
236443
236443
236442
236437
236434
236407
236376
236373
236363
236362
236349
236332
236330
236325
236324
236305
236303
236302
236270
236267
236252
236241
236235
236226
236224
236220
236204
236199
236193
236191
236191
236183
236168
236122
236111
236106
236067
236064
236025
236012
236001
235966
235961
235947
235939
235935
235929
235919
235915
235895
235885
235864
235844
235839
235833
235785
235771
235762
235754
235753
235735
235723
235715
235696
235691
235691
235681
235648
235648
235635
235628
235600
235600
235579
235574
235559
235557
235555
235527
235513
235512
235484
235477
235471
235465
235461
235460
235447
235427
235425
235386
235384
235378
235368
235366
235352
235339
235336
235334
235331
235320
235308
235291
235290
235280
235271
235265
235255
235250
235250
235239
235234
235230
235229
235224
235223
235204
235191
235178
235175
235171
235164
235138
235134
235130
235130
235119
235118
235114
235094
235080
235057
235053
235049
235042
235039
235039
235036
235016
234992
234981
234972
234964
234961
234956
234950
234941
234941
234936
234936
234931
234918
234901
234899
234895
234883
234881
234851
234840
234832
234828
234823
234805
234788
234785
234756
234754
234754
234735
234730
234722
234715
234709
234685
234673
234672
234667
234665
234656
234652
234648
234633
234621
234608
234604
234602
234593
234587
234571
234568
234523
234520
234519
234505
234504
234476
234474
234472
234462
234460
234443
234439
234428
234416
234404
234382
234381
234379
234373
234361
234351
234346
234343
234330
234325
234289
234269
234269
234238
234225
234212
234201
234182
234181
234168
234151
234151
234146
234137
234132
234124
234119
234089
234081
234078
234055
234027
234018
234015
233993
233990
233983
233952
233952
233946
233945
233944
233938
233936
233936
233931
233930
233918
233917
233902
233879
233875
233870
233865
233858
233846
233845
233840
233839
233826
233786
233771
233769
233745
233722
233721
233696
233676
233665
233663
233657
233649
233647
233644
233635
233619
233618
233592
233580
233572
233572
233568
233554
233540
233517
233505
233493
233475
233474
233465
233452
233451
233447
233439
233439
233419
233415
233413
233406
233368
233350
233343
233338
233335
233331
233330
233322
233311
233297
233246
233241
233233
233209
233201
233197
233189
233183
233181
233175
233154
233146
233134
233134
233129
233126
233096
233089
233081
233068
233056
233053
233047
233045
233044
233037
233013
232992
232985
232963
232959
232953
232929
232918
232910
232902
232901
232901
232896
232884
232882
232878
232828
232826
232820
232818
232801
232798
232789
232786
232781
232780
232779
232771
232758
232749
232748
232740
232732
232721
232717
232699
232685
232673
232665
232655
232647
232642
232618
232607
232595
232595
232592
232590
232589
232544
232541
232526
232520
232509
232499
232493
232487
232456
232435
232409
232397
232393
232389
232366
232366
232352
232333
232318
232315
232306
232301
232286
232272
232266
232258
232256
232253
232253
232222
232217
232206
232202
232180
232180
232179
232146
232132
232131
232122
232112
232112
232095
232091
232074
232057
232047
231999
231991
231983
231968
231965
231956
231926
231906
231905
231887
231880
231870
231865
231862
231859
231851
231846
231837
231809
231804
231793
231779
231767
231766
231759
231745
231737
231721
231713
231701
231681
231665
231662
231661
231657
231642
231592
231591
231588
231587
231584
231577
231573
231565
231541
231529
231528
231517
231514
231513
231501
231501
231494
231476
231475
231421
231400
231396
231361
231359
231356
231349
231347
231344
231324
231304
231288
231285
231279
231261
231246
231215
231209
231201
231191
231187
231186
231169
231164
231161
231124
231120
231117
231107
231101
231086
231066
231055
231054
231023
231023
231021
231012
231008
230992
230990
230983
230982
230980
230946
230937
230931
230924
230909
230904
230902
230894
230885
230878
230860
230854
230836
230824
230814
230808
230797
230788
230777
230766
230763
230754
230720
230693
230688
230681
230668
230668
230652
230625
230612
230581
230577
230571
230570
230564
230550
230537
230528
230516
230515
230495
230491
230484
230480
230477
230453
230445
230393
230387
230374
230356
230349
230331
230316
230312
230304
230302
230300
230300
230290
230286
230284
230282
230256
230255
230247
230240
230229
230225
230210
230209
230205
230197
230186
230181
230177
230174
230163
230160
230115
230111
230090
230085
230082
230078
230074
230063
230026
230018
230006
229984
229969
229969
229966
229957
229947
229936
229936
229920
229903
229885
229878
229875
229870
229861
229859
229766
229765
229762
229757
229750
229738
229728
229712
229709
229707
229688
229685
229678
229676
229669
229661
229647
229632
229632
229628
229624
229607
229596
229576
229570
229527
229522
229504
229503
229495
229493
229486
229482
229472
229470
229463
229462
229448
229443
229439
229438
229435
229415
229413
229410
229395
229377
229372
229372
229364
229361
229353
229352
229350
229324
229323
229306
229296
229293
229283
229245
229233
229224
229215
229207
229201
229166
229159
229098
229080
229075
229064
229057
229029
228996
228995
228994
228959
228959
228948
228926
228922
228922
228915
228911
228911
228880
228876
228875
228865
228857
228842
228828
228827
228825
228812
228810
228808
228801
228791
228787
228784
228779
228768
228753
228715
228699
228693
228690
228684
228648
228642
228636
228610
228601
228600
228591
228571
228569
228564
228559
228539
228537
228511
228508
228496
228474
228474
228471
228464
228457
228449
228447
228438
228433
228431
228389
228371
228357
228353
228341
228340
228336
228314
228313
228280
228260
228252
228229
228229
228211
228205
228175
228170
228144
228139
228128
228125
228109
228097
228088
228086
228025
228009
227993
227975
227944
227942
227935
227934
227926
227920
227909
227896
227883
227850
227826
227816
227802
227795
227784
227773
227768
227765
227757
227747
227746
227741
227731
227727
227712
227700
227698
227676
227672
227659
227653
227648
227646
227638
227628
227615
227607
227592
227582
227573
227562
227560
227552
227540
227514
227510
227505
227486
227480
227477
227477
227464
227462
227433
227408
227400
227385
227376
227327
227326
227310
227292
227292
227289
227288
227282
227280
227272
227250
227228
227228
227223
227215
227209
227197
227196
227196
227183
227162
227133
227110
227104
227085
227080
227079
227078
227077
227060
227055
227055
227039
227035
227019
227015
227014
227012
226990
226962
226961
226946
226932
226931
226923
226884
226871
226859
226854
226853
226848
226847
226834
226834
226833
226831
226823
226820
226815
226813
226806
226776
226759
226733
226731
226718
226717
226702
226691
226690
226670
226667
226663
226655
226647
226646
226633
226630
226627
226626
226617
226597
226590
226583
226570
226569
226567
226565
226538
226537
226521
226502
226496
226480
226478
226469
226465
226464
226449
226449
226447
226436
226417
226408
226374
226370
226365
226365
226361
226350
226337
226322
226322
226319
226290
226270
226257
226253
226244
226233
226229
226227
226223
226222
226219
226217
226208
226204
226196
226195
226183
226175
226150
226130
226127
226110
226106
226094
226094
226092
226091
226084
226076
226073
226068
226048
226041
226024
226024
226015
225995
225989
225983
225955
225950
225947
225938
225907
225906
225899
225898
225893
225892
225886
225873
225873
225862
225850
225846
225838
225833
225794
225794
225762
225749
225744
225733
225730
225711
225703
225690
225661
225655
225646
225643
225642
225617
225605
225598
225591
225545
225532
225531
225520
225517
225507
225507
225491
225483
225478
225476
225463
225452
225439
225429
225421
225415
225405
225397
225395
225389
225387
225384
225377
225375
225366
225354
225350
225336
225335
225333
225328
225328
225318
225308
225279
225267
225266
225261
225248
225245
225233
225233
225233
225230
225226
225224
225206
225187
225181
225177
225150
225150
225147
225144
225136
225129
225070
225056
225031
225030
225024
225023
225003
225000
224997
224981
224968
224965
224965
224958
224956
224955
224944
224943
224935
224904
224892
224892
224864
224842
224840
224833
224831
224827
224825
224818
224808
224804
224799
224795
224787
224778
224775
224739
224738
224724
224719
224710
224699
224698
224698
224692
224643
224638
224629
224601
224600
224600
224590
224590
224580
224574
224573
224568
224557
224553
224544
224536
224534
224534
224527
224505
224502
224501
224478
224451
224440
224418
224399
224398
224384
224382
224363
224360
224349
224348
224346
224346
224329
224315
224299
224294
224289
224274
224263
224253
224249
224238
224227
224226
224225
224217
224216
224192
224188
224182
224172
224168
224163
224158
224156
224122
224116
224103
224099
224079
224071
224067
224058
224048
224024
224023
224021
223974
223965
223931
223921
223915
223911
223874
223870
223868
223868
223861
223850
223844
223822
223816
223793
223792
223789
223761
223743
223738
223738
223728
223703
223689
223685
223683
223667
223649
223640
223634
223631
223622
223621
223612
223605
223601
223600
223589
223578
223554
223546
223537
223518
223495
223486
223474
223474
223464
223462
223457
223452
223424
223420
223414
223412
223372
223370
223346
223345
223334
223307
223306
223296
223291
223277
223273
223271
223266
223265
223254
223249
223248
223235
223213
223208
223199
223194
223188
223186
223182
223166
223139
223136
223123
223120
223113
223110
223106
223099
223091
223082
223080
223073
223053
223048
223038
223028
222977
222966
222966
222965
222954
222952
222928
222911
222903
222894
222885
222884
222883
222881
222870
222864
222851
222848
222845
222782
222770
222765
222758
222754
222750
222731
222729
222721
222718
222707
222700
222700
222699
222688
222684
222679
222672
222664
222661
222646
222632
222628
222622
222621
222617
222611
222608
222603
222600
222596
222587
222577
222574
222568
222565
222564
222560
222552
222539
222537
222527
222525
222524
222518
222511
222504
222468
222442
222431
222424
222419
222413
222387
222376
222355
222344
222339
222335
222330
222328
222328
222304
222294
222281
222267
222193
222186
222180
222169
222160
222146
222145
222138
222126
222123
222119
222114
222110
222090
222077
222073
222065
222064
222049
222044
222041
222003
221985
221968
221963
221958
221958
221946
221937
221899
221896
221861
221838
221818
221816
221811
221799
221794
221785
221778
221737
221735
221730
221691
221687
221685
221684
221684
221672
221652
221642
221631
221626
221614
221604
221603
221582
221581
221573
221550
221538
221501
221496
221495
221491
221489
221479
221475
221466
221458
221435
221425
221404
221398
221397
221391
221389
221361
221356
221333
221329
221325
221298
221296
221286
221283
221272
221269
221236
221224
221195
221172
221167
221152
221142
221136
221136
221109
221102
221099
221093
221085
221081
221075
221064
221054
221038
221038
221032
221013
221009
221003
220976
220974
220972
220968
220964
220942
220934
220915
220910
220902
220896
220895
220849
220844
220840
220825
220818
220812
220809
220798
220786
220782
220782
220776
220775
220772
220762
220757
220745
220733
220729
220715
220704
220703
220696
220674
220672
220662
220656
220627
220608
220598
220595
220594
220582
220575
220570
220558
220548
220534
220529
220496
220484
220475
220451
220443
220440
220439
220428
220426
220406
220403
220401
220397
220381
220367
220364
220364
220362
220361
220353
220351
220334
220319
220301
220298
220279
220275
220272
220268
220259
220257
220256
220244
220241
220226
220225
220217
220214
220212
220199
220198
220139
220137
220136
220119
220117
220117
220116
220075
220066
220056
220031
220028
220024
220014
220004
220002
219991
219986
219986
219982
219980
219972
219945
219942
219933
219914
219899
219880
219871
219860
219851
219842
219838
219831
219828
219822
219812
219780
219775
219775
219774
219768
219767
219754
219753
219729
219726
219712
219712
219709
219707
219695
219676
219673
219648
219630
219626
219610
219609
219602
219566
219558
219546
219532
219518
219515
219509
219500
219487
219475
219463
219461
219453
219452
219431
219425
219389
219377
219372
219371
219355
219352
219348
219328
219301
219289
219286
219271
219268
219259
219252
219244
219241
219234
219233
219232
219228
219218
219216
219212
219209
219208
219198
219183
219164
219162
219119
219076
219071
219069
219065
219044
219024
219018
219012
218999
218979
218975
218974
218969
218953
218946
218942
218926
218912
218905
218891
218890
218859
218836
218834
218833
218828
218827
218816
218813
218804
218796
218792
218779
218775
218774
218765
218760
218747
218740
218715
218664
218660
218638
218629
218622
218602
218582
218578
218576
218572
218567
218560
218559
218553
218538
218534
218522
218520
218513
218512
218500
218492
218487
218476
218473
218457
218456
218447
218432
218414
218413
218396
218387
218356
218345
218298
218289
218282
218262
218252
218248
218242
218238
218237
218232
218230
218221
218219
218217
218214
218213
218181
218174
218167
218166
218163
218156
218156
218144
218122
218122
218114
218111
218097
218093
218092
218087
218068
218066
218064
218063
218036
218034
218033
218027
218017
217993
217990
217976
217976
217965
217943
217941
217932
217917
217911
217910
217873
217870
217870
217869
217868
217867
217864
217862
217860
217855
217853
217839
217838
217835
217832
217825
217821
217802
217798
217791
217785
217781
217779
217775
217774
217766
217729
217728
217712
217680
217672
217650
217638
217632
217626
217625
217620
217617
217609
217604
217601
217599
217592
217592
217591
217586
217577
217568
217565
217564
217557
217539
217509
217485
217483
217462
217453
217443
217410
217383
217377
217373
217361
217357
217337
217332
217325
217321
217319
217311
217304
217296
217278
217264
217259
217238
217229
217228
217219
217214
217209
217205
217200
217199
217194
217191
217183
217176
217168
217137
217135
217133
217133
217129
217124
217117
217111
217109
217093
217089
217082
217082
217076
217055
217047
217046
217043
217042
217025
217020
217016
217008
217006
217005
216989
216970
216955
216952
216948
216940
216928
216902
216896
216895
216880
216872
216872
216832
216824
216808
216779
216777
216775
216773
216772
216772
216710
216703
216674
216647
216644
216638
216625
216624
216610
216580
216579
216573
216567
216564
216556
216556
216516
216496
216469
216462
216448
216428
216421
216418
216408
216383
216381
216372
216371
216356
216336
216315
216308
216304
216298
216291
216290
216242
216232
216229
216225
216219
216200
216199
216183
216163
216129
216100
216100
216094
216094
216078
216055
216043
216038
216034
216003
215968
215965
215960
215957
215951
215949
215948
215939
215934
215931
215930
215911
215907
215902
215873
215865
215828
215821
215804
215789
215785
215749
215729
215728
215705
215682
215674
215661
215653
215653
215648
215631
215629
215621
215618
215617
215604
215602
215601
215601
215586
215581
215577
215573
215573
215554
215531
215516
215494
215488
215482
215473
215473
215446
215442
215437
215434
215433
215375
215373
215371
215358
215349
215349
215339
215321
215316
215312
215311
215299
215291
215286
215276
215275
215250
215242
215235
215202
215191
215184
215147
215143
215130
215124
215123
215097
215085
215084
215079
215079
215078
215077
215069
215048
215043
215029
215029
215019
215004
214981
214978
214970
214966
214965
214957
214957
214956
214956
214942
214941
214936
214935
214930
214922
214917
214898
214858
214850
214846
214829
214823
214818
214814
214809
214793
214784
214781
214777
214771
214767
214762
214751
214746
214725
214723
214699
214694
214693
214672
214672
214671
214670
214665
214663
214662
214647
214646
214623
214616
214585
214582
214576
214526
214508
214507
214501
214499
214493
214461
214441
214429
214400
214392
214385
214374
214362
214355
214351
214343
214339
214319
214318
214307
214280
214268
214260
214253
214246
214222
214212
214207
214196
214186
214165
214160
214155
214147
214144
214122
214118
214118
214101
214098
214086
214080
214075
214068
214067
214065
214062
214050
214045
214030
214027
214023
214017
214013
214000
213975
213974
213964
213949
213939
213939
213919
213902
213873
213865
213858
213852
213849
213839
213831
213829
213813
213810
213808
213796
213788
213784
213782
213778
213770
213757
213749
213745
213744
213741
213740
213719
213716
213707
213690
213665
213660
213650
213633
213619
213596
213573
213550
213542
213541
213537
213502
213456
213455
213445
213441
213433
213420
213386
213385
213366
213348
213340
213336
213320
213319
213317
213305
213295
213271
213270
213257
213256
213239
213232
213221
213212
213189
213182
213178
213165
213155
213153
213148
213139
213126
213125
213119
213114
213081
213063
213037
213032
213003
213001
212999
212986
212983
212983
212973
212954
212930
212905
212900
212887
212878
212855
212838
212830
212808
212783
212774
212760
212750
212747
212743
212736
212725
212722
212722
212714
212711
212693
212678
212675
212674
212661
212653
212653
212652
212646
212641
212629
212621
212601
212595
212593
212592
212583
212582
212536
212525
212525
212509
212506
212506
212500
212496
212466
212449
212402
212390
212381
212380
212357
212340
212339
212337
212331
212316
212312
212293
212287
212276
212274
212273
212269
212260
212256
212247
212230
212215
212201
212175
212174
212165
212157
212148
212144
212143
212141
212136
212124
212122
212119
212110
212087
212070
212068
212057
212033
212030
212009
212004
211999
211994
211971
211970
211963
211962
211951
211948
211945
211944
211936
211925
211921
211921
211914
211913
211913
211908
211893
211886
211880
211870
211850
211849
211845
211827
211804
211782
211769
211756
211747
211744
211722
211715
211704
211703
211695
211677
211655
211637
211617
211617
211608
211603
211599
211598
211590
211581
211561
211561
211559
211542
211539
211505
211494
211492
211489
211482
211435
211425
211420
211414
211411
211409
211394
211377
211348
211347
211344
211333
211320
211312
211302
211289
211286
211282
211271
211270
211262
211240
211239
211224
211223
211197
211168
211167
211167
211163
211156
211131
211130
211095
211086
211086
211086
211084
211083
211083
211082
211064
211062
211049
211030
211027
211026
211025
211021
211020
211016
210993
210984
210970
210961
210961
210960
210950
210947
210924
210922
210909
210907
210885
210840
210820
210810
210806
210768
210762
210728
210722
210722
210707
210705
210702
210700
210686
210683
210673
210661
210660
210652
210627
210592
210586
210585
210559
210546
210525
210519
210516
210516
210514
210511
210501
210498
210497
210494
210489
210481
210475
210463
210436
210418
210412
210406
210378
210345
210337
210320
210313
210302
210274
210274
210258
210254
210226
210220
210220
210217
210197
210186
210174
210161
210148
210138
210135
210133
210125
210103
210092
210090
210079
210054
210048
210023
210010
209998
209994
209980
209965
209963
209961
209955
209931
209923
209903
209888
209882
209877
209874
209863
209851
209832
209832
209829
209795
209792
209789
209785
209778
209770
209757
209734
209730
209726
209724
209700
209696
209696
209695
209692
209692
209676
209672
209666
209665
209660
209652
209627
209625
209620
209613
209607
209606
209603
209602
209593
209590
209588
209577
209561
209555
209543
209542
209542
209523
209507
209501
209501
209498
209481
209466
209462
209451
209450
209437
209429
209426
209414
209412
209408
209403
209399
209389
209382
209365
209354
209345
209341
209334
209310
209298
209293
209288
209282
209280
209276
209233
209226
209226
209220
209208
209207
209201
209190
209150
209149
209144
209141
209131
209124
209123
209115
209102
209097
209096
209087
209083
209055
209053
209050
209034
209025
209022
209009
209008
208997
208992
208987
208986
208981
208978
208971
208962
208956
208951
208943
208939
208939
208937
208936
208896
208891
208885
208877
208866
208833
208823
208804
208803
208793
208792
208784
208760
208727
208724
208711
208666
208658
208647
208644
208636
208632
208626
208614
208612
208590
208589
208580
208578
208568
208561
208560
208557
208542
208535
208500
208497
208468
208451
208447
208442
208425
208413
208402
208380
208366
208366
208351
208347
208328
208325
208297
208236
208226
208224
208222
208207
208198
208193
208185
208180
208176
208174
208170
208164
208161
208159
208157
208146
208136
208124
208119
208105
208098
208096
208096
208095
208082
208078
208071
208049
208044
208033
208013
208008
207994
207986
207974
207963
207957
207956
207952
207937
207934
207933
207932
207923
207914
207911
207901
207892
207876
207851
207833
207823
207820
207794
207779
207753
207747
207743
207743
207737
207728
207723
207697
207694
207661
207651
207641
207632
207620
207613
207608
207598
207596
207585
207578
207578
207570
207537
207535
207520
207519
207506
207502
207494
207488
207445
207435
207425
207416
207411
207405
207396
207382
207377
207363
207360
207357
207356
207350
207348
207343
207325
207317
207308
207301
207300
207294
207289
207283
207261
207254
207226
207221
207206
207204
207189
207167
207160
207159
207145
207110
207095
207093
207087
207086
207084
207082
207075
207054
207050
207027
207023
207013
207006
207000
206982
206973
206960
206955
206940
206929
206921
206916
206913
206913
206902
206896
206873
206867
206859
206859
206850
206843
206836
206832
206814
206812
206800
206793
206785
206768
206757
206751
206746
206732
206732
206731
206730
206717
206705
206697
206688
206687
206663
206642
206642
206632
206606
206601
206568
206557
206555
206545
206535
206533
206528
206513
206511
206507
206489
206477
206464
206460
206460
206436
206430
206396
206395
206394
206394
206392
206384
206353
206334
206318
206310
206301
206298
206297
206292
206281
206272
206270
206263
206262
206260
206256
206241
206224
206221
206190
206189
206186
206173
206163
206129
206124
206111
206107
206100
206090
206072
206070
206068
206068
206064
206044
206025
206011
205992
205982
205962
205958
205946
205946
205946
205937
205935
205915
205907
205899
205893
205891
205886
205885
205865
205859
205856
205817
205793
205784
205781
205752
205750
205749
205730
205714
205693
205680
205680
205674
205668
205667
205629
205626
205622
205618
205607
205605
205598
205597
205588
205585
205562
205561
205558
205497
205491
205484
205481
205481
205479
205471
205471
205464
205455
205454
205447
205437
205437
205400
205398
205374
205350
205317
205312
205305
205303
205301
205292
205285
205281
205248
205245
205241
205239
205233
205230
205214
205209
205198
205196
205191
205181
205180
205179
205167
205166
205164
205157
205156
205139
205123
205106
205104
205102
205094
205093
205091
205084
205077
205062
205061
205037
205023
205019
205000
204991
204987
204986
204980
204956
204949
204923
204911
204908
204906
204876
204862
204861
204852
204838
204830
204824
204817
204814
204801
204789
204767
204758
204755
204724
204721
204692
204686
204684
204684
204684
204680
204679
204679
204661
204648
204642
204637
204634
204629
204603
204597
204591
204585
204574
204536
204533
204530
204522
204518
204514
204497
204462
204449
204431
204419
204419
204413
204404
204401
204400
204397
204389
204373
204366
204353
204351
204336
204312
204309
204306
204295
204294
204289
204281
204276
204269
204262
204251
204244
204238
204224
204219
204213
204187
204187
204185
204173
204168
204164
204162
204158
204156
204154
204150
204140
204135
204133
204116
204110
204107
204070
204062
204057
204047
204045
204027
204023
204019
204007
204002
203991
203974
203968
203902
203897
203891
203885
203861
203846
203840
203839
203829
203813
203795
203783
203780
203775
203734
203697
203696
203683
203673
203662
203645
203637
203608
203604
203596
203586
203575
203572
203554
203553
203534
203530
203512
203511
203503
203488
203485
203477
203476
203467
203465
203465
203459
203458
203443
203432
203427
203426
203419
203416
203411
203409
203394
203394
203387
203383
203380
203339
203338
203336
203323
203282
203274
203241
203237
203236
203228
203217
203210
203181
203173
203172
203154
203138
203135
203133
203122
203116
203114
203102
203091
203075
203061
203058
203051
203038
203027
203024
203023
202987
202961
202954
202954
202945
202937
202931
202887
202883
202872
202871
202854
202851
202834
202831
202820
202810
202795
202792
202784
202766
202765
202753
202749
202747
202738
202680
202680
202673
202672
202664
202640
202633
202599
202550
202546
202537
202481
202446
202436
202418
202411
202404
202400
202367
202353
202334
202320
202317
202312
202311
202303
202283
202281
202268
202258
202249
202244
202241
202228
202228
202225
202219
202217
202205
202201
202194
202183
202170
202170
202165
202163
202158
202154
202140
202121
202112
202105
202102
202079
202070
202067
202067
202061
202052
202051
202045
202044
202043
202008
202007
201997
201996
201992
201992
201989
201981
201977
201975
201973
201932
201930
201911
201902
201895
201891
201885
201864
201861
201847
201837
201818
201807
201807
201806
201805
201785
201781
201771
201767
201758
201745
201739
201729
201688
201674
201663
201650
201631
201627
201607
201573
201564
201552
201532
201515
201507
201503
201496
201482
201466
201458
201455
201450
201445
201428
201416
201409
201399
201398
201397
201375
201356
201351
201350
201340
201323
201317
201315
201310
201303
201299
201298
201285
201281
201281
201267
201258
201255
201244
201240
201201
201186
201159
201144
201142
201140
201138
201137
201134
201127
201124
201104
201092
201080
201079
201063
201058
201058
201043
201041
201034
201025
201011
201005
200987
200971
200950
200950
200945
200923
200914
200895
200895
200877
200852
200849
200846
200845
200839
200827
200823
200790
200718
200714
200709
200707
200707
200699
200669
200659
200654
200648
200642
200639
200632
200617
200608
200597
200597
200592
200582
200576
200574
200564
200553
200547
200544
200537
200522
200521
200521
200516
200511
200505
200488
200485
200484
200474
200470
200447
200443
200437
200436
200433
200432
200429
200411
200400
200397
200388
200371
200347
200323
200317
200313
200308
200307
200305
200295
200271
200258
200256
200232
200225
200220
200216
200192
200178
200172
200166
200165
200160
200152
200144
200137
200135
200130
200124
200115
200112
200088
200066
200065
200065
200064
200029
200029
200023
199956
199949
199936
199913
199904
199900
199897
199892
199866
199858
199771
199766
199766
199763
199748
199738
199737
199736
199721
199716
199704
199703
199674
199640
199622
199585
199580
199578
199569
199567
199562
199543
199522
199507
199502
199501
199494
199486
199479
199474
199445
199444
199444
199416
199414
199414
199408
199404
199400
199396
199381
199370
199363
199354
199347
199344
199343
199332
199324
199293
199272
199253
199250
199249
199242
199242
199238
199230
199223
199211
199207
199202
199196
199187
199181
199141
199109
199090
199085
199081
199074
199073
199040
199034
199031
199027
199015
199015
199013
199005
199003
198989
198971
198971
198954
198937
198934
198905
198903
198900
198896
198875
198852
198823
198814
198811
198796
198789
198773
198771
198753
198739
198727
198723
198706
198703
198698
198698
198697
198694
198688
198679
198666
198665
198660
198648
198647
198628
198621
198612
198612
198592
198584
198566
198561
198559
198538
198534
198526
198516
198498
198497
198482
198472
198454
198417
198414
198375
198372
198367
198364
198362
198360
198357
198342
198311
198286
198282
198275
198253
198251
198234
198209
198203
198193
198167
198163
198155
198136
198108
198105
198089
198088
198081
198057
198039
198026
198019
198019
198001
197996
197984
197968
197952
197950
197941
197926
197916
197903
197896
197894
197892
197890
197882
197875
197839
197830
197812
197808
197793
197792
197786
197780
197765
197764
197754
197748
197741
197737
197729
197724
197717
197710
197703
197698
197696
197687
197675
197653
197641
197638
197629
197616
197612
197610
197588
197573
197564
197561
197548
197527
197525
197521
197501
197500
197500
197499
197482
197469
197458
197436
197433
197429
197415
197411
197404
197403
197395
197373
197343
197324
197323
197322
197320
197289
197289
197286
197281
197273
197266
197252
197249
197222
197208
197197
197193
197166
197147
197138
197130
197093
197077
197074
197071
197052
197051
197035
197033
197032
197027
197026
197026
197015
197008
197001
196997
196990
196976
196963
196950
196946
196933
196911
196890
196888
196881
196878
196876
196860
196855
196851
196840
196829
196816
196804
196785
196773
196769
196760
196747
196741
196740
196733
196730
196728
196713
196709
196704
196700
196681
196654
196643
196641
196634
196626
196622
196618
196611
196611
196610
196600
196596
196580
196574
196563
196560
196556
196548
196532
196529
196512
196511
196494
196472
196464
196452
196446
196443
196414
196403
196403
196403
196399
196386
196373
196354
196320
196316
196314
196307
196305
196299
196296
196267
196265
196256
196239
196232
196229
196213
196204
196202
196200
196193
196187
196180
196174
196169
196165
196162
196148
196144
196120
196098
196085
196078
196051
196048
196045
196028
196027
196025
196012
196011
195991
195986
195956
195951
195928
195920
195914
195914
195884
195873
195872
195860
195858
195845
195844
195842
195835
195802
195800
195783
195782
195749
195741
195741
195737
195736
195725
195720
195718
195698
195692
195692
195650
195638
195628
195628
195613
195605
195600
195582
195582
195578
195572
195572
195565
195552
195513
195507
195503
195498
195497
195486
195461
195447
195437
195435
195434
195433
195428
195423
195418
195416
195403
195400
195395
195386
195372
195356
195340
195340
195335
195283
195280
195268
195264
195261
195261
195250
195218
195212
195205
195204
195202
195193
195185
195179
195173
195152
195140
195110
195108
195088
195084
195076
195070
195066
195057
195040
195032
195024
195020
195016
195010
194993
194984
194981
194977
194975
194972
194970
194969
194966
194966
194954
194935
194925
194924
194911
194904
194896
194882
194877
194875
194870
194868
194854
194853
194850
194850
194832
194824
194815
194814
194808
194785
194769
194768
194762
194761
194749
194749
194730
194708
194693
194671
194660
194656
194644
194625
194616
194608
194606
194604
194596
194595
194594
194580
194579
194534
194530
194528
194522
194521
194521
194497
194462
194433
194420
194420
194373
194358
194330
194313
194313
194309
194304
194302
194298
194293
194290
194276
194267
194256
194255
194247
194235
194233
194225
194217
194201
194181
194180
194169
194165
194161
194138
194108
194088
194068
194064
194061
194053
194049
194048
194004
193999
193993
193977
193968
193955
193948
193942
193919
193904
193896
193891
193889
193883
193864
193849
193834
193832
193821
193815
193811
193802
193801
193785
193779
193778
193775
193771
193766
193764
193762
193761
193748
193736
193733
193732
193730
193728
193724
193722
193706
193702
193696
193693
193691
193655
193643
193639
193637
193614
193610
193576
193568
193558
193556
193553
193553
193547
193544
193526
193522
193518
193517
193507
193507
193488
193480
193475
193459
193450
193443
193439
193439
193433
193429
193429
193407
193402
193398
193356
193345
193327
193326
193318
193315
193309
193300
193292
193276
193274
193264
193264
193260
193215
193208
193208
193206
193194
193191
193190
193165
193161
193151
193149
193145
193123
193103
193098
193093
193093
193072
193071
193062
193062
193045
193035
193028
193027
193013
193003
192983
192978
192976
192967
192966
192963
192956
192955
192933
192927
192923
192915
192915
192913
192911
192905
192897
192880
192866
192859
192837
192833
192805
192794
192785
192780
192759
192733
192720
192713
192711
192702
192693
192682
192673
192672
192664
192658
192650
192622
192619
192618
192608
192601
192593
192587
192586
192580
192572
192570
192570
192564
192552
192533
192522
192501
192492
192485
192483
192470
192453
192441
192440
192437
192429
192427
192396
192396
192392
192389
192384
192370
192353
192333
192317
192315
192309
192287
192285
192282
192281
192278
192274
192246
192245
192244
192243
192243
192225
192224
192222
192217
192206
192193
192190
192188
192177
192164
192150
192131
192130
192128
192125
192109
192105
192089
192084
192075
192073
192059
192056
192031
192030
192015
192002
191996
191978
191978
191978
191975
191972
191971
191968
191967
191945
191923
191874
191860
191841
191826
191817
191817
191810
191806
191768
191768
191740
191727
191723
191721
191707
191704
191704
191697
191664
191646
191626
191622
191622
191610
191595
191590
191577
191575
191572
191550
191539
191537
191530
191523
191514
191513
191496
191483
191481
191480
191477
191476
191465
191462
191462
191439
191424
191405
191399
191385
191369
191368
191355
191352
191326
191325
191301
191297
191276
191268
191268
191265
191260
191257
191256
191248
191245
191190
191184
191184
191170
191169
191166
191160
191148
191142
191138
191137
191136
191125
191122
191093
191086
191079
191074
191065
191060
191058
191021
191020
190980
190974
190964
190963
190960
190958
190953
190938
190929
190876
190865
190862
190839
190830
190814
190783
190771
190771
190770
190762
190757
190742
190727
190703
190695
190680
190677
190676
190650
190639
190625
190605
190603
190592
190576
190531
190519
190503
190488
190486
190485
190451
190449
190445
190443
190440
190430
190426
190398
190386
190374
190370
190354
190352
190349
190332
190332
190326
190325
190321
190317
190307
190293
190292
190275
190270
190270
190266
190253
190220
190210
190205
190198
190195
190179
190167
190158
190157
190150
190133
190121
190115
190107
190094
190093
190083
190081
190080
190069
190069
190065
190063
190042
190029
190029
190022
190018
190006
189987
189968
189962
189955
189952
189948
189941
189939
189935
189926
189906
189884
189860
189859
189841
189841
189840
189836
189832
189831
189811
189810
189794
189787
189762
189737
189717
189690
189687
189686
189683
189666
189661
189660
189656
189646
189633
189629
189609
189591
189584
189543
189543
189534
189520
189499
189493
189483
189482
189477
189467
189457
189441
189435
189424
189422
189391
189381
189378
189378
189363
189356
189354
189347
189345
189339
189339
189329
189320
189320
189308
189288
189271
189263
189256
189245
189234
189212
189189
189187
189182
189174
189163
189141
189141
189135
189084
189080
189072
189066
189027
189015
188997
188996
188990
188988
188969
188966
188963
188962
188923
188920
188892
188887
188859
188844
188834
188832
188830
188814
188807
188804
188799
188793
188789
188776
188769
188754
188744
188729
188722
188685
188678
188662
188649
188645
188643
188634
188627
188597
188574
188544
188531
188529
188524
188523
188493
188489
188478
188464
188460
188459
188453
188453
188440
188436
188434
188412
188399
188370
188367
188349
188327
188322
188321
188320
188314
188306
188296
188256
188247
188235
188225
188224
188221
188169
188161
188160
188156
188148
188129
188117
188103
188092
188068
188056
188055
188048
188044
188029
188028
188016
187994
187993
187969
187964
187959
187950
187928
187920
187918
187899
187898
187887
187882
187877
187856
187848
187844
187826
187808
187795
187794
187788
187780
187765
187756
187750
187749
187745
187739
187734
187730
187727
187724
187712
187703
187695
187681
187676
187660
187660
187658
187639
187636
187618
187594
187581
187575
187562
187559
187521
187504
187492
187481
187466
187440
187433
187408
187376
187354
187352
187331
187312
187303
187290
187282
187275
187274
187235
187234
187226
187220
187219
187213
187179
187179
187157
187124
187122
187122
187109
187103
187099
187096
187090
187084
187082
187079
187077
187075
187057
187044
187027
186999
186981
186980
186975
186955
186928
186918
186909
186894
186877
186870
186864
186829
186815
186806
186773
186766
186743
186733
186732
186728
186724
186721
186716
186714
186682
186654
186647
186644
186640
186639
186635
186627
186603
186588
186555
186552
186528
186525
186525
186520
186509
186499
186497
186493
186457
186450
186448
186443
186437
186411
186398
186389
186371
186366
186363
186355
186345
186337
186336
186336
186335
186318
186316
186308
186308
186299
186298
186293
186278
186241
186239
186238
186228
186221
186216
186205
186201
186194
186186
186185
186183
186183
186169
186162
186152
186126
186124
186111
186093
186088
186083
186079
186062
186041
186033
186031
186017
186004
186002
185998
185998
185989
185981
185979
185947
185940
185938
185933
185931
185927
185920
185902
185895
185883
185869
185865
185865
185845
185842
185836
185836
185832
185828
185803
185791
185764
185762
185759
185753
185739
185713
185711
185704
185690
185676
185665
185639
185636
185630
185629
185625
185621
185605
185597
185582
185572
185568
185544
185541
185526
185502
185501
185491
185464
185459
185446
185445
185441
185440
185440
185435
185401
185391
185386
185380
185380
185368
185352
185348
185338
185336
185321
185317
185316
185308
185301
185299
185274
185272
185269
185260
185259
185254
185250
185248
185247
185241
185231
185224
185194
185139
185127
185104
185089
185088
185069
185061
185058
185052
185051
185048
185040
185032
185024
185014
184995
184959
184948
184914
184911
184900
184899
184889
184888
184868
184856
184855
184854
184842
184826
184820
184806
184806
184791
184786
184756
184755
184750
184747
184740
184735
184734
184691
184688
184686
184685
184679
184678
184677
184676
184663
184663
184632
184621
184615
184609
184604
184587
184587
184574
184573
184547
184537
184532
184532
184524
184523
184512
184510
184500
184497
184485
184481
184480
184455
184447
184442
184434
184428
184428
184428
184410
184389
184388
184377
184376
184367
184359
184346
184327
184307
184295
184292
184287
184275
184256
184251
184238
184231
184222
184184
184169
184167
184161
184152
184110
184109
184082
184071
184067
184066
184060
184053
184052
184047
184043
184037
184020
183988
183988
183988
183968
183964
183946
183930
183924
183906
183904
183901
183898
183887
183885
183869
183856
183854
183851
183843
183836
183819
183817
183816
183811
183800
183797
183775
183775
183775
183769
183759
183757
183730
183717
183704
183703
183688
183659
183655
183648
183648
183631
183594
183584
183583
183580
183577
183572
183533
183530
183528
183527
183526
183526
183525
183516
183506
183488
183486
183485
183484
183476
183472
183457
183451
183448
183442
183439
183414
183407
183389
183386
183381
183377
183342
183337
183325
183323
183317
183299
183298
183295
183291
183283
183283
183255
183251
183232
183227
183216
183214
183192
183188
183179
183167
183144
183105
183096
183092
183086
183085
183082
183077
183057
183052
183038
183027
183026
183020
183006
183003
182997
182971
182970
182966
182956
182939
182928
182927
182896
182887
182872
182866
182855
182825
182795
182790
182789
182775
182767
182763
182749
182746
182731
182731
182722
182721
182652
182647
182646
182646
182630
182619
182602
182598
182568
182557
182516
182486
182472
182463
182459
182446
182414
182412
182398
182395
182391
182387
182386
182382
182367
182362
182357
182356
182341
182338
182337
182336
182328
182324
182312
182304
182292
182281
182273
182260
182250
182249
182237
182225
182221
182216
182199
182186
182185
182173
182159
182151
182149
182145
182125
182124
182120
182119
182111
182109
182106
182056
182050
182049
182047
182032
182016
182001
181980
181966
181961
181961
181960
181959
181919
181918
181910
181907
181906
181901
181899
181885
181874
181873
181873
181865
181861
181859
181857
181845
181834
181825
181824
181823
181823
181818
181802
181800
181794
181793
181782
181746
181745
181741
181740
181721
181714
181711
181707
181690
181690
181685
181681
181676
181674
181672
181659
181654
181642
181631
181631
181602
181598
181593
181584
181575
181555
181553
181548
181530
181522
181521
181514
181502
181486
181470
181465
181460
181451
181445
181413
181411
181407
181399
181391
181387
181376
181369
181355
181348
181343
181326
181308
181298
181280
181279
181274
181271
181247
181241
181232
181222
181211
181208
181204
181201
181191
181186
181177
181162
181160
181155
181137
181109
181107
181106
181081
181073
181066
181062
181059
181059
181036
181016
181014
181011
181005
181004
181003
180984
180977
180967
180964
180963
180957
180946
180934
180915
180913
180913
180903
180901
180897
180894
180893
180886
180886
180871
180856
180823
180822
180820
180818
180802
180788
180783
180774
180752
180744
180731
180725
180722
180715
180715
180699
180690
180689
180681
180656
180629
180612
180611
180607
180599
180598
180593
180582
180576
180574
180538
180529
180515
180515
180511
180499
180477
180472
180469
180452
180446
180436
180433
180424
180421
180414
180385
180377
180368
180356
180343
180318
180315
180304
180300
180265
180264
180258
180249
180238
180232
180210
180199
180194
180190
180179
180176
180152
180148
180144
180142
180135
180133
180133
180126
180123
180120
180106
180105
180104
180098
180097
180086
180083
180079
180079
180057
180046
180035
180031
180019
180018
180018
180014
180005
180001
179984
179963
179949
179938
179931
179929
179923
179914
179912
179904
179893
179880
179872
179868
179868
179860
179853
179822
179816
179807
179767
179767
179762
179743
179742
179717
179691
179674
179669
179658
179611
179609
179596
179583
179574
179553
179548
179531
179526
179514
179512
179504
179498
179496
179490
179482
179476
179459
179410
179407
179398
179389
179377
179365
179329
179326
179318
179315
179299
179262
179255
179229
179225
179201
179177
179173
179171
179168
179162
179122
179100
179087
179071
179070
179060
179052
179047
179045
179041
179027
179023
179022
179021
178988
178984
178971
178944
178944
178942
178941
178931
178913
178903
178903
178894
178890
178885
178881
178866
178863
178847
178841
178841
178829
178808
178807
178805
178803
178793
178789
178767
178740
178715
178712
178698
178693
178676
178668
178663
178651
178645
178637
178625
178598
178594
178581
178576
178547
178544
178511
178508
178505
178486
178471
178467
178461
178441
178432
178423
178405
178367
178359
178352
178319
178295
178285
178284
178273
178258
178257
178247
178244
178216
178207
178207
178204
178185
178177
178167
178156
178147
178147
178142
178135
178133
178132
178127
178112
178096
178094
178083
178082
178069
178069
178057
178052
178047
178042
178033
178032
178023
178012
178001
177996
177995
177980
177960
177956
177955
177952
177921
177910
177908
177867
177865
177863
177858
177838
177833
177824
177820
177812
177809
177806
177803
177797
177790
177748
177747
177727
177717
177701
177684
177683
177666
177663
177652
177646
177640
177608
177589
177569
177551
177517
177510
177503
177490
177473
177465
177448
177401
177394
177392
177381
177357
177356
177347
177303
177295
177278
177274
177252
177250
177248
177242
177235
177218
177215
177192
177171
177155
177154
177146
177130
177121
177113
177109
177101
177098
177088
177084
177080
177063
177058
177035
177035
177023
177020
177013
177003
176964
176961
176953
176922
176912
176906
176900
176898
176893
176891
176888
176885
176870
176860
176819
176817
176809
176798
176798
176797
176787
176785
176785
176776
176776
176765
176763
176762
176758
176738
176737
176727
176713
176691
176683
176679
176675
176649
176636
176619
176603
176598
176569
176566
176549
176544
176539
176530
176529
176524
176523
176519
176502
176489
176468
176466
176454
176445
176440
176426
176426
176425
176419
176398
176396
176387
176370
176345
176333
176324
176290
176284
176280
176256
176245
176240
176231
176228
176222
176216
176197
176187
176181
176158
176133
176123
176117
176109
176105
176102
176102
176095
176092
176077
176056
176036
176035
176025
176025
176022
175997
175981
175981
175966
175959
175953
175951
175948
175929
175891
175871
175857
175856
175851
175844
175838
175833
175815
175813
175810
175803
175794
175792
175791
175790
175788
175784
175782
175764
175757
175744
175741
175739
175733
175728
175717
175689
175670
175658
175648
175641
175638
175624
175604
175594
175584
175581
175577
175575
175565
175563
175560
175550
175545
175518
175504
175491
175466
175456
175445
175440
175439
175435
175431
175419
175416
175414
175409
175404
175388
175368
175364
175360
175347
175328
175321
175317
175307
175302
175300
175274
175274
175262
175243
175243
175228
175217
175190
175181
175179
175176
175164
175162
175159
175155
175147
175127
175119
175118
175102
175088
175080
175074
175052
175029
175023
175020
175007
175002
174991
174989
174989
174981
174977
174937
174934
174934
174905
174884
174870
174857
174835
174826
174818
174817
174811
174810
174810
174792
174765
174726
174713
174707
174695
174688
174682
174655
174653
174644
174644
174621
174596
174588
174588
174582
174575
174572
174567
174565
174560
174552
174548
174545
174544
174541
174539
174534
174532
174531
174525
174513
174508
174492
174492
174481
174477
174475
174449
174445
174432
174424
174415
174406
174377
174363
174330
174329
174310
174285
174285
174257
174251
174248
174248
174229
174224
174215
174199
174197
174188
174188
174164
174163
174147
174145
174116
174115
174107
174097
174075
174071
174067
174060
174051
174041
174012
173991
173987
173974
173970
173956
173936
173930
173924
173917
173908
173899
173894
173881
173878
173865
173865
173853
173838
173838
173831
173824
173819
173812
173809
173796
173795
173778
173769
173765
173760
173760
173752
173734
173700
173698
173662
173656
173654
173619
173604
173596
173595
173554
173547
173530
173508
173501
173476
173468
173455
173454
173441
173410
173405
173388
173376
173376
173343
173339
173333
173330
173327
173325
173325
173282
173280
173274
173274
173268
173262
173261
173260
173242
173221
173210
173204
173201
173199
173197
173191
173182
173165
173164
173160
173159
173155
173150
173146
173138
173137
173133
173118
173100
173093
173083
173040
173029
173024
173020
173006
172988
172973
172968
172935
172881
172878
172856
172853
172840
172839
172836
172821
172820
172814
172811
172807
172787
172775
172765
172763
172760
172759
172746
172740
172728
172713
172705
172695
172680
172661
172656
172639
172635
172629
172626
172613
172594
172580
172549
172545
172541
172540
172533
172527
172517
172513
172477
172473
172453
172448
172422
172417
172402
172396
172390
172388
172388
172370
172364
172360
172341
172336
172324
172313
172296
172293
172290
172290
172279
172256
172244
172234
172227
172212
172211
172204
172190
172188
172175
172174
172168
172164
172153
172149
172142
172140
172137
172117
172097
172091
172082
172074
172073
172063
172053
172052
172045
172037
172023
172014
172008
171998
171990
171981
171973
171966
171962
171945
171935
171929
171922
171921
171915
171908
171907
171897
171893
171891
171890
171876
171857
171850
171849
171841
171836
171824
171817
171808
171796
171795
171789
171780
171777
171770
171767
171761
171761
171748
171738
171735
171724
171723
171718
171702
171694
171681
171654
171653
171638
171637
171629
171627
171584
171563
171547
171546
171541
171541
171537
171530
171527
171509
171505
171492
171477
171474
171457
171454
171435
171425
171420
171415
171404
171398
171391
171384
171374
171366
171362
171359
171348
171343
171337
171308
171279
171262
171234
171222
171222
171219
171215
171211
171211
171210
171180
171180
171174
171171
171155
171128
171118
171098
171090
171088
171073
171064
171056
171055
171046
171037
171017
171011
170991
170966
170960
170955
170952
170950
170924
170881
170879
170854
170853
170844
170843
170827
170827
170824
170822
170809
170801
170800
170758
170736
170726
170725
170698
170697
170674
170673
170672
170669
170669
170642
170637
170631
170626
170604
170602
170600
170593
170580
170580
170562
170552
170551
170540
170538
170516
170513
170499
170465
170465
170437
170436
170424
170423
170403
170386
170374
170357
170354
170352
170350
170349
170342
170335
170311
170308
170298
170291
170285
170279
170276
170258
170237
170227
170203
170191
170182
170173
170169
170164
170116
170115
170108
170106
170073
170058
170057
170055
170037
170030
170020
170001
169985
169976
169969
169967
169960
169943
169942
169938
169937
169928
169921
169899
169887
169871
169863
169850
169827
169815
169810
169809
169799
169797
169765
169743
169743
169738
169724
169713
169711
169707
169690
169690
169683
169679
169651
169649
169648
169640
169636
169631
169631
169598
169589
169578
169567
169556
169553
169526
169518
169502
169497
169479
169440
169435
169430
169404
169403
169403
169403
169396
169395
169392
169378
169377
169372
169371
169360
169356
169353
169352
169350
169350
169333
169330
169329
169326
169272
169271
169253
169251
169246
169245
169215
169210
169197
169193
169183
169178
169139
169132
169126
169125
169117
169113
169111
169110
169102
169090
169083
169067
169066
169057
169053
169025
169019
169015
169002
169001
168998
168993
168986
168983
168970
168957
168937
168885
168878
168875
168860
168856
168853
168848
168838
168835
168826
168821
168808
168808
168802
168794
168791
168789
168747
168746
168745
168743
168740
168733
168721
168715
168714
168704
168693
168687
168683
168675
168627
168626
168612
168588
168572
168550
168543
168534
168521
168504
168495
168494
168464
168461
168455
168446
168437
168434
168431
168427
168423
168422
168405
168383
168381
168380
168370
168345
168330
168324
168317
168313
168312
168263
168256
168239
168224
168219
168217
168204
168203
168198
168181
168178
168168
168157
168150
168150
168123
168122
168121
168114
168112
168104
168085
168084
168082
168050
168031
168021
168014
168007
168005
167987
167976
167972
167959
167890
167885
167880
167872
167860
167859
167852
167850
167847
167825
167792
167791
167774
167774
167765
167758
167751
167735
167721
167716
167712
167706
167706
167702
167695
167686
167685
167684
167676
167662
167653
167648
167624
167596
167594
167591
167589
167584
167527
167483
167458
167450
167449
167426
167423
167415
167411
167390
167362
167313
167306
167305
167295
167277
167262
167261
167253
167251
167243
167242
167220
167216
167206
167200
167197
167196
167193
167181
167180
167172
167156
167151
167145
167077
167073
167071
167062
167056
167050
167045
167027
167016
167013
166975
166965
166956
166948
166921
166913
166903
166896
166894
166884
166882
166876
166858
166855
166845
166804
166801
166793
166793
166785
166771
166770
166745
166738
166725
166715
166702
166700
166698
166697
166681
166634
166631
166625
166616
166616
166603
166578
166570
166565
166557
166551
166535
166529
166527
166495
166482
166479
166471
166467
166447
166419
166404
166402
166383
166379
166339
166338
166337
166334
166327
166309
166282
166274
166265
166264
166258
166254
166251
166244
166235
166210
166209
166187
166179
166168
166160
166139
166116
166113
166109
166105
166104
166100
166096
166095
166080
166066
166057
166053
166020
166018
166005
166004
165996
165990
165980
165980
165973
165937
165925
165919
165912
165909
165909
165894
165883
165874
165858
165845
165822
165809
165795
165772
165770
165752
165752
165736
165733
165708
165689
165686
165686
165632
165628
165617
165610
165608
165592
165592
165583
165569
165569
165566
165545
165538
165532
165531
165527
165523
165522
165519
165514
165508
165488
165485
165476
165473
165466
165454
165440
165427
165418
165415
165415
165414
165398
165397
165367
165364
165345
165338
165327
165321
165312
165298
165276
165273
165265
165262
165255
165250
165234
165233
165222
165215
165182
165159
165157
165131
165082
165077
165076
165063
165055
165022
165015
165011
164989
164955
164953
164942
164931
164906
164898
164890
164878
164861
164860
164813
164799
164797
164790
164778
164771
164723
164715
164710
164708
164699
164693
164684
164676
164671
164658
164654
164625
164623
164604
164587
164580
164578
164536
164532
164524
164524
164507
164488
164482
164445
164433
164419
164407
164397
164383
164380
164371
164362
164321
164309
164285
164237
164223
164213
164211
164198
164192
164178
164171
164167
164163
164156
164146
164133
164126
164122
164106
164094
164066
164059
164047
164041
164041
164008
163998
163990
163960
163953
163939
163938
163929
163920
163916
163909
163874
163872
163865
163852
163822
163817
163816
163782
163780
163779
163772
163701
163682
163681
163666
163659
163656
163622
163622
163614
163609
163604
163600
163571
163559
163558
163556
163554
163553
163549
163548
163542
163541
163533
163525
163517
163513
163500
163499
163484
163475
163472
163454
163454
163451
163443
163442
163437
163406
163385
163364
163356
163350
163327
163323
163314
163294
163264
163256
163240
163240
163228
163219
163215
163202
163198
163198
163173
163172
163169
163165
163157
163150
163109
163097
163095
163093
163086
163077
163072
163042
163032
163027
163013
163002
163001
162988
162985
162983
162977
162967
162966
162962
162951
162947
162940
162885
162880
162876
162875
162871
162870
162868
162863
162844
162833
162828
162810
162741
162722
162715
162708
162685
162678
162649
162642
162625
162618
162615
162610
162604
162595
162577
162576
162573
162554
162553
162546
162538
162518
162495
162491
162489
162476
162474
162448
162444
162435
162433
162421
162413
162411
162398
162391
162386
162381
162359
162353
162308
162281
162269
162221
162195
162182
162171
162170
162162
162161
162159
162156
162148
162147
162141
162127
162112
162110
162083
162081
162069
162061
162056
162036
162027
162009
162007
162003
161999
161998
161986
161984
161983
161980
161965
161937
161912
161901
161888
161864
161850
161827
161811
161808
161804
161800
161796
161796
161783
161754
161733
161708
161696
161673
161672
161663
161630
161625
161620
161616
161607
161598
161593
161582
161580
161566
161545
161544
161539
161522
161517
161485
161485
161485
161482
161468
161456
161454
161452
161449
161446
161443
161443
161420
161419
161418
161402
161381
161369
161364
161328
161326
161321
161293
161283
161280
161277
161269
161257
161248
161239
161228
161206
161206
161201
161192
161185
161181
161175
161173
161171
161163
161162
161151
161141
161133
161130
161129
161121
161105
161098
161097
161090
161086
161064
161062
161045
161043
161037
161010
161005
161003
160990
160989
160971
160963
160961
160949
160937
160927
160903
160889
160868
160864
160855
160851
160846
160844
160841
160838
160838
160835
160820
160814
160811
160808
160806
160786
160786
160777
160771
160770
160756
160755
160734
160730
160707
160705
160689
160680
160677
160672
160668
160623
160617
160605
160600
160593
160586
160585
160585
160569
160561
160560
160530
160524
160506
160504
160494
160479
160469
160438
160431
160428
160425
160415
160405
160399
160397
160383
160378
160372
160370
160368
160363
160354
160351
160350
160347
160329
160327
160322
160317
160295
160291
160283
160281
160276
160271
160267
160253
160251
160201
160186
160183
160166
160163
160157
160145
160141
160119
160117
160113
160109
160107
160101
160100
160082
160062
160034
160022
160014
160002
160000
159999
159984
159949
159943
159936
159934
159928
159924
159918
159913
159907
159869
159851
159832
159831
159826
159821
159790
159786
159735
159731
159730
159722
159715
159705
159704
159700
159698
159698
159690
159690
159686
159675
159644
159638
159610
159606
159590
159590
159572
159571
159560
159536
159509
159492
159471
159471
159458
159448
159428
159423
159423
159396
159393
159383
159374
159372
159350
159311
159308
159282
159279
159277
159267
159255
159253
159252
159247
159243
159227
159226
159224
159202
159200
159198
159188
159177
159124
159117
159115
159110
159099
159077
159055
159054
159038
159021
158996
158988
158986
158980
158978
158967
158930
158920
158908
158887
158885
158868
158868
158866
158863
158860
158857
158837
158834
158831
158826
158812
158797
158795
158795
158745
158745
158744
158722
158716
158687
158681
158649
158646
158639
158634
158605
158601
158586
158583
158571
158558
158550
158515
158505
158489
158474
158473
158436
158424
158415
158410
158398
158396
158381
158378
158348
158342
158338
158326
158288
158283
158209
158200
158197
158172
158167
158167
158159
158150
158146
158143
158142
158131
158129
158122
158104
158094
158067
158062
158060
158060
158040
158034
158027
158016
158009
157982
157972
157969
157968
157951
157939
157935
157914
157910
157887
157886
157870
157861
157856
157852
157851
157838
157837
157832
157825
157819
157804
157803
157780
157775
157764
157760
157742
157705
157688
157684
157679
157667
157655
157645
157639
157624
157616
157611
157586
157581
157566
157560
157553
157523
157521
157517
157517
157516
157490
157484
157465
157455
157451
157433
157406
157403
157381
157381
157369
157369
157369
157361
157359
157350
157347
157322
157317
157310
157306
157303
157288
157281
157280
157266
157249
157241
157236
157230
157224
157223
157207
157205
157196
157189
157184
157178
157166
157162
157157
157157
157144
157143
157138
157127
157126
157089
157075
157064
157059
157058
157050
157047
157046
157041
157038
157035
157016
157012
157011
156999
156988
156987
156986
156977
156976
156950
156941
156933
156906
156899
156891
156884
156882
156873
156872
156869
156869
156863
156851
156847
156845
156818
156807
156801
156773
156770
156763
156739
156731
156716
156697
156674
156674
156672
156666
156662
156657
156655
156653
156651
156651
156629
156627
156623
156622
156621
156596
156574
156570
156551
156536
156530
156525
156524
156507
156504
156504
156498
156476
156446
156438
156435
156433
156428
156425
156423
156364
156358
156348
156318
156315
156311
156299
156288
156281
156272
156254
156237
156236
156235
156233
156193
156175
156173
156163
156161
156153
156140
156134
156112
156107
156105
156086
156077
156061
156060
156060
156058
156036
156028
156014
156010
155991
155979
155968
155960
155960
155957
155949
155946
155942
155926
155922
155916
155913
155877
155868
155829
155825
155823
155820
155819
155818
155816
155812
155804
155802
155795
155778
155763
155762
155759
155735
155730
155717
155711
155707
155704
155700
155697
155673
155665
155661
155660
155620
155596
155576
155558
155557
155555
155551
155549
155538
155521
155519
155515
155511
155511
155510
155509
155503
155502
155501
155500
155495
155480
155473
155473
155467
155456
155449
155442
155438
155434
155420
155419
155407
155405
155399
155380
155375
155371
155368
155367
155352
155345
155344
155259
155254
155214
155177
155149
155130
155127
155101
155098
155092
155081
155078
155076
155058
155055
155051
155048
155046
155041
155040
155037
155035
155030
155025
155023
155014
155011
155004
154993
154988
154984
154970
154898
154893
154891
154881
154869
154866
154854
154849
154849
154833
154822
154822
154821
154802
154800
154790
154779
154773
154720
154700
154696
154687
154684
154673
154668
154668
154651
154650
154647
154638
154621
154609
154605
154587
154580
154578
154571
154568
154561
154555
154551
154547
154524
154506
154505
154497
154490
154489
154463
154462
154456
154429
154427
154421
154413
154403
154396
154379
154372
154367
154364
154337
154299
154279
154278
154254
154252
154228
154175
154173
154170
154162
154161
154144
154143
154133
154116
154096
154094
154083
154074
154069
154065
154052
154049
154046
154046
154034
154031
154006
153982
153970
153955
153934
153908
153906
153888
153870
153869
153855
153855
153842
153839
153827
153821
153821
153806
153799
153785
153783
153775
153754
153743
153725
153721
153707
153704
153704
153695
153695
153694
153665
153662
153658
153641
153635
153625
153622
153619
153618
153606
153597
153590
153585
153578
153566
153560
153534
153517
153513
153511
153508
153508
153493
153488
153479
153469
153452
153424
153417
153407
153352
153321
153310
153301
153293
153272
153234
153232
153222
153217
153181
153180
153168
153162
153157
153156
153138
153133
153118
153114
153103
153102
153100
153065
153048
153041
153027
153025
153011
152983
152979
152973
152973
152971
152968
152948
152946
152940
152936
152931
152925
152922
152921
152908
152885
152879
152874
152873
152863
152862
152842
152806
152799
152795
152779
152773
152771
152765
152718
152701
152687
152675
152673
152671
152645
152639
152637
152635
152609
152602
152600
152600
152594
152581
152570
152522
152521
152516
152513
152512
152503
152495
152474
152461
152425
152417
152410
152399
152385
152352
152346
152345
152311
152299
152279
152274
152264
152254
152253
152252
152244
152241
152235
152227
152210
152202
152190
152170
152170
152155
152152
152149
152147
152118
152116
152084
152082
152073
152071
152032
152023
152016
152011
152000
151997
151952
151934
151905
151885
151876
151849
151846
151839
151832
151815
151814
151810
151801
151800
151800
151789
151771
151769
151757
151745
151740
151719
151680
151670
151652
151647
151645
151640
151634
151634
151623
151602
151598
151589
151585
151582
151580
151577
151576
151575
151530
151530
151526
151523
151517
151512
151465
151454
151453
151430
151424
151366
151363
151348
151348
151337
151336
151330
151325
151300
151299
151278
151263
151259
151236
151211
151204
151201
151201
151188
151186
151172
151166
151161
151156
151154
151133
151121
151109
151101
151076
151066
151059
151059
151048
151032
151025
151021
151015
151010
151003
150998
150996
150996
150983
150982
150978
150976
150968
150923
150909
150902
150897
150886
150873
150866
150850
150850
150828
150826
150792
150763
150726
150723
150718
150712
150695
150670
150670
150651
150647
150646
150643
150613
150602
150600
150595
150584
150583
150581
150578
150563
150562
150561
150551
150544
150520
150518
150517
150512
150503
150503
150498
150484
150484
150472
150458
150445
150439
150432
150418
150413
150403
150389
150383
150376
150358
150353
150353
150340
150339
150332
150322
150315
150281
150274
150267
150248
150235
150223
150202
150189
150187
150184
150181
150130
150102
150093
150087
150086
150076
150051
150036
150021
150014
150006
150004
149998
149993
149993
149987
149970
149964
149963
149953
149933
149913
149903
149902
149902
149898
149881
149872
149868
149868
149862
149861
149845
149841
149812
149796
149791
149779
149776
149776
149773
149768
149767
149766
149759
149752
149745
149744
149742
149737
149731
149730
149711
149698
149688
149683
149665
149665
149663
149652
149650
149646
149642
149641
149638
149622
149605
149601
149555
149551
149541
149531
149518
149500
149500
149492
149492
149474
149461
149457
149451
149432
149431
149428
149425
149400
149399
149398
149397
149395
149390
149360
149341
149332
149329
149329
149324
149313
149313
149298
149297
149270
149258
149252
149247
149232
149226
149221
149201
149201
149201
149188
149174
149172
149167
149155
149143
149131
149127
149118
149118
149110
149108
149101
149095
149088
149085
149081
149025
149019
149013
149004
149002
148997
148986
148986
148979
148968
148967
148953
148933
148931
148917
148913
148889
148883
148856
148854
148829
148828
148807
148802
148800
148777
148774
148773
148766
148760
148752
148751
148751
148746
148733
148720
148719
148717
148717
148703
148702
148695
148689
148678
148678
148673
148668
148662
148643
148640
148620
148619
148590
148576
148564
148546
148543
148530
148519
148493
148482
148462
148456
148453
148447
148443
148429
148428
148418
148414
148409
148404
148397
148392
148388
148380
148376
148369
148353
148340
148322
148314
148295
148284
148282
148280
148259
148235
148233
148227
148222
148217
148214
148201
148197
148195
148193
148192
148184
148182
148170
148170
148165
148136
148133
148127
148124
148122
148100
148086
148086
148059
148044
148017
148003
147935
147934
147926
147896
147892
147886
147850
147849
147826
147817
147808
147802
147802
147796
147787
147770
147762
147756
147740
147736
147732
147718
147716
147689
147685
147680
147672
147672
147653
147645
147627
147615
147614
147613
147602
147597
147584
147581
147579
147573
147569
147551
147549
147549
147531
147531
147530
147525
147523
147522
147505
147505
147490
147484
147483
147466
147464
147459
147453
147445
147443
147422
147395
147393
147384
147379
147376
147375
147369
147366
147358
147357
147348
147346
147343
147337
147332
147296
147289
147288
147268
147266
147234
147211
147210
147180
147178
147149
147120
147110
147105
147098
147097
147090
147087
147067
147056
147056
147056
147056
147054
147049
147042
147036
147035
147034
147005
146948
146946
146935
146928
146922
146917
146914
146892
146891
146888
146855
146842
146841
146832
146823
146799
146776
146770
146769
146765
146726
146712
146707
146689
146678
146663
146658
146628
146622
146607
146597
146591
146589
146585
146576
146569
146559
146552
146545
146530
146522
146521
146511
146497
146482
146474
146453
146452
146447
146447
146364
146357
146347
146344
146322
146320
146319
146318
146311
146288
146273
146264
146247
146240
146235
146216
146197
146197
146181
146177
146177
146172
146167
146157
146152
146148
146139
146116
146100
146091
146068
146063
146048
146047
146023
146017
145998
145995
145991
145966
145959
145959
145929
145927
145889
145884
145880
145859
145853
145841
145803
145798
145798
145798
145795
145782
145774
145755
145755
145755
145755
145747
145733
145731
145729
145713
145711
145709
145703
145696
145696
145682
145657
145654
145643
145632
145629
145626
145603
145594
145591
145577
145574
145572
145566
145534
145525
145521
145505
145488
145467
145466
145465
145441
145437
145426
145425
145422
145421
145416
145392
145390
145380
145373
145357
145351
145348
145348
145345
145336
145336
145332
145322
145297
145293
145258
145256
145250
145244
145225
145221
145217
145216
145212
145186
145184
145183
145175
145154
145149
145141
145134
145127
145127
145126
145112
145111
145096
145056
145050
145036
145017
145011
144992
144991
144988
144972
144967
144967
144957
144954
144953
144947
144942
144939
144936
144927
144915
144912
144912
144911
144910
144878
144875
144872
144871
144869
144846
144831
144805
144778
144774
144730
144724
144724
144721
144714
144696
144693
144677
144676
144666
144658
144621
144616
144612
144609
144581
144558
144557
144539
144533
144506
144506
144464
144443
144438
144436
144435
144426
144405
144400
144397
144396
144394
144370
144365
144351
144349
144348
144346
144343
144334
144329
144302
144290
144286
144270
144265
144262
144227
144227
144223
144206
144168
144141
144123
144109
144101
144082
144080
144078
144052
144044
144042
144032
144027
144025
144016
144013
143991
143986
143929
143924
143924
143916
143903
143894
143890
143885
143863
143860
143852
143830
143807
143803
143793
143785
143773
143772
143749
143747
143744
143735
143725
143722
143716
143700
143690
143687
143682
143678
143671
143661
143661
143652
143645
143621
143620
143617
143609
143581
143542
143535
143529
143526
143526
143514
143494
143480
143477
143471
143463
143457
143455
143444
143440
143440
143438
143437
143437
143419
143402
143402
143392
143387
143381
143370
143365
143364
143356
143355
143349
143337
143335
143331
143330
143313
143312
143299
143285
143250
143248
143240
143235
143189
143183
143175
143162
143143
143119
143105
143089
143086
143085
143076
143072
143068
143050
143027
143026
143020
142990
142973
142970
142961
142949
142899
142896
142888
142874
142873
142863
142855
142842
142830
142807
142803
142800
142785
142779
142778
142777
142773
142749
142744
142741
142735
142728
142713
142702
142676
142675
142671
142666
142636
142631
142609
142607
142590
142582
142566
142563
142547
142541
142506
142495
142494
142484
142480
142479
142471
142465
142455
142452
142439
142435
142415
142378
142371
142349
142349
142346
142345
142275
142275
142257
142254
142252
142228
142219
142219
142202
142196
142191
142179
142157
142154
142137
142125
142124
142114
142100
142087
142080
142080
142061
142046
142028
142028
142028
142026
142019
142015
142014
142003
141997
141993
141954
141944
141927
141922
141915
141914
141912
141867
141864
141862
141856
141851
141848
141764
141762
141759
141668
141645
141636
141613
141609
141595
141585
141583
141583
141568
141561
141558
141547
141530
141517
141506
141495
141494
141471
141465
141445
141408
141400
141399
141380
141377
141365
141360
141355
141354
141349
141333
141332
141292
141277
141275
141271
141248
141248
141230
141228
141224
141220
141213
141210
141209
141204
141204
141198
141160
141155
141142
141120
141107
141091
141083
141081
141073
141070
141067
141036
141029
141028
140984
140979
140967
140946
140946
140945
140928
140915
140913
140896
140886
140886
140881
140842
140842
140841
140822
140817
140812
140801
140789
140783
140775
140774
140753
140747
140746
140745
140735
140708
140707
140705
140691
140688
140674
140662
140655
140648
140632
140631
140586
140582
140543
140541
140525
140524
140514
140509
140502
140500
140482
140476
140445
140439
140433
140423
140394
140391
140389
140380
140378
140355
140335
140335
140332
140322
140305
140299
140294
140290
140280
140279
140268
140239
140170
140163
140158
140146
140144
140142
140125
140123
140119
140109
140108
140104
140084
140080
140077
140062
140061
140055
140051
140036
140010
139975
139969
139961
139960
139948
139947
139942
139941
139938
139925
139922
139916
139913
139905
139905
139895
139855
139843
139834
139818
139803
139795
139775
139766
139761
139750
139749
139719
139713
139704
139701
139700
139689
139683
139671
139663
139650
139649
139640
139607
139584
139577
139571
139566
139551
139546
139542
139535
139513
139486
139482
139475
139456
139433
139431
139427
139424
139421
139418
139418
139416
139413
139396
139389
139385
139377
139308
139303
139302
139299
139297
139295
139281
139279
139259
139244
139244
139224
139220
139218
139212
139190
139176
139173
139141
139136
139135
139134
139129
139124
139087
139079
139073
139070
139061
139022
139008
138983
138971
138962
138957
138946
138930
138926
138926
138920
138915
138881
138870
138851
138844
138836
138833
138831
138819
138819
138811
138793
138763
138745
138743
138736
138733
138727
138722
138718
138711
138709
138683
138680
138672
138672
138663
138644
138612
138612
138597
138589
138586
138582
138580
138568
138567
138564
138561
138557
138551
138541
138536
138535
138528
138522
138508
138508
138505
138499
138496
138470
138468
138435
138432
138413
138402
138384
138376
138340
138335
138330
138320
138320
138284
138269
138267
138255
138251
138249
138234
138227
138225
138210
138191
138190
138176
138166
138165
138164
138152
138111
138111
138107
138097
138096
138065
138056
138055
138034
138024
138022
138016
137992
137976
137963
137957
137949
137940
137938
137936
137935
137929
137924
137921
137912
137911
137903
137895
137891
137884
137881
137859
137856
137855
137852
137851
137849
137807
137801
137776
137763
137759
137752
137737
137728
137721
137719
137694
137693
137693
137678
137674
137672
137625
137619
137618
137618
137617
137596
137561
137533
137522
137521
137511
137510
137484
137481
137471
137466
137464
137460
137460
137457
137452
137444
137443
137440
137424
137423
137414
137393
137381
137375
137366
137346
137339
137334
137328
137324
137316
137314
137300
137295
137288
137276
137258
137250
137236
137234
137230
137191
137185
137180
137176
137155
137154
137146
137142
137128
137127
137112
137112
137085
137084
137062
137048
137022
137021
137017
137014
136998
136988
136966
136948
136944
136934
136930
136911
136905
136901
136900
136892
136871
136861
136854
136852
136839
136838
136810
136803
136790
136767
136733
136723
136702
136700
136694
136666
136654
136622
136615
136583
136575
136563
136556
136553
136550
136546
136544
136527
136516
136504
136494
136494
136480
136471
136467
136462
136458
136450
136450
136419
136412
136406
136397
136388
136369
136361
136352
136332
136325
136319
136307
136292
136291
136282
136282
136282
136253
136252
136248
136235
136227
136220
136202
136199
136197
136195
136194
136189
136182
136156
136148
136133
136127
136111
136091
136091
136080
136076
136075
136070
136054
136053
136044
136026
136002
136000
135997
135988
135974
135973
135962
135952
135918
135906
135886
135858
135857
135857
135844
135821
135805
135797
135785
135782
135774
135766
135741
135733
135720
135714
135709
135707
135701
135690
135683
135669
135665
135663
135658
135636
135634
135634
135631
135616
135614
135605
135603
135599
135584
135566
135563
135556
135542
135535
135535
135531
135529
135528
135526
135521
135521
135521
135505
135504
135504
135502
135487
135480
135478
135449
135447
135440
135437
135425
135424
135414
135414
135403
135396
135386
135375
135342
135339
135328
135312
135294
135291
135276
135269
135264
135261
135257
135256
135254
135244
135238
135234
135223
135216
135190
135185
135184
135175
135174
135156
135152
135133
135131
135126
135114
135109
135091
135088
135079
135062
135057
135056
135050
135044
135043
135039
135029
135029
135026
135023
134988
134983
134980
134974
134970
134951
134947
134919
134915
134890
134889
134853
134850
134849
134848
134844
134821
134809
134779
134774
134773
134772
134771
134754
134728
134728
134725
134721
134710
134708
134705
134694
134691
134685
134684
134679
134667
134566
134553
134530
134507
134505
134504
134480
134478
134475
134464
134460
134459
134456
134444
134417
134413
134395
134366
134364
134346
134329
134327
134320
134302
134292
134276
134260
134255
134255
134249
134235
134232
134229
134220
134209
134176
134176
134154
134131
134122
134114
134084
134083
134076
134068
134068
134068
134060
134057
134046
134009
134004
134003
133992
133992
133990
133981
133978
133957
133955
133954
133942
133939
133936
133923
133902
133895
133893
133884
133883
133882
133841
133832
133823
133809
133804
133802
133766
133740
133734
133734
133733
133726
133707
133703
133703
133697
133691
133681
133648
133647
133640
133626
133620
133596
133593
133568
133559
133547
133540
133533
133522
133518
133509
133508
133504
133499
133493
133491
133491
133488
133486
133461
133447
133444
133436
133412
133390
133379
133379
133367
133365
133363
133358
133341
133341
133338
133336
133317
133315
133309
133307
133305
133295
133294
133283
133274
133263
133254
133245
133231
133227
133212
133193
133187
133177
133172
133170
133168
133166
133159
133136
133133
133124
133107
133104
133100
133068
133066
133059
133046
133045
133043
133027
133017
132994
132993
132970
132933
132924
132923
132922
132914
132911
132901
132883
132881
132864
132849
132848
132815
132809
132808
132796
132780
132741
132728
132716
132715
132693
132689
132687
132677
132657
132640
132617
132609
132609
132605
132602
132583
132507
132504
132497
132496
132458
132451
132450
132443
132430
132424
132403
132401
132390
132385
132354
132328
132321
132321
132316
132255
132235
132234
132233
132217
132209
132209
132199
132168
132157
132153
132138
132137
132135
132114
132112
132111
132105
132095
132058
132033
132016
132008
132004
131989
131988
131978
131974
131972
131963
131948
131932
131899
131897
131895
131894
131893
131879
131878
131858
131845
131843
131835
131820
131819
131803
131796
131794
131781
131753
131715
131703
131695
131685
131682
131681
131672
131661
131652
131643
131630
131616
131597
131573
131569
131520
131469
131464
131451
131438
131434
131433
131429
131425
131406
131404
131402
131399
131397
131380
131366
131361
131359
131359
131354
131339
131327
131322
131304
131291
131267
131259
131234
131229
131220
131213
131205
131180
131179
131175
131143
131133
131116
131106
131103
131102
131098
131071
131053
131037
130980
130956
130943
130938
130925
130908
130894
130891
130888
130880
130877
130871
130867
130854
130841
130839
130837
130816
130806
130799
130798
130796
130792
130781
130777
130775
130774
130766
130759
130740
130728
130727
130724
130715
130689
130675
130666
130636
130631
130619
130595
130578
130576
130566
130557
130552
130548
130540
130533
130527
130519
130516
130502
130493
130492
130488
130487
130479
130471
130469
130428
130412
130354
130338
130335
130315
130307
130304
130302
130294
130278
130254
130250
130241
130222
130208
130197
130190
130183
130178
130168
130162
130154
130153
130152
130152
130141
130131
130122
130120
130113
130103
130078
130075
130060
130058
130048
130038
130030
130028
130022
130013
130007
129984
129984
129978
129967
129947
129946
129940
129932
129921
129900
129864
129864
129858
129843
129829
129822
129818
129786
129785
129785
129783
129783
129771
129759
129753
129729
129724
129716
129707
129682
129681
129678
129676
129675
129639
129636
129634
129625
129613
129605
129604
129602
129601
129587
129560
129557
129523
129521
129513
129506
129504
129496
129491
129486
129449
129440
129427
129412
129405
129404
129398
129384
129372
129367
129327
129321
129315
129310
129305
129301
129290
129284
129282
129277
129275
129270
129265
129247
129244
129244
129220
129215
129214
129212
129205
129199
129164
129150
129140
129119
129115
129061
129059
129051
129045
129034
129020
129014
129012
129004
129002
128997
128995
128988
128985
128985
128977
128962
128956
128952
128937
128931
128928
128926
128914
128907
128906
128878
128865
128861
128860
128842
128823
128815
128811
128810
128806
128804
128794
128793
128786
128765
128758
128754
128746
128743
128742
128735
128735
128733
128713
128673
128671
128671
128663
128652
128645
128631
128607
128605
128568
128561
128548
128526
128520
128519
128516
128488
128484
128483
128482
128458
128448
128416
128413
128407
128396
128381
128381
128376
128353
128353
128328
128309
128300
128292
128283
128282
128278
128274
128272
128268
128260
128253
128250
128244
128242
128229
128225
128216
128214
128202
128197
128170
128170
128161
128152
128132
128123
128104
128101
128095
128073
128051
128040
128038
128030
128028
128011
128005
128001
127993
127982
127965
127953
127952
127922
127918
127917
127910
127908
127907
127902
127898
127891
127890
127887
127873
127858
127853
127849
127848
127834
127833
127799
127799
127796
127777
127749
127702
127695
127687
127672
127646
127637
127626
127622
127616
127600
127597
127574
127568
127553
127543
127543
127523
127517
127515
127513
127500
127495
127473
127442
127438
127411
127403
127396
127392
127367
127366
127356
127351
127331
127300
127283
127280
127274
127269
127265
127258
127251
127245
127240
127204
127198
127195
127195
127190
127180
127173
127171
127146
127142
127141
127137
127137
127135
127132
127117
127117
127108
127107
127103
127089
127072
127069
127044
127036
127009
127002
126992
126978
126971
126960
126946
126940
126905
126871
126864
126862
126849
126844
126829
126827
126813
126806
126801
126798
126779
126772
126756
126745
126738
126709
126703
126676
126662
126644
126605
126599
126596
126587
126553
126550
126528
126522
126522
126514
126506
126498
126476
126442
126428
126423
126420
126399
126392
126382
126364
126351
126349
126341
126326
126304
126298
126284
126273
126243
126241
126240
126238
126235
126227
126203
126201
126198
126197
126193
126181
126167
126150
126140
126138
126135
126133
126106
126091
126078
126071
126051
126047
126035
126029
126028
126017
126016
126008
126004
125996
125994
125974
125972
125952
125950
125936
125920
125912
125899
125888
125884
125876
125875
125866
125853
125842
125832
125823
125809
125801
125789
125784
125773
125755
125723
125718
125690
125688
125685
125684
125674
125671
125671
125665
125656
125639
125622
125621
125560
125547
125547
125539
125537
125514
125506
125493
125491
125480
125477
125475
125475
125460
125451
125433
125419
125402
125401
125399
125394
125372
125356
125355
125354
125350
125342
125340
125338
125320
125315
125290
125284
125263
125262
125254
125218
125214
125200
125172
125161
125148
125141
125120
125119
125112
125109
125104
125086
125078
125061
125055
125048
125032
124988
124988
124982
124967
124958
124948
124942
124921
124904
124894
124893
124855
124848
124845
124844
124840
124836
124833
124825
124818
124792
124746
124743
124740
124712
124702
124701
124698
124696
124696
124688
124678
124665
124657
124620
124619
124614
124593
124588
124578
124569
124544
124542
124525
124518
124511
124487
124483
124469
124459
124453
124449
124443
124441
124429
124428
124403
124398
124389
124387
124378
124373
124367
124367
124329
124323
124318
124315
124300
124295
124283
124277
124249
124236
124234
124232
124230
124228
124213
124208
124186
124185
124179
124171
124160
124155
124152
124147
124146
124139
124122
124116
124114
124083
124081
124060
124059
124036
124029
123998
123964
123960
123947
123940
123894
123887
123877
123875
123859
123855
123834
123823
123813
123802
123799
123789
123777
123762
123747
123728
123712
123695
123667
123659
123641
123631
123628
123617
123605
123598
123594
123562
123548
123546
123545
123537
123531
123530
123528
123501
123500
123494
123484
123466
123453
123403
123391
123379
123378
123374
123373
123360
123358
123350
123337
123332
123315
123309
123292
123288
123287
123281
123271
123264
123236
123218
123218
123193
123182
123147
123140
123128
123122
123084
123080
123071
123066
123036
123024
123002
122999
122994
122986
122981
122968
122952
122940
122939
122932
122921
122891
122887
122859
122841
122826
122818
122813
122770
122755
122755
122747
122727
122727
122726
122716
122713
122677
122674
122670
122663
122655
122652
122647
122638
122626
122625
122602
122601
122599
122596
122590
122555
122554
122547
122547
122541
122529
122518
122517
122511
122509
122495
122490
122467
122419
122415
122413
122410
122405
122405
122394
122391
122373
122357
122357
122356
122349
122339
122336
122327
122326
122314
122303
122251
122242
122240
122237
122223
122220
122213
122209
122197
122175
122167
122127
122120
122106
122097
122088
122041
122031
122025
122015
122009
122008
122000
121998
121996
121977
121974
121973
121967
121951
121949
121948
121937
121935
121929
121929
121920
121904
121899
121887
121869
121853
121841
121840
121833
121805
121805
121782
121782
121782
121780
121757
121754
121754
121738
121712
121664
121664
121663
121646
121645
121632
121630
121617
121590
121582
121566
121549
121541
121526
121520
121517
121507
121504
121501
121493
121480
121476
121470
121448
121443
121440
121437
121418
121414
121401
121398
121392
121388
121383
121370
121344
121341
121341
121341
121340
121334
121332
121329
121325
121315
121298
121297
121292
121280
121279
121277
121242
121238
121237
121231
121227
121224
121222
121205
121196
121172
121162
121159
121153
121151
121150
121143
121128
121119
121106
121090
121088
121076
121060
121059
121042
121025
121024
121024
121019
121009
120998
120987
120976
120975
120956
120956
120954
120946
120925
120925
120913
120899
120880
120853
120835
120808
120787
120786
120771
120768
120743
120740
120738
120733
120730
120730
120727
120722
120722
120711
120702
120693
120681
120677
120661
120645
120645
120636
120632
120598
120577
120561
120527
120514
120511
120506
120495
120491
120482
120465
120464
120462
120452
120448
120446
120436
120432
120394
120389
120381
120377
120351
120346
120340
120336
120333
120330
120324
120289
120286
120286
120265
120260
120257
120250
120245
120209
120208
120204
120183
120162
120154
120150
120141
120136
120117
120113
120109
120092
120092
120089
120088
120088
120079
120075
120072
120043
120039
120033
120021
120014
120005
119997
119990
119990
119974
119958
119957
119948
119937
119934
119931
119930
119924
119913
119903
119900
119893
119893
119881
119866
119859
119836
119821
119820
119810
119807
119805
119795
119784
119783
119779
119778
119772
119765
119764
119762
119749
119747
119740
119729
119697
119669
119654
119643
119633
119622
119609
119608
119601
119591
119581
119580
119576
119565
119560
119557
119554
119548
119543
119538
119532
119521
119519
119509
119507
119485
119480
119476
119474
119461
119447
119447
119440
119437
119435
119432
119404
119384
119345
119332
119330
119325
119323
119316
119297
119297
119293
119288
119275
119266
119265
119255
119240
119236
119231
119224
119211
119208
119207
119182
119175
119169
119155
119146
119145
119135
119131
119117
119116
119111
119102
119095
119070
119067
119051
119047
119026
119012
118969
118962
118956
118952
118946
118934
118922
118896
118876
118869
118863
118852
118844
118837
118813
118796
118786
118768
118767
118736
118735
118727
118706
118697
118687
118671
118660
118657
118640
118631
118624
118623
118600
118594
118541
118531
118528
118526
118508
118492
118483
118445
118434
118432
118420
118392
118381
118367
118361
118356
118346
118326
118321
118319
118311
118298
118280
118272
118253
118242
118241
118235
118226
118225
118209
118209
118205
118202
118187
118186
118176
118163
118138
118136
118135
118131
118114
118113
118107
118081
118075
118058
118050
118028
118016
118011
118011
117980
117971
117948
117925
117918
117918
117888
117884
117861
117860
117810
117798
117783
117771
117766
117753
117753
117749
117745
117744
117738
117738
117724
117721
117713
117711
117706
117696
117670
117670
117668
117648
117631
117617
117615
117613
117578
117554
117540
117523
117514
117510
117489
117454
117452
117439
117430
117417
117401
117400
117370
117359
117356
117356
117351
117344
117328
117323
117315
117313
117299
117296
117284
117272
117260
117260
117256
117244
117242
117235
117229
117191
117182
117182
117165
117159
117151
117136
117114
117072
117072
117056
117045
117044
117040
117037
117003
116971
116958
116899
116892
116867
116821
116820
116796
116781
116776
116772
116756
116753
116750
116741
116732
116703
116676
116669
116615
116603
116598
116593
116593
116565
116558
116557
116544
116540
116493
116489
116486
116481
116461
116458
116457
116455
116445
116413
116409
116395
116370
116360
116320
116319
116307
116286
116275
116256
116252
116230
116221
116217
116197
116188
116179
116171
116162
116154
116148
116145
116120
116107
116104
116102
116091
116079
116078
116077
116044
116035
116030
116014
116004
115992
115984
115982
115967
115957
115930
115920
115918
115916
115909
115895
115880
115860
115846
115835
115828
115823
115820
115818
115815
115805
115784
115782
115767
115759
115759
115750
115749
115742
115734
115731
115730
115693
115683
115680
115676
115674
115661
115648
115616
115608
115607
115594
115557
115555
115532
115512
115508
115491
115489
115485
115477
115451
115421
115400
115391
115381
115367
115362
115348
115346
115337
115332
115298
115277
115276
115244
115241
115204
115190
115180
115152
115144
115112
115102
115086
115080
115064
115059
115058
115044
115041
114994
114988
114987
114960
114948
114944
114941
114938
114925
114913
114903
114891
114879
114860
114849
114843
114807
114795
114786
114765
114754
114751
114736
114735
114726
114717
114712
114694
114693
114691
114688
114669
114656
114644
114632
114618
114617
114617
114609
114604
114603
114594
114590
114584
114583
114583
114575
114554
114542
114514
114490
114486
114480
114479
114436
114415
114413
114406
114402
114400
114398
114392
114391
114391
114359
114337
114305
114284
114280
114270
114261
114246
114244
114230
114205
114200
114197
114185
114179
114149
114127
114121
114117
114088
114055
114053
114051
114049
114047
114028
114003
114003
113971
113955
113954
113941
113924
113901
113893
113883
113874
113866
113837
113817
113813
113790
113776
113774
113771
113770
113769
113767
113756
113756
113740
113739
113737
113691
113688
113684
113669
113641
113641
113625
113622
113616
113612
113607
113600
113593
113551
113547
113538
113532
113506
113504
113484
113456
113441
113426
113417
113403
113392
113387
113386
113373
113370
113362
113362
113350
113344
113341
113307
113306
113276
113243
113227
113218
113197
113197
113187
113184
113181
113180
113136
113124
113121
113112
113109
113108
113091
113082
113054
113049
113029
113024
113020
113009
113000
112977
112974
112972
112955
112952
112950
112918
112915
112913
112911
112903
112888
112877
112875
112871
112851
112851
112843
112830
112820
112811
112806
112787
112763
112737
112732
112729
112722
112713
112711
112700
112693
112688
112670
112628
112601
112595
112592
112582
112563
112557
112507
112495
112493
112491
112476
112475
112468
112460
112458
112444
112433
112407
112387
112376
112376
112374
112363
112347
112343
112319
112315
112299
112291
112277
112252
112242
112229
112201
112160
112143
112115
112111
112101
112087
112061
112058
112029
112028
112006
111997
111995
111987
111967
111966
111954
111941
111937
111934
111922
111901
111894
111888
111885
111881
111879
111860
111856
111854
111837
111835
111835
111826
111789
111779
111776
111768
111760
111744
111735
111729
111729
111711
111686
111660
111648
111632
111625
111614
111612
111611
111608
111596
111578
111575
111561
111561
111544
111542
111519
111511
111507
111496
111466
111464
111455
111454
111449
111438
111433
111428
111421
111421
111421
111416
111414
111408
111399
111388
111385
111378
111375
111370
111367
111360
111355
111350
111341
111338
111316
111315
111303
111295
111283
111281
111263
111256
111248
111228
111219
111214
111208
111207
111201
111195
111194
111160
111132
111131
111123
111098
111094
111084
111070
111069
111068
111061
111052
111040
111030
111029
111019
111010
111007
110977
110964
110962
110961
110945
110896
110895
110881
110869
110868
110863
110853
110841
110837
110836
110831
110815
110806
110790
110770
110756
110750
110744
110734
110730
110714
110711
110705
110705
110680
110679
110677
110664
110653
110650
110638
110636
110623
110604
110582
110566
110564
110525
110524
110507
110505
110493
110491
110488
110487
110453
110440
110424
110398
110390
110377
110371
110366
110362
110361
110322
110303
110297
110296
110286
110283
110281
110274
110268
110266
110249
110247
110209
110192
110190
110186
110183
110182
110173
110160
110154
110153
110151
110150
110142
110133
110129
110125
110110
110109
110102
110098
110095
110092
110092
110089
110070
110059
110034
110017
110016
110007
110005
110004
110000
109999
109994
109957
109956
109940
109936
109930
109921
109908
109870
109864
109862
109848
109837
109835
109831
109830
109830
109807
109802
109777
109743
109724
109716
109712
109687
109671
109645
109643
109639
109626
109613
109606
109605
109596
109588
109586
109577
109570
109564
109553
109551
109534
109527
109498
109498
109484
109477
109474
109457
109456
109452
109439
109428
109423
109411
109409
109407
109396
109395
109389
109381
109380
109365
109353
109352
109336
109327
109295
109295
109282
109280
109275
109272
109254
109249
109244
109243
109239
109239
109174
109167
109164
109152
109147
109136
109136
109132
109125
109119
109116
109084
109078
109076
109068
109062
109061
109053
109053
109035
109033
109032
109021
109014
109003
108998
108984
108978
108977
108962
108958
108940
108932
108924
108895
108892
108858
108853
108853
108850
108845
108835
108810
108794
108763
108761
108754
108751
108747
108743
108742
108737
108734
108728
108720
108708
108700
108699
108699
108693
108690
108679
108639
108626
108613
108613
108612
108596
108573
108561
108558
108558
108542
108541
108536
108526
108512
108507
108495
108479
108458
108451
108444
108444
108402
108385
108384
108373
108358
108355
108355
108345
108345
108324
108321
108319
108317
108317
108288
108286
108263
108255
108246
108224
108219
108213
108207
108196
108190
108189
108182
108166
108143
108137
108132
108128
108115
108090
108087
108082
108079
108074
108073
108059
108035
108021
108017
108009
107992
107981
107976
107973
107972
107970
107951
107951
107922
107913
107910
107905
107899
107892
107886
107885
107875
107859
107857
107851
107820
107814
107806
107782
107776
107774
107773
107756
107751
107742
107731
107722
107708
107690
107689
107687
107670
107669
107663
107661
107652
107642
107634
107630
107626
107608
107596
107591
107566
107554
107546
107535
107534
107528
107527
107523
107522
107514
107512
107481
107478
107477
107470
107467
107456
107454
107453
107445
107419
107416
107414
107405
107396
107391
107388
107384
107377
107368
107341
107333
107332
107275
107269
107268
107254
107247
107240
107217
107197
107194
107172
107165
107163
107160
107150
107149
107126
107125
107092
107092
107091
107088
107086
107084
107075
107066
107063
107059
107056
107035
107035
107022
107022
107019
107011
107011
107006
107005
106995
106973
106970
106968
106960
106959
106957
106950
106942
106936
106928
106922
106921
106915
106910
106906
106903
106897
106882
106871
106867
106856
106835
106825
106818
106799
106783
106774
106758
106744
106737
106703
106694
106684
106666
106663
106629
106620
106619
106603
106596
106558
106546
106538
106526
106512
106509
106485
106471
106466
106443
106441
106439
106438
106437
106424
106424
106413
106405
106396
106392
106391
106391
106368
106355
106332
106324
106323
106302
106301
106276
106262
106256
106255
106246
106246
106241
106239
106237
106236
106230
106230
106226
106224
106214
106209
106203
106196
106193
106192
106187
106179
106170
106169
106161
106154
106134
106124
106117
106116
106113
106112
106081
106077
106076
106071
106061
106058
106038
106033
106028
106008
106000
105989
105984
105984
105983
105975
105966
105943
105890
105889
105874
105866
105843
105828
105800
105790
105790
105789
105781
105781
105769
105765
105755
105747
105732
105717
105708
105701
105697
105678
105670
105630
105629
105620
105598
105596
105570
105557
105557
105550
105535
105529
105520
105517
105507
105486
105467
105466
105465
105450
105442
105435
105428
105428
105425
105421
105417
105414
105404
105400
105388
105369
105328
105268
105252
105245
105241
105218
105210
105209
105207
105203
105157
105150
105149
105145
105136
105097
105082
105081
105077
105071
105068
105061
105036
105032
105031
105029
105027
105010
104999
104994
104990
104989
104984
104963
104948
104914
104897
104895
104884
104883
104878
104859
104855
104838
104837
104826
104824
104824
104816
104816
104808
104801
104775
104751
104747
104737
104733
104718
104696
104691
104674
104665
104646
104646
104640
104631
104627
104616
104613
104611
104601
104599
104580
104566
104565
104556
104549
104544
104534
104531
104512
104511
104500
104488
104480
104471
104456
104437
104436
104428
104412
104407
104400
104399
104378
104364
104340
104330
104330
104329
104322
104320
104310
104307
104304
104298
104291
104283
104269
104258
104257
104249
104238
104226
104224
104202
104180
104173
104171
104155
104149
104144
104140
104132
104131
104115
104094
104093
104079
104077
104076
104065
104058
104058
104048
104028
104021
104012
103996
103989
103983
103973
103960
103958
103949
103948
103947
103946
103930
103929
103925
103913
103897
103897
103884
103882
103879
103870
103854
103854
103845
103832
103800
103799
103798
103797
103794
103761
103758
103747
103744
103728
103715
103713
103705
103693
103683
103681
103671
103650
103650
103643
103624
103623
103602
103565
103561
103556
103543
103539
103536
103514
103496
103495
103486
103479
103479
103479
103474
103470
103439
103435
103432
103432
103431
103411
103411
103406
103401
103399
103395
103386
103386
103383
103363
103354
103346
103331
103314
103298
103293
103289
103277
103251
103244
103242
103231
103230
103230
103229
103226
103225
103214
103212
103209
103206
103196
103195
103194
103158
103148
103139
103114
103111
103103
103075
103074
103070
103056
103043
103040
103034
103028
103023
103011
103006
102994
102990
102978
102958
102943
102928
102920
102887
102875
102867
102851
102851
102850
102845
102839
102833
102809
102795
102757
102735
102725
102723
102723
102716
102709
102709
102696
102676
102650
102644
102638
102632
102624
102616
102599
102576
102574
102551
102544
102498
102496
102482
102467
102454
102449
102444
102438
102433
102429
102429
102414
102413
102406
102400
102398
102390
102386
102360
102340
102325
102324
102322
102310
102303
102285
102263
102200
102186
102184
102182
102172
102160
102159
102137
102136
102129
102128
102120
102108
102105
102099
102098
102083
102082
102081
102081
102076
102074
102049
102037
102035
102023
101979
101968
101956
101956
101947
101946
101941
101923
101919
101919
101916
101913
101910
101906
101906
101892
101888
101884
101853
101828
101824
101803
101797
101788
101757
101748
101734
101716
101697
101693
101683
101669
101666
101664
101663
101650
101648
101645
101636
101625
101610
101598
101595
101590
101586
101576
101576
101566
101563
101556
101556
101546
101532
101530
101513
101510
101501
101498
101497
101481
101479
101476
101475
101470
101460
101457
101452
101442
101441
101435
101433
101430
101423
101420
101405
101396
101394
101394
101388
101384
101376
101374
101359
101351
101344
101340
101322
101318
101280
101277
101264
101249
101236
101230
101225
101224
101222
101218
101213
101196
101176
101142
101130
101129
101118
101113
101111
101091
101087
101086
101086
101072
101064
101057
101052
101039
101028
101019
101018
100993
100956
100953
100942
100939
100935
100923
100919
100913
100903
100901
100896
100892
100891
100875
100861
100841
100815
100808
100788
100784
100782
100777
100723
100687
100666
100653
100630
100618
100615
100587
100583
100582
100577
100569
100568
100556
100550
100531
100531
100531
100523
100521
100519
100509
100499
100478
100452
100446
100424
100418
100416
100410
100385
100383
100378
100353
100349
100342
100319
100316
100302
100287
100285
100284
100281
100270
100263
100254
100245
100234
100221
100211
100199
100191
100188
100179
100173
100157
100154
100150
100133
100122
100097
100091
100086
100085
100055
100050
100041
100028
100016
100013
100005
99998
99992
99985
99982
99979
99968
99966
99950
99930
99921
99905
99898
99878
99852
99843
99823
99800
99789
99788
99769
99751
99750
99737
99737
99729
99727
99706
99697
99694
99683
99681
99680
99662
99650
99646
99640
99591
99580
99578
99575
99573
99569
99557
99554
99552
99548
99542
99539
99532
99530
99519
99506
99504
99497
99457
99456
99404
99387
99368
99358
99357
99347
99340
99340
99327
99321
99321
99309
99276
99258
99256
99236
99227
99206
99167
99152
99151
99150
99150
99141
99134
99123
99111
99110
99062
99061
99052
99051
99002
98996
98974
98952
98941
98934
98931
98925
98871
98869
98860
98856
98850
98840
98834
98825
98820
98815
98801
98794
98782
98765
98758
98754
98724
98722
98712
98706
98701
98681
98678
98670
98669
98651
98630
98628
98592
98591
98569
98537
98522
98521
98520
98508
98483
98441
98434
98425
98421
98415
98410
98406
98402
98392
98390
98381
98377
98369
98350
98329
98310
98287
98283
98278
98273
98259
98259
98250
98226
98190
98189
98179
98175
98171
98170
98169
98162
98155
98136
98136
98129
98124
98102
98094
98071
98060
98047
98036
98029
98019
98012
98003
97996
97977
97974
97967
97950
97946
97940
97931
97925
97906
97906
97903
97892
97868
97819
97813
97800
97783
97782
97766
97762
97760
97756
97750
97749
97718
97710
97706
97705
97701
97697
97696
97694
97680
97679
97676
97676
97674
97662
97661
97657
97641
97639
97639
97636
97619
97617
97613
97598
97586
97575
97554
97542
97505
97504
97489
97482
97482
97427
97427
97421
97407
97394
97391
97369
97359
97352
97351
97345
97345
97344
97331
97316
97291
97277
97273
97261
97260
97258
97258
97251
97251
97230
97223
97208
97207
97194
97193
97179
97175
97172
97141
97139
97120
97118
97115
97111
97108
97106
97102
97101
97097
97094
97093
97089
97075
97067
97054
97052
97020
97019
97016
97003
96988
96975
96964
96962
96951
96950
96936
96912
96902
96895
96889
96860
96857
96850
96849
96849
96834
96833
96805
96804
96781
96725
96716
96645
96637
96636
96623
96612
96591
96591
96556
96550
96537
96532
96527
96493
96491
96478
96465
96460
96456
96452
96448
96432
96425
96419
96419
96409
96403
96396
96394
96386
96381
96378
96370
96363
96362
96358
96354
96345
96328
96325
96319
96309
96291
96278
96277
96264
96262
96259
96251
96239
96210
96208
96200
96200
96184
96181
96171
96170
96161
96161
96135
96112
96112
96108
96095
96094
96078
96077
96062
96052
96049
96035
96031
96031
96022
96016
96006
96003
95991
95942
95930
95914
95894
95890
95885
95884
95869
95849
95838
95826
95826
95825
95789
95784
95755
95744
95740
95734
95715
95701
95697
95687
95665
95656
95653
95651
95649
95646
95633
95615
95614
95613
95609
95580
95571
95561
95560
95557
95542
95542
95537
95536
95534
95532
95502
95494
95489
95455
95447
95434
95416
95412
95409
95408
95405
95394
95376
95363
95363
95346
95327
95326
95322
95319
95317
95313
95302
95298
95287
95284
95267
95261
95252
95233
95226
95196
95175
95163
95150
95137
95113
95101
95100
95079
95066
95065
95056
95051
95044
95035
95031
95012
94999
94988
94972
94951
94930
94918
94904
94891
94886
94875
94838
94814
94795
94791
94790
94790
94783
94719
94715
94711
94686
94664
94646
94641
94641
94639
94637
94629
94623
94617
94582
94560
94549
94543
94540
94533
94508
94503
94500
94497
94496
94486
94476
94466
94455
94455
94454
94451
94444
94440
94435
94424
94420
94402
94381
94355
94345
94345
94341
94337
94331
94304
94296
94266
94258
94257
94243
94228
94224
94215
94207
94199
94198
94174
94161
94152
94133
94130
94116
94091
94063
94052
94045
94043
94041
94035
94031
94012
94007
93983
93978
93974
93951
93947
93944
93941
93941
93934
93928
93919
93910
93904
93902
93895
93883
93868
93859
93849
93835
93833
93830
93825
93821
93816
93806
93805
93793
93779
93768
93754
93750
93742
93741
93729
93726
93694
93691
93690
93685
93684
93670
93668
93665
93645
93627
93614
93609
93608
93598
93591
93589
93584
93577
93576
93571
93568
93565
93554
93544
93532
93525
93512
93500
93486
93480
93478
93466
93465
93461
93444
93441
93436
93434
93418
93417
93403
93394
93379
93342
93328
93322
93320
93314
93311
93310
93306
93299
93275
93203
93188
93178
93175
93162
93162
93160
93152
93150
93150
93147
93136
93133
93125
93122
93113
93111
93087
93073
93068
93040
93032
93021
93019
93015
93007
93005
93005
93000
92999
92983
92977
92967
92954
92939
92938
92936
92933
92932
92928
92915
92915
92908
92893
92891
92891
92881
92844
92836
92820
92818
92810
92797
92788
92788
92787
92757
92747
92735
92732
92720
92720
92720
92709
92708
92692
92683
92646
92625
92597
92583
92575
92572
92565
92561
92532
92523
92522
92508
92506
92497
92490
92489
92486
92482
92468
92465
92464
92429
92419
92416
92416
92412
92404
92404
92402
92373
92369
92357
92341
92334
92328
92316
92298
92289
92274
92270
92249
92202
92201
92180
92179
92173
92170
92162
92089
92086
92075
92067
92066
92064
92060
92038
92016
92007
92003
91969
91968
91968
91959
91955
91945
91939
91926
91923
91914
91910
91901
91887
91884
91877
91873
91863
91855
91854
91834
91832
91832
91832
91824
91796
91796
91785
91738
91738
91728
91721
91713
91678
91655
91645
91639
91624
91617
91615
91594
91585
91585
91574
91566
91551
91547
91521
91481
91438
91436
91424
91411
91409
91405
91403
91403
91370
91360
91354
91352
91350
91334
91331
91323
91319
91308
91306
91303
91298
91290
91288
91283
91265
91261
91257
91248
91243
91227
91225
91216
91193
91181
91149
91146
91137
91118
91103
91087
91084
91065
91059
91052
91041
91041
91034
91021
91021
91013
91011
91010
90999
90985
90979
90966
90905
90899
90888
90879
90872
90866
90863
90863
90838
90763
90759
90757
90754
90749
90747
90738
90737
90735
90730
90727
90722
90717
90704
90689
90686
90664
90659
90642
90616
90612
90606
90601
90575
90564
90562
90555
90548
90531
90530
90526
90518
90512
90503
90502
90484
90483
90481
90473
90443
90417
90406
90397
90389
90335
90330
90318
90309
90309
90308
90298
90288
90242
90237
90236
90224
90220
90202
90192
90182
90180
90180
90140
90128
90115
90110
90104
90096
90071
90065
90058
90057
90040
90028
90012
90002
89986
89959
89952
89914
89874
89872
89868
89858
89848
89827
89819
89804
89785
89768
89766
89763
89736
89721
89718
89693
89691
89670
89643
89621
89615
89595
89589
89583
89576
89573
89553
89536
89528
89518
89517
89513
89502
89499
89482
89476
89468
89467
89462
89448
89447
89440
89428
89421
89409
89402
89393
89391
89380
89370
89338
89305
89293
89279
89259
89256
89254
89245
89239
89234
89232
89202
89200
89168
89136
89135
89103
89087
89070
89064
89063
89061
89057
89048
89034
89031
89030
89024
89020
89018
89001
88997
88985
88984
88981
88979
88976
88972
88964
88959
88944
88934
88918
88913
88897
88895
88884
88856
88855
88811
88787
88784
88780
88772
88767
88764
88734
88724
88723
88696
88694
88694
88691
88683
88682
88677
88629
88616
88614
88598
88596
88569
88568
88542
88487
88480
88473
88471
88453
88430
88406
88400
88398
88387
88377
88376
88373
88372
88360
88356
88341
88338
88338
88311
88303
88295
88278
88257
88254
88249
88248
88231
88229
88227
88223
88205
88203
88198
88195
88194
88171
88168
88167
88163
88161
88153
88145
88140
88123
88122
88113
88103
88103
88097
88094
88092
88041
88029
88026
88004
87988
87983
87983
87983
87974
87973
87970
87957
87944
87942
87936
87932
87913
87911
87909
87908
87892
87827
87808
87805
87801
87793
87788
87785
87781
87781
87780
87778
87734
87730
87683
87683
87644
87643
87582
87575
87570
87561
87540
87516
87516
87506
87487
87475
87473
87471
87470
87469
87467
87451
87448
87427
87423
87408
87400
87381
87368
87364
87347
87339
87339
87337
87310
87297
87284
87281
87278
87262
87262
87261
87246
87240
87208
87182
87179
87173
87170
87139
87133
87132
87131
87123
87119
87106
87101
87095
87089
87080
87073
87068
87062
87056
87035
87025
87011
87001
86969
86956
86953
86952
86949
86939
86924
86923
86919
86901
86884
86874
86867
86866
86854
86851
86839
86809
86807
86806
86787
86778
86777
86770
86760
86753
86725
86713
86701
86694
86692
86688
86682
86664
86661
86647
86628
86625
86609
86605
86604
86603
86591
86588
86583
86583
86582
86563
86557
86549
86533
86533
86532
86499
86497
86475
86474
86473
86464
86463
86452
86441
86399
86396
86386
86369
86367
86340
86323
86301
86282
86280
86273
86261
86244
86242
86228
86225
86216
86197
86190
86178
86136
86130
86127
86109
86107
86104
86089
86069
86043
86014
86014
86006
86003
85992
85976
85974
85967
85955
85925
85922
85916
85914
85911
85898
85889
85877
85873
85839
85809
85768
85749
85745
85730
85727
85723
85703
85701
85687
85684
85677
85637
85622
85610
85606
85596
85593
85576
85573
85570
85567
85566
85558
85532
85514
85511
85502
85497
85487
85479
85403
85400
85386
85383
85359
85351
85341
85323
85315
85299
85295
85288
85287
85285
85273
85258
85249
85221
85216
85214
85212
85194
85190
85170
85165
85159
85159
85130
85123
85106
85094
85088
85087
85085
85076
85072
85067
85052
85048
85022
85021
85014
85009
84998
84987
84985
84983
84981
84967
84959
84959
84938
84905
84889
84888
84847
84844
84838
84826
84804
84796
84796
84783
84769
84767
84760
84759
84742
84735
84719
84701
84695
84694
84689
84675
84647
84638
84634
84616
84613
84600
84595
84589
84569
84550
84538
84535
84529
84528
84494
84480
84446
84432
84428
84427
84414
84410
84397
84390
84384
84349
84342
84299
84291
84289
84267
84257
84237
84234
84218
84200
84187
84170
84155
84149
84136
84130
84126
84124
84108
84103
84087
84052
84045
84037
84036
84019
83996
83990
83986
83985
83980
83975
83966
83950
83943
83942
83936
83926
83918
83893
83891
83886
83880
83879
83875
83866
83852
83837
83829
83827
83823
83810
83809
83786
83784
83776
83774
83772
83730
83730
83709
83702
83700
83692
83683
83654
83649
83644
83637
83629
83628
83626
83622
83609
83579
83575
83562
83561
83553
83538
83537
83530
83502
83501
83492
83482
83479
83463
83463
83459
83458
83455
83448
83427
83424
83410
83393
83393
83381
83373
83364
83321
83318
83309
83298
83285
83280
83277
83236
83235
83229
83224
83215
83211
83199
83198
83190
83187
83185
83176
83171
83148
83136
83126
83114
83090
83080
83073
83073
83055
83045
83029
83022
83018
83014
83003
82997
82986
82981
82964
82939
82926
82925
82914
82912
82902
82902
82890
82886
82881
82880
82868
82862
82830
82823
82821
82814
82807
82802
82789
82771
82770
82764
82755
82753
82740
82735
82732
82719
82718
82705
82696
82694
82691
82687
82677
82673
82672
82660
82650
82650
82649
82648
82647
82644
82644
82638
82614
82603
82584
82564
82559
82559
82554
82545
82528
82525
82519
82495
82472
82470
82437
82431
82430
82426
82406
82404
82396
82371
82364
82359
82344
82341
82341
82322
82321
82293
82288
82280
82253
82223
82223
82222
82189
82179
82178
82175
82174
82171
82168
82168
82160
82156
82125
82124
82119
82119
82111
82088
82079
82046
82044
82041
82029
82018
82013
82007
81971
81964
81956
81945
81931
81927
81911
81874
81870
81858
81856
81841
81828
81828
81827
81819
81811
81796
81792
81770
81761
81743
81741
81740
81732
81725
81701
81687
81682
81668
81665
81622
81617
81606
81606
81581
81577
81571
81565
81563
81534
81528
81520
81519
81508
81494
81483
81464
81458
81441
81423
81411
81385
81379
81378
81357
81356
81349
81346
81341
81318
81316
81313
81303
81299
81269
81251
81231
81212
81209
81208
81198
81197
81188
81183
81181
81179
81159
81153
81145
81145
81140
81131
81115
81113
81097
81096
81096
81077
81066
81065
81064
81063
81027
81019
81017
81012
81009
81003
81003
80985
80984
80961
80953
80923
80915
80911
80906
80899
80885
80849
80838
80811
80805
80798
80795
80781
80748
80748
80737
80728
80726
80718
80710
80706
80694
80693
80685
80681
80670
80659
80654
80640
80632
80629
80616
80615
80601
80586
80585
80585
80574
80573
80572
80572
80572
80568
80551
80549
80534
80531
80529
80512
80507
80505
80497
80490
80475
80471
80468
80455
80453
80450
80450
80445
80426
80419
80411
80409
80390
80389
80383
80373
80371
80365
80353
80345
80333
80306
80304
80291
80291
80289
80271
80268
80267
80258
80215
80194
80186
80168
80164
80148
80145
80137
80135
80133
80099
80090
80083
80077
80071
80063
80054
80031
80025
79998
79997
79993
79984
79977
79970
79957
79956
79943
79929
79911
79911
79906
79900
79888
79875
79867
79853
79842
79829
79816
79806
79795
79782
79770
79770
79769
79765
79734
79707
79706
79696
79691
79690
79687
79671
79667
79654
79647
79647
79639
79639
79620
79615
79599
79591
79580
79575
79564
79561
79558
79555
79520
79512
79507
79475
79454
79452
79448
79447
79426
79425
79418
79405
79396
79389
79383
79373
79353
79291
79285
79279
79274
79245
79223
79223
79213
79209
79201
79195
79193
79190
79186
79185
79184
79182
79176
79173
79169
79162
79152
79145
79126
79120
79089
79082
79081
79075
79062
79061
79054
79047
79045
79024
78986
78959
78957
78949
78934
78919
78902
78894
78890
78839
78806
78781
78779
78772
78769
78756
78754
78751
78730
78720
78713
78701
78698
78673
78669
78662
78652
78651
78651
78649
78647
78621
78618
78617
78597
78581
78546
78546
78523
78523
78520
78504
78501
78463
78460
78455
78450
78447
78434
78410
78389
78365
78355
78352
78347
78313
78313
78299
78273
78266
78261
78254
78247
78241
78235
78231
78228
78210
78204
78200
78182
78182
78150
78150
78148
78145
78124
78116
78109
78105
78103
78093
78071
78048
78047
78043
78041
78040
78036
78018
78006
77989
77986
77981
77965
77958
77952
77946
77943
77935
77932
77929
77918
77916
77913
77894
77879
77873
77859
77854
77851
77839
77839
77838
77824
77807
77806
77786
77770
77750
77740
77737
77724
77719
77706
77700
77663
77662
77660
77642
77641
77638
77638
77634
77574
77574
77573
77569
77568
77561
77556
77545
77537
77512
77497
77488
77485
77468
77457
77452
77433
77431
77423
77420
77418
77413
77403
77382
77361
77354
77352
77336
77302
77297
77292
77250
77241
77239
77238
77231
77217
77204
77196
77164
77135
77131
77129
77122
77111
77094
77090
77089
77084
77070
77042
77040
77009
76988
76979
76977
76976
76935
76925
76918
76918
76916
76909
76904
76902
76887
76852
76846
76839
76834
76831
76823
76811
76802
76800
76788
76780
76767
76761
76759
76752
76731
76723
76709
76700
76685
76677
76668
76659
76648
76630
76626
76616
76610
76590
76588
76581
76576
76571
76542
76525
76525
76520
76516
76509
76503
76502
76493
76492
76483
76474
76470
76456
76452
76451
76450
76427
76397
76378
76377
76376
76374
76336
76330
76312
76306
76301
76283
76281
76263
76244
76240
76177
76160
76154
76139
76120
76103
76080
76068
76058
76051
76045
76043
76043
76016
76012
76011
76003
75972
75970
75961
75942
75934
75931
75927
75900
75888
75867
75863
75852
75841
75825
75824
75799
75781
75775
75758
75756
75738
75737
75735
75724
75722
75722
75718
75709
75700
75700
75698
75689
75682
75678
75676
75675
75671
75661
75660
75648
75633
75605
75593
75574
75567
75565
75530
75510
75501
75493
75492
75482
75482
75458
75418
75414
75411
75402
75388
75388
75383
75377
75369
75364
75363
75334
75327
75314
75307
75305
75294
75290
75288
75276
75256
75243
75235
75227
75225
75224
75211
75199
75176
75175
75157
75149
75086
75068
75066
75061
75054
75043
75040
75032
75031
75022
75020
75009
74989
74974
74965
74960
74960
74959
74952
74944
74940
74920
74918
74917
74886
74883
74861
74809
74807
74807
74803
74775
74768
74752
74744
74739
74729
74714
74668
74662
74656
74655
74650
74641
74633
74628
74608
74588
74584
74574
74563
74556
74545
74541
74531
74519
74518
74518
74466
74430
74430
74374
74370
74370
74365
74363
74359
74343
74330
74330
74306
74304
74293
74270
74268
74244
74211
74205
74194
74186
74171
74158
74154
74154
74151
74130
74122
74121
74108
74096
74092
74088
74082
74071
74054
74048
74047
74046
74037
74014
74013
74003
73993
73986
73960
73950
73944
73940
73931
73924
73918
73908
73897
73891
73884
73882
73879
73868
73864
73848
73800
73785
73777
73772
73769
73759
73758
73756
73742
73727
73724
73721
73717
73708
73706
73666
73659
73653
73647
73624
73622
73605
73588
73578
73560
73560
73554
73534
73517
73516
73508
73490
73444
73420
73410
73367
73367
73302
73297
73286
73272
73260
73243
73242
73240
73228
73220
73201
73191
73177
73162
73156
73149
73145
73095
73091
73091
73072
73068
73033
73027
73014
73014
73013
73007
72984
72957
72945
72920
72919
72912
72905
72903
72886
72870
72864
72864
72845
72820
72797
72796
72790
72788
72786
72780
72766
72764
72747
72731
72720
72719
72708
72702
72698
72694
72681
72679
72675
72667
72665
72635
72627
72602
72596
72589
72579
72571
72567
72564
72544
72496
72484
72482
72474
72464
72455
72441
72437
72430
72423
72417
72409
72408
72385
72384
72381
72366
72351
72337
72332
72331
72317
72308
72306
72289
72284
72282
72268
72254
72245
72241
72237
72232
72222
72215
72201
72182
72173
72172
72159
72156
72152
72151
72109
72108
72096
72089
72058
72051
72029
72025
72022
72000
71979
71948
71947
71938
71921
71920
71919
71914
71905
71898
71880
71880
71865
71844
71829
71797
71782
71769
71752
71738
71708
71707
71706
71702
71697
71679
71677
71675
71663
71652
71645
71639
71632
71601
71591
71588
71571
71563
71562
71555
71544
71520
71519
71518
71514
71512
71511
71505
71490
71479
71471
71467
71457
71435
71424
71422
71417
71414
71409
71407
71381
71359
71353
71347
71340
71340
71331
71323
71320
71281
71274
71274
71247
71212
71184
71156
71132
71121
71117
71113
71078
71074
71074
71062
71051
71020
71017
71001
70983
70983
70977
70959
70948
70937
70931
70927
70925
70913
70909
70909
70892
70886
70877
70875
70846
70840
70830
70821
70821
70819
70812
70812
70800
70780
70769
70760
70733
70729
70722
70718
70717
70708
70697
70697
70690
70683
70660
70641
70607
70598
70590
70560
70555
70519
70504
70503
70489
70470
70470
70440
70438
70425
70414
70381
70367
70365
70359
70357
70356
70334
70333
70302
70300
70279
70268
70264
70256
70251
70249
70247
70241
70235
70229
70225
70218
70217
70194
70191
70186
70177
70171
70166
70150
70147
70132
70124
70123
70116
70103
70092
70087
70080
70068
70065
70048
70034
70033
70018
70008
70005
69978
69971
69927
69909
69902
69895
69891
69890
69879
69863
69852
69839
69837
69828
69793
69788
69782
69778
69774
69772
69765
69764
69761
69739
69736
69719
69714
69708
69698
69696
69682
69680
69678
69678
69639
69580
69579
69574
69570
69567
69563
69557
69536
69532
69528
69524
69522
69516
69507
69495
69491
69487
69480
69478
69465
69451
69449
69445
69426
69425
69413
69412
69410
69409
69394
69391
69388
69382
69373
69372
69352
69339
69331
69327
69323
69322
69313
69308
69273
69265
69251
69219
69204
69203
69197
69174
69164
69158
69138
69136
69133
69133
69129
69129
69066
69057
69050
69030
69023
69019
69017
69006
68973
68966
68960
68954
68949
68944
68902
68901
68894
68885
68883
68883
68872
68842
68834
68833
68830
68814
68807
68806
68803
68793
68793
68789
68779
68779
68778
68742
68728
68702
68682
68677
68667
68631
68627
68624
68623
68620
68617
68602
68601
68590
68582
68564
68560
68559
68553
68543
68532
68529
68528
68526
68517
68505
68505
68492
68481
68475
68456
68454
68388
68377
68376
68361
68335
68331
68304
68282
68280
68259
68249
68241
68237
68231
68228
68216
68207
68195
68192
68188
68176
68176
68161
68138
68130
68124
68120
68109
68108
68107
68105
68098
68098
68083
68071
68071
68071
68069
68065
68048
68038
68008
67993
67989
67988
67981
67972
67970
67952
67944
67928
67927
67921
67910
67906
67888
67872
67863
67859
67846
67845
67832
67829
67821
67812
67810
67807
67797
67790
67789
67788
67772
67769
67763
67758
67758
67755
67744
67742
67732
67729
67710
67689
67672
67661
67660
67638
67625
67624
67618
67596
67595
67569
67566
67527
67526
67516
67507
67498
67471
67467
67443
67426
67424
67422
67420
67405
67394
67379
67340
67335
67335
67333
67304
67281
67257
67242
67242
67234
67215
67210
67207
67193
67183
67179
67169
67165
67160
67155
67150
67149
67147
67135
67132
67127
67109
67109
67092
67084
67083
67082
67064
67061
67058
67056
67055
67051
67017
66992
66967
66949
66937
66931
66916
66912
66890
66885
66852
66845
66844
66837
66837
66825
66817
66804
66802
66785
66773
66773
66718
66682
66680
66675
66673
66672
66668
66664
66652
66645
66644
66642
66614
66613
66611
66599
66594
66581
66536
66515
66515
66478
66474
66465
66427
66423
66400
66381
66366
66357
66356
66350
66325
66320
66283
66279
66276
66254
66251
66237
66223
66219
66216
66210
66202
66148
66113
66087
66070
66065
66058
66039
66012
66011
65957
65928
65924
65904
65892
65880
65876
65859
65841
65832
65825
65821
65806
65804
65797
65792
65744
65725
65704
65699
65687
65683
65646
65645
65630
65601
65590
65588
65578
65562
65559
65552
65547
65545
65542
65538
65537
65535
65520
65511
65511
65493
65480
65465
65462
65461
65451
65434
65423
65418
65417
65416
65409
65408
65382
65368
65364
65358
65358
65350
65344
65335
65326
65322
65318
65314
65308
65306
65299
65281
65275
65272
65269
65262
65257
65240
65230
65214
65211
65211
65164
65136
65113
65109
65108
65102
65093
65083
65052
65042
65042
65034
64992
64983
64976
64974
64972
64970
64937
64858
64854
64852
64849
64844
64823
64821
64813
64807
64805
64781
64776
64734
64730
64722
64712
64702
64686
64686
64679
64659
64655
64652
64649
64640
64632
64628
64608
64606
64598
64584
64578
64574
64572
64561
64560
64556
64548
64536
64535
64528
64520
64518
64507
64499
64477
64476
64474
64454
64453
64441
64429
64405
64396
64389
64384
64374
64373
64353
64349
64346
64343
64341
64312
64287
64274
64272
64255
64253
64246
64230
64218
64209
64201
64198
64186
64183
64181
64121
64117
64117
64088
64082
64061
64059
64032
64030
64030
64012
64008
64006
64005
63999
63989
63977
63966
63949
63944
63943
63928
63921
63915
63913
63913
63883
63873
63872
63850
63845
63835
63812
63811
63791
63785
63766
63762
63761
63754
63730
63728
63724
63721
63719
63708
63708
63680
63678
63668
63657
63643
63634
63628
63626
63624
63622
63609
63605
63582
63575
63564
63558
63546
63520
63507
63504
63495
63481
63474
63465
63458
63442
63436
63435
63398
63397
63396
63387
63382
63374
63366
63358
63356
63350
63349
63348
63344
63340
63327
63327
63323
63300
63282
63267
63266
63232
63228
63217
63215
63196
63186
63185
63180
63175
63170
63160
63159
63155
63155
63153
63128
63121
63099
63093
63075
63074
63049
63043
63031
63031
62993
62967
62963
62946
62936
62925
62904
62878
62854
62845
62843
62813
62802
62795
62791
62779
62775
62766
62756
62752
62746
62745
62733
62728
62728
62703
62693
62680
62677
62675
62666
62661
62659
62655
62643
62642
62631
62621
62616
62606
62603
62599
62592
62548
62547
62546
62544
62527
62527
62527
62526
62517
62498
62494
62484
62476
62474
62461
62457
62416
62415
62407
62407
62402
62385
62382
62380
62378
62375
62375
62368
62362
62361
62303
62294
62282
62270
62268
62260
62258
62241
62222
62219
62206
62206
62178
62158
62151
62124
62122
62109
62107
62089
62087
62071
62070
62069
62067
62063
62045
62035
62034
62032
62031
62018
62012
62005
62005
62001
61993
61965
61964
61943
61918
61913
61894
61889
61886
61879
61874
61868
61853
61849
61841
61834
61833
61821
61819
61807
61781
61780
61778
61777
61768
61757
61737
61717
61716
61709
61707
61694
61669
61668
61663
61659
61640
61636
61624
61616
61609
61604
61597
61597
61583
61574
61547
61545
61542
61519
61513
61502
61492
61491
61471
61460
61452
61444
61439
61433
61433
61432
61420
61398
61374
61351
61343
61343
61338
61328
61324
61295
61267
61266
61245
61234
61228
61221
61201
61191
61190
61188
61182
61176
61172
61158
61145
61117
61111
61105
61101
61092
61058
61056
61046
61038
61038
61031
61016
61014
61004
61001
60984
60974
60974
60965
60961
60960
60957
60950
60943
60943
60929
60926
60923
60917
60886
60885
60881
60878
60834
60828
60824
60818
60794
60792
60763
60758
60756
60750
60745
60741
60739
60733
60721
60713
60707
60686
60686
60682
60677
60668
60666
60663
60650
60649
60637
60633
60632
60631
60627
60605
60584
60584
60561
60558
60556
60556
60546
60510
60502
60488
60471
60432
60426
60391
60390
60380
60380
60376
60372
60371
60370
60356
60346
60337
60328
60326
60325
60293
60288
60281
60272
60269
60258
60244
60242
60241
60237
60221
60221
60221
60220
60217
60181
60176
60161
60156
60127
60103
60101
60068
60066
60053
60053
60050
60029
60022
60021
60010
60004
59999
59998
59976
59970
59969
59962
59955
59953
59950
59906
59896
59894
59877
59877
59867
59865
59857
59851
59851
59845
59838
59838
59836
59836
59823
59812
59767
59756
59728
59722
59720
59718
59712
59693
59663
59662
59658
59636
59633
59616
59610
59605
59605
59605
59603
59597
59580
59570
59568
59568
59562
59561
59548
59539
59538
59527
59517
59516
59472
59472
59465
59455
59452
59441
59426
59419
59405
59364
59360
59360
59344
59340
59293
59285
59285
59279
59275
59275
59262
59255
59227
59215
59197
59183
59175
59172
59155
59151
59143
59128
59105
59104
59101
59096
59080
59077
59075
59070
59067
59059
59058
59057
59054
59041
59041
59030
59029
59002
59000
58990
58979
58973
58966
58966
58952
58946
58936
58929
58922
58913
58909
58906
58895
58883
58849
58847
58837
58821
58814
58786
58778
58769
58766
58755
58754
58746
58737
58725
58724
58720
58716
58689
58677
58676
58673
58657
58641
58621
58619
58612
58606
58599
58594
58590
58589
58574
58573
58569
58552
58549
58527
58522
58521
58519
58511
58506
58503
58497
58487
58465
58438
58434
58432
58419
58413
58409
58393
58393
58342
58313
58299
58296
58296
58290
58281
58266
58255
58254
58249
58230
58213
58210
58209
58202
58200
58195
58167
58157
58155
58154
58150
58150
58149
58137
58135
58127
58110
58065
58039
58037
58030
58024
58023
58019
57996
57975
57974
57970
57967
57964
57963
57962
57961
57960
57954
57951
57950
57943
57939
57932
57931
57930
57928
57911
57907
57904
57900
57896
57888
57884
57884
57864
57852
57834
57830
57829
57826
57818
57815
57811
57802
57796
57792
57781
57777
57741
57736
57736
57719
57690
57683
57679
57676
57675
57626
57623
57578
57576
57575
57561
57556
57542
57514
57512
57505
57478
57470
57469
57466
57458
57455
57451
57441
57434
57423
57414
57412
57396
57390
57375
57372
57367
57329
57315
57314
57307
57301
57297
57286
57285
57259
57240
57216
57214
57198
57187
57161
57157
57156
57148
57135
57130
57116
57073
57055
57045
57035
57006
57005
57004
56994
56988
56971
56970
56946
56945
56944
56943
56908
56884
56879
56875
56838
56821
56803
56803
56764
56760
56757
56748
56742
56736
56735
56729
56698
56692
56682
56681
56675
56672
56666
56661
56658
56657
56638
56622
56622
56619
56605
56589
56587
56582
56551
56547
56537
56515
56514
56484
56475
56474
56463
56449
56419
56405
56376
56373
56342
56340
56334
56330
56325
56280
56265
56264
56263
56261
56258
56255
56252
56248
56247
56233
56226
56211
56193
56179
56176
56173
56151
56147
56131
56129
56125
56121
56118
56117
56099
56091
56081
56076
56047
56047
56041
56022
56007
56007
55994
55972
55968
55951
55948
55946
55940
55936
55935
55932
55902
55898
55893
55883
55883
55867
55846
55838
55836
55835
55834
55827
55821
55818
55798
55797
55782
55775
55773
55762
55743
55731
55730
55714
55713
55698
55683
55679
55638
55634
55632
55631
55629
55601
55585
55583
55580
55576
55576
55570
55556
55550
55550
55543
55542
55522
55511
55509
55502
55502
55478
55477
55474
55457
55451
55446
55435
55432
55421
55421
55403
55395
55387
55378
55371
55370
55369
55368
55361
55343
55315
55301
55300
55292
55276
55267
55251
55245
55234
55233
55218
55205
55205
55190
55188
55171
55168
55154
55150
55138
55123
55119
55115
55099
55078
55072
55068
55053
55052
55047
55044
55014
55004
54999
54989
54982
54970
54969
54959
54953
54953
54941
54932
54921
54914
54908
54877
54862
54859
54843
54836
54833
54832
54824
54818
54811
54807
54802
54790
54789
54787
54785
54782
54778
54764
54759
54758
54756
54722
54717
54716
54713
54685
54681
54676
54674
54660
54646
54642
54625
54615
54605
54603
54582
54571
54571
54547
54547
54532
54523
54508
54490
54488
54487
54483
54462
54459
54450
54446
54425
54423
54410
54389
54388
54380
54362
54351
54347
54336
54316
54314
54308
54301
54285
54285
54282
54271
54263
54259
54230
54202
54186
54167
54136
54108
54097
54095
54085
54084
54073
54073
54073
54072
54072
54061
54036
54024
54019
54013
54004
54002
53986
53974
53936
53933
53922
53915
53915
53906
53905
53892
53866
53851
53844
53832
53781
53768
53735
53716
53713
53705
53704
53694
53686
53679
53635
53622
53620
53616
53584
53583
53581
53563
53560
53549
53543
53542
53529
53526
53513
53502
53479
53473
53455
53431
53424
53420
53412
53403
53399
53384
53336
53329
53329
53324
53321
53313
53305
53305
53301
53292
53280
53273
53268
53260
53247
53240
53228
53227
53221
53210
53196
53187
53180
53159
53152
53150
53145
53143
53142
53130
53130
53124
53119
53115
53114
53103
53097
53093
53087
53061
53050
53042
53020
52990
52989
52986
52978
52969
52966
52965
52939
52927
52904
52904
52900
52900
52887
52885
52859
52857
52846
52845
52806
52793
52778
52775
52773
52771
52771
52759
52758
52750
52743
52732
52709
52702
52686
52658
52642
52636
52633
52629
52628
52595
52593
52587
52565
52561
52552
52552
52545
52527
52507
52500
52473
52467
52464
52463
52455
52449
52446
52446
52439
52414
52376
52372
52363
52344
52303
52298
52297
52295
52278
52260
52238
52219
52214
52209
52208
52196
52195
52184
52169
52139
52126
52118
52118
52117
52109
52108
52092
52078
52057
52042
52037
52020
52015
52004
52003
52003
51997
51994
51991
51987
51979
51975
51964
51957
51953
51946
51923
51921
51918
51904
51888
51888
51877
51876
51872
51854
51836
51835
51801
51783
51770
51769
51764
51762
51742
51733
51733
51676
51676
51672
51672
51668
51659
51647
51642
51640
51639
51607
51586
51585
51576
51575
51569
51553
51549
51548
51546
51536
51534
51533
51528
51514
51504
51490
51486
51483
51479
51427
51426
51405
51404
51401
51400
51395
51392
51384
51373
51367
51330
51321
51316
51289
51287
51281
51265
51250
51241
51238
51208
51204
51194
51180
51178
51173
51167
51166
51159
51159
51140
51139
51134
51117
51117
51098
51094
51091
51089
51030
51026
50996
50976
50957
50921
50916
50912
50895
50890
50873
50870
50844
50840
50835
50834
50815
50813
50806
50805
50794
50788
50785
50780
50779
50778
50776
50772
50770
50757
50737
50730
50729
50721
50716
50712
50686
50675
50665
50660
50657
50656
50655
50622
50617
50612
50608
50606
50595
50590
50581
50548
50543
50534
50533
50527
50520
50517
50491
50489
50476
50461
50460
50455
50433
50429
50425
50421
50414
50384
50363
50360
50315
50310
50304
50298
50298
50294
50288
50252
50249
50244
50205
50201
50190
50190
50189
50164
50164
50149
50143
50118
50105
50079
50067
50067
50059
50033
50012
50009
50007
49994
49992
49992
49991
49985
49984
49956
49935
49927
49907
49892
49868
49865
49841
49839
49839
49810
49805
49804
49802
49792
49772
49748
49741
49735
49720
49704
49690
49682
49657
49652
49627
49593
49564
49540
49535
49534
49482
49480
49479
49475
49469
49467
49462
49461
49459
49451
49435
49412
49399
49383
49382
49371
49363
49341
49340
49335
49332
49302
49287
49282
49278
49269
49256
49247
49247
49245
49243
49239
49235
49220
49208
49206
49189
49188
49176
49166
49164
49153
49148
49144
49122
49101
49091
49064
49050
49024
49005
49003
48984
48961
48941
48920
48913
48879
48870
48825
48804
48802
48792
48784
48773
48711
48692
48689
48687
48678
48665
48657
48648
48642
48629
48623
48610
48596
48579
48533
48532
48530
48528
48523
48518
48516
48514
48504
48503
48500
48468
48462
48413
48411
48406
48404
48389
48386
48380
48377
48368
48368
48368
48366
48362
48357
48357
48345
48344
48336
48335
48326
48311
48304
48295
48291
48283
48268
48260
48252
48240
48234
48227
48209
48205
48195
48165
48156
48151
48139
48099
48056
48051
48014
48001
47982
47977
47971
47968
47959
47948
47938
47935
47899
47891
47886
47884
47879
47870
47864
47844
47836
47833
47827
47826
47817
47798
47796
47795
47792
47791
47784
47781
47760
47756
47746
47746
47738
47730
47712
47708
47704
47696
47690
47675
47640
47640
47639
47617
47589
47567
47564
47559
47558
47556
47554
47547
47539
47538
47536
47534
47505
47499
47474
47467
47465
47463
47458
47439
47405
47405
47393
47389
47387
47384
47380
47380
47372
47361
47348
47342
47337
47310
47309
47307
47305
47292
47289
47286
47284
47273
47270
47261
47239
47215
47205
47203
47177
47166
47156
47133
47133
47124
47124
47102
47098
47089
47073
47066
47056
47049
47039
47031
47030
47018
47017
47015
47008
47005
46999
46995
46970
46969
46967
46918
46906
46905
46901
46896
46878
46870
46852
46850
46829
46825
46810
46768
46767
46766
46759
46745
46745
46733
46727
46722
46701
46688
46669
46668
46667
46660
46652
46632
46626
46621
46614
46600
46597
46596
46594
46590
46588
46569
46546
46545
46542
46526
46503
46492
46487
46448
46433
46429
46428
46426
46424
46415
46411
46407
46404
46400
46392
46391
46379
46371
46368
46362
46353
46334
46299
46293
46247
46240
46203
46203
46183
46172
46157
46149
46142
46135
46129
46103
46093
46090
46071
46070
46070
46061
46051
45992
45982
45968
45954
45946
45937
45918
45903
45902
45899
45897
45895
45883
45874
45868
45864
45850
45850
45845
45843
45842
45840
45839
45833
45825
45822
45815
45810
45795
45794
45782
45770
45768
45768
45767
45765
45757
45750
45738
45724
45721
45698
45692
45679
45660
45656
45654
45646
45643
45617
45613
45609
45590
45573
45555
45550
45547
45547
45542
45540
45540
45519
45506
45495
45495
45475
45466
45458
45451
45448
45422
45421
45415
45411
45408
45408
45403
45391
45377
45375
45364
45356
45347
45344
45342
45311
45283
45259
45242
45242
45202
45194
45189
45179
45169
45162
45161
45152
45149
45146
45146
45134
45089
45081
45078
45075
45071
45066
45054
45046
45037
45017
44994
44965
44958
44952
44950
44944
44938
44935
44932
44923
44922
44907
44879
44866
44860
44859
44859
44827
44820
44801
44799
44788
44786
44747
44746
44739
44728
44728
44727
44726
44699
44684
44680
44675
44669
44653
44639
44638
44628
44625
44623
44616
44616
44613
44608
44600
44591
44570
44562
44560
44534
44533
44532
44517
44494
44482
44476
44463
44451
44449
44439
44436
44436
44435
44429
44408
44406
44400
44399
44382
44360
44360
44355
44349
44340
44329
44321
44320
44301
44298
44286
44280
44273
44252
44240
44233
44217
44207
44193
44189
44172
44167
44160
44134
44132
44131
44129
44119
44116
44088
44083
44078
44069
44056
44054
44053
44052
44042
44038
44012
44009
43994
43992
43989
43978
43977
43977
43966
43953
43952
43941
43928
43921
43920
43882
43877
43875
43874
43867
43861
43845
43842
43830
43819
43754
43750
43750
43748
43742
43740
43728
43721
43701
43690
43673
43673
43663
43661
43651
43649
43646
43637
43634
43621
43621
43616
43602
43590
43571
43566
43529
43522
43504
43504
43498
43494
43493
43483
43466
43466
43459
43456
43438
43421
43411
43410
43404
43396
43393
43391
43378
43377
43376
43342
43332
43328
43326
43315
43303
43293
43292
43283
43278
43268
43267
43266
43261
43255
43254
43239
43233
43223
43219
43210
43201
43190
43175
43148
43144
43123
43113
43111
43104
43061
43060
43045
43037
43036
43029
43020
43009
43000
42996
42977
42975
42975
42966
42927
42925
42904
42896
42881
42880
42874
42864
42847
42835
42832
42828
42819
42809
42807
42797
42796
42793
42776
42765
42749
42744
42731
42724
42685
42683
42679
42676
42669
42668
42661
42646
42644
42641
42628
42625
42599
42579
42570
42569
42563
42563
42562
42562
42552
42548
42528
42516
42513
42513
42490
42484
42482
42481
42479
42474
42470
42465
42462
42460
42458
42457
42455
42432
42420
42408
42403
42387
42383
42356
42353
42352
42350
42286
42279
42276
42268
42258
42233
42225
42221
42203
42198
42174
42164
42120
42119
42110
42107
42094
42081
42081
42080
42075
42054
42046
42042
42029
42019
42015
41958
41957
41949
41936
41922
41908
41897
41885
41880
41872
41843
41836
41827
41811
41798
41793
41764
41763
41757
41753
41751
41750
41715
41667
41656
41637
41636
41634
41625
41611
41607
41596
41589
41563
41563
41559
41552
41546
41541
41503
41493
41493
41480
41468
41458
41452
41432
41430
41426
41423
41419
41382
41368
41357
41352
41338
41333
41330
41317
41309
41265
41244
41241
41237
41235
41234
41229
41217
41215
41206
41181
41181
41178
41163
41143
41139
41136
41131
41128
41120
41117
41107
41090
41078
41073
41069
41065
41062
41060
41057
41047
41042
41042
41027
41025
40998
40996
40989
40989
40987
40978
40975
40966
40965
40963
40959
40944
40941
40935
40929
40921
40917
40916
40894
40885
40883
40875
40873
40870
40863
40859
40855
40853
40834
40829
40828
40808
40805
40797
40795
40792
40776
40772
40770
40768
40751
40746
40739
40736
40735
40714
40713
40709
40687
40687
40681
40671
40668
40664
40658
40656
40654
40654
40643
40616
40609
40584
40577
40550
40545
40536
40530
40526
40525
40512
40509
40509
40495
40485
40442
40426
40421
40416
40394
40378
40375
40347
40340
40330
40326
40306
40304
40300
40289
40262
40254
40243
40234
40228
40217
40212
40208
40207
40205
40195
40165
40163
40161
40153
40140
40126
40120
40117
40115
40105
40096
40088
40084
40073
40068
40065
40054
40040
40024
40014
40008
40006
39998
39993
39992
39990
39971
39969
39952
39950
39945
39936
39932
39908
39903
39886
39886
39867
39853
39844
39838
39804
39801
39793
39786
39778
39777
39767
39760
39756
39734
39730
39717
39715
39711
39709
39699
39694
39686
39681
39678
39668
39663
39662
39657
39647
39642
39637
39626
39611
39584
39567
39548
39548
39539
39524
39469
39468
39453
39424
39416
39413
39403
39394
39393
39356
39335
39334
39331
39325
39309
39304
39299
39296
39292
39290
39271
39235
39226
39223
39222
39211
39207
39200
39196
39196
39191
39186
39179
39178
39168
39140
39133
39114
39106
39076
39039
39014
39004
38997
38992
38992
38988
38975
38975
38966
38964
38958
38951
38944
38923
38911
38897
38871
38863
38858
38858
38849
38842
38802
38790
38767
38753
38746
38737
38736
38736
38734
38728
38710
38697
38692
38679
38625
38595
38593
38562
38524
38503
38498
38490
38490
38477
38458
38442
38438
38428
38369
38362
38356
38354
38351
38344
38324
38310
38305
38281
38265
38243
38238
38193
38166
38149
38149
38144
38117
38105
38098
38090
38084
38074
38070
38065
38064
38064
38043
38028
38026
38012
38011
38009
37977
37973
37973
37958
37940
37921
37910
37907
37898
37865
37863
37844
37828
37821
37819
37815
37808
37779
37771
37767
37765
37757
37752
37732
37721
37707
37693
37677
37651
37635
37620
37613
37607
37589
37583
37581
37518
37513
37485
37455
37449
37444
37439
37435
37434
37433
37425
37400
37397
37394
37348
37335
37329
37320
37319
37311
37308
37288
37285
37277
37261
37249
37243
37226
37211
37206
37200
37198
37196
37188
37168
37163
37158
37157
37137
37130
37127
37125
37120
37119
37083
37080
37079
37078
37075
37066
37066
37065
37055
37047
37034
37025
37024
37017
36990
36987
36980
36979
36969
36966
36951
36943
36938
36926
36919
36908
36899
36887
36875
36871
36868
36864
36863
36853
36847
36847
36801
36790
36785
36741
36737
36727
36721
36712
36706
36696
36651
36642
36638
36628
36587
36586
36575
36574
36572
36569
36558
36524
36501
36493
36485
36480
36446
36402
36398
36394
36376
36376
36367
36365
36362
36308
36289
36282
36278
36269
36249
36244
36233
36205
36197
36184
36167
36156
36151
36139
36109
36092
36068
36061
36058
36024
36022
36017
36009
35997
35995
35994
35993
35991
35989
35978
35974
35952
35950
35949
35941
35912
35910
35910
35889
35866
35857
35846
35840
35830
35821
35820
35811
35804
35798
35797
35778
35767
35760
35755
35741
35729
35728
35724
35724
35721
35714
35712
35700
35688
35684
35683
35680
35642
35615
35607
35600
35595
35583
35582
35578
35564
35563
35561
35551
35545
35544
35543
35533
35530
35525
35508
35497
35479
35468
35467
35465
35464
35428
35423
35417
35368
35357
35354
35335
35331
35331
35330
35325
35320
35307
35304
35299
35282
35259
35254
35237
35211
35206
35205
35205
35192
35187
35157
35126
35111
35099
35083
35081
35064
35059
35038
35032
35013
35001
34999
34993
34991
34972
34967
34963
34924
34920
34919
34899
34886
34886
34884
34871
34850
34847
34845
34840
34832
34830
34821
34810
34790
34789
34786
34786
34782
34769
34710
34693
34673
34672
34665
34662
34659
34654
34630
34628
34626
34619
34605
34579
34578
34561
34539
34529
34525
34515
34514
34512
34506
34505
34485
34473
34449
34437
34422
34421
34421
34398
34374
34350
34334
34325
34320
34319
34308
34307
34297
34289
34287
34281
34257
34254
34236
34229
34203
34200
34178
34177
34174
34158
34149
34146
34140
34123
34113
34105
34088
34085
34059
34042
34032
34029
34025
33981
33966
33965
33959
33958
33957
33950
33946
33921
33908
33875
33873
33863
33856
33848
33832
33821
33820
33815
33769
33763
33749
33726
33720
33709
33702
33683
33676
33670
33668
33664
33632
33619
33613
33610
33604
33590
33576
33554
33504
33501
33467
33464
33463
33455
33446
33443
33413
33408
33400
33399
33390
33367
33366
33362
33357
33337
33319
33316
33309
33308
33285
33275
33249
33234
33232
33220
33215
33211
33205
33200
33184
33174
33169
33168
33162
33154
33149
33146
33139
33123
33110
33104
33102
33080
33074
33065
33056
33035
33018
33016
33010
32990
32987
32982
32940
32922
32921
32907
32893
32881
32872
32869
32869
32866
32861
32857
32841
32837
32829
32818
32815
32814
32813
32811
32809
32773
32743
32736
32733
32713
32711
32708
32679
32672
32667
32662
32658
32648
32642
32621
32606
32570
32563
32560
32544
32540
32536
32498
32476
32473
32466
32465
32442
32437
32428
32426
32420
32417
32408
32394
32393
32392
32392
32382
32381
32377
32372
32370
32368
32359
32341
32326
32322
32309
32298
32283
32271
32264
32238
32237
32237
32234
32191
32190
32187
32181
32177
32172
32172
32127
32121
32100
32098
32066
32065
32060
32047
32030
32024
32023
31999
31998
31998
31992
31988
31978
31967
31949
31943
31932
31923
31898
31877
31845
31834
31800
31756
31740
31710
31682
31672
31605
31598
31588
31583
31575
31572
31562
31560
31558
31546
31542
31535
31510
31479
31466
31464
31462
31446
31431
31430
31426
31422
31421
31420
31419
31412
31387
31386
31378
31373
31351
31299
31290
31289
31284
31274
31269
31263
31259
31256
31238
31236
31176
31165
31165
31159
31151
31145
31136
31131
31130
31106
31096
31085
31081
31062
31049
31048
31046
31045
31037
31030
31024
31020
31004
31002
30996
30979
30978
30977
30959
30943
30939
30917
30911
30899
30894
30891
30889
30885
30863
30858
30852
30841
30834
30817
30812
30809
30804
30802
30799
30779
30774
30768
30766
30754
30748
30732
30720
30702
30682
30670
30662
30656
30630
30628
30623
30572
30547
30540
30539
30535
30530
30530
30522
30521
30509
30505
30492
30473
30461
30444
30439
30436
30424
30401
30396
30392
30392
30370
30364
30332
30328
30318
30309
30302
30273
30264
30246
30246
30239
30225
30190
30179
30176
30174
30163
30157
30148
30142
30142
30138
30136
30127
30099
30055
30054
30051
30048
30037
30030
30018
30018
30014
29998
29982
29966
29965
29964
29961
29961
29949
29948
29945
29934
29918
29905
29891
29884
29876
29875
29871
29867
29859
29846
29846
29839
29832
29829
29828
29800
29779
29779
29776
29770
29769
29765
29761
29758
29753
29745
29744
29737
29714
29710
29704
29700
29695
29666
29645
29643
29642
29635
29631
29620
29618
29610
29606
29579
29573
29570
29555
29498
29497
29497
29489
29463
29450
29432
29387
29384
29380
29378
29377
29363
29360
29355
29352
29348
29346
29327
29326
29315
29310
29281
29270
29254
29237
29217
29184
29157
29146
29144
29131
29130
29122
29109
29102
29088
29082
29061
29051
29043
29031
29026
29008
29005
28994
28977
28974
28952
28943
28916
28915
28909
28907
28896
28891
28887
28883
28883
28883
28878
28855
28839
28833
28831
28825
28824
28789
28770
28747
28723
28716
28714
28710
28705
28678
28666
28654
28599
28576
28560
28558
28557
28550
28540
28526
28518
28507
28506
28489
28487
28486
28483
28478
28474
28471
28471
28432
28415
28410
28409
28389
28388
28382
28369
28352
28352
28352
28349
28334
28325
28324
28318
28317
28308
28302
28292
28284
28278
28265
28263
28202
28202
28171
28171
28168
28155
28152
28150
28150
28139
28135
28131
28127
28089
28079
28079
28072
28032
28023
28020
27998
27993
27986
27978
27934
27909
27902
27900
27898
27878
27860
27855
27827
27782
27755
27754
27735
27729
27701
27697
27697
27695
27685
27682
27681
27659
27651
27650
27611
27598
27583
27582
27563
27563
27551
27540
27519
27499
27493
27478
27473
27444
27444
27437
27437
27383
27372
27367
27359
27355
27353
27340
27327
27327
27318
27310
27299
27295
27271
27265
27250
27219
27218
27214
27211
27176
27153
27149
27145
27137
27131
27131
27130
27126
27125
27114
27109
27102
27089
27087
27086
27081
27078
27067
27064
27058
27042
27030
27012
27010
27007
27006
26986
26983
26976
26955
26940
26924
26922
26898
26881
26877
26847
26845
26834
26820
26818
26816
26799
26767
26749
26747
26741
26718
26711
26700
26683
26672
26661
26651
26632
26632
26613
26611
26610
26608
26601
26592
26572
26570
26570
26570
26566
26562
26559
26550
26547
26541
26533
26530
26528
26516
26511
26510
26508
26508
26506
26483
26470
26451
26451
26447
26436
26425
26424
26417
26395
26390
26384
26380
26367
26358
26356
26345
26304
26302
26288
26285
26278
26274
26267
26259
26247
26244
26232
26213
26193
26189
26182
26139
26106
26097
26092
26067
26057
26051
26032
26020
26019
26017
25966
25921
25903
25900
25900
25893
25890
25887
25873
25851
25814
25806
25800
25780
25765
25763
25740
25728
25708
25707
25671
25649
25648
25640
25639
25637
25633
25626
25624
25623
25605
25603
25594
25582
25566
25557
25551
25550
25534
25503
25494
25493
25488
25474
25474
25470
25467
25453
25444
25436
25434
25397
25393
25381
25374
25358
25351
25327
25317
25313
25313
25312
25301
25300
25300
25295
25295
25259
25255
25227
25221
25199
25180
25161
25158
25139
25133
25128
25122
25115
25099
25089
25089
25079
25054
25052
25020
25006
24986
24953
24939
24938
24906
24861
24851
24845
24839
24828
24826
24818
24800
24758
24756
24754
24752
24740
24734
24728
24726
24713
24662
24644
24639
24632
24626
24625
24623
24616
24576
24567
24563
24552
24542
24523
24514
24493
24493
24490
24474
24471
24464
24464
24463
24448
24448
24434
24431
24425
24422
24412
24394
24388
24384
24364
24357
24346
24342
24341
24338
24328
24324
24316
24313
24311
24280
24243
24236
24213
24208
24205
24201
24200
24199
24189
24166
24148
24128
24121
24108
24107
24080
24077
24075
24043
24036
24015
24003
23976
23937
23926
23923
23918
23916
23910
23909
23909
23907
23868
23852
23843
23817
23798
23793
23789
23745
23743
23727
23713
23679
23659
23654
23648
23639
23633
23625
23617
23613
23611
23604
23603
23599
23593
23589
23582
23573
23554
23546
23545
23535
23528
23523
23519
23518
23508
23495
23488
23478
23452
23424
23415
23399
23396
23390
23365
23355
23351
23337
23324
23314
23280
23275
23270
23253
23241
23240
23237
23216
23209
23197
23141
23138
23128
23123
23121
23107
23106
23104
23100
23091
23063
23050
23046
23031
23030
23021
23020
23018
23007
22993
22992
22989
22981
22980
22977
22969
22951
22937
22929
22927
22926
22901
22877
22875
22873
22862
22859
22851
22847
22823
22823
22807
22807
22795
22788
22749
22744
22743
22741
22741
22716
22705
22692
22677
22673
22656
22651
22650
22632
22622
22615
22614
22614
22611
22581
22565
22553
22531
22519
22515
22504
22500
22499
22498
22498
22497
22494
22489
22478
22476
22468
22464
22463
22449
22437
22435
22433
22432
22378
22360
22353
22351
22349
22326
22302
22281
22270
22255
22250
22235
22230
22218
22216
22203
22181
22173
22145
22143
22124
22093
22091
22076
22075
22071
22063
22059
22056
22045
22029
22022
22014
22010
21999
21996
21995
21990
21988
21981
21977
21959
21945
21926
21925
21923
21916
21908
21880
21879
21878
21875
21873
21872
21857
21853
21827
21817
21784
21780
21777
21770
21754
21753
21737
21736
21736
21736
21724
21712
21703
21697
21689
21683
21664
21630
21623
21620
21590
21586
21571
21566
21563
21561
21560
21552
21547
21539
21538
21533
21508
21498
21494
21476
21476
21475
21456
21454
21449
21448
21446
21441
21440
21431
21427
21414
21411
21396
21390
21364
21353
21352
21351
21338
21337
21335
21332
21331
21330
21325
21315
21313
21307
21305
21303
21300
21300
21296
21281
21271
21267
21261
21259
21237
21216
21212
21208
21194
21191
21186
21180
21177
21154
21148
21141
21134
21129
21121
21119
21119
21119
21118
21115
21102
21095
21088
21075
21074
21067
21058
21058
21041
21025
21022
21015
21009
20995
20989
20987
20966
20959
20954
20939
20935
20913
20895
20876
20874
20874
20871
20852
20816
20812
20812
20811
20794
20779
20772
20767
20761
20738
20733
20732
20724
20692
20687
20659
20654
20652
20618
20605
20601
20599
20590
20583
20582
20581
20564
20559
20533
20503
20484
20482
20471
20470
20464
20457
20453
20451
20446
20443
20442
20430
20422
20406
20373
20369
20359
20347
20296
20295
20259
20249
20237
20232
20229
20223
20207
20193
20183
20179
20175
20172
20164
20152
20150
20143
20142
20132
20123
20102
20101
20095
20090
20078
20075
20072
20065
20060
20059
20045
20042
20038
20030
20003
20001
19996
19990
19971
19971
19968
19964
19962
19959
19952
19908
19898
19891
19863
19838
19823
19822
19815
19782
19780
19777
19761
19757
19736
19734
19705
19704
19689
19666
19663
19649
19646
19635
19621
19598
19597
19586
19582
19546
19510
19508
19507
19494
19488
19474
19466
19463
19442
19436
19420
19416
19411
19409
19404
19392
19382
19361
19343
19331
19331
19330
19309
19309
19304
19283
19277
19235
19232
19228
19169
19131
19126
19108
19095
19091
19088
19085
19050
19044
19042
19042
19041
19013
18993
18992
18980
18971
18965
18962
18953
18937
18927
18926
18922
18916
18915
18898
18851
18839
18830
18811
18809
18778
18773
18771
18766
18752
18737
18731
18698
18693
18687
18680
18670
18660
18649
18648
18642
18640
18637
18623
18622
18581
18577
18576
18563
18547
18545
18531
18529
18521
18509
18495
18492
18485
18480
18478
18470
18453
18452
18425
18414
18407
18402
18398
18383
18376
18374
18370
18324
18309
18298
18286
18279
18251
18251
18236
18231
18228
18227
18208
18203
18199
18196
18186
18185
18163
18161
18157
18147
18133
18126
18119
18113
18091
18052
18045
18038
18036
17982
17979
17975
17962
17959
17938
17918
17899
17893
17877
17852
17790
17785
17766
17751
17750
17717
17711
17706
17696
17656
17633
17626
17619
17619
17614
17573
17572
17563
17554
17550
17544
17542
17531
17515
17493
17493
17478
17474
17461
17450
17438
17423
17417
17396
17383
17353
17328
17323
17303
17301
17290
17286
17282
17262
17259
17258
17253
17241
17229
17224
17207
17194
17193
17193
17191
17184
17158
17153
17146
17140
17137
17125
17124
17123
17115
17105
17066
17035
17033
17019
17013
17013
17006
17001
16989
16988
16969
16960
16954
16948
16946
16924
16914
16901
16881
16865
16863
16846
16844
16844
16838
16811
16801
16794
16792
16790
16789
16783
16782
16778
16768
16765
16755
16755
16753
16753
16741
16733
16730
16730
16716
16713
16704
16692
16664
16658
16654
16654
16640
16632
16626
16621
16620
16619
16614
16614
16587
16571
16522
16505
16483
16467
16467
16466
16464
16446
16438
16436
16429
16427
16421
16406
16402
16390
16385
16380
16373
16371
16359
16356
16348
16348
16344
16335
16331
16325
16315
16301
16271
16271
16265
16255
16247
16224
16223
16214
16204
16201
16192
16188
16180
16176
16173
16173
16170
16169
16160
16137
16135
16133
16117
16113
16106
16094
16072
16055
16048
16040
16033
16030
16023
15985
15976
15973
15961
15955
15946
15933
15903
15880
15863
15843
15826
15810
15804
15801
15797
15783
15776
15775
15762
15752
15744
15707
15690
15683
15682
15680
15654
15651
15639
15638
15623
15609
15604
15603
15583
15574
15567
15559
15556
15556
15540
15516
15515
15511
15509
15493
15491
15485
15484
15467
15455
15436
15422
15422
15419
15398
15380
15377
15345
15343
15336
15324
15307
15290
15276
15271
15269
15268
15267
15248
15246
15242
15229
15226
15224
15223
15217
15199
15197
15186
15174
15136
15125
15116
15114
15102
15100
15093
15079
15073
15065
15050
15049
14985
14980
14964
14934
14931
14923
14921
14917
14909
14902
14895
14889
14880
14871
14869
14865
14824
14817
14804
14777
14763
14760
14757
14755
14744
14725
14724
14719
14712
14704
14698
14678
14659
14642
14618
14613
14607
14605
14587
14583
14580
14555
14530
14519
14506
14497
14496
14495
14477
14474
14460
14450
14439
14434
14432
14430
14429
14425
14418
14413
14404
14402
14402
14383
14377
14364
14355
14333
14333
14328
14321
14317
14317
14308
14291
14288
14275
14268
14249
14244
14239
14238
14233
14232
14232
14220
14218
14197
14192
14184
14179
14168
14123
14114
14108
14094
14074
14072
14063
14030
13977
13968
13967
13961
13947
13941
13922
13870
13862
13839
13821
13809
13805
13804
13795
13789
13780
13774
13764
13761
13741
13738
13733
13709
13698
13697
13671
13668
13660
13621
13602
13584
13569
13564
13559
13548
13539
13536
13531
13514
13498
13496
13488
13484
13482
13476
13471
13446
13431
13387
13375
13375
13373
13368
13367
13366
13365
13352
13349
13345
13343
13331
13325
13304
13275
13275
13265
13257
13251
13247
13246
13244
13218
13191
13182
13168
13157
13143
13142
13140
13119
13117
13117
13104
13073
13071
13066
13045
13021
13012
12996
12967
12955
12901
12895
12882
12874
12869
12851
12848
12848
12844
12843
12826
12819
12787
12786
12774
12768
12760
12758
12756
12749
12748
12743
12734
12733
12728
12725
12721
12707
12701
12697
12681
12673
12660
12659
12636
12634
12631
12610
12589
12580
12578
12573
12551
12536
12514
12511
12508
12500
12496
12493
12490
12477
12460
12437
12428
12425
12424
12423
12421
12413
12380
12374
12364
12354
12347
12339
12310
12303
12278
12269
12251
12250
12239
12236
12225
12221
12220
12204
12197
12194
12169
12165
12161
12143
12140
12135
12134
12126
12114
12091
12090
12079
12075
12056
12052
12033
12029
12028
12026
12016
12012
11983
11983
11976
11970
11967
11944
11935
11934
11927
11925
11917
11917
11917
11911
11900
11900
11898
11894
11891
11881
11880
11876
11874
11861
11855
11852
11830
11824
11822
11819
11813
11805
11803
11775
11775
11775
11758
11753
11745
11730
11716
11705
11684
11683
11672
11670
11663
11651
11644
11634
11632
11618
11614
11578
11570
11564
11560
11556
11546
11544
11536
11522
11516
11501
11480
11448
11447
11446
11443
11436
11432
11418
11397
11396
11378
11360
11353
11352
11345
11341
11333
11333
11306
11283
11282
11263
11241
11239
11219
11187
11186
11179
11174
11174
11162
11160
11158
11148
11124
11101
11060
11047
11044
11042
11030
11030
11028
11018
10991
10988
10985
10971
10962
10952
10949
10936
10917
10915
10906
10891
10890
10889
10875
10870
10860
10842
10838
10829
10825
10800
10765
10760
10756
10740
10710
10709
10680
10676
10649
10636
10606
10592
10565
10545
10544
10541
10530
10502
10501
10498
10492
10481
10472
10461
10455
10433
10430
10425
10416
10411
10408
10404
10401
10395
10372
10328
10303
10290
10285
10271
10258
10255
10253
10246
10244
10222
10217
10214
10205
10201
10195
10179
10172
10152
10139
10136
10129
10125
10119
10103
10099
10082
10074
10070
10069
10046
10040
10037
10024
10019
10018
10006
10005
9999
9988
9982
9963
9960
9954
9951
9939
9929
9922
9911
9901
9883
9882
9880
9851
9833
9814
9807
9805
9797
9792
9791
9771
9760
9753
9747
9733
9725
9721
9712
9711
9700
9695
9691
9680
9666
9656
9647
9645
9626
9609
9601
9595
9583
9580
9556
9539
9535
9499
9462
9458
9449
9445
9443
9436
9430
9429
9426
9404
9361
9341
9323
9315
9300
9285
9283
9276
9275
9262
9259
9203
9190
9187
9181
9180
9176
9174
9171
9167
9165
9164
9143
9131
9126
9126
9123
9108
9098
9092
9090
9066
9049
9045
9028
9027
9027
9021
9007
8994
8974
8972
8963
8946
8936
8934
8932
8925
8890
8886
8883
8876
8817
8809
8809
8805
8797
8788
8784
8784
8774
8774
8773
8735
8733
8729
8729
8729
8728
8725
8712
8700
8698
8682
8680
8678
8642
8638
8636
8626
8617
8614
8609
8596
8585
8581
8579
8568
8555
8542
8539
8538
8522
8521
8505
8504
8469
8462
8431
8420
8405
8379
8348
8348
8337
8329
8295
8292
8288
8285
8270
8270
8253
8249
8247
8239
8217
8200
8195
8150
8141
8139
8115
8114
8106
8095
8089
8085
8084
8072
8052
8044
8040
8038
8036
8024
8022
8020
8018
7999
7989
7981
7967
7929
7927
7922
7901
7893
7891
7886
7885
7880
7875
7874
7846
7844
7840
7833
7829
7820
7819
7812
7808
7802
7786
7784
7777
7757
7706
7694
7678
7664
7631
7629
7613
7608
7605
7584
7571
7552
7530
7509
7492
7490
7480
7474
7442
7442
7434
7418
7416
7403
7384
7378
7369
7364
7361
7329
7286
7282
7242
7242
7241
7239
7236
7232
7219
7207
7190
7189
7187
7179
7177
7173
7167
7166
7156
7116
7112
7102
7098
7096
7095
7090
7079
7047
7026
7026
7009
7006
7003
6996
6992
6990
6979
6976
6973
6962
6943
6942
6912
6873
6853
6845
6843
6839
6837
6829
6829
6815
6814
6809
6806
6791
6789
6783
6760
6756
6752
6737
6720
6714
6712
6701
6699
6696
6693
6679
6655
6652
6642
6630
6630
6625
6605
6588
6587
6580
6576
6576
6553
6545
6532
6523
6522
6521
6514
6511
6491
6470
6455
6439
6430
6421
6418
6408
6403
6399
6397
6385
6372
6366
6347
6318
6316
6313
6306
6288
6288
6261
6236
6232
6229
6222
6219
6210
6195
6190
6186
6171
6124
6096
6077
6067
6064
6060
6043
6038
6018
6018
6005
6005
5998
5989
5982
5981
5981
5971
5959
5941
5934
5930
5926
5926
5922
5919
5885
5867
5866
5853
5845
5845
5828
5825
5787
5773
5753
5735
5732
5682
5675
5651
5639
5635
5615
5602
5600
5597
5595
5586
5585
5580
5577
5561
5560
5559
5557
5550
5549
5549
5542
5539
5538
5537
5535
5534
5526
5524
5498
5490
5485
5477
5466
5465
5461
5455
5452
5449
5432
5428
5425
5421
5409
5407
5399
5389
5385
5366
5363
5326
5322
5317
5295
5290
5289
5272
5272
5267
5264
5217
5200
5193
5192
5191
5186
5180
5164
5154
5147
5139
5135
5130
5120
5114
5113
5090
5072
5067
5049
5034
5017
5016
5011
5002
4991
4985
4958
4927
4897
4893
4876
4868
4860
4855
4828
4827
4821
4814
4801
4800
4797
4782
4782
4777
4773
4765
4762
4752
4749
4748
4720
4698
4693
4690
4668
4665
4642
4636
4635
4632
4632
4619
4617
4607
4586
4560
4557
4551
4550
4525
4522
4514
4510
4501
4488
4478
4471
4466
4464
4454
4447
4437
4433
4432
4427
4407
4405
4405
4405
4402
4398
4370
4368
4364
4360
4341
4333
4317
4311
4305
4295
4287
4286
4285
4273
4266
4232
4231
4231
4225
4189
4187
4187
4170
4163
4162
4160
4153
4152
4144
4142
4140
4118
4110
4099
4097
4080
4077
4057
4041
4037
4028
4012
3979
3967
3963
3924
3912
3909
3904
3895
3892
3884
3877
3877
3876
3869
3865
3837
3837
3811
3789
3788
3788
3755
3736
3727
3721
3713
3707
3706
3703
3688
3685
3683
3681
3665
3649
3642
3612
3589
3585
3580
3579
3570
3568
3568
3565
3562
3555
3536
3533
3522
3516
3486
3470
3463
3461
3421
3418
3392
3385
3383
3383
3373
3372
3368
3367
3367
3322
3322
3313
3306
3300
3299
3258
3227
3224
3210
3183
3175
3174
3168
3165
3156
3153
3152
3152
3139
3136
3135
3124
3122
3121
3108
3094
3085
3034
3019
3010
2994
2981
2972
2946
2938
2937
2937
2927
2921
2898
2898
2897
2882
2881
2877
2866
2834
2797
2795
2792
2784
2766
2742
2724
2724
2717
2713
2707
2705
2683
2647
2647
2644
2644
2643
2625
2625
2611
2604
2603
2596
2546
2543
2519
2518
2505
2502
2493
2482
2476
2471
2468
2467
2448
2429
2425
2390
2387
2362
2359
2351
2342
2328
2316
2313
2295
2292
2282
2276
2231
2220
2218
2217
2214
2200
2197
2189
2186
2185
2170
2163
2156
2150
2121
2118
2083
2077
2049
2032
2023
2017
2016
2012
1991
1990
1981
1963
1951
1946
1940
1939
1893
1888
1886
1881
1876
1870
1870
1854
1850
1849
1835
1831
1811
1800
1797
1787
1782
1781
1778
1770
1762
1757
1746
1738
1725
1722
1720
1719
1717
1702
1696
1684
1676
1667
1666
1666
1666
1663
1644
1638
1631
1631
1616
1584
1573
1567
1567
1555
1549
1545
1532
1506
1488
1483
1482
1478
1464
1447
1447
1424
1415
1395
1382
1374
1356
1324
1319
1311
1282
1278
1276
1255
1250
1233
1229
1215
1215
1205
1181
1179
1170
1154
1149
1141
1118
1117
1098
1092
1089
1088
1083
1066
1063
1062
1056
1056
1040
1032
1028
1021
1020
1013
1007
1007
975
969
966
964
964
959
956
944
944
942
939
938
932
928
921
918
914
912
905
881
878
877
839
829
811
804
796
772
758
725
721
720
715
710
704
678
677
657
655
622
621
616
615
611
607
607
602
599
596
595
583
575
574
574
571
531
515
511
508
500
499
496
491
475
465
455
454
454
441
429
403
389
371
370
368
368
359
355
351
341
329
323
321
303
273
254
250
239
225
214
214
198
195
186
180
178
175
170
170
157
156
156
151
150
148
144
135
132
111
101
84
74
64
59
58
31
22
10
