5
9
13
25
33
34
39
46
52
74
76
81
84
86
91
112
132
134
137
154
161
173
175
195
203
223
242
254
262
263
266
272
286
324
328
345
352
355
366
376
377
389
396
405
406
423
434
441
449
453
463
500
503
504
513
523
524
557
558
564
578
580
584
591
591
596
626
629
639
642
650
654
656
660
660
685
707
740
758
759
765
786
812
826
837
841
852
867
887
888
892
902
910
913
921
944
945
953
954
967
996
998
1006
1008
1030
1051
1059
1062
1094
1099
1114
1122
1124
1129
1138
1149
1156
1163
1164
1173
1182
1182
1184
1190
1204
1205
1205
1215
1227
1236
1254
1292
1299
1302
1305
1317
1334
1338
1346
1347
1350
1379
1380
1387
1397
1399
1407
1410
1414
1440
1449
1452
1467
1468
1468
1479
1522
1531
1549
1576
1577
1579
1597
1614
1627
1629
1634
1635
1643
1649
1651
1669
1669
1670
1677
1679
1687
1702
1708
1729
1731
1734
1734
1784
1789
1793
1810
1819
1819
1830
1840
1843
1854
1880
1889
1892
1901
1944
1952
1967
1972
1982
1985
1988
2000
2002
2012
2013
2020
2039
2044
2049
2065
2072
2097
2105
2117
2125
2126
2133
2138
2147
2153
2173
2178
2189
2195
2200
2200
2204
2223
2223
2236
2238
2241
2252
2283
2291
2318
2324
2339
2339
2343
2349
2375
2381
2387
2388
2405
2407
2414
2422
2432
2452
2454
2457
2458
2469
2479
2495
2497
2541
2548
2562
2568
2571
2578
2592
2612
2613
2619
2629
2641
2641
2653
2662
2673
2674
2692
2697
2698
2698
2713
2732
2734
2737
2738
2740
2749
2764
2776
2782
2799
2820
2832
2836
2838
2857
2857
2862
2874
2878
2888
2939
2951
2962
2966
2986
2993
2993
2995
3012
3040
3040
3045
3046
3051
3074
3085
3088
3091
3143
3153
3156
3164
3168
3171
3181
3191
3192
3201
3204
3219
3220
3230
3245
3246
3250
3254
3319
3323
3324
3341
3402
3420
3430
3434
3436
3437
3440
3441
3446
3448
3468
3471
3472
3478
3480
3484
3494
3497
3505
3505
3507
3514
3516
3530
3533
3539
3542
3545
3546
3548
3557
3572
3573
3574
3583
3591
3594
3613
3625
3627
3632
3642
3644
3658
3668
3675
3683
3691
3694
3695
3698
3716
3718
3726
3744
3746
3754
3761
3793
3794
3799
3806
3813
3827
3839
3841
3844
3847
3856
3857
3866
3881
3904
3906
3912
3914
3915
3920
3924
3932
3942
3955
3970
3977
3981
3986
3987
3992
4007
4032
4035
4037
4042
4064
4071
4075
4075
4076
4088
4098
4113
4127
4136
4140
4161
4164
4170
4173
4175
4192
4194
4195
4239
4243
4245
4245
4249
4274
4278
4281
4316
4324
4340
4341
4343
4345
4347
4355
4364
4365
4370
4377
4382
4399
4403
4422
4422
4423
4443
4465
4475
4496
4505
4523
4532
4547
4577
4598
4605
4605
4621
4635
4646
4648
4649
4662
4668
4668
4678
4701
4713
4714
4717
4724
4736
4752
4785
4815
4818
4819
4843
4849
4914
4923
4926
4938
4955
4964
4968
5006
5045
5054
5063
5066
5068
5068
5085
5115
5115
5119
5125
5129
5157
5157
5169
5180
5182
5186
5197
5202
5208
5230
5238
5238
5263
5276
5282
5282
5300
5308
5315
5316
5327
5346
5357
5374
5375
5389
5397
5409
5413
5417
5429
5432
5438
5440
5445
5451
5467
5481
5486
5495
5501
5529
5531
5534
5534
5537
5542
5550
5572
5580
5584
5584
5586
5603
5605
5623
5658
5661
5677
5678
5690
5690
5693
5703
5703
5704
5719
5735
5753
5766
5773
5781
5783
5806
5812
5846
5847
5851
5852
5867
5904
5920
5926
5927
5930
5941
5945
5953
5959
5978
5979
6001
6016
6023
6025
6080
6085
6130
6134
6138
6149
6161
6164
6172
6173
6189
6207
6210
6212
6220
6225
6246
6249
6257
6257
6268
6271
6287
6288
6289
6291
6294
6296
6316
6318
6319
6335
6351
6352
6353
6366
6379
6381
6388
6389
6393
6393
6396
6397
6399
6414
6417
6422
6424
6429
6437
6439
6449
6474
6475
6494
6497
6532
6559
6568
6579
6592
6599
6604
6610
6625
6632
6639
6658
6658
6692
6713
6722
6751
6756
6783
6816
6827
6834
6846
6852
6878
6910
6913
6924
6931
6939
6961
6985
6986
6991
7003
7010
7021
7022
7032
7035
7037
7040
7044
7048
7051
7059
7085
7089
7093
7093
7104
7121
7130
7136
7139
7140
7156
7180
7183
7185
7185
7187
7209
7215
7251
7262
7264
7287
7290
7293
7309
7310
7316
7328
7349
7364
7365
7369
7374
7378
7435
7442
7446
7448
7452
7458
7476
7478
7511
7521
7542
7554
7586
7592
7619
7620
7628
7636
7639
7643
7684
7719
7727
7730
7744
7749
7760
7783
7801
7803
7804
7806
7810
7810
7817
7847
7865
7867
7889
7892
7904
7913
7918
7918
7935
7950
7954
7963
7974
8006
8010
8019
8033
8059
8061
8063
8067
8088
8097
8106
8112
8122
8129
8140
8143
8156
8156
8167
8169
8195
8203
8214
8235
8237
8266
8287
8297
8299
8331
8331
8337
8343
8352
8361
8382
8394
8397
8412
8425
8427
8443
8444
8453
8453
8468
8484
8486
8487
8512
8513
8518
8537
8549
8551
8565
8599
8609
8617
8619
8620
8626
8629
8629
8630
8672
8683
8696
8721
8724
8732
8747
8773
8774
8777
8785
8813
8826
8831
8834
8841
8848
8850
8872
8888
8892
8907
8908
8915
8928
8953
8959
8976
8982
8993
8998
9003
9022
9027
9028
9032
9035
9084
9086
9091
9097
9109
9113
9114
9137
9140
9142
9149
9159
9165
9169
9197
9199
9204
9213
9246
9247
9250
9275
9277
9282
9287
9289
9320
9337
9343
9345
9365
9367
9381
9385
9391
9392
9406
9424
9431
9436
9442
9452
9465
9474
9477
9481
9486
9489
9512
9538
9555
9556
9562
9563
9580
9628
9642
9642
9649
9651
9656
9662
9667
9673
9676
9713
9715
9741
9744
9753
9771
9805
9807
9808
9819
9820
9827
9829
9833
9859
9869
9870
9873
9888
9895
9902
9916
9934
9939
9960
9999
10003
10003
10007
10014
10021
10033
10034
10044
10078
10079
10081
10098
10118
10123
10127
10138
10147
10150
10167
10169
10180
10186
10188
10193
10197
10205
10210
10214
10218
10233
10235
10241
10275
10282
10298
10307
10310
10314
10327
10328
10331
10331
10339
10354
10369
10372
10382
10384
10387
10408
10419
10426
10428
10460
10463
10494
10508
10510
10518
10520
10523
10541
10551
10555
10564
10575
10590
10591
10592
10609
10634
10641
10651
10653
10666
10668
10672
10672
10675
10684
10685
10706
10710
10713
10716
10740
10750
10762
10772
10813
10830
10830
10833
10866
10869
10881
10884
10887
10894
10905
10906
10915
10917
10919
10948
10969
10977
10992
10999
11006
11022
11042
11061
11061
11066
11079
11080
11102
11134
11144
11144
11145
11149
11162
11174
11186
11191
11194
11204
11221
11225
11231
11240
11247
11248
11250
11269
11277
11279
11280
11286
11286
11306
11319
11321
11342
11344
11351
11355
11360
11361
11373
11381
11381
11426
11436
11442
11458
11460
11464
11467
11482
11486
11500
11511
11516
11537
11543
11546
11546
11557
11566
11571
11571
11581
11582
11593
11594
11617
11618
11619
11636
11649
11652
11677
11685
11685
11714
11724
11725
11729
11729
11733
11745
11756
11765
11785
11787
11797
11808
11809
11831
11835
11843
11845
11880
11884
11887
11888
11913
11931
11933
11937
11938
11938
11951
11953
11962
11963
11968
11969
11977
12007
12009
12015
12020
12030
12031
12033
12048
12055
12059
12068
12068
12089
12091
12097
12097
12105
12107
12115
12115
12119
12164
12171
12177
12179
12199
12202
12210
12214
12238
12241
12243
12249
12253
12258
12278
12289
12309
12330
12343
12344
12358
12363
12374
12395
12402
12406
12412
12422
12430
12450
12481
12497
12498
12504
12505
12518
12521
12530
12531
12536
12545
12563
12570
12579
12590
12597
12607
12611
12630
12634
12635
12649
12662
12667
12672
12678
12687
12691
12705
12715
12718
12728
12761
12763
12769
12789
12802
12802
12806
12810
12817
12817
12861
12881
12883
12893
12912
12918
12944
12959
12961
12976
12990
13016
13018
13033
13044
13059
13084
13092
13112
13182
13211
13234
13242
13250
13257
13267
13269
13288
13298
13299
13311
13316
13349
13349
13354
13355
13356
13364
13373
13378
13383
13385
13398
13400
13428
13434
13439
13441
13448
13450
13465
13473
13478
13490
13531
13564
13579
13581
13588
13603
13609
13621
13623
13624
13628
13652
13677
13681
13700
13754
13754
13775
13799
13811
13814
13824
13828
13830
13837
13838
13881
13889
13894
13897
13918
13927
13930
13931
13941
13951
13965
14023
14028
14029
14047
14051
14055
14071
14072
14072
14082
14094
14122
14123
14125
14127
14129
14136
14137
14140
14163
14183
14185
14200
14203
14203
14205
14211
14212
14223
14235
14249
14251
14256
14260
14263
14284
14286
14298
14301
14314
14326
14327
14331
14337
14337
14351
14354
14368
14377
14390
14403
14414
14442
14452
14460
14463
14495
14497
14511
14523
14524
14528
14536
14548
14551
14574
14579
14589
14594
14601
14605
14609
14624
14632
14633
14646
14647
14674
14679
14684
14702
14707
14710
14717
14723
14731
14740
14746
14750
14755
14762
14764
14769
14777
14779
14808
14816
14818
14823
14824
14831
14841
14846
14878
14910
14922
14943
14957
14962
14964
14966
14967
14968
14977
14977
14988
14995
14996
14998
15004
15011
15018
15024
15026
15034
15055
15062
15065
15066
15073
15092
15097
15105
15107
15109
15117
15139
15157
15158
15159
15184
15189
15202
15204
15227
15231
15236
15241
15256
15256
15259
15291
15295
15295
15314
15319
15330
15332
15344
15360
15361
15364
15377
15386
15423
15426
15452
15459
15466
15491
15506
15522
15554
15571
15595
15598
15599
15603
15609
15651
15659
15673
15681
15685
15689
15695
15698
15707
15707
15713
15722
15735
15740
15764
15771
15773
15780
15802
15812
15822
15824
15833
15835
15857
15857
15859
15871
15887
15901
15916
15916
15920
15925
15941
15947
15955
15968
15970
16009
16031
16033
16043
16056
16074
16075
16075
16081
16098
16105
16111
16116
16150
16159
16159
16166
16169
16176
16188
16194
16207
16217
16249
16292
16298
16310
16319
16322
16323
16324
16335
16338
16353
16362
16362
16363
16378
16386
16404
16421
16443
16444
16460
16461
16469
16473
16478
16492
16500
16503
16515
16516
16518
16540
16553
16562
16567
16582
16603
16620
16645
16652
16663
16668
16708
16710
16724
16727
16728
16741
16750
16754
16755
16776
16791
16815
16821
16846
16870
16902
16930
16931
16946
16949
16958
16960
17016
17018
17035
17081
17122
17124
17180
17181
17202
17216
17231
17233
17240
17246
17266
17272
17285
17289
17293
17305
17306
17310
17315
17320
17329
17345
17392
17400
17408
17411
17418
17430
17449
17455
17458
17459
17468
17505
17516
17521
17526
17530
17545
17545
17562
17579
17593
17595
17627
17680
17697
17736
17737
17738
17740
17747
17756
17768
17773
17790
17802
17805
17809
17812
17814
17814
17825
17830
17838
17839
17848
17855
17864
17867
17867
17869
17883
17889
17898
17904
17909
17918
17931
17950
17964
17978
17986
17989
17994
17997
18003
18016
18016
18016
18018
18030
18044
18047
18047
18054
18078
18084
18099
18114
18120
18126
18160
18160
18164
18169
18197
18200
18213
18234
18237
18238
18260
18290
18291
18292
18300
18312
18314
18336
18339
18349
18357
18370
18377
18377
18390
18392
18395
18408
18409
18419
18440
18440
18446
18450
18451
18451
18452
18464
18474
18477
18481
18487
18489
18498
18503
18506
18507
18509
18537
18540
18560
18561
18569
18572
18587
18588
18589
18591
18601
18607
18623
18631
18643
18645
18662
18680
18688
18717
18721
18744
18752
18805
18808
18818
18820
18821
18826
18829
18833
18836
18859
18860
18869
18872
18882
18884
18898
18902
18923
18925
18929
18966
18976
18979
19019
19025
19028
19035
19038
19040
19050
19065
19070
19078
19082
19092
19095
19095
19125
19127
19128
19155
19163
19166
19168
19175
19177
19180
19190
19191
19198
19203
19211
19211
19218
19225
19264
19278
19279
19304
19312
19315
19320
19324
19362
19363
19376
19380
19419
19424
19426
19434
19449
19457
19464
19467
19467
19470
19473
19490
19508
19515
19516
19525
19525
19529
19539
19552
19582
19585
19588
19588
19590
19626
19630
19653
19654
19659
19660
19677
19678
19682
19682
19685
19695
19700
19704
19712
19724
19727
19732
19737
19739
19745
19758
19767
19778
19782
19801
19812
19816
19830
19835
19844
19845
19854
19860
19862
19878
19901
19910
19915
19935
19946
19953
19963
19971
19981
19990
20010
20029
20030
20033
20035
20038
20052
20072
20099
20117
20145
20149
20175
20191
20200
20201
20210
20216
20227
20230
20230
20252
20256
20257
20273
20274
20287
20291
20299
20302
20309
20314
20316
20331
20336
20343
20346
20347
20365
20378
20381
20384
20390
20417
20418
20427
20432
20440
20447
20450
20456
20465
20467
20478
20480
20482
20489
20494
20507
20511
20512
20521
20532
20537
20541
20542
20550
20552
20570
20577
20597
20601
20613
20616
20621
20626
20632
20633
20677
20679
20695
20699
20710
20750
20752
20767
20777
20787
20790
20809
20810
20814
20816
20831
20832
20847
20863
20868
20870
20875
20878
20879
20890
20910
20920
20930
20961
20978
20985
20987
20989
20996
21008
21013
21025
21033
21033
21046
21049
21056
21077
21079
21091
21101
21101
21123
21124
21129
21153
21156
21186
21186
21190
21192
21195
21213
21221
21236
21245
21254
21259
21275
21308
21311
21319
21321
21355
21373
21392
21416
21418
21419
21432
21463
21468
21478
21491
21492
21493
21500
21524
21539
21550
21570
21576
21580
21591
21593
21610
21618
21623
21638
21647
21653
21677
21678
21687
21691
21706
21707
21731
21738
21747
21755
21766
21767
21812
21821
21821
21824
21826
21831
21831
21831
21839
21841
21842
21843
21850
21851
21857
21869
21870
21872
21885
21887
21892
21906
21906
21913
21926
21932
21948
21952
21952
21954
21962
21965
21972
21977
21977
21981
21981
21989
22015
22039
22046
22062
22066
22066
22075
22084
22095
22108
22116
22118
22120
22126
22142
22172
22188
22190
22196
22205
22219
22247
22262
22287
22287
22289
22299
22324
22324
22326
22333
22342
22343
22358
22361
22372
22381
22395
22396
22405
22433
22441
22449
22458
22463
22465
22472
22480
22483
22488
22494
22497
22518
22522
22543
22570
22571
22580
22582
22587
22635
22656
22656
22658
22667
22673
22693
22712
22716
22719
22721
22726
22728
22728
22730
22735
22741
22759
22761
22771
22774
22776
22784
22807
22824
22845
22873
22885
22899
22901
22903
22908
22943
22954
22968
22971
22989
23020
23027
23030
23030
23034
23039
23058
23094
23097
23098
23109
23116
23121
23121
23128
23147
23152
23161
23164
23170
23172
23183
23189
23203
23244
23253
23257
23258
23283
23309
23317
23319
23322
23339
23363
23368
23372
23380
23385
23386
23390
23390
23393
23395
23417
23417
23425
23429
23452
23455
23513
23523
23533
23534
23552
23613
23621
23623
23623
23664
23672
23679
23685
23712
23718
23723
23726
23735
23741
23766
23774
23780
23787
23793
23809
23812
23815
23825
23834
23838
23858
23866
23882
23884
23895
23901
23919
23922
23926
23926
23927
23928
23934
23951
23956
23968
23982
23990
24000
24000
24016
24021
24034
24048
24063
24070
24070
24079
24087
24092
24109
24110
24133
24158
24160
24162
24169
24179
24179
24184
24184
24195
24200
24205
24207
24208
24229
24242
24252
24255
24272
24297
24308
24314
24314
24315
24320
24330
24370
24372
24398
24424
24428
24438
24443
24449
24454
24455
24459
24463
24465
24480
24498
24505
24518
24526
24528
24542
24557
24559
24568
24575
24586
24594
24620
24633
24638
24649
24667
24671
24671
24688
24690
24691
24719
24731
24737
24746
24757
24761
24773
24781
24790
24796
24798
24799
24805
24825
24842
24872
24895
24896
24907
24910
24919
24936
24953
24955
24956
24959
24966
24974
24976
24990
25004
25007
25020
25026
25079
25091
25093
25099
25102
25110
25129
25157
25167
25169
25184
25185
25189
25198
25218
25224
25225
25242
25246
25256
25261
25264
25265
25277
25288
25289
25299
25303
25321
25335
25358
25359
25360
25393
25394
25408
25414
25427
25462
25462
25466
25466
25476
25479
25481
25514
25541
25546
25549
25570
25576
25581
25589
25590
25592
25594
25596
25596
25607
25609
25623
25625
25631
25644
25667
25670
25714
25720
25721
25733
25734
25774
25811
25819
25819
25820
25821
25869
25878
25883
25884
25889
25900
25901
25908
25912
25940
25944
25948
25968
25974
25981
25983
25984
25988
25992
25992
26024
26042
26077
26101
26105
26121
26124
26125
26128
26132
26133
26133
26138
26141
26147
26149
26159
26161
26215
26224
26246
26251
26261
26274
26297
26299
26303
26309
26317
26321
26338
26346
26349
26354
26371
26376
26384
26385
26386
26409
26418
26421
26422
26431
26436
26447
26457
26458
26461
26466
26468
26480
26493
26499
26514
26520
26527
26529
26533
26535
26538
26550
26575
26580
26593
26614
26615
26623
26631
26636
26636
26674
26675
26691
26695
26695
26731
26731
26733
26740
26742
26742
26761
26765
26765
26801
26806
26825
26825
26830
26835
26873
26874
26875
26878
26880
26886
26893
26902
26922
26933
26936
26944
26951
26951
26981
26985
26989
27022
27025
27025
27027
27045
27058
27066
27080
27083
27105
27114
27115
27118
27125
27130
27131
27133
27152
27185
27211
27237
27246
27250
27253
27256
27280
27286
27289
27304
27304
27315
27321
27322
27342
27344
27356
27358
27371
27391
27400
27402
27427
27450
27467
27488
27503
27532
27541
27547
27554
27573
27580
27580
27580
27587
27600
27604
27630
27631
27635
27640
27655
27669
27672
27679
27682
27682
27683
27683
27710
27721
27734
27753
27756
27777
27782
27786
27792
27804
27832
27837
27869
27870
27881
27882
27893
27942
27949
27965
27966
27982
28014
28020
28021
28025
28028
28043
28049
28054
28059
28079
28082
28084
28086
28086
28113
28124
28130
28155
28169
28183
28186
28231
28234
28236
28242
28245
28249
28256
28258
28266
28267
28274
28278
28281
28285
28311
28320
28350
28351
28351
28354
28354
28361
28370
28373
28387
28422
28437
28442
28446
28460
28461
28463
28497
28500
28501
28515
28524
28532
28579
28591
28601
28603
28608
28629
28632
28645
28652
28659
28679
28691
28705
28710
28715
28717
28730
28731
28748
28755
28756
28761
28767
28770
28770
28772
28777
28789
28799
28825
28839
28843
28859
28871
28896
28905
28949
28984
28991
29000
29020
29021
29028
29030
29033
29050
29058
29073
29089
29095
29098
29113
29135
29146
29161
29166
29179
29203
29205
29207
29209
29211
29216
29230
29245
29245
29253
29256
29258
29261
29264
29265
29286
29288
29302
29311
29314
29319
29354
29356
29358
29367
29398
29409
29410
29423
29425
29427
29427
29429
29436
29462
29470
29474
29478
29482
29486
29494
29525
29537
29542
29545
29560
29563
29564
29570
29577
29588
29601
29631
29643
29646
29647
29664
29701
29706
29710
29727
29734
29740
29746
29774
29794
29803
29811
29811
29816
29827
29848
29854
29856
29865
29908
29911
29912
29915
29918
29918
29936
29951
29970
30000
30008
30033
30036
30054
30058
30080
30083
30092
30103
30107
30111
30131
30133
30134
30134
30135
30139
30145
30160
30170
30174
30181
30184
30194
30197
30212
30216
30226
30236
30253
30264
30283
30300
30306
30327
30347
30352
30352
30365
30393
30393
30394
30396
30407
30428
30429
30447
30449
30451
30472
30473
30483
30486
30504
30528
30530
30532
30547
30551
30551
30568
30583
30588
30593
30601
30612
30634
30641
30651
30651
30659
30674
30690
30697
30700
30712
30733
30764
30767
30774
30776
30782
30790
30799
30830
30835
30847
30854
30855
30863
30874
30876
30882
30890
30894
30925
30928
30934
30939
30948
30951
30953
30963
30983
30983
30990
31000
31003
31029
31039
31040
31060
31062
31074
31097
31101
31118
31156
31163
31165
31166
31173
31182
31183
31188
31200
31202
31205
31216
31245
31254
31272
31278
31290
31290
31302
31341
31379
31389
31393
31407
31407
31419
31434
31442
31451
31458
31466
31469
31472
31493
31504
31522
31523
31524
31539
31541
31544
31561
31574
31577
31600
31605
31610
31635
31641
31643
31647
31660
31666
31678
31684
31686
31695
31699
31704
31719
31725
31729
31759
31761
31762
31766
31774
31776
31832
31840
31876
31887
31895
31903
31932
31933
31933
31938
31945
31958
31961
31993
32063
32063
32070
32083
32085
32085
32087
32100
32116
32140
32181
32186
32187
32199
32205
32210
32217
32241
32298
32299
32307
32312
32339
32341
32344
32345
32351
32353
32357
32362
32371
32377
32398
32429
32446
32462
32464
32469
32469
32470
32472
32478
32488
32511
32525
32541
32546
32552
32565
32580
32582
32591
32592
32595
32611
32619
32620
32621
32628
32628
32628
32632
32636
32646
32654
32655
32660
32685
32695
32699
32711
32715
32739
32758
32760
32764
32765
32785
32786
32786
32788
32796
32811
32831
32832
32845
32856
32865
32874
32875
32884
32889
32913
32926
32935
32937
32938
32948
32948
32963
32963
32968
32970
32991
33002
33017
33021
33021
33023
33030
33043
33046
33057
33060
33077
33086
33091
33093
33096
33097
33103
33104
33109
33109
33122
33123
33129
33146
33151
33164
33167
33193
33197
33213
33225
33235
33239
33239
33246
33249
33253
33268
33270
33272
33298
33308
33311
33325
33332
33344
33354
33358
33364
33379
33391
33394
33395
33397
33407
33415
33416
33425
33429
33474
33475
33478
33483
33484
33504
33513
33524
33541
33556
33557
33569
33593
33622
33633
33634
33635
33652
33670
33695
33722
33730
33732
33742
33761
33774
33778
33790
33806
33816
33823
33832
33853
33853
33855
33857
33882
33911
33912
33949
33959
33960
33974
34027
34032
34042
34046
34061
34062
34086
34096
34097
34099
34109
34115
34118
34176
34182
34189
34204
34221
34248
34274
34283
34293
34302
34305
34309
34317
34325
34335
34340
34352
34353
34355
34356
34363
34370
34383
34393
34404
34417
34420
34427
34431
34434
34442
34454
34476
34477
34481
34483
34487
34504
34507
34549
34560
34561
34575
34583
34589
34592
34619
34621
34623
34625
34631
34635
34638
34642
34643
34643
34648
34664
34672
34700
34712
34716
34725
34732
34735
34739
34742
34747
34777
34777
34779
34800
34807
34824
34826
34833
34838
34842
34847
34849
34853
34856
34865
34868
34874
34880
34893
34900
34907
34908
34920
34932
34936
34953
34957
34958
34972
34981
34992
34998
34999
35007
35028
35043
35045
35046
35047
35057
35058
35076
35081
35085
35091
35141
35150
35151
35196
35196
35202
35209
35222
35243
35243
35261
35262
35276
35282
35310
35312
35314
35314
35330
35334
35352
35367
35379
35384
35391
35402
35432
35444
35445
35452
35457
35459
35467
35486
35494
35509
35518
35538
35559
35573
35592
35600
35609
35616
35620
35638
35642
35649
35658
35669
35691
35706
35710
35725
35744
35752
35754
35754
35755
35764
35766
35767
35781
35784
35791
35812
35816
35817
35819
35824
35844
35844
35845
35863
35869
35877
35879
35882
35889
35891
35910
35923
35931
35931
35936
35941
35945
35946
35956
35958
35971
35976
35979
35984
35986
35991
36000
36011
36015
36019
36049
36087
36093
36117
36122
36138
36141
36198
36239
36250
36278
36286
36293
36293
36298
36308
36311
36324
36330
36342
36347
36355
36359
36364
36381
36388
36458
36462
36475
36489
36493
36498
36504
36508
36518
36526
36566
36576
36578
36585
36588
36589
36592
36627
36629
36644
36654
36663
36666
36675
36695
36707
36716
36763
36776
36781
36783
36802
36806
36815
36822
36866
36893
36894
36910
36927
36928
36936
36943
36956
36988
36992
37022
37034
37037
37040
37049
37057
37066
37073
37074
37082
37090
37107
37115
37121
37132
37133
37134
37136
37141
37159
37166
37168
37169
37176
37210
37213
37232
37237
37251
37253
37255
37258
37262
37277
37288
37289
37291
37296
37302
37306
37309
37328
37362
37372
37397
37427
37441
37442
37470
37497
37502
37509
37511
37511
37542
37560
37566
37595
37595
37596
37602
37611
37643
37653
37658
37686
37719
37720
37725
37736
37740
37741
37752
37763
37763
37770
37773
37784
37785
37785
37798
37802
37811
37823
37828
37836
37844
37853
37868
37884
37891
37896
37909
37910
37912
37931
37936
37952
37952
37961
37965
37993
37993
37996
38003
38007
38010
38012
38025
38048
38060
38068
38073
38074
38077
38084
38086
38114
38114
38137
38153
38154
38154
38166
38178
38197
38197
38205
38221
38235
38240
38241
38260
38265
38272
38282
38284
38286
38289
38289
38297
38310
38342
38344
38352
38357
38375
38387
38428
38430
38438
38449
38506
38508
38515
38519
38528
38535
38551
38561
38593
38622
38622
38623
38627
38629
38638
38639
38644
38654
38668
38669
38669
38677
38678
38682
38695
38695
38697
38712
38725
38739
38739
38798
38846
38879
38891
38905
38906
38912
38921
38926
38941
38942
38944
38945
38949
38957
38961
38976
38979
38980
38986
39000
39029
39035
39038
39048
39053
39063
39067
39069
39088
39091
39104
39116
39118
39137
39140
39145
39160
39171
39178
39178
39188
39193
39198
39205
39229
39231
39231
39240
39245
39249
39251
39252
39271
39285
39285
39305
39358
39377
39380
39393
39401
39424
39436
39462
39473
39482
39508
39534
39535
39574
39585
39604
39620
39627
39627
39635
39641
39647
39670
39684
39698
39698
39700
39701
39707
39714
39715
39730
39747
39752
39753
39767
39767
39768
39771
39799
39806
39810
39840
39850
39856
39874
39876
39916
39918
39920
39934
39936
39967
39972
40001
40004
40006
40008
40055
40055
40056
40062
40065
40075
40085
40101
40117
40138
40148
40157
40161
40171
40201
40206
40208
40214
40221
40229
40259
40262
40263
40266
40269
40281
40296
40307
40316
40321
40347
40362
40365
40370
40370
40381
40382
40408
40415
40422
40432
40441
40458
40464
40466
40482
40484
40491
40493
40502
40505
40507
40511
40522
40525
40543
40555
40559
40566
40576
40580
40587
40647
40663
40672
40682
40683
40700
40714
40719
40739
40757
40762
40784
40787
40790
40795
40814
40816
40823
40826
40828
40857
40858
40865
40869
40887
40889
40917
40919
40933
40936
40943
40959
40959
40994
40996
41002
41003
41022
41032
41043
41051
41067
41072
41089
41091
41101
41109
41109
41134
41140
41160
41165
41173
41175
41202
41213
41223
41238
41239
41242
41244
41249
41250
41252
41279
41309
41318
41323
41333
41334
41359
41360
41372
41385
41396
41410
41458
41471
41476
41476
41497
41510
41512
41530
41547
41559
41566
41571
41612
41614
41620
41640
41656
41661
41666
41669
41672
41680
41701
41708
41709
41711
41739
41768
41770
41809
41817
41835
41855
41880
41889
41897
41907
41920
41932
41935
41936
41939
41940
41944
41957
41963
41975
41978
41980
41986
41998
42013
42015
42026
42030
42034
42040
42053
42054
42097
42098
42100
42101
42102
42103
42113
42113
42115
42126
42130
42137
42138
42142
42148
42151
42172
42201
42223
42244
42251
42278
42303
42306
42312
42317
42327
42329
42346
42361
42373
42404
42413
42416
42421
42428
42429
42430
42442
42462
42479
42521
42529
42529
42554
42559
42561
42569
42595
42613
42622
42626
42640
42643
42645
42646
42647
42654
42664
42677
42677
42686
42695
42698
42700
42707
42720
42733
42738
42742
42742
42762
42764
42775
42775
42779
42780
42790
42800
42806
42809
42813
42820
42868
42884
42886
42890
42913
42913
42916
42924
42926
43006
43027
43035
43049
43050
43063
43081
43082
43090
43099
43100
43108
43111
43113
43118
43122
43134
43156
43161
43161
43176
43186
43186
43200
43206
43221
43224
43226
43242
43250
43260
43261
43265
43273
43289
43313
43323
43334
43348
43350
43363
43367
43373
43387
43417
43421
43423
43438
43448
43456
43468
43476
43499
43513
43530
43530
43559
43578
43581
43589
43595
43597
43620
43641
43643
43644
43647
43661
43668
43688
43693
43709
43709
43727
43731
43737
43739
43786
43795
43815
43824
43836
43839
43843
43849
43853
43863
43884
43885
43886
43895
43897
43901
43926
43939
43942
43956
43985
43985
43988
43991
44006
44008
44018
44027
44035
44048
44077
44082
44084
44107
44118
44120
44140
44144
44156
44169
44189
44205
44215
44221
44224
44228
44234
44237
44242
44242
44266
44275
44277
44282
44294
44340
44344
44354
44377
44378
44398
44404
44404
44423
44424
44426
44426
44426
44430
44442
44448
44453
44459
44464
44470
44492
44495
44497
44513
44513
44517
44549
44553
44554
44565
44578
44596
44596
44600
44604
44608
44612
44613
44617
44621
44650
44654
44654
44661
44677
44678
44687
44698
44710
44713
44719
44733
44736
44740
44741
44744
44757
44758
44760
44764
44766
44773
44799
44828
44830
44840
44850
44867
44891
44895
44898
44908
44927
44932
44935
44935
44961
44982
44996
45016
45022
45049
45056
45060
45063
45067
45070
45070
45087
45091
45092
45094
45103
45110
45133
45138
45149
45182
45228
45229
45235
45246
45248
45266
45271
45282
45282
45291
45296
45301
45308
45309
45333
45335
45359
45375
45376
45398
45412
45422
45472
45478
45478
45485
45486
45493
45497
45500
45502
45508
45516
45522
45547
45571
45577
45632
45637
45642
45651
45672
45677
45679
45687
45703
45704
45715
45730
45730
45747
45751
45752
45769
45777
45782
45784
45785
45787
45807
45815
45828
45834
45855
45855
45867
45871
45873
45891
45904
45904
45910
45922
45937
45950
45950
45954
45967
45974
45977
45981
46010
46020
46036
46041
46059
46061
46062
46063
46069
46090
46111
46133
46146
46150
46163
46167
46171
46175
46176
46187
46199
46209
46225
46227
46236
46249
46252
46252
46264
46273
46275
46298
46307
46317
46335
46337
46338
46379
46386
46426
46436
46449
46465
46506
46518
46527
46545
46552
46555
46574
46578
46582
46584
46589
46597
46599
46607
46612
46629
46634
46642
46651
46652
46667
46688
46691
46697
46698
46701
46725
46736
46756
46771
46773
46786
46792
46798
46817
46832
46842
46847
46860
46873
46875
46885
46887
46890
46928
46929
46956
46961
46976
46988
46990
46994
46997
46999
47006
47022
47023
47026
47030
47033
47036
47039
47054
47064
47084
47088
47090
47090
47094
47096
47105
47129
47140
47184
47185
47189
47194
47210
47217
47236
47255
47258
47267
47268
47269
47273
47276
47285
47288
47295
47299
47317
47333
47333
47333
47335
47338
47351
47369
47390
47403
47420
47422
47429
47437
47441
47443
47453
47456
47459
47463
47474
47475
47477
47482
47482
47499
47500
47542
47547
47547
47553
47566
47571
47587
47594
47594
47601
47615
47640
47641
47647
47653
47654
47668
47672
47688
47690
47698
47704
47712
47720
47720
47730
47733
47758
47765
47789
47799
47814
47836
47848
47877
47884
47897
47924
47933
47934
47950
47951
47953
47977
47981
48034
48038
48046
48046
48047
48047
48050
48071
48091
48094
48112
48113
48123
48132
48133
48136
48140
48143
48163
48179
48189
48190
48219
48219
48219
48235
48239
48251
48270
48279
48285
48305
48306
48314
48326
48331
48333
48353
48370
48371
48374
48386
48391
48404
48407
48409
48421
48428
48434
48472
48488
48492
48498
48500
48520
48538
48549
48575
48576
48581
48582
48583
48584
48587
48616
48617
48668
48682
48696
48705
48706
48731
48748
48759
48768
48769
48785
48785
48787
48792
48803
48810
48811
48839
48846
48850
48860
48870
48873
48879
48882
48884
48885
48901
48908
48915
48930
48936
48940
48947
48959
48967
48981
48985
49024
49031
49043
49046
49061
49063
49075
49112
49121
49144
49148
49173
49178
49209
49213
49216
49217
49222
49226
49232
49249
49259
49261
49287
49292
49294
49306
49307
49319
49329
49332
49340
49340
49340
49347
49374
49380
49381
49390
49396
49409
49431
49432
49443
49443
49474
49476
49478
49481
49487
49490
49504
49506
49514
49515
49519
49525
49568
49581
49589
49591
49597
49611
49647
49660
49667
49686
49692
49693
49714
49741
49747
49749
49752
49754
49766
49769
49792
49820
49824
49831
49837
49843
49847
49864
49875
49879
49893
49894
49912
49924
49934
49983
49988
49989
49999
50007
50021
50030
50036
50048
50049
50050
50053
50074
50084
50088
50117
50123
50129
50149
50187
50195
50196
50203
50238
50238
50238
50239
50262
50263
50263
50285
50290
50314
50314
50316
50319
50329
50335
50339
50341
50384
50429
50434
50451
50456
50464
50469
50482
50501
50508
50541
50575
50582
50584
50590
50590
50615
50616
50618
50618
50629
50632
50640
50658
50678
50679
50690
50690
50697
50698
50701
50707
50710
50710
50712
50731
50757
50768
50774
50778
50782
50792
50814
50857
50866
50870
50884
50886
50902
50906
50909
50914
50946
50954
50964
50970
50973
50981
50989
50991
51013
51017
51017
51018
51052
51069
51072
51073
51073
51073
51113
51124
51162
51166
51191
51196
51219
51232
51240
51247
51253
51258
51274
51294
51302
51309
51309
51315
51317
51318
51339
51357
51357
51369
51387
51408
51418
51423
51429
51431
51437
51445
51447
51456
51474
51492
51503
51520
51528
51534
51537
51558
51560
51565
51570
51579
51589
51604
51623
51624
51626
51634
51640
51647
51657
51661
51692
51703
51706
51715
51752
51753
51761
51764
51767
51823
51830
51851
51896
51898
51910
51911
51932
51944
51971
51972
51972
51986
51989
51997
52018
52028
52041
52051
52067
52072
52073
52074
52077
52080
52083
52085
52091
52095
52102
52113
52119
52126
52128
52141
52148
52175
52199
52211
52212
52218
52241
52242
52269
52273
52283
52286
52286
52314
52331
52334
52392
52394
52399
52409
52437
52466
52475
52486
52488
52490
52491
52499
52503
52542
52561
52566
52567
52576
52597
52598
52601
52647
52655
52673
52690
52707
52720
52733
52734
52744
52745
52757
52765
52767
52778
52787
52810
52818
52819
52834
52837
52852
52852
52856
52888
52897
52905
52912
52918
52922
52957
52958
52966
52989
52995
52995
52999
53028
53051
53060
53099
53107
53111
53124
53126
53130
53154
53155
53162
53167
53167
53171
53188
53200
53202
53203
53212
53213
53228
53236
53257
53257
53258
53271
53272
53282
53300
53312
53319
53319
53341
53357
53359
53361
53385
53400
53411
53427
53428
53429
53444
53471
53482
53487
53500
53506
53519
53551
53554
53560
53573
53582
53602
53607
53611
53617
53628
53636
53639
53654
53654
53660
53661
53682
53699
53699
53713
53730
53738
53744
53777
53782
53788
53794
53812
53819
53855
53860
53874
53892
53895
53897
53903
53935
53948
53950
53973
54028
54037
54045
54047
54053
54056
54063
54072
54077
54094
54108
54132
54132
54137
54155
54174
54191
54219
54226
54229
54233
54234
54249
54250
54253
54259
54298
54313
54334
54374
54400
54440
54473
54475
54478
54479
54481
54495
54506
54519
54525
54527
54546
54549
54553
54554
54564
54573
54590
54638
54639
54641
54643
54643
54651
54653
54656
54658
54659
54662
54665
54696
54705
54715
54722
54725
54730
54764
54765
54768
54774
54777
54790
54790
54797
54815
54823
54856
54880
54887
54913
54921
54930
54942
54950
54950
54950
54994
54998
55023
55029
55040
55044
55044
55048
55064
55073
55083
55089
55092
55105
55109
55116
55125
55129
55142
55142
55157
55158
55166
55169
55198
55203
55215
55236
55256
55259
55263
55268
55295
55321
55324
55333
55341
55342
55342
55356
55357
55363
55383
55391
55401
55414
55444
55447
55447
55486
55490
55492
55496
55511
55514
55526
55527
55528
55556
55558
55559
55567
55582
55583
55592
55603
55615
55617
55632
55641
55653
55666
55707
55721
55721
55723
55724
55732
55736
55760
55761
55764
55792
55799
55810
55817
55819
55825
55872
55880
55918
55933
55944
55962
55964
55965
55966
55967
55990
56001
56007
56028
56033
56052
56058
56070
56077
56100
56104
56107
56118
56121
56129
56130
56131
56160
56191
56194
56201
56212
56217
56229
56242
56251
56260
56265
56277
56291
56306
56315
56324
56327
56365
56369
56372
56373
56384
56397
56402
56403
56404
56427
56428
56428
56429
56432
56435
56453
56458
56488
56495
56500
56524
56530
56535
56536
56583
56584
56600
56617
56619
56622
56626
56629
56647
56654
56655
56660
56671
56687
56696
56699
56719
56725
56758
56766
56766
56771
56773
56777
56790
56800
56812
56822
56826
56843
56845
56863
56863
56882
56899
56903
56933
56935
56935
56937
56947
56950
56963
56964
56969
56980
56992
57004
57010
57028
57036
57051
57053
57073
57079
57080
57103
57106
57113
57121
57128
57130
57157
57158
57162
57185
57186
57209
57235
57238
57241
57241
57254
57262
57266
57268
57269
57288
57299
57311
57313
57352
57362
57363
57370
57372
57390
57402
57427
57448
57461
57484
57488
57496
57517
57537
57548
57555
57555
57569
57571
57573
57574
57589
57606
57615
57621
57635
57636
57641
57652
57655
57656
57658
57658
57658
57703
57705
57724
57724
57729
57734
57745
57752
57764
57777
57783
57792
57808
57860
57897
57907
57907
57908
57922
57954
57964
57967
57969
57986
57987
57990
57990
57997
58010
58057
58104
58122
58146
58158
58158
58178
58186
58205
58206
58213
58243
58263
58267
58292
58318
58323
58335
58337
58340
58349
58353
58355
58383
58385
58400
58409
58428
58446
58459
58463
58469
58470
58476
58485
58495
58495
58509
58519
58520
58521
58588
58591
58591
58593
58598
58633
58647
58654
58666
58670
58676
58701
58708
58708
58727
58736
58742
58750
58753
58757
58766
58793
58793
58806
58813
58814
58816
58817
58830
58840
58841
58851
58851
58855
58857
58873
58877
58879
58879
58904
58925
58925
58925
58927
58942
58945
58948
58948
58962
58977
58980
59010
59014
59018
59022
59032
59044
59056
59057
59068
59070
59089
59120
59125
59132
59134
59140
59151
59169
59170
59173
59182
59194
59198
59211
59220
59234
59243
59255
59255
59271
59301
59306
59323
59325
59338
59351
59367
59376
59407
59412
59439
59487
59500
59506
59512
59520
59529
59547
59557
59557
59567
59581
59588
59611
59612
59630
59641
59651
59654
59692
59694
59706
59709
59712
59717
59722
59730
59754
59771
59790
59794
59794
59799
59805
59809
59809
59816
59818
59837
59846
59865
59882
59891
59893
59902
59903
59919
59931
59956
59966
59969
59978
59988
60010
60026
60028
60032
60058
60068
60084
60086
60123
60138
60140
60149
60156
60162
60164
60186
60205
60211
60213
60242
60247
60254
60265
60266
60270
60270
60286
60295
60306
60346
60349
60351
60365
60368
60371
60372
60415
60437
60455
60457
60478
60500
60535
60547
60580
60581
60590
60597
60626
60637
60668
60684
60703
60714
60729
60740
60742
60768
60770
60772
60787
60846
60846
60852
60862
60874
60877
60878
60879
60885
60891
60901
60914
60924
60932
60935
60946
60957
60963
60970
60974
60975
60989
61011
61015
61023
61024
61033
61034
61037
61068
61068
61072
61078
61105
61118
61124
61145
61148
61156
61164
61164
61183
61193
61211
61225
61276
61279
61281
61294
61302
61303
61306
61310
61331
61331
61338
61340
61342
61350
61374
61383
61391
61399
61405
61405
61415
61419
61436
61442
61443
61445
61446
61454
61455
61463
61464
61467
61478
61507
61516
61541
61571
61577
61578
61579
61592
61599
61622
61629
61636
61639
61641
61649
61655
61675
61694
61695
61695
61698
61699
61703
61718
61719
61722
61730
61739
61744
61769
61773
61773
61792
61813
61813
61817
61824
61826
61837
61865
61889
61893
61901
61909
61921
61933
61935
61937
61944
61967
61969
61979
61988
61990
62001
62013
62013
62039
62043
62055
62063
62067
62071
62076
62086
62107
62108
62112
62163
62166
62168
62173
62175
62185
62209
62215
62240
62242
62243
62245
62258
62260
62268
62271
62272
62282
62284
62290
62291
62296
62301
62318
62321
62321
62324
62344
62360
62367
62382
62385
62412
62416
62421
62428
62431
62435
62439
62440
62451
62452
62464
62478
62481
62485
62555
62572
62579
62585
62594
62605
62606
62618
62631
62643
62651
62655
62655
62662
62670
62697
62705
62716
62729
62747
62754
62778
62798
62802
62819
62826
62838
62843
62843
62872
62883
62895
62897
62911
62912
62914
62952
62965
62970
62988
63018
63024
63031
63034
63120
63125
63127
63159
63175
63199
63203
63205
63220
63224
63248
63264
63265
63323
63324
63337
63367
63371
63377
63385
63388
63408
63415
63418
63423
63430
63436
63438
63441
63443
63452
63484
63490
63490
63501
63508
63513
63521
63521
63544
63546
63549
63561
63564
63566
63567
63579
63600
63602
63629
63638
63643
63649
63656
63667
63686
63688
63688
63689
63694
63697
63704
63743
63754
63756
63758
63798
63810
63813
63835
63841
63842
63850
63861
63866
63869
63876
63879
63881
63895
63901
63909
63911
63933
63934
63943
63943
63950
63956
63959
63970
63972
63976
63982
63983
63996
64003
64008
64019
64028
64030
64036
64049
64055
64068
64071
64083
64091
64108
64122
64133
64134
64136
64147
64150
64164
64175
64176
64178
64188
64213
64261
64264
64266
64273
64286
64300
64301
64313
64319
64320
64322
64326
64338
64371
64394
64398
64399
64416
64421
64421
64434
64441
64460
64470
64472
64484
64523
64525
64534
64550
64552
64556
64558
64560
64568
64570
64598
64610
64613
64622
64625
64632
64632
64634
64645
64663
64665
64674
64686
64686
64703
64714
64723
64739
64739
64749
64760
64768
64769
64771
64780
64781
64785
64789
64796
64802
64814
64835
64837
64865
64883
64887
64903
64909
64911
64924
64936
64963
64981
65012
65021
65021
65034
65050
65052
65067
65073
65089
65092
65093
65094
65107
65107
65107
65110
65132
65154
65160
65173
65180
65189
65196
65213
65219
65223
65239
65247
65256
65263
65289
65296
65313
65313
65337
65359
65365
65368
65388
65395
65398
65399
65407
65440
65452
65480
65490
65491
65493
65501
65521
65552
65564
65577
65579
65584
65592
65593
65599
65613
65617
65620
65624
65648
65662
65687
65738
65749
65782
65790
65801
65811
65813
65826
65837
65843
65854
65883
65885
65889
65894
65915
65927
65951
65955
65960
65960
65978
65999
66002
66013
66014
66018
66025
66037
66050
66065
66068
66070
66071
66084
66097
66101
66102
66116
66119
66152
66170
66186
66210
66243
66245
66245
66247
66252
66253
66254
66270
66281
66291
66301
66308
66330
66333
66341
66344
66345
66348
66350
66359
66377
66377
66384
66385
66396
66406
66412
66416
66425
66430
66438
66455
66457
66476
66518
66532
66538
66544
66555
66564
66564
66581
66591
66633
66640
66644
66672
66678
66678
66689
66689
66690
66691
66710
66731
66743
66766
66775
66784
66786
66796
66826
66838
66839
66841
66887
66904
66906
66923
66924
66936
66938
66952
66955
66960
66972
66973
67014
67025
67032
67050
67063
67064
67071
67084
67103
67103
67108
67109
67109
67130
67154
67158
67165
67174
67176
67195
67218
67223
67230
67231
67235
67238
67246
67247
67269
67280
67283
67304
67330
67332
67342
67342
67358
67368
67370
67394
67408
67418
67425
67425
67426
67431
67433
67438
67438
67439
67453
67472
67479
67485
67490
67511
67514
67514
67522
67523
67562
67564
67572
67589
67600
67605
67611
67634
67646
67658
67669
67679
67699
67707
67735
67758
67765
67788
67800
67801
67816
67820
67823
67826
67844
67862
67865
67875
67887
67896
67897
67900
67911
67913
67917
67919
67925
67964
67969
67970
67988
68003
68005
68015
68025
68030
68031
68036
68045
68058
68066
68068
68102
68122
68125
68128
68130
68145
68151
68162
68163
68173
68178
68179
68179
68181
68182
68208
68223
68223
68232
68243
68259
68262
68263
68263
68296
68303
68326
68338
68347
68356
68365
68374
68377
68377
68385
68387
68410
68413
68444
68462
68478
68503
68504
68505
68505
68508
68522
68527
68559
68573
68574
68580
68581
68582
68587
68593
68594
68599
68606
68615
68617
68646
68669
68689
68693
68696
68718
68738
68744
68750
68778
68783
68783
68785
68800
68819
68830
68833
68841
68866
68878
68878
68881
68889
68893
68919
68925
68930
68967
69016
69019
69020
69030
69032
69033
69039
69093
69104
69106
69106
69112
69120
69139
69149
69153
69160
69164
69183
69185
69203
69212
69212
69213
69216
69218
69219
69246
69260
69287
69296
69304
69307
69314
69318
69329
69337
69348
69349
69354
69356
69362
69385
69385
69397
69407
69416
69419
69423
69426
69428
69483
69489
69508
69534
69537
69540
69542
69546
69549
69566
69571
69580
69587
69587
69594
69597
69619
69631
69642
69651
69655
69664
69677
69678
69691
69738
69739
69743
69752
69756
69762
69776
69780
69784
69793
69809
69811
69814
69821
69823
69860
69880
69889
69891
69900
69907
69929
69938
69953
69973
69986
69995
69995
69999
70006
70047
70056
70059
70072
70084
70084
70097
70103
70125
70135
70149
70152
70158
70164
70193
70194
70216
70220
70236
70239
70242
70264
70273
70294
70298
70298
70310
70324
70328
70328
70342
70346
70354
70407
70423
70426
70426
70428
70428
70433
70443
70457
70474
70477
70491
70499
70513
70513
70517
70518
70519
70530
70532
70535
70535
70545
70552
70589
70589
70592
70593
70644
70644
70660
70667
70692
70709
70711
70727
70728
70741
70745
70752
70758
70760
70762
70764
70778
70787
70801
70803
70805
70835
70837
70837
70840
70842
70845
70846
70853
70880
70894
70907
70920
70930
70934
70945
70948
70949
70965
70969
71012
71037
71048
71058
71064
71065
71110
71114
71134
71140
71151
71156
71156
71174
71177
71185
71205
71214
71216
71218
71240
71241
71262
71262
71272
71291
71293
71315
71341
71342
71343
71348
71382
71385
71391
71417
71426
71437
71451
71454
71456
71456
71479
71486
71490
71496
71510
71511
71524
71538
71541
71551
71566
71569
71575
71595
71597
71599
71607
71614
71616
71628
71634
71649
71658
71668
71680
71697
71704
71717
71727
71728
71745
71752
71757
71764
71767
71787
71792
71803
71806
71810
71811
71825
71828
71833
71851
71856
71868
71877
71885
71921
71932
71937
71939
71956
71957
71966
71971
71977
71978
71980
71986
71998
72001
72004
72013
72015
72034
72055
72080
72080
72093
72098
72158
72159
72161
72179
72187
72196
72197
72227
72241
72242
72248
72253
72257
72258
72261
72283
72285
72301
72304
72308
72317
72327
72331
72355
72386
72403
72408
72416
72416
72421
72424
72425
72432
72445
72455
72461
72464
72474
72497
72497
72510
72511
72512
72521
72532
72546
72553
72565
72566
72578
72602
72603
72634
72638
72651
72659
72663
72670
72672
72690
72692
72703
72709
72709
72710
72716
72724
72732
72736
72747
72756
72792
72809
72820
72833
72835
72837
72845
72851
72864
72876
72903
72915
72922
72929
72975
72990
73001
73011
73014
73030
73054
73079
73099
73117
73120
73124
73145
73147
73148
73149
73156
73157
73161
73191
73201
73210
73211
73217
73226
73234
73242
73275
73284
73286
73296
73303
73336
73349
73363
73378
73384
73387
73402
73403
73412
73419
73437
73438
73453
73465
73467
73507
73520
73526
73533
73536
73553
73620
73623
73629
73634
73634
73636
73643
73643
73650
73658
73672
73683
73684
73687
73704
73724
73731
73741
73749
73754
73782
73788
73791
73801
73802
73809
73816
73827
73835
73849
73874
73880
73888
73891
73894
73929
73933
73935
73940
73946
73954
73956
73973
73983
73984
74008
74013
74020
74022
74060
74066
74070
74075
74082
74089
74092
74094
74096
74107
74116
74119
74124
74124
74126
74143
74156
74174
74176
74178
74181
74182
74183
74191
74193
74207
74225
74232
74234
74254
74264
74280
74316
74316
74319
74336
74337
74348
74360
74361
74370
74374
74386
74394
74395
74408
74409
74409
74447
74453
74461
74461
74465
74472
74476
74480
74513
74522
74566
74567
74587
74593
74608
74614
74615
74622
74627
74631
74650
74655
74665
74677
74678
74687
74705
74712
74717
74724
74735
74741
74763
74793
74803
74806
74837
74851
74868
74869
74883
74932
74932
74933
74937
74948
74965
74975
74978
74993
75003
75020
75021
75022
75050
75061
75094
75097
75117
75129
75131
75131
75162
75164
75179
75192
75208
75209
75231
75240
75259
75260
75264
75268
75287
75303
75325
75336
75341
75342
75346
75352
75367
75373
75399
75421
75422
75433
75439
75442
75467
75473
75482
75483
75483
75486
75495
75512
75514
75545
75546
75554
75562
75586
75591
75591
75595
75595
75598
75607
75620
75629
75631
75634
75635
75644
75650
75662
75678
75693
75696
75701
75702
75706
75708
75709
75716
75716
75718
75719
75730
75735
75748
75750
75752
75768
75770
75803
75804
75808
75813
75819
75828
75832
75835
75860
75861
75879
75893
75897
75898
75950
75955
75958
75965
75965
75975
75984
76010
76013
76029
76040
76045
76068
76078
76080
76082
76082
76115
76128
76148
76150
76163
76206
76209
76230
76234
76237
76246
76247
76253
76254
76264
76265
76274
76275
76278
76280
76297
76313
76313
76333
76335
76342
76344
76353
76371
76376
76407
76415
76450
76458
76460
76463
76474
76480
76497
76520
76526
76528
76538
76539
76548
76548
76563
76563
76580
76590
76597
76599
76618
76619
76627
76651
76663
76668
76693
76702
76708
76710
76712
76737
76743
76743
76749
76756
76781
76781
76796
76814
76815
76819
76859
76869
76874
76884
76885
76905
76919
76936
76942
76977
76982
76987
76996
76996
77029
77030
77034
77039
77058
77069
77073
77076
77079
77083
77083
77089
77104
77105
77110
77133
77139
77139
77144
77160
77192
77199
77201
77209
77211
77217
77224
77248
77251
77266
77268
77275
77287
77298
77315
77326
77332
77341
77349
77370
77383
77386
77394
77407
77420
77433
77434
77450
77452
77462
77467
77468
77500
77502
77511
77520
77520
77522
77526
77534
77541
77542
77576
77585
77585
77586
77589
77593
77598
77620
77631
77638
77653
77671
77672
77676
77680
77683
77702
77705
77719
77723
77723
77730
77738
77748
77759
77760
77764
77767
77796
77801
77803
77822
77839
77851
77852
77863
77877
77895
77900
77924
77933
77935
77937
77940
77954
77955
77957
77959
77962
77995
78016
78019
78044
78062
78067
78072
78086
78092
78094
78100
78104
78116
78130
78135
78165
78202
78204
78209
78210
78212
78223
78226
78228
78229
78237
78244
78249
78252
78260
78275
78277
78285
78297
78299
78304
78327
78332
78336
78354
78359
78363
78368
78421
78441
78442
78443
78449
78479
78487
78496
78498
78498
78500
78504
78523
78537
78548
78551
78565
78565
78592
78594
78649
78651
78670
78685
78700
78704
78708
78711
78747
78753
78780
78791
78801
78809
78843
78845
78847
78865
78886
78888
78918
78918
78921
78940
78946
78964
78987
78993
78998
79010
79017
79019
79056
79063
79065
79077
79090
79092
79107
79122
79137
79146
79161
79168
79170
79209
79215
79216
79227
79230
79248
79265
79266
79269
79276
79278
79283
79290
79327
79334
79345
79351
79351
79356
79360
79380
79381
79382
79406
79411
79437
79439
79456
79470
79484
79505
79529
79529
79537
79537
79544
79567
79581
79590
79599
79604
79606
79628
79631
79643
79652
79659
79661
79670
79691
79699
79699
79700
79701
79702
79706
79714
79749
79759
79768
79792
79798
79801
79816
79831
79831
79839
79841
79859
79877
79910
79910
79917
79918
79931
79950
79962
79966
79988
79990
79993
80009
80011
80014
80034
80036
80047
80060
80070
80107
80110
80115
80121
80125
80135
80138
80140
80149
80164
80165
80171
80178
80202
80203
80228
80251
80255
80264
80269
80292
80302
80328
80366
80369
80377
80384
80395
80424
80430
80441
80454
80454
80462
80466
80467
80480
80484
80494
80526
80544
80551
80552
80557
80565
80590
80590
80622
80622
80633
80635
80638
80641
80650
80652
80671
80714
80714
80739
80745
80746
80754
80758
80760
80764
80765
80772
80796
80800
80803
80813
80823
80843
80844
80857
80864
80865
80869
80887
80896
80925
80961
80965
80967
80970
80973
81002
81007
81017
81028
81051
81053
81065
81078
81100
81133
81134
81135
81148
81153
81173
81176
81188
81188
81198
81202
81223
81231
81247
81251
81255
81259
81260
81267
81276
81279
81288
81291
81323
81329
81356
81385
81395
81398
81400
81400
81434
81439
81440
81443
81444
81454
81457
81497
81500
81507
81514
81533
81537
81542
81549
81551
81558
81571
81579
81588
81599
81601
81607
81610
81613
81615
81617
81627
81663
81670
81678
81678
81688
81698
81700
81708
81724
81727
81748
81754
81756
81770
81770
81771
81784
81796
81815
81828
81848
81867
81869
81873
81886
81887
81888
81909
81922
81942
81944
81955
81959
81968
81972
81980
81980
81984
81999
82001
82010
82020
82021
82026
82043
82045
82049
82057
82108
82119
82129
82134
82162
82164
82174
82190
82200
82225
82229
82250
82253
82258
82268
82273
82280
82292
82325
82338
82345
82346
82349
82395
82433
82453
82456
82468
82505
82505
82524
82538
82558
82584
82587
82590
82591
82594
82604
82609
82617
82617
82632
82658
82660
82690
82696
82707
82725
82738
82753
82755
82764
82784
82793
82802
82803
82803
82807
82821
82826
82827
82827
82828
82834
82851
82856
82860
82870
82887
82894
82908
82932
82939
82984
83003
83005
83010
83036
83064
83087
83095
83127
83143
83147
83152
83156
83159
83173
83174
83191
83213
83224
83228
83229
83254
83265
83267
83272
83274
83281
83288
83288
83290
83291
83324
83327
83331
83339
83357
83365
83384
83390
83406
83409
83432
83439
83446
83459
83465
83477
83480
83482
83503
83513
83531
83535
83546
83547
83553
83554
83570
83578
83579
83580
83593
83602
83611
83639
83644
83651
83653
83654
83655
83659
83672
83691
83698
83704
83736
83738
83739
83739
83745
83753
83753
83772
83792
83809
83820
83821
83823
83827
83829
83833
83840
83859
83865
83876
83883
83894
83898
83904
83904
83905
83908
83928
83932
83958
83974
83980
84011
84023
84030
84038
84043
84045
84093
84095
84109
84115
84121
84138
84163
84172
84173
84180
84182
84182
84191
84253
84254
84288
84298
84305
84341
84344
84347
84348
84364
84388
84392
84394
84396
84415
84417
84420
84433
84466
84470
84472
84477
84509
84513
84516
84520
84556
84556
84588
84604
84626
84639
84643
84659
84675
84682
84695
84697
84713
84713
84731
84731
84752
84755
84770
84779
84796
84797
84802
84831
84835
84838
84849
84880
84890
84899
84916
84918
84919
84921
84921
84923
84933
84946
85024
85025
85025
85034
85051
85055
85063
85074
85080
85081
85084
85101
85107
85147
85148
85152
85154
85165
85171
85173
85175
85198
85206
85207
85216
85231
85235
85241
85249
85252
85258
85267
85275
85279
85285
85307
85308
85319
85320
85333
85366
85373
85390
85391
85410
85418
85457
85474
85478
85482
85484
85486
85496
85505
85510
85512
85520
85538
85542
85562
85581
85586
85588
85610
85614
85614
85621
85649
85662
85691
85703
85704
85706
85728
85734
85741
85764
85771
85775
85775
85807
85821
85830
85836
85853
85858
85861
85869
85877
85878
85890
85895
85911
85919
85942
85944
85950
85960
85969
85977
86003
86006
86007
86012
86018
86074
86076
86077
86077
86085
86089
86090
86092
86108
86115
86134
86162
86165
86169
86170
86170
86172
86178
86189
86191
86197
86203
86206
86218
86227
86236
86244
86252
86252
86253
86259
86273
86274
86280
86320
86322
86323
86325
86327
86357
86380
86410
86417
86421
86435
86456
86464
86473
86480
86496
86496
86506
86510
86515
86519
86519
86528
86539
86551
86552
86554
86564
86603
86609
86618
86620
86628
86643
86657
86657
86659
86665
86667
86668
86677
86680
86696
86710
86720
86721
86724
86724
86726
86727
86738
86743
86748
86751
86752
86764
86794
86815
86816
86819
86821
86860
86862
86871
86886
86891
86891
86905
86922
86929
86934
86934
86952
86954
86957
86969
86981
86983
87008
87011
87018
87024
87035
87045
87049
87052
87053
87064
87066
87106
87113
87113
87115
87119
87120
87128
87134
87135
87145
87152
87160
87161
87166
87169
87176
87179
87180
87207
87213
87246
87268
87272
87277
87297
87313
87319
87322
87325
87338
87346
87348
87364
87368
87370
87422
87436
87440
87454
87457
87475
87491
87515
87518
87529
87532
87545
87549
87558
87569
87575
87594
87606
87616
87617
87620
87624
87634
87637
87643
87675
87676
87694
87718
87718
87749
87758
87774
87779
87779
87790
87797
87809
87813
87831
87834
87857
87879
87886
87893
87922
87928
87957
87964
87967
87999
88014
88036
88045
88056
88062
88085
88100
88101
88134
88135
88157
88157
88161
88200
88211
88255
88266
88272
88277
88281
88284
88292
88328
88359
88369
88370
88410
88415
88418
88443
88460
88462
88470
88476
88504
88507
88526
88527
88557
88560
88564
88570
88578
88591
88614
88614
88616
88619
88619
88625
88627
88646
88650
88651
88656
88659
88660
88679
88681
88682
88687
88711
88728
88729
88740
88743
88744
88754
88762
88770
88772
88786
88790
88814
88831
88846
88851
88872
88892
88905
88906
88914
88917
88931
88937
88954
88996
88998
88998
88999
89022
89034
89041
89042
89064
89069
89070
89072
89074
89092
89092
89103
89107
89109
89118
89118
89131
89140
89150
89159
89164
89175
89178
89193
89200
89205
89206
89215
89220
89222
89234
89236
89243
89259
89260
89261
89265
89269
89291
89306
89310
89336
89338
89356
89365
89371
89375
89384
89401
89418
89419
89422
89426
89431
89431
89437
89447
89449
89457
89460
89469
89472
89478
89482
89483
89485
89494
89498
89508
89517
89530
89542
89554
89555
89558
89573
89587
89601
89602
89613
89618
89641
89646
89669
89672
89709
89735
89741
89744
89747
89754
89775
89785
89794
89799
89808
89815
89820
89823
89843
89844
89851
89859
89862
89868
89876
89897
89905
89905
89906
89918
89924
89962
89967
89991
90011
90025
90042
90055
90061
90061
90064
90072
90077
90082
90089
90103
90103
90122
90139
90146
90147
90160
90168
90186
90217
90228
90253
90268
90268
90283
90310
90310
90347
90362
90364
90370
90396
90406
90409
90429
90430
90441
90448
90457
90473
90478
90479
90482
90482
90490
90495
90515
90522
90528
90532
90542
90544
90556
90567
90591
90597
90624
90626
90628
90631
90632
90632
90635
90637
90667
90676
90700
90700
90715
90733
90740
90755
90774
90785
90803
90808
90812
90814
90837
90840
90846
90855
90857
90859
90865
90875
90876
90878
90916
90928
90945
90948
90965
90982
90987
91037
91053
91059
91059
91063
91065
91069
91077
91091
91093
91122
91123
91126
91144
91145
91148
91162
91163
91168
91176
91178
91185
91191
91200
91203
91210
91212
91226
91237
91242
91278
91285
91289
91293
91311
91341
91346
91348
91352
91360
91376
91398
91403
91456
91459
91485
91511
91543
91558
91558
91563
91584
91586
91587
91592
91592
91625
91646
91653
91658
91691
91696
91699
91702
91715
91725
91731
91764
91807
91811
91829
91830
91834
91856
91886
91900
91907
91943
91952
91953
91991
92019
92020
92030
92032
92032
92034
92035
92036
92043
92055
92062
92106
92113
92122
92122
92125
92126
92144
92145
92170
92170
92174
92183
92188
92191
92191
92196
92199
92199
92218
92222
92227
92229
92247
92267
92277
92282
92282
92283
92291
92292
92303
92310
92314
92320
92322
92330
92340
92381
92395
92396
92402
92427
92437
92446
92451
92457
92474
92482
92487
92490
92529
92533
92559
92563
92617
92623
92626
92632
92634
92639
92646
92670
92673
92679
92698
92706
92707
92718
92725
92733
92733
92746
92750
92761
92761
92767
92768
92772
92776
92802
92808
92825
92834
92837
92855
92857
92864
92867
92868
92871
92881
92882
92884
92892
92894
92900
92910
92913
92922
92934
92950
92970
92974
93008
93026
93037
93038
93043
93052
93059
93074
93074
93092
93102
93118
93125
93135
93174
93177
93189
93202
93204
93204
93217
93219
93220
93221
93238
93241
93248
93252
93258
93277
93295
93318
93331
93343
93346
93352
93360
93363
93364
93394
93410
93419
93423
93441
93449
93460
93470
93473
93500
93530
93532
93533
93538
93555
93565
93624
93632
93636
93643
93666
93671
93674
93680
93708
93709
93716
93732
93740
93757
93762
93774
93774
93821
93822
93867
93874
93876
93879
93894
93900
93912
93923
93932
93952
93958
93987
94006
94015
94034
94037
94040
94046
94050
94059
94072
94077
94078
94082
94088
94091
94095
94109
94114
94114
94116
94129
94141
94151
94151
94177
94194
94207
94208
94210
94265
94268
94274
94282
94285
94295
94319
94325
94326
94350
94354
94357
94360
94361
94387
94396
94414
94415
94454
94464
94467
94480
94483
94487
94497
94499
94510
94534
94546
94577
94579
94589
94591
94595
94599
94608
94613
94622
94630
94631
94655
94672
94676
94678
94681
94681
94682
94684
94691
94699
94735
94740
94746
94748
94807
94819
94822
94824
94840
94864
94886
94891
94905
94928
94935
94937
94938
94938
94947
94978
94988
94991
94992
94994
94997
95013
95016
95023
95029
95032
95060
95093
95093
95127
95131
95147
95149
95158
95188
95195
95201
95202
95211
95232
95235
95238
95239
95250
95257
95258
95277
95288
95300
95312
95312
95334
95335
95348
95356
95389
95411
95427
95447
95454
95467
95473
95485
95486
95499
95516
95543
95547
95559
95559
95560
95576
95582
95583
95591
95606
95637
95637
95639
95644
95669
95672
95683
95687
95688
95698
95709
95714
95720
95729
95751
95781
95799
95800
95816
95840
95851
95873
95882
95886
95895
95906
95908
95919
95936
95938
95942
95944
95946
95952
95956
95965
95970
96000
96023
96026
96031
96048
96080
96096
96113
96113
96118
96129
96143
96144
96145
96145
96163
96164
96174
96188
96211
96220
96225
96235
96270
96293
96293
96298
96316
96318
96334
96339
96347
96362
96371
96374
96381
96387
96396
96396
96410
96414
96422
96425
96436
96445
96477
96479
96489
96505
96508
96518
96523
96542
96547
96548
96557
96573
96573
96574
96587
96591
96600
96604
96611
96630
96662
96670
96678
96688
96716
96727
96757
96758
96759
96763
96765
96782
96785
96790
96801
96804
96807
96812
96814
96878
96887
96905
96962
96983
96984
97005
97033
97051
97061
97063
97064
97074
97081
97091
97113
97116
97117
97122
97128
97158
97176
97188
97196
97215
97228
97242
97247
97257
97263
97264
97281
97290
97294
97306
97309
97312
97313
97323
97328
97328
97332
97364
97365
97388
97391
97396
97397
97429
97439
97470
97475
97480
97482
97486
97494
97500
97507
97517
97543
97550
97551
97559
97567
97581
97605
97605
97609
97634
97638
97641
97664
97670
97673
97674
97677
97681
97682
97688
97709
97735
97750
97753
97756
97756
97759
97765
97767
97767
97790
97794
97803
97807
97810
97812
97828
97829
97844
97846
97846
97871
97896
97897
97908
97910
97912
97934
97949
97950
97985
98010
98019
98020
98024
98028
98034
98090
98090
98100
98120
98121
98125
98126
98147
98149
98150
98153
98159
98186
98205
98232
98233
98266
98289
98299
98300
98320
98334
98351
98381
98392
98394
98402
98416
98416
98417
98433
98436
98459
98461
98462
98466
98472
98486
98531
98549
98550
98552
98555
98590
98611
98611
98625
98631
98635
98664
98671
98691
98700
98713
98721
98722
98737
98738
98739
98742
98743
98745
98756
98757
98760
98762
98766
98776
98781
98783
98810
98817
98821
98822
98827
98838
98900
98911
98912
98930
98932
98935
98949
98956
98964
98965
98969
98974
98985
98990
99010
99014
99037
99038
99045
99051
99052
99054
99059
99067
99084
99098
99105
99115
99115
99128
99153
99154
99165
99168
99169
99170
99171
99172
99183
99204
99214
99215
99225
99228
99240
99247
99265
99265
99271
99273
99274
99307
99341
99358
99360
99370
99388
99391
99415
99416
99418
99426
99441
99442
99443
99453
99456
99457
99490
99491
99494
99501
99504
99505
99513
99522
99555
99564
99568
99568
99582
99597
99605
99619
99621
99624
99629
99635
99641
99641
99643
99656
99658
99658
99662
99709
99709
99718
99772
99772
99776
99781
99786
99787
99790
99817
99823
99836
99837
99845
99852
99854
99869
99874
99878
99884
99884
99888
99889
99899
99925
99945
99948
99957
99964
99981
99983
99989
99991
100002
100003
100007
100041
100066
100070
100072
100108
100112
100127
100133
100165
100189
100193
100195
100199
100205
100210
100228
100231
100238
100246
100263
100273
100296
100309
100347
100363
100369
100371
100401
100402
100403
100407
100420
100421
100422
100439
100446
100455
100460
100463
100466
100475
100500
100503
100503
100507
100532
100543
100550
100557
100560
100569
100574
100586
100619
100619
100632
100640
100650
100653
100658
100661
100665
100678
100679
100698
100698
100701
100727
100742
100756
100759
100776
100803
100815
100818
100852
100853
100861
100864
100872
100873
100876
100898
100901
100907
100909
100917
100919
100951
100952
100970
100982
100982
100997
101004
101008
101009
101013
101032
101044
101047
101049
101059
101062
101077
101080
101080
101094
101099
101132
101140
101147
101168
101176
101181
101197
101198
101204
101207
101225
101242
101252
101253
101281
101293
101306
101327
101335
101339
101354
101358
101386
101389
101414
101450
101495
101497
101497
101506
101507
101512
101515
101517
101518
101521
101546
101550
101570
101580
101602
101602
101606
101610
101610
101623
101623
101639
101648
101664
101669
101683
101684
101691
101696
101698
101701
101718
101718
101719
101732
101735
101737
101737
101746
101791
101816
101821
101824
101825
101854
101861
101885
101886
101917
101920
101927
101934
101947
101950
101957
101976
101979
101980
101998
102006
102014
102016
102021
102022
102025
102028
102032
102041
102054
102061
102067
102096
102108
102121
102167
102172
102174
102179
102199
102214
102222
102230
102243
102245
102249
102250
102264
102271
102281
102293
102314
102323
102324
102349
102352
102355
102357
102368
102371
102379
102387
102400
102401
102404
102408
102409
102414
102415
102421
102430
102437
102438
102443
102444
102450
102463
102464
102465
102473
102493
102519
102537
102539
102551
102565
102582
102583
102589
102593
102603
102612
102620
102623
102688
102695
102699
102703
102716
102724
102725
102727
102729
102743
102750
102758
102763
102785
102817
102847
102863
102887
102892
102897
102902
102921
102921
102938
102943
102962
102970
102994
103000
103015
103016
103024
103036
103053
103059
103071
103085
103097
103101
103101
103107
103107
103120
103121
103141
103171
103179
103183
103188
103189
103201
103202
103213
103226
103227
103234
103253
103262
103264
103292
103299
103302
103318
103321
103342
103342
103346
103347
103355
103383
103405
103405
103415
103422
103430
103433
103448
103449
103451
103481
103484
103509
103515
103531
103539
103546
103556
103564
103565
103583
103591
103608
103615
103629
103636
103657
103697
103701
103704
103718
103718
103725
103739
103755
103761
103762
103773
103783
103787
103796
103815
103816
103819
103826
103830
103831
103856
103870
103875
103894
103902
103921
103922
103926
103937
103937
103944
103949
103964
103970
103994
104000
104008
104032
104036
104048
104057
104059
104071
104077
104086
104103
104104
104106
104111
104121
104122
104123
104124
104131
104137
104144
104154
104161
104165
104174
104190
104204
104215
104215
104218
104225
104243
104248
104304
104308
104314
104314
104316
104319
104321
104330
104351
104378
104383
104388
104404
104410
104413
104445
104453
104457
104460
104469
104473
104493
104500
104502
104521
104531
104532
104537
104537
104557
104577
104579
104597
104605
104616
104621
104625
104631
104632
104639
104640
104644
104645
104683
104685
104691
104713
104714
104726
104738
104759
104762
104779
104780
104781
104799
104808
104819
104848
104849
104887
104888
104888
104905
104908
104966
104979
104983
104988
105008
105020
105028
105034
105037
105039
105051
105062
105076
105101
105110
105111
105129
105129
105130
105142
105148
105150
105182
105189
105189
105203
105214
105215
105218
105222
105223
105252
105256
105261
105273
105280
105298
105301
105312
105350
105362
105377
105390
105394
105394
105395
105396
105402
105421
105431
105435
105442
105449
105453
105455
105471
105498
105520
105542
105565
105565
105576
105599
105603
105607
105634
105639
105642
105663
105700
105709
105710
105714
105718
105725
105742
105744
105745
105756
105766
105780
105794
105796
105801
105804
105821
105827
105830
105833
105834
105857
105859
105878
105894
105898
105913
105931
105953
105956
105957
105957
105958
105978
105980
105986
106000
106001
106017
106018
106031
106037
106044
106053
106058
106063
106079
106086
106090
106099
106104
106116
106133
106147
106161
106177
106181
106187
106197
106204
106211
106229
106254
106259
106269
106279
106285
106290
106300
106305
106312
106319
106327
106331
106338
106341
106361
106369
106369
106374
106384
106393
106395
106395
106403
106405
106419
106462
106493
106496
106516
106525
106533
106536
106545
106551
106553
106559
106566
106576
106587
106596
106603
106628
106650
106654
106664
106672
106673
106682
106693
106700
106737
106779
106793
106796
106796
106803
106812
106815
106818
106818
106828
106838
106887
106906
106912
106926
106929
106945
106954
106970
106979
106997
106999
107000
107011
107020
107022
107028
107035
107038
107066
107071
107072
107087
107091
107091
107093
107096
107098
107123
107127
107129
107142
107160
107192
107195
107197
107201
107214
107217
107223
107224
107227
107231
107235
107238
107238
107239
107255
107275
107276
107293
107297
107298
107305
107338
107341
107366
107368
107390
107434
107456
107461
107477
107484
107492
107492
107498
107529
107536
107545
107556
107557
107563
107569
107576
107585
107588
107588
107594
107605
107608
107614
107624
107648
107651
107652
107654
107655
107658
107671
107686
107701
107707
107711
107718
107720
107725
107727
107738
107743
107745
107753
107765
107791
107800
107824
107849
107856
107910
107911
107924
107937
107948
107956
107960
107971
107982
107989
108008
108011
108048
108060
108069
108084
108084
108101
108112
108116
108123
108127
108129
108141
108143
108145
108148
108149
108152
108155
108156
108189
108195
108198
108203
108204
108219
108225
108237
108255
108258
108261
108272
108287
108293
108302
108321
108334
108334
108345
108346
108355
108372
108375
108376
108419
108423
108444
108448
108449
108469
108469
108473
108484
108487
108498
108502
108530
108546
108583
108589
108621
108648
108658
108676
108698
108702
108710
108732
108763
108779
108785
108795
108807
108810
108810
108851
108890
108894
108911
108918
108932
108939
108949
108951
108964
108975
108977
109001
109005
109010
109024
109043
109078
109078
109091
109092
109114
109117
109126
109136
109138
109157
109180
109183
109219
109221
109223
109229
109230
109233
109249
109274
109292
109300
109334
109346
109356
109371
109374
109380
109380
109392
109402
109420
109425
109427
109427
109429
109430
109435
109441
109448
109453
109467
109470
109483
109506
109512
109516
109528
109542
109560
109576
109586
109594
109595
109607
109624
109630
109639
109659
109660
109664
109698
109714
109722
109766
109776
109815
109831
109833
109861
109866
109869
109886
109894
109899
109916
109922
109927
109939
109966
109970
109995
110002
110005
110013
110033
110035
110056
110071
110080
110085
110087
110088
110104
110111
110120
110137
110138
110141
110150
110154
110158
110170
110183
110197
110198
110200
110210
110235
110242
110243
110278
110304
110347
110356
110359
110361
110361
110367
110369
110402
110403
110405
110410
110419
110446
110454
110454
110466
110483
110492
110509
110513
110515
110522
110545
110557
110561
110576
110581
110596
110596
110611
110632
110659
110661
110669
110709
110721
110733
110746
110762
110804
110845
110855
110869
110873
110918
110925
110928
110928
110929
110942
110946
110949
110955
110961
110974
111024
111043
111085
111104
111114
111131
111136
111139
111153
111166
111173
111191
111206
111211
111242
111264
111268
111272
111283
111287
111290
111308
111320
111331
111340
111343
111356
111371
111376
111383
111385
111395
111399
111403
111416
111444
111454
111461
111467
111467
111482
111487
111489
111501
111506
111530
111535
111537
111539
111552
111558
111564
111564
111578
111582
111587
111588
111589
111605
111611
111614
111623
111625
111650
111665
111671
111673
111679
111686
111687
111719
111720
111728
111753
111763
111770
111775
111776
111796
111814
111860
111866
111868
111869
111870
111875
111885
111898
111929
111940
111957
111957
111959
111987
111991
111999
112000
112002
112003
112007
112012
112014
112015
112016
112023
112045
112047
112057
112057
112058
112071
112077
112081
112089
112095
112101
112162
112170
112188
112194
112205
112208
112209
112213
112214
112222
112267
112283
112292
112314
112323
112330
112383
112384
112391
112407
112439
112455
112459
112461
112465
112483
112489
112512
112517
112518
112524
112525
112530
112553
112565
112567
112570
112582
112597
112608
112609
112618
112661
112674
112688
112707
112736
112757
112761
112777
112781
112804
112808
112808
112815
112820
112828
112861
112865
112865
112875
112888
112914
112923
112926
112932
112950
112974
113018
113032
113054
113078
113087
113089
113096
113147
113153
113157
113160
113161
113164
113172
113188
113190
113198
113235
113250
113257
113273
113288
113291
113309
113324
113342
113357
113373
113377
113377
113421
113431
113438
113442
113444
113458
113503
113512
113531
113547
113551
113554
113566
113570
113573
113577
113580
113593
113601
113616
113617
113629
113640
113644
113650
113658
113662
113669
113676
113681
113687
113707
113713
113716
113718
113722
113727
113728
113731
113759
113759
113782
113783
113783
113813
113825
113832
113850
113856
113867
113869
113871
113873
113891
113894
113900
113911
113915
113928
113935
113941
113944
113949
113952
113956
113981
113988
114009
114042
114058
114067
114080
114081
114096
114101
114117
114118
114122
114123
114142
114152
114154
114155
114161
114176
114189
114195
114206
114217
114222
114225
114246
114264
114291
114291
114291
114306
114327
114327
114328
114328
114351
114355
114357
114369
114370
114399
114406
114412
114421
114444
114446
114454
114455
114463
114469
114503
114513
114526
114537
114563
114585
114599
114603
114641
114653
114660
114679
114687
114693
114694
114709
114713
114713
114713
114720
114723
114728
114748
114756
114757
114779
114788
114805
114807
114820
114821
114838
114844
114845
114870
114872
114885
114887
114890
114907
114910
114915
114923
114925
114933
114946
114958
114980
114980
114984
114987
114992
114996
115008
115020
115024
115052
115055
115069
115072
115101
115111
115134
115135
115141
115147
115158
115167
115174
115178
115187
115191
115222
115225
115237
115247
115287
115288
115296
115316
115320
115331
115333
115335
115354
115362
115365
115391
115392
115393
115394
115400
115402
115406
115411
115416
115454
115461
115471
115508
115513
115526
115528
115550
115574
115577
115579
115600
115605
115617
115625
115626
115631
115632
115634
115641
115644
115662
115676
115730
115755
115758
115779
115783
115795
115802
115802
115803
115804
115808
115827
115830
115834
115840
115841
115843
115857
115875
115876
115886
115893
115909
115930
115938
115973
115975
115982
115997
116003
116003
116028
116044
116054
116061
116063
116088
116099
116103
116116
116118
116119
116134
116154
116160
116162
116165
116191
116200
116214
116240
116248
116255
116259
116282
116298
116299
116307
116324
116333
116346
116366
116366
116384
116398
116404
116408
116410
116420
116420
116435
116435
116453
116454
116458
116481
116494
116503
116511
116517
116518
116539
116548
116571
116573
116588
116590
116601
116648
116659
116668
116691
116706
116707
116709
116712
116715
116756
116762
116765
116768
116790
116796
116816
116860
116879
116881
116896
116900
116907
116909
116931
116966
116984
116999
117006
117011
117011
117027
117036
117069
117079
117086
117094
117095
117106
117129
117129
117135
117149
117191
117197
117222
117242
117254
117257
117263
117272
117284
117285
117287
117293
117295
117309
117319
117323
117323
117331
117333
117339
117339
117351
117355
117362
117381
117381
117388
117406
117412
117433
117455
117470
117472
117474
117475
117482
117501
117514
117517
117524
117534
117539
117541
117575
117585
117602
117615
117628
117633
117635
117655
117666
117671
117676
117699
117703
117717
117723
117737
117778
117783
117807
117848
117859
117867
117870
117872
117877
117892
117918
117924
117930
117977
117979
118009
118014
118020
118022
118026
118046
118058
118088
118093
118108
118124
118140
118160
118162
118165
118170
118176
118177
118202
118204
118206
118207
118212
118219
118220
118231
118268
118272
118350
118353
118358
118362
118373
118386
118390
118391
118397
118408
118424
118425
118442
118443
118465
118476
118502
118525
118528
118542
118554
118562
118568
118579
118594
118616
118616
118627
118638
118661
118663
118668
118669
118683
118684
118691
118699
118706
118709
118712
118727
118731
118750
118753
118775
118780
118792
118795
118796
118806
118821
118832
118832
118837
118848
118867
118890
118895
118914
118939
118952
118953
118957
118977
118993
119002
119015
119029
119036
119046
119055
119056
119056
119063
119064
119096
119143
119145
119148
119153
119185
119186
119191
119198
119199
119213
119217
119223
119233
119234
119239
119239
119240
119253
119264
119278
119282
119286
119303
119323
119333
119342
119350
119354
119356
119363
119374
119387
119387
119388
119393
119403
119430
119454
119474
119507
119510
119514
119519
119522
119534
119537
119544
119547
119548
119555
119557
119561
119565
119581
119584
119590
119602
119602
119606
119609
119609
119612
119618
119627
119630
119657
119681
119684
119695
119700
119709
119731
119741
119742
119773
119791
119799
119809
119811
119817
119817
119840
119843
119850
119866
119869
119875
119879
119887
119894
119897
119903
119912
119929
119944
119962
119971
119981
119981
120006
120009
120013
120032
120047
120054
120061
120087
120100
120120
120129
120143
120174
120175
120179
120185
120193
120195
120214
120226
120230
120255
120260
120261
120262
120272
120273
120279
120314
120322
120327
120356
120363
120364
120369
120375
120379
120389
120394
120398
120418
120431
120433
120451
120464
120475
120482
120518
120529
120529
120545
120552
120562
120565
120607
120607
120609
120611
120617
120623
120623
120636
120663
120664
120668
120668
120672
120677
120679
120681
120704
120707
120710
120740
120754
120791
120824
120839
120842
120866
120870
120885
120898
120950
120974
120980
120986
120990
120997
120999
121020
121032
121037
121038
121042
121061
121063
121065
121081
121092
121099
121110
121114
121131
121137
121143
121145
121148
121160
121170
121172
121176
121208
121217
121218
121220
121237
121238
121249
121250
121252
121256
121299
121301
121322
121325
121339
121343
121355
121360
121366
121376
121380
121381
121399
121418
121426
121450
121460
121463
121473
121484
121487
121492
121507
121509
121512
121524
121524
121538
121547
121555
121584
121592
121596
121607
121617
121630
121639
121644
121647
121667
121671
121672
121681
121688
121689
121692
121695
121700
121739
121750
121756
121758
121765
121796
121797
121797
121798
121800
121812
121812
121814
121827
121851
121855
121855
121888
121891
121913
121917
121919
121932
121938
121948
121981
121990
122002
122004
122013
122017
122018
122039
122049
122059
122063
122074
122088
122091
122092
122101
122118
122139
122142
122146
122161
122167
122170
122176
122205
122211
122213
122214
122220
122227
122229
122288
122300
122303
122303
122346
122347
122351
122371
122375
122384
122388
122407
122408
122467
122475
122483
122500
122503
122509
122510
122515
122516
122522
122524
122535
122543
122567
122568
122576
122578
122584
122584
122586
122589
122591
122604
122619
122621
122622
122628
122635
122639
122663
122681
122682
122694
122697
122709
122713
122722
122731
122741
122748
122752
122766
122775
122780
122787
122803
122805
122807
122809
122820
122839
122840
122843
122845
122855
122861
122865
122882
122900
122908
122914
122916
122917
122922
122928
122938
122951
122971
122981
122987
123011
123014
123020
123026
123038
123055
123059
123069
123076
123096
123096
123102
123132
123135
123136
123141
123150
123172
123174
123184
123191
123202
123243
123249
123251
123273
123289
123289
123295
123333
123344
123345
123355
123378
123389
123394
123396
123402
123484
123491
123492
123506
123506
123507
123508
123523
123526
123533
123539
123540
123556
123571
123615
123629
123656
123693
123695
123713
123740
123743
123761
123765
123782
123782
123788
123796
123796
123802
123827
123829
123836
123837
123850
123851
123865
123911
123914
123919
123920
123923
123935
123964
123979
123983
123989
124013
124021
124023
124041
124047
124052
124059
124107
124109
124115
124126
124158
124162
124179
124187
124205
124218
124219
124223
124234
124242
124249
124252
124256
124289
124292
124299
124308
124322
124343
124356
124367
124380
124387
124392
124403
124411
124421
124422
124425
124425
124433
124446
124460
124460
124467
124482
124482
124510
124522
124560
124562
124572
124604
124605
124609
124610
124616
124617
124618
124620
124631
124632
124651
124656
124657
124670
124670
124671
124675
124696
124718
124748
124753
124759
124766
124780
124783
124787
124797
124801
124818
124829
124831
124842
124861
124877
124907
124913
124939
124943
124973
124975
124975
125002
125010
125014
125030
125032
125033
125046
125070
125088
125095
125096
125105
125110
125112
125128
125133
125152
125154
125155
125155
125165
125172
125192
125194
125196
125196
125216
125218
125235
125237
125241
125253
125256
125257
125263
125264
125264
125276
125283
125289
125314
125317
125318
125320
125332
125355
125360
125396
125402
125424
125424
125425
125425
125444
125450
125487
125497
125500
125518
125518
125534
125534
125538
125538
125556
125586
125588
125596
125609
125611
125618
125637
125656
125656
125659
125667
125680
125697
125704
125709
125721
125736
125756
125761
125779
125781
125817
125843
125876
125896
125909
125924
125926
125926
125965
125974
125974
125981
125988
126010
126033
126049
126050
126060
126069
126078
126081
126085
126098
126102
126108
126109
126116
126121
126128
126129
126132
126135
126155
126164
126182
126188
126219
126226
126231
126231
126233
126251
126255
126276
126278
126288
126311
126318
126320
126326
126329
126336
126348
126352
126370
126374
126393
126424
126428
126435
126435
126437
126444
126450
126455
126472
126480
126489
126490
126494
126509
126532
126541
126542
126545
126550
126570
126585
126600
126610
126625
126653
126655
126664
126673
126675
126679
126682
126685
126687
126691
126702
126719
126723
126740
126748
126765
126770
126784
126793
126807
126815
126836
126840
126846
126852
126868
126871
126877
126891
126900
126922
126952
126956
126958
126970
126974
126994
127009
127014
127015
127023
127039
127052
127055
127060
127071
127072
127074
127077
127095
127096
127096
127100
127109
127128
127134
127143
127179
127197
127197
127204
127208
127220
127225
127229
127236
127240
127241
127243
127243
127255
127267
127274
127275
127297
127300
127300
127300
127301
127326
127330
127344
127354
127367
127372
127374
127377
127389
127391
127416
127425
127433
127448
127452
127463
127464
127466
127468
127469
127478
127494
127496
127502
127525
127533
127550
127552
127554
127554
127561
127564
127575
127584
127586
127589
127592
127595
127595
127619
127621
127628
127636
127661
127681
127691
127691
127706
127723
127726
127739
127740
127746
127758
127759
127762
127787
127788
127793
127824
127848
127854
127884
127896
127911
127922
127922
127934
127940
127942
127945
127949
127958
128017
128026
128028
128029
128043
128046
128049
128052
128060
128067
128068
128081
128096
128105
128106
128109
128122
128139
128150
128156
128161
128165
128167
128173
128188
128190
128192
128204
128211
128219
128227
128229
128234
128261
128262
128279
128285
128286
128314
128324
128325
128332
128340
128347
128357
128366
128374
128375
128377
128378
128381
128384
128384
128389
128393
128418
128459
128463
128468
128472
128490
128527
128529
128538
128543
128549
128557
128568
128581
128586
128602
128605
128610
128612
128615
128626
128632
128649
128650
128653
128666
128667
128678
128691
128715
128718
128723
128728
128743
128761
128776
128811
128819
128829
128835
128838
128849
128851
128871
128886
128905
128915
128917
128930
128935
128950
128965
128966
128976
128985
128990
128990
128993
129000
129003
129008
129027
129031
129043
129049
129057
129058
129065
129082
129091
129096
129106
129116
129125
129145
129150
129152
129158
129159
129197
129246
129251
129255
129263
129282
129284
129295
129297
129348
129357
129360
129365
129373
129373
129377
129377
129381
129388
129401
129403
129411
129416
129425
129438
129439
129442
129462
129468
129476
129483
129485
129486
129496
129506
129523
129524
129534
129546
129546
129548
129558
129563
129569
129571
129573
129573
129581
129598
129600
129608
129619
129622
129659
129659
129662
129663
129688
129691
129691
129700
129777
129782
129783
129811
129813
129816
129832
129859
129890
129896
129903
129916
129927
129928
129937
129961
129965
129971
129983
129985
130032
130055
130061
130065
130081
130086
130101
130103
130138
130147
130153
130158
130163
130165
130178
130182
130205
130237
130256
130257
130277
130312
130330
130352
130371
130376
130390
130393
130393
130397
130399
130399
130405
130409
130422
130428
130438
130450
130466
130480
130486
130502
130506
130508
130514
130516
130518
130518
130527
130533
130540
130548
130555
130568
130574
130575
130583
130593
130611
130615
130627
130627
130632
130635
130656
130658
130660
130668
130686
130687
130700
130705
130717
130755
130760
130761
130765
130777
130778
130804
130808
130823
130841
130857
130858
130885
130895
130902
130908
130911
130942
130946
130950
130959
130964
130967
130967
130968
130985
130989
130996
131001
131013
131028
131032
131032
131036
131042
131067
131094
131109
131110
131113
131130
131140
131146
131149
131153
131162
131168
131187
131213
131221
131224
131250
131260
131277
131293
131326
131356
131358
131363
131366
131372
131374
131384
131390
131397
131401
131408
131412
131455
131457
131467
131469
131499
131558
131563
131566
131568
131585
131591
131592
131596
131623
131636
131641
131644
131650
131652
131691
131694
131709
131711
131717
131727
131748
131751
131755
131761
131766
131809
131827
131842
131844
131845
131850
131857
131861
131875
131919
131947
131963
131964
131974
131991
131998
131999
132012
132021
132054
132090
132098
132106
132129
132139
132152
132157
132160
132170
132172
132183
132187
132204
132212
132259
132264
132267
132294
132297
132299
132301
132339
132356
132357
132357
132364
132408
132415
132419
132425
132459
132464
132494
132500
132512
132519
132520
132531
132559
132566
132567
132626
132627
132628
132654
132684
132690
132712
132714
132717
132719
132747
132752
132764
132768
132779
132818
132826
132843
132871
132873
132880
132885
132896
132896
132899
132942
132946
132953
132968
132979
132982
132983
132983
133006
133012
133014
133027
133034
133042
133044
133052
133073
133086
133090
133106
133124
133137
133149
133175
133178
133196
133222
133223
133232
133233
133234
133235
133259
133268
133271
133275
133282
133282
133301
133305
133311
133312
133316
133319
133326
133329
133333
133335
133357
133373
133383
133390
133402
133412
133426
133427
133429
133446
133449
133463
133515
133517
133529
133533
133538
133553
133588
133593
133595
133615
133617
133624
133627
133628
133630
133632
133643
133652
133666
133675
133700
133701
133708
133715
133717
133727
133732
133759
133769
133775
133778
133804
133814
133825
133843
133852
133873
133877
133882
133893
133898
133915
133920
133926
133927
133936
133946
133967
133969
133980
133982
133999
134003
134029
134037
134041
134049
134058
134084
134084
134095
134108
134120
134140
134149
134157
134157
134159
134164
134174
134187
134208
134233
134237
134239
134243
134244
134246
134258
134260
134267
134282
134317
134319
134335
134337
134338
134348
134351
134359
134362
134370
134374
134393
134398
134424
134429
134440
134465
134474
134492
134506
134507
134515
134539
134545
134546
134546
134547
134551
134555
134564
134569
134577
134580
134581
134605
134606
134607
134608
134623
134629
134655
134671
134679
134680
134704
134727
134732
134748
134750
134750
134759
134764
134776
134789
134795
134802
134816
134862
134863
134868
134877
134879
134900
134905
134914
134923
134929
134931
134934
134942
134967
134978
134987
134994
135026
135038
135040
135045
135061
135073
135076
135077
135091
135106
135110
135117
135127
135128
135129
135147
135155
135174
135177
135178
135198
135202
135216
135224
135227
135233
135236
135247
135252
135254
135261
135299
135308
135320
135321
135329
135344
135354
135381
135403
135406
135406
135409
135418
135434
135467
135482
135489
135491
135522
135533
135537
135539
135547
135567
135590
135612
135621
135637
135641
135643
135651
135688
135692
135723
135725
135735
135838
135854
135867
135878
135892
135916
135918
135919
135923
135937
135942
135965
135976
135977
135979
135980
135996
135996
136002
136004
136009
136009
136010
136021
136034
136043
136045
136049
136064
136076
136083
136095
136102
136103
136108
136118
136142
136145
136154
136172
136182
136186
136196
136200
136210
136230
136244
136246
136266
136316
136318
136332
136333
136334
136335
136351
136351
136356
136372
136374
136386
136396
136403
136404
136408
136408
136415
136420
136427
136430
136444
136446
136451
136456
136461
136463
136466
136478
136480
136491
136504
136525
136527
136543
136569
136586
136596
136599
136609
136620
136632
136633
136646
136650
136655
136663
136678
136685
136711
136746
136754
136780
136786
136793
136826
136833
136835
136837
136856
136864
136885
136915
136923
136945
136948
136961
136966
136983
136994
137002
137006
137008
137034
137039
137047
137050
137057
137066
137072
137081
137087
137087
137089
137104
137117
137129
137135
137165
137173
137173
137175
137184
137191
137192
137202
137211
137219
137225
137247
137266
137280
137289
137292
137293
137295
137297
137307
137318
137319
137343
137353
137400
137414
137422
137429
137430
137440
137483
137484
137497
137507
137508
137515
137532
137548
137551
137556
137560
137565
137611
137611
137627
137630
137660
137660
137664
137669
137676
137689
137691
137699
137705
137718
137727
137744
137748
137749
137753
137761
137773
137774
137774
137785
137787
137801
137808
137810
137825
137842
137843
137849
137850
137866
137892
137897
137899
137904
137906
137908
137909
137948
137990
138010
138011
138012
138016
138022
138031
138035
138036
138037
138089
138093
138096
138101
138104
138108
138132
138134
138140
138185
138207
138214
138220
138239
138255
138272
138278
138291
138294
138311
138319
138328
138330
138379
138381
138381
138388
138391
138392
138395
138408
138414
138417
138417
138423
138435
138435
138439
138444
138446
138449
138485
138495
138502
138525
138532
138537
138539
138541
138545
138569
138573
138582
138586
138590
138596
138598
138604
138611
138616
138641
138642
138653
138668
138677
138678
138678
138718
138723
138725
138734
138743
138744
138748
138758
138760
138767
138774
138792
138804
138811
138829
138838
138867
138868
138883
138893
138900
138900
138900
138912
138913
138918
138924
138943
138966
138966
138978
138981
138986
138987
138989
138989
138999
139033
139038
139041
139048
139070
139074
139075
139082
139089
139117
139117
139128
139130
139161
139163
139179
139199
139201
139212
139232
139247
139260
139274
139278
139284
139305
139307
139319
139325
139331
139349
139360
139369
139396
139449
139450
139490
139498
139512
139514
139517
139524
139539
139544
139556
139558
139560
139563
139568
139576
139585
139587
139596
139605
139630
139637
139649
139660
139667
139672
139674
139680
139682
139743
139744
139752
139759
139767
139786
139792
139806
139811
139834
139834
139839
139871
139878
139884
139889
139900
139900
139906
139937
139949
139952
139964
139983
139984
139989
139996
139999
140000
140002
140004
140020
140025
140034
140038
140040
140045
140060
140061
140082
140088
140099
140107
140112
140128
140132
140147
140149
140152
140158
140160
140172
140173
140173
140183
140215
140227
140227
140230
140235
140240
140274
140280
140286
140290
140307
140322
140352
140363
140377
140389
140390
140395
140410
140411
140416
140417
140430
140436
140465
140468
140470
140472
140511
140530
140530
140543
140545
140557
140557
140579
140593
140602
140614
140619
140639
140696
140704
140712
140730
140737
140740
140741
140760
140763
140798
140802
140807
140808
140812
140818
140831
140833
140838
140851
140875
140897
140918
140926
140927
140932
140938
140948
140959
140962
140963
140970
140970
140973
140994
141021
141028
141041
141042
141042
141043
141049
141091
141095
141096
141096
141098
141105
141107
141128
141129
141132
141135
141136
141136
141149
141151
141162
141169
141185
141192
141194
141204
141207
141210
141264
141286
141289
141300
141315
141327
141339
141355
141361
141365
141365
141369
141385
141393
141397
141404
141412
141415
141417
141427
141428
141431
141437
141441
141451
141456
141468
141471
141475
141477
141478
141498
141502
141537
141557
141573
141580
141589
141597
141599
141604
141605
141611
141625
141652
141660
141675
141694
141701
141703
141724
141741
141759
141762
141767
141782
141785
141805
141813
141819
141834
141838
141843
141847
141848
141855
141862
141865
141875
141881
141904
141910
141911
141914
141914
141916
141922
141934
141941
141947
141953
141965
141965
141972
141973
141974
141974
141977
141983
141992
141998
142011
142016
142020
142020
142024
142028
142036
142058
142063
142069
142072
142080
142081
142088
142109
142117
142120
142121
142161
142170
142171
142188
142193
142212
142219
142269
142272
142277
142279
142285
142314
142315
142317
142318
142322
142322
142324
142329
142347
142355
142357
142370
142377
142392
142398
142398
142407
142421
142425
142430
142435
142437
142440
142450
142451
142464
142469
142483
142488
142517
142522
142545
142562
142571
142573
142576
142584
142586
142603
142621
142641
142642
142644
142649
142680
142689
142700
142700
142709
142711
142713
142743
142755
142766
142770
142782
142784
142790
142795
142804
142818
142820
142821
142826
142848
142855
142868
142869
142888
142910
142919
142923
142924
142941
142948
142950
142951
142955
142956
142976
143006
143014
143018
143037
143042
143074
143078
143090
143096
143104
143109
143111
143114
143119
143120
143122
143128
143129
143145
143166
143166
143170
143175
143176
143187
143188
143199
143213
143223
143225
143234
143236
143255
143260
143338
143351
143359
143367
143371
143373
143376
143405
143411
143439
143449
143455
143456
143460
143478
143482
143491
143505
143532
143563
143571
143580
143596
143600
143601
143604
143617
143633
143634
143659
143666
143719
143723
143727
143741
143752
143764
143771
143777
143778
143830
143830
143840
143863
143864
143879
143890
143891
143933
143942
143950
143957
143958
143967
143975
143982
144002
144003
144025
144027
144029
144052
144053
144057
144073
144073
144076
144080
144093
144104
144108
144140
144172
144176
144185
144187
144191
144201
144206
144212
144222
144226
144240
144242
144248
144253
144260
144261
144275
144280
144293
144317
144330
144341
144347
144351
144358
144360
144381
144386
144387
144394
144408
144410
144424
144439
144454
144483
144485
144495
144500
144509
144522
144523
144547
144568
144599
144630
144637
144639
144641
144641
144657
144657
144671
144672
144676
144701
144713
144717
144739
144744
144755
144761
144766
144768
144782
144806
144821
144831
144858
144868
144870
144876
144877
144885
144889
144916
144918
144920
144949
144951
144983
144984
144988
144992
144995
145011
145013
145029
145083
145085
145088
145093
145093
145093
145100
145107
145122
145153
145170
145170
145190
145192
145205
145218
145229
145236
145243
145248
145252
145258
145270
145287
145295
145301
145309
145311
145323
145340
145343
145384
145390
145392
145412
145413
145415
145424
145453
145458
145461
145469
145485
145490
145497
145521
145524
145535
145547
145552
145552
145553
145561
145568
145580
145585
145607
145621
145627
145631
145663
145668
145673
145675
145696
145713
145729
145729
145735
145735
145736
145749
145785
145792
145799
145803
145808
145812
145817
145818
145819
145835
145841
145856
145861
145868
145869
145873
145875
145880
145886
145904
145915
145916
145943
145944
145946
145959
145996
146000
146007
146012
146020
146032
146035
146036
146043
146060
146062
146062
146085
146113
146118
146141
146143
146154
146157
146181
146182
146191
146206
146214
146220
146221
146223
146224
146227
146252
146258
146284
146317
146325
146330
146333
146338
146350
146388
146396
146398
146404
146452
146452
146463
146470
146481
146483
146491
146493
146493
146502
146509
146518
146524
146530
146531
146548
146555
146557
146580
146589
146605
146610
146611
146613
146617
146622
146626
146630
146637
146666
146669
146701
146703
146709
146712
146718
146725
146728
146743
146743
146747
146755
146763
146774
146778
146781
146782
146784
146799
146810
146815
146818
146833
146839
146840
146846
146868
146877
146886
146892
146894
146895
146903
146908
146919
146923
146923
146929
146934
146947
146948
146965
146992
146993
146996
147006
147010
147010
147014
147022
147031
147035
147040
147043
147045
147076
147084
147102
147109
147147
147162
147164
147172
147181
147196
147201
147203
147225
147226
147237
147239
147239
147241
147272
147276
147279
147290
147296
147317
147337
147344
147350
147357
147372
147373
147408
147411
147413
147418
147423
147424
147425
147440
147443
147456
147500
147508
147509
147523
147530
147532
147533
147544
147562
147566
147574
147597
147607
147624
147628
147642
147662
147666
147673
147679
147695
147705
147728
147730
147761
147766
147768
147771
147797
147813
147822
147826
147849
147874
147875
147931
147931
147945
147948
147953
147955
147959
147977
147985
147987
147989
147989
147994
147998
148002
148003
148008
148012
148042
148060
148062
148069
148081
148095
148097
148104
148108
148117
148134
148137
148141
148153
148165
148168
148184
148190
148198
148206
148218
148253
148257
148262
148265
148265
148274
148277
148277
148279
148282
148284
148287
148298
148309
148323
148345
148354
148371
148373
148376
148393
148394
148397
148398
148399
148406
148412
148426
148442
148462
148473
148485
148503
148504
148504
148535
148551
148573
148579
148590
148594
148609
148611
148638
148657
148661
148665
148669
148670
148681
148691
148694
148704
148740
148742
148753
148778
148781
148792
148807
148814
148820
148828
148843
148874
148875
148886
148895
148895
148907
148916
148932
148941
148942
148952
148956
148996
149003
149012
149018
149024
149059
149065
149074
149092
149104
149106
149110
149112
149116
149125
149135
149137
149149
149158
149167
149172
149175
149187
149195
149203
149231
149235
149246
149253
149255
149260
149267
149269
149290
149295
149311
149334
149341
149348
149351
149358
149365
149372
149373
149381
149393
149401
149430
149438
149441
149472
149475
149484
149491
149492
149500
149503
149505
149520
149561
149574
149581
149582
149583
149587
149588
149593
149611
149619
149619
149629
149632
149634
149670
149679
149685
149686
149696
149697
149706
149707
149710
149720
149746
149770
149791
149792
149797
149809
149816
149829
149831
149832
149833
149854
149855
149856
149879
149909
149913
149915
149918
149958
149966
149970
149980
150001
150016
150037
150048
150084
150095
150110
150112
150113
150116
150121
150128
150130
150138
150178
150190
150192
150208
150214
150219
150221
150228
150231
150232
150240
150240
150255
150268
150270
150272
150300
150340
150340
150352
150353
150357
150374
150377
150387
150387
150403
150427
150459
150470
150486
150489
150499
150502
150507
150510
150514
150537
150539
150553
150563
150572
150575
150580
150602
150613
150640
150648
150655
150662
150678
150685
150692
150694
150701
150718
150728
150728
150730
150735
150747
150751
150754
150787
150845
150869
150876
150901
150912
150921
150945
150952
150957
150961
150962
150974
150977
150979
151007
151012
151016
151042
151051
151057
151072
151077
151078
151084
151092
151106
151124
151134
151136
151160
151178
151184
151186
151187
151189
151194
151199
151200
151204
151208
151217
151225
151231
151234
151236
151241
151243
151271
151278
151304
151308
151309
151331
151356
151358
151377
151387
151411
151421
151422
151454
151469
151478
151502
151513
151525
151542
151543
151544
151554
151558
151562
151568
151573
151584
151591
151596
151600
151625
151625
151629
151651
151654
151680
151686
151703
151704
151706
151725
151735
151739
151744
151748
151749
151762
151775
151781
151800
151817
151840
151855
151872
151890
151891
151921
151922
151941
151944
151951
151952
151960
151979
152002
152017
152031
152033
152045
152059
152065
152066
152070
152074
152083
152087
152098
152104
152106
152120
152132
152138
152141
152151
152157
152164
152166
152185
152188
152237
152270
152283
152293
152295
152296
152298
152317
152326
152357
152364
152364
152364
152389
152395
152397
152415
152432
152436
152439
152449
152449
152450
152458
152458
152483
152497
152505
152520
152533
152555
152578
152588
152605
152614
152632
152661
152670
152677
152679
152680
152697
152701
152703
152716
152726
152733
152743
152752
152755
152759
152769
152795
152813
152846
152851
152881
152886
152887
152898
152903
152905
152910
152939
152951
152960
152971
152974
152976
152980
152983
152986
152995
152999
153009
153042
153067
153078
153093
153103
153131
153135
153143
153144
153156
153217
153222
153233
153233
153244
153252
153254
153257
153257
153270
153279
153291
153295
153299
153304
153310
153315
153324
153335
153346
153351
153354
153358
153381
153394
153410
153415
153428
153430
153457
153458
153458
153461
153471
153488
153505
153509
153519
153554
153563
153574
153612
153627
153633
153657
153659
153675
153686
153696
153697
153703
153704
153706
153729
153736
153748
153754
153763
153774
153783
153789
153807
153822
153826
153835
153836
153849
153859
153865
153878
153878
153880
153895
153904
153916
153942
153949
153952
153961
154024
154032
154033
154034
154049
154053
154067
154076
154084
154089
154100
154105
154115
154118
154119
154127
154131
154140
154150
154161
154163
154164
154177
154180
154181
154189
154190
154196
154205
154215
154218
154225
154232
154236
154239
154240
154249
154250
154265
154290
154292
154296
154322
154323
154324
154355
154362
154366
154369
154382
154413
154434
154440
154441
154441
154448
154459
154466
154468
154482
154482
154485
154485
154488
154492
154521
154554
154555
154565
154566
154567
154572
154577
154583
154594
154602
154622
154631
154642
154644
154650
154655
154669
154672
154674
154678
154689
154689
154696
154699
154704
154715
154742
154755
154766
154769
154777
154780
154787
154792
154795
154803
154844
154850
154899
154900
154901
154925
154947
154950
154952
155006
155007
155050
155053
155070
155072
155080
155102
155123
155131
155147
155150
155153
155172
155179
155189
155205
155208
155232
155239
155258
155266
155285
155294
155307
155314
155330
155333
155334
155336
155340
155341
155346
155355
155389
155413
155415
155416
155423
155425
155428
155435
155456
155459
155494
155504
155507
155520
155521
155529
155555
155567
155572
155597
155611
155617
155634
155650
155660
155690
155712
155723
155741
155746
155782
155785
155796
155799
155804
155816
155824
155854
155858
155870
155871
155876
155876
155909
155921
155931
155942
155944
155949
155953
156006
156009
156012
156025
156033
156049
156053
156058
156074
156082
156106
156116
156118
156135
156141
156142
156151
156156
156161
156167
156182
156191
156205
156214
156226
156242
156256
156276
156315
156316
156322
156338
156352
156358
156361
156379
156401
156427
156427
156439
156446
156454
156462
156463
156490
156499
156525
156530
156533
156537
156558
156565
156578
156581
156587
156594
156606
156611
156666
156676
156696
156706
156731
156741
156746
156754
156756
156781
156796
156797
156802
156806
156831
156835
156861
156870
156873
156874
156874
156923
156930
156941
156956
156975
156978
156980
157066
157072
157090
157097
157101
157104
157106
157110
157128
157145
157172
157172
157194
157202
157204
157213
157229
157235
157247
157262
157264
157275
157294
157326
157328
157353
157359
157366
157378
157406
157409
157420
157421
157422
157429
157430
157443
157454
157458
157468
157474
157489
157495
157498
157522
157538
157540
157548
157551
157551
157559
157565
157588
157598
157600
157612
157616
157623
157625
157626
157658
157667
157670
157682
157686
157707
157711
157717
157734
157747
157751
157754
157814
157821
157839
157852
157858
157866
157873
157879
157880
157885
157886
157891
157898
157923
157923
157928
157936
157945
157949
157959
157963
157973
157981
157983
157985
157990
157994
158001
158003
158006
158032
158034
158036
158040
158056
158062
158063
158071
158105
158111
158117
158128
158128
158129
158130
158137
158147
158149
158149
158166
158182
158187
158188
158209
158209
158209
158234
158242
158259
158262
158262
158267
158273
158315
158320
158331
158332
158368
158380
158380
158383
158385
158392
158396
158413
158420
158439
158443
158465
158474
158478
158481
158483
158506
158518
158529
158538
158542
158544
158544
158567
158569
158574
158583
158584
158614
158626
158648
158657
158664
158669
158685
158699
158709
158733
158737
158753
158763
158767
158774
158837
158847
158869
158901
158909
158928
158941
158966
158980
158993
158995
159026
159028
159060
159068
159069
159072
159080
159090
159105
159107
159120
159131
159156
159160
159192
159193
159196
159214
159217
159223
159234
159242
159242
159243
159269
159284
159288
159306
159311
159339
159340
159349
159350
159354
159362
159371
159394
159396
159396
159397
159399
159421
159429
159447
159467
159499
159505
159508
159512
159515
159519
159520
159530
159535
159546
159553
159566
159569
159613
159622
159632
159660
159682
159720
159720
159724
159724
159729
159742
159760
159771
159778
159778
159799
159810
159820
159841
159851
159853
159855
159879
159911
159922
159925
159929
159930
159933
159980
159982
159993
160006
160010
160010
160012
160015
160016
160020
160022
160055
160076
160100
160109
160121
160130
160133
160134
160137
160138
160176
160179
160180
160195
160199
160211
160219
160228
160247
160261
160270
160276
160282
160294
160295
160320
160325
160366
160368
160396
160403
160403
160406
160409
160421
160440
160442
160446
160450
160453
160454
160468
160471
160481
160481
160483
160486
160496
160502
160511
160516
160534
160534
160536
160537
160545
160547
160548
160551
160555
160555
160559
160560
160571
160578
160585
160588
160590
160612
160626
160636
160645
160656
160657
160658
160676
160687
160703
160709
160715
160718
160737
160738
160740
160747
160762
160762
160781
160796
160811
160814
160815
160825
160826
160830
160840
160842
160852
160873
160876
160914
160929
160935
160939
160942
160944
160984
160988
160989
161036
161038
161044
161052
161055
161062
161080
161111
161115
161134
161151
161151
161155
161159
161163
161173
161183
161221
161224
161230
161237
161241
161246
161248
161252
161252
161255
161256
161260
161260
161275
161290
161306
161331
161346
161355
161391
161396
161398
161403
161420
161424
161427
161428
161433
161437
161440
161442
161442
161453
161458
161458
161459
161476
161480
161494
161496
161497
161502
161505
161546
161555
161557
161569
161583
161586
161589
161613
161615
161642
161646
161661
161662
161681
161690
161692
161707
161710
161741
161745
161746
161747
161761
161779
161785
161807
161809
161841
161855
161862
161865
161870
161873
161874
161885
161899
161901
161902
161922
161923
161933
161934
161938
161944
161946
161953
161963
161969
161969
161971
161996
162006
162010
162021
162029
162048
162064
162070
162080
162095
162099
162105
162106
162124
162132
162135
162146
162156
162170
162183
162198
162203
162206
162217
162262
162281
162303
162326
162328
162345
162360
162365
162384
162411
162423
162441
162441
162442
162445
162468
162485
162494
162495
162499
162501
162540
162548
162563
162566
162589
162592
162607
162608
162624
162628
162645
162668
162682
162685
162723
162725
162749
162750
162754
162773
162778
162779
162789
162804
162859
162862
162874
162875
162881
162885
162920
162928
162940
162957
162959
162975
162978
162988
163002
163006
163007
163015
163025
163028
163034
163036
163057
163069
163092
163097
163098
163098
163098
163099
163106
163112
163124
163131
163158
163159
163168
163199
163200
163211
163221
163237
163285
163290
163301
163308
163355
163355
163362
163365
163365
163368
163381
163388
163411
163448
163465
163496
163504
163508
163517
163529
163540
163552
163560
163578
163587
163587
163589
163604
163613
163621
163623
163637
163643
163647
163655
163660
163664
163668
163675
163695
163711
163712
163715
163721
163722
163727
163728
163744
163753
163766
163774
163777
163789
163795
163806
163810
163816
163823
163834
163836
163839
163846
163846
163847
163854
163863
163871
163885
163899
163907
163918
163922
163937
163987
163987
163987
163987
163995
164000
164002
164002
164004
164013
164028
164032
164068
164068
164098
164100
164104
164109
164112
164118
164122
164123
164133
164143
164162
164163
164175
164186
164187
164197
164213
164223
164241
164256
164260
164268
164296
164296
164305
164311
164336
164346
164352
164378
164397
164400
164409
164410
164427
164444
164454
164462
164468
164473
164486
164495
164498
164519
164527
164531
164536
164539
164547
164567
164569
164583
164584
164585
164586
164591
164630
164636
164660
164673
164678
164693
164706
164716
164721
164734
164749
164753
164774
164803
164804
164808
164818
164833
164843
164861
164863
164874
164888
164889
164909
164922
164923
164927
164968
164970
164983
165017
165019
165023
165025
165038
165038
165044
165072
165076
165096
165111
165112
165123
165124
165129
165129
165132
165135
165140
165160
165165
165205
165207
165229
165230
165238
165261
165283
165297
165298
165318
165329
165342
165353
165394
165397
165404
165431
165436
165438
165444
165452
165467
165470
165473
165486
165488
165493
165521
165523
165530
165532
165535
165549
165561
165598
165599
165631
165694
165699
165705
165715
165726
165735
165747
165752
165772
165806
165825
165836
165844
165854
165874
165883
165883
165889
165899
165915
165917
165918
165918
165921
165927
165938
165944
165956
165966
165977
165989
165992
165997
165998
166006
166040
166066
166071
166084
166088
166092
166093
166122
166127
166143
166147
166170
166177
166191
166212
166219
166219
166225
166238
166245
166246
166264
166271
166295
166306
166314
166318
166319
166328
166340
166340
166381
166393
166400
166405
166410
166433
166458
166472
166494
166517
166541
166546
166550
166566
166571
166575
166580
166581
166585
166595
166620
166632
166633
166644
166661
166693
166697
166702
166749
166763
166765
166774
166776
166788
166800
166844
166926
166941
166947
166952
166957
166972
166980
166988
166994
167009
167011
167014
167015
167032
167061
167062
167063
167065
167098
167118
167130
167142
167154
167155
167156
167164
167169
167171
167172
167178
167187
167199
167217
167218
167225
167236
167242
167252
167272
167284
167290
167300
167310
167329
167375
167376
167378
167379
167381
167386
167393
167401
167401
167407
167411
167412
167419
167433
167472
167472
167484
167492
167514
167515
167518
167558
167577
167577
167587
167592
167602
167617
167620
167632
167635
167654
167658
167681
167685
167710
167716
167768
167774
167784
167784
167787
167818
167820
167821
167836
167837
167843
167850
167856
167863
167869
167885
167886
167891
167900
167903
167904
167905
167907
167907
167914
167921
167923
167948
167951
167969
167974
167984
167986
167995
167997
167998
168011
168014
168017
168039
168044
168045
168069
168072
168074
168083
168093
168098
168128
168141
168156
168164
168184
168190
168208
168229
168246
168248
168257
168257
168260
168265
168298
168305
168308
168313
168323
168331
168334
168348
168349
168388
168399
168408
168413
168419
168435
168463
168492
168515
168523
168529
168556
168571
168594
168627
168650
168655
168687
168688
168699
168713
168716
168718
168742
168743
168757
168799
168811
168831
168839
168844
168845
168848
168848
168864
168868
168877
168903
168908
168921
168979
169003
169003
169016
169018
169030
169045
169056
169059
169079
169104
169119
169134
169140
169146
169146
169160
169160
169163
169176
169187
169188
169204
169210
169227
169238
169248
169256
169257
169274
169279
169293
169294
169311
169320
169333
169335
169338
169341
169342
169352
169382
169383
169391
169393
169425
169460
169473
169474
169486
169490
169520
169521
169530
169536
169541
169546
169548
169549
169550
169556
169562
169570
169582
169589
169609
169617
169617
169618
169626
169626
169630
169632
169635
169636
169647
169657
169670
169673
169710
169719
169737
169740
169751
169755
169758
169771
169775
169804
169807
169818
169832
169841
169841
169846
169857
169871
169871
169886
169911
169939
169952
169960
169962
169982
169985
170027
170030
170042
170049
170061
170070
170084
170098
170112
170120
170128
170133
170145
170156
170201
170205
170220
170236
170239
170255
170255
170255
170263
170266
170284
170308
170335
170363
170365
170367
170375
170379
170395
170405
170407
170423
170424
170438
170448
170453
170457
170458
170491
170492
170495
170521
170535
170575
170581
170598
170600
170615
170619
170622
170626
170631
170632
170669
170677
170694
170698
170703
170704
170714
170717
170717
170736
170745
170754
170754
170782
170802
170805
170806
170811
170825
170844
170852
170856
170858
170859
170870
170882
170888
170894
170904
170928
170942
170978
170980
170989
171012
171013
171016
171029
171049
171051
171073
171076
171088
171096
171116
171116
171139
171164
171175
171175
171178
171182
171189
171194
171215
171225
171240
171255
171276
171296
171298
171303
171304
171309
171324
171326
171328
171332
171332
171366
171404
171451
171468
171472
171473
171477
171477
171481
171488
171502
171505
171515
171517
171540
171541
171544
171547
171549
171571
171579
171595
171598
171609
171619
171642
171642
171653
171655
171662
171665
171671
171679
171683
171684
171699
171715
171722
171725
171733
171743
171744
171759
171761
171762
171773
171822
171822
171833
171835
171837
171847
171863
171864
171865
171868
171879
171892
171901
171907
171916
171924
171930
171952
171953
171954
171958
171961
171971
171983
171997
172023
172028
172041
172048
172056
172068
172078
172079
172101
172104
172121
172124
172127
172143
172151
172161
172168
172179
172181
172199
172203
172208
172214
172219
172244
172247
172250
172255
172256
172265
172294
172300
172323
172326
172331
172350
172364
172369
172380
172389
172393
172423
172425
172435
172436
172436
172439
172442
172447
172459
172470
172484
172494
172508
172512
172525
172541
172557
172561
172563
172583
172593
172594
172599
172610
172619
172623
172624
172636
172638
172654
172685
172691
172698
172699
172700
172710
172717
172735
172747
172761
172764
172771
172771
172780
172797
172798
172801
172809
172814
172839
172844
172871
172872
172873
172886
172900
172919
172936
172940
172943
172944
172946
172957
172960
172960
172961
172964
172969
172974
172976
172977
172979
173053
173055
173065
173069
173070
173072
173073
173080
173088
173090
173097
173101
173101
173108
173127
173131
173144
173151
173151
173158
173185
173188
173192
173209
173224
173227
173234
173236
173237
173253
173254
173273
173274
173297
173302
173304
173316
173323
173327
173355
173364
173364
173392
173402
173410
173410
173424
173424
173434
173457
173461
173465
173479
173492
173512
173517
173529
173537
173542
173549
173554
173559
173591
173593
173599
173603
173610
173616
173624
173632
173657
173671
173687
173693
173713
173715
173720
173740
173744
173745
173747
173760
173778
173780
173799
173813
173819
173832
173861
173866
173870
173872
173897
173897
173913
173925
173928
173933
173950
173952
173955
173957
173974
173992
173997
173997
174009
174017
174018
174022
174026
174030
174050
174052
174095
174111
174135
174204
174234
174238
174244
174251
174253
174262
174286
174296
174312
174314
174327
174327
174341
174357
174386
174396
174401
174404
174422
174429
174454
174466
174486
174505
174510
174526
174528
174530
174534
174537
174555
174568
174572
174574
174575
174588
174617
174620
174628
174650
174667
174668
174668
174677
174679
174689
174705
174709
174717
174731
174756
174764
174768
174770
174799
174807
174813
174816
174828
174836
174867
174874
174876
174881
174895
174896
174912
174920
174959
174968
174972
174975
174978
174985
174992
175005
175006
175015
175027
175040
175041
175048
175055
175070
175077
175078
175090
175094
175101
175102
175107
175130
175197
175203
175203
175204
175206
175208
175208
175209
175249
175251
175254
175258
175275
175298
175304
175305
175314
175316
175318
175328
175334
175337
175341
175350
175353
175366
175375
175392
175408
175420
175428
175445
175459
175501
175528
175541
175556
175556
175563
175566
175575
175579
175580
175583
175591
175595
175597
175608
175619
175625
175638
175647
175650
175666
175679
175695
175729
175734
175739
175742
175754
175757
175773
175776
175783
175801
175837
175861
175863
175869
175876
175879
175897
175901
175903
175951
175978
175979
176009
176027
176033
176062
176075
176082
176085
176100
176103
176117
176119
176125
176131
176145
176148
176148
176168
176169
176173
176181
176188
176189
176189
176204
176238
176239
176248
176249
176249
176253
176258
176275
176279
176293
176327
176331
176337
176338
176348
176354
176379
176407
176426
176432
176433
176436
176449
176463
176470
176473
176487
176496
176498
176512
176516
176532
176534
176560
176565
176571
176579
176582
176588
176601
176602
176626
176631
176634
176643
176646
176684
176706
176709
176710
176760
176764
176776
176793
176816
176822
176827
176829
176833
176837
176844
176845
176857
176875
176881
176894
176904
176909
176914
176923
176931
176931
176932
176934
176954
176987
176988
176993
176996
177001
177006
177008
177009
177032
177045
177046
177058
177062
177099
177105
177108
177112
177121
177127
177156
177160
177168
177210
177214
177221
177225
177235
177235
177246
177248
177256
177260
177266
177267
177267
177271
177271
177274
177281
177293
177298
177308
177310
177336
177338
177345
177372
177373
177375
177381
177384
177396
177397
177399
177449
177453
177460
177498
177515
177517
177520
177522
177527
177567
177577
177585
177591
177595
177596
177601
177613
177621
177648
177656
177662
177666
177678
177688
177705
177708
177712
177718
177722
177723
177733
177735
177744
177748
177765
177799
177805
177813
177816
177832
177842
177844
177888
177891
177892
177893
177894
177902
177908
177909
177910
177910
177920
177950
177950
177955
177955
177967
177988
177992
178003
178037
178039
178049
178064
178068
178072
178090
178096
178097
178109
178116
178141
178146
178148
178153
178162
178164
178166
178167
178175
178183
178184
178187
178189
178202
178214
178245
178254
178259
178298
178302
178312
178313
178320
178331
178342
178345
178368
178371
178381
178381
178383
178413
178426
178431
178444
178447
178449
178450
178478
178490
178495
178540
178548
178557
178561
178568
178572
178581
178596
178608
178638
178643
178663
178688
178693
178707
178742
178764
178783
178798
178809
178811
178834
178846
178851
178851
178853
178858
178867
178869
178869
178904
178904
178904
178907
178910
178911
178965
178977
179024
179026
179030
179036
179046
179049
179051
179071
179072
179074
179076
179077
179111
179137
179139
179143
179151
179152
179156
179183
179188
179194
179195
179209
179224
179227
179231
179246
179252
179259
179262
179262
179269
179270
179270
179272
179289
179301
179303
179304
179305
179312
179316
179333
179338
179346
179355
179363
179424
179465
179466
179493
179502
179521
179522
179528
179554
179570
179573
179575
179581
179590
179590
179592
179594
179615
179636
179637
179637
179674
179678
179687
179706
179708
179714
179734
179736
179736
179736
179747
179748
179750
179754
179785
179796
179799
179799
179801
179830
179833
179840
179849
179851
179858
179866
179886
179898
179899
179935
179952
179960
179993
179997
179997
180022
180040
180040
180091
180094
180095
180107
180109
180113
180122
180128
180154
180165
180168
180173
180177
180180
180182
180208
180217
180226
180240
180243
180247
180249
180260
180266
180279
180285
180300
180329
180350
180369
180383
180390
180394
180394
180395
180423
180429
180429
180431
180436
180444
180445
180461
180476
180486
180486
180489
180492
180495
180496
180521
180547
180569
180576
180599
180614
180618
180625
180634
180646
180650
180650
180669
180677
180682
180687
180697
180699
180702
180703
180715
180716
180719
180723
180779
180783
180799
180803
180806
180822
180833
180841
180856
180868
180894
180904
180918
180920
180953
180954
180973
180975
180985
181010
181013
181064
181068
181084
181095
181116
181124
181137
181138
181141
181157
181166
181173
181175
181175
181178
181188
181242
181265
181272
181282
181283
181286
181311
181317
181320
181336
181347
181358
181399
181410
181412
181415
181432
181453
181454
181456
181472
181495
181498
181501
181506
181506
181507
181507
181508
181515
181516
181531
181532
181556
181563
181564
181570
181571
181572
181572
181583
181607
181610
181625
181627
181640
181653
181661
181667
181667
181677
181679
181680
181694
181701
181729
181741
181745
181745
181747
181749
181756
181766
181780
181792
181799
181800
181800
181819
181827
181830
181831
181842
181846
181851
181852
181858
181867
181869
181875
181877
181895
181898
181922
181946
181948
181956
181957
181961
181962
181981
182021
182027
182061
182067
182074
182104
182114
182115
182124
182124
182132
182133
182155
182167
182174
182193
182209
182223
182243
182258
182310
182336
182346
182349
182360
182372
182378
182397
182402
182405
182406
182413
182414
182430
182441
182448
182449
182450
182464
182468
182473
182489
182491
182498
182559
182559
182568
182577
182584
182593
182606
182616
182621
182640
182651
182652
182654
182668
182671
182674
182677
182685
182700
182724
182724
182728
182738
182742
182746
182759
182761
182770
182773
182816
182839
182848
182848
182850
182852
182853
182854
182859
182882
182884
182900
182921
182955
182958
182967
182990
182992
182998
183011
183014
183020
183026
183027
183038
183046
183054
183075
183107
183111
183115
183117
183128
183132
183174
183175
183181
183181
183183
183196
183202
183212
183230
183232
183236
183244
183256
183257
183262
183267
183272
183273
183277
183281
183282
183283
183299
183303
183304
183310
183311
183324
183329
183363
183370
183390
183393
183398
183402
183412
183421
183422
183454
183457
183462
183467
183470
183483
183484
183502
183517
183536
183536
183540
183543
183546
183553
183600
183609
183615
183615
183669
183678
183686
183687
183697
183711
183712
183744
183754
183756
183764
183778
183797
183845
183860
183878
183885
183895
183905
183908
183936
183937
183954
183957
183957
183969
183993
183994
183999
184005
184046
184058
184071
184075
184080
184103
184116
184124
184131
184152
184156
184190
184200
184212
184232
184235
184246
184246
184248
184267
184267
184269
184270
184276
184277
184304
184306
184332
184334
184336
184348
184361
184362
184372
184387
184408
184414
184415
184415
184419
184434
184451
184452
184467
184476
184478
184478
184493
184499
184509
184522
184523
184524
184530
184539
184543
184572
184582
184585
184586
184621
184622
184623
184658
184660
184671
184681
184686
184710
184716
184727
184765
184792
184800
184807
184833
184855
184857
184870
184888
184899
184911
184911
184933
184937
184957
184962
184997
185001
185003
185014
185019
185030
185059
185061
185080
185089
185093
185094
185129
185132
185135
185137
185142
185161
185197
185208
185212
185215
185229
185237
185246
185258
185266
185276
185288
185297
185308
185314
185326
185326
185326
185340
185340
185355
185388
185390
185395
185430
185432
185450
185455
185456
185462
185473
185479
185486
185490
185493
185506
185511
185519
185523
185535
185535
185535
185541
185561
185576
185598
185608
185613
185617
185622
185626
185627
185629
185629
185649
185692
185721
185724
185727
185734
185748
185753
185764
185770
185784
185788
185793
185794
185806
185807
185812
185822
185827
185829
185841
185875
185889
185889
185891
185892
185893
185903
185908
185912
185913
185947
185957
185962
185975
185990
185995
185996
186003
186003
186011
186013
186014
186028
186036
186037
186042
186044
186059
186060
186082
186088
186100
186102
186105
186112
186148
186169
186194
186199
186228
186246
186251
186266
186270
186270
186272
186284
186288
186292
186303
186311
186315
186326
186352
186359
186391
186392
186397
186398
186419
186424
186428
186431
186434
186445
186455
186462
186465
186485
186489
186508
186512
186534
186561
186565
186567
186579
186585
186604
186616
186626
186655
186664
186670
186671
186685
186689
186698
186700
186703
186709
186713
186744
186748
186755
186756
186762
186773
186792
186794
186797
186812
186815
186822
186825
186830
186863
186885
186917
186948
186953
186964
186976
186979
187004
187005
187026
187027
187035
187059
187066
187068
187102
187115
187131
187138
187138
187153
187153
187171
187179
187193
187221
187224
187224
187236
187242
187255
187269
187270
187275
187276
187281
187291
187307
187311
187328
187335
187339
187352
187366
187368
187377
187378
187392
187393
187421
187431
187434
187475
187483
187501
187506
187508
187511
187518
187531
187542
187545
187547
187563
187567
187574
187607
187616
187624
187634
187636
187653
187667
187674
187700
187701
187726
187727
187731
187745
187748
187763
187769
187812
187815
187817
187818
187834
187853
187855
187881
187893
187911
187920
187942
187943
187955
187993
188015
188017
188025
188052
188091
188108
188111
188111
188122
188123
188126
188154
188172
188178
188179
188184
188191
188196
188201
188206
188227
188264
188267
188268
188282
188291
188303
188305
188305
188310
188318
188323
188328
188330
188339
188351
188360
188362
188374
188397
188404
188439
188440
188443
188450
188453
188457
188465
188477
188481
188487
188511
188536
188566
188577
188586
188593
188605
188607
188666
188671
188677
188679
188694
188705
188713
188729
188734
188754
188791
188796
188819
188821
188838
188841
188853
188855
188862
188872
188876
188877
188880
188920
188934
188961
188976
189006
189007
189010
189015
189016
189046
189048
189055
189074
189082
189093
189107
189110
189143
189150
189162
189175
189202
189212
189239
189251
189266
189273
189274
189283
189307
189377
189377
189380
189390
189390
189409
189420
189438
189452
189453
189497
189513
189517
189548
189552
189559
189562
189575
189577
189595
189595
189601
189610
189623
189630
189634
189684
189703
189705
189711
189730
189748
189756
189759
189765
189775
189782
189797
189798
189802
189824
189825
189829
189830
189830
189831
189833
189846
189847
189849
189852
189858
189862
189863
189885
189890
189892
189902
189904
189910
189914
189917
189927
189934
189953
189957
189963
189978
189984
189997
190001
190040
190058
190078
190079
190096
190137
190139
190195
190198
190200
190204
190223
190228
190236
190238
190240
190245
190263
190265
190271
190276
190288
190292
190295
190299
190311
190320
190329
190347
190368
190368
190370
190382
190395
190403
190415
190445
190447
190457
190474
190476
190492
190492
190496
190503
190508
190522
190531
190538
190543
190544
190584
190584
190585
190597
190604
190617
190630
190633
190644
190670
190672
190674
190675
190679
190680
190686
190691
190714
190724
190733
190739
190753
190753
190778
190785
190805
190810
190813
190822
190824
190829
190902
190907
190908
190914
190924
190936
190962
190971
190973
190990
191002
191013
191015
191038
191057
191078
191082
191092
191118
191136
191152
191152
191201
191222
191226
191229
191234
191237
191242
191259
191262
191273
191278
191285
191297
191297
191300
191318
191318
191322
191323
191331
191332
191334
191340
191366
191373
191388
191401
191406
191438
191455
191466
191476
191478
191484
191498
191500
191502
191514
191519
191520
191537
191619
191620
191630
191630
191646
191651
191660
191661
191670
191694
191696
191702
191706
191745
191758
191761
191778
191801
191803
191803
191804
191812
191816
191817
191821
191826
191828
191835
191861
191868
191881
191887
191896
191899
191907
191915
191918
191923
191924
191930
191951
191952
191960
191964
191982
191983
191991
191991
192002
192015
192015
192019
192023
192051
192051
192077
192079
192090
192113
192144
192162
192166
192184
192200
192202
192227
192230
192234
192240
192261
192267
192269
192271
192275
192279
192287
192292
192308
192327
192329
192330
192334
192344
192354
192363
192369
192377
192389
192398
192433
192436
192443
192455
192465
192470
192502
192506
192543
192544
192549
192588
192592
192595
192603
192604
192620
192623
192626
192629
192632
192636
192637
192640
192640
192652
192654
192668
192669
192690
192693
192696
192698
192709
192714
192721
192733
192746
192746
192754
192765
192767
192769
192785
192788
192820
192829
192831
192844
192854
192861
192876
192888
192898
192908
192918
192923
192924
192935
192944
192950
192952
192985
192992
192993
193006
193010
193016
193029
193038
193045
193050
193055
193076
193085
193106
193123
193125
193125
193126
193132
193163
193168
193184
193191
193217
193223
193224
193249
193255
193257
193259
193279
193284
193292
193303
193304
193328
193332
193337
193342
193389
193399
193423
193433
193438
193441
193455
193471
193474
193492
193503
193509
193536
193545
193548
193555
193558
193558
193563
193567
193570
193571
193579
193604
193609
193622
193646
193652
193656
193673
193675
193686
193690
193693
193693
193694
193718
193719
193724
193737
193739
193740
193762
193768
193772
193778
193787
193816
193843
193860
193873
193879
193881
193883
193891
193892
193920
193944
193948
193958
193966
193976
193985
193988
193999
194003
194003
194004
194005
194010
194011
194017
194024
194026
194066
194080
194081
194085
194093
194093
194103
194105
194106
194109
194111
194114
194115
194139
194143
194151
194154
194161
194164
194171
194187
194189
194189
194191
194197
194219
194224
194230
194237
194238
194245
194267
194269
194271
194273
194275
194277
194277
194280
194312
194323
194326
194344
194346
194352
194356
194357
194362
194373
194383
194384
194394
194411
194422
194422
194424
194440
194456
194463
194496
194496
194499
194507
194509
194514
194522
194524
194546
194553
194578
194632
194639
194645
194662
194665
194689
194693
194726
194730
194739
194745
194752
194756
194792
194805
194826
194850
194862
194864
194870
194873
194877
194889
194924
194934
194941
194949
194952
194955
194957
194961
194977
194995
194996
194997
195005
195006
195023
195032
195035
195037
195046
195050
195066
195072
195073
195086
195098
195098
195121
195134
195147
195149
195154
195173
195175
195178
195180
195182
195191
195198
195205
195209
195222
195226
195227
195238
195247
195251
195291
195293
195306
195312
195313
195316
195333
195336
195337
195347
195365
195366
195386
195388
195390
195398
195400
195412
195429
195448
195451
195452
195460
195472
195476
195481
195488
195506
195507
195508
195509
195513
195514
195528
195533
195571
195597
195598
195599
195616
195616
195647
195649
195652
195655
195668
195670
195673
195681
195685
195703
195707
195714
195717
195718
195720
195725
195740
195741
195763
195768
195786
195805
195809
195811
195831
195833
195841
195854
195864
195876
195880
195892
195895
195897
195898
195914
195915
195916
195932
195958
195972
195985
196037
196046
196058
196066
196067
196068
196070
196085
196088
196099
196100
196130
196130
196136
196137
196143
196149
196157
196159
196236
196237
196255
196262
196270
196278
196278
196292
196320
196324
196332
196334
196344
196353
196354
196358
196367
196380
196381
196384
196386
196387
196390
196393
196398
196402
196417
196418
196423
196435
196436
196438
196444
196446
196461
196471
196485
196487
196491
196500
196510
196511
196514
196518
196519
196520
196529
196536
196536
196544
196576
196580
196592
196593
196616
196616
196626
196636
196661
196661
196674
196681
196682
196696
196706
196713
196722
196735
196750
196775
196784
196789
196811
196832
196844
196855
196868
196874
196902
196902
196909
196913
196925
196944
196947
196953
196990
197009
197010
197031
197036
197059
197079
197115
197135
197146
197157
197173
197176
197182
197189
197197
197215
197225
197242
197250
197251
197252
197276
197277
197279
197298
197321
197336
197348
197349
197350
197351
197367
197392
197394
197396
197401
197407
197435
197440
197459
197461
197461
197481
197481
197485
197495
197504
197506
197521
197529
197536
197571
197585
197593
197600
197601
197612
197614
197614
197640
197647
197647
197662
197678
197682
197683
197698
197699
197716
197718
197724
197725
197739
197763
197764
197803
197811
197817
197820
197821
197825
197838
197846
197851
197864
197881
197890
197901
197913
197922
197925
197928
197939
197958
197966
197971
197977
197985
197986
197986
197988
197998
198003
198012
198034
198044
198053
198062
198101
198121
198154
198183
198184
198192
198211
198212
198219
198237
198238
198242
198252
198264
198268
198273
198278
198279
198339
198340
198358
198365
198399
198402
198405
198410
198410
198424
198448
198463
198482
198486
198487
198492
198512
198520
198520
198523
198546
198546
198548
198556
198569
198586
198599
198604
198615
198627
198657
198657
198682
198691
198691
198717
198723
198724
198727
198738
198738
198751
198752
198758
198763
198779
198789
198801
198810
198817
198828
198840
198848
198862
198883
198905
198932
198968
198968
198986
199018
199034
199053
199065
199074
199092
199104
199107
199109
199111
199111
199118
199120
199152
199158
199184
199196
199196
199205
199233
199233
199241
199245
199253
199258
199275
199288
199315
199315
199316
199321
199332
199337
199347
199360
199368
199417
199417
199441
199453
199454
199476
199493
199506
199509
199512
199527
199527
199536
199546
199548
199548
199566
199566
199588
199590
199591
199592
199601
199608
199616
199619
199633
199647
199653
199660
199678
199683
199683
199688
199717
199722
199738
199743
199751
199758
199769
199778
199779
199781
199783
199796
199802
199816
199828
199833
199840
199845
199850
199851
199862
199900
199904
199906
199907
199908
199909
199916
199921
199929
199933
199975
199977
199985
200004
200005
200005
200011
200012
200023
200032
200044
200051
200057
200062
200068
200073
200082
200086
200143
200146
200151
200180
200190
200191
200208
200221
200231
200235
200236
200285
200288
200306
200314
200318
200325
200343
200344
200351
200357
200390
200402
200406
200445
200453
200459
200478
200481
200483
200485
200485
200501
200506
200510
200515
200517
200531
200542
200558
200561
200562
200599
200625
200629
200635
200668
200683
200689
200702
200706
200719
200724
200737
200742
200753
200759
200770
200777
200787
200792
200794
200800
200810
200831
200832
200836
200867
200869
200872
200884
200886
200891
200907
200910
200911
200914
200941
200944
200945
200971
200973
200979
200984
201010
201016
201022
201050
201051
201073
201073
201080
201083
201096
201105
201109
201109
201140
201142
201152
201158
201158
201176
201193
201199
201261
201267
201279
201304
201317
201319
201323
201323
201334
201336
201337
201343
201352
201360
201362
201374
201382
201386
201387
201413
201423
201426
201429
201444
201445
201462
201466
201476
201485
201488
201491
201497
201501
201508
201510
201512
201515
201521
201535
201567
201579
201597
201601
201602
201603
201613
201622
201626
201627
201634
201637
201656
201658
201662
201665
201690
201708
201716
201716
201717
201718
201719
201742
201752
201768
201768
201774
201783
201786
201791
201794
201817
201823
201844
201859
201871
201883
201884
201899
201910
201916
201921
201927
201942
201950
201957
201965
201974
201974
202000
202003
202007
202012
202017
202031
202041
202049
202058
202071
202071
202074
202075
202104
202105
202110
202123
202133
202147
202166
202170
202179
202183
202184
202185
202219
202224
202228
202235
202236
202252
202264
202302
202306
202308
202312
202323
202326
202343
202357
202366
202367
202369
202375
202379
202399
202410
202421
202428
202441
202447
202468
202470
202473
202473
202476
202477
202488
202490
202491
202504
202508
202516
202523
202528
202528
202542
202543
202561
202570
202583
202602
202612
202614
202626
202631
202631
202632
202651
202653
202664
202689
202697
202700
202712
202718
202723
202726
202760
202782
202791
202816
202838
202866
202874
202877
202888
202919
202932
202948
202970
202978
203018
203029
203031
203040
203043
203044
203049
203050
203053
203061
203062
203096
203134
203142
203155
203159
203159
203179
203179
203197
203203
203240
203240
203255
203267
203267
203276
203279
203301
203305
203320
203333
203334
203334
203340
203361
203367
203367
203372
203380
203387
203393
203417
203441
203444
203481
203482
203485
203493
203494
203505
203510
203513
203519
203539
203548
203553
203559
203591
203607
203612
203623
203623
203630
203636
203641
203658
203664
203697
203699
203711
203743
203771
203773
203783
203800
203802
203803
203805
203811
203817
203843
203857
203866
203875
203877
203918
203924
203933
203933
203945
203955
203962
203963
203968
203974
203976
203980
203980
204013
204033
204086
204112
204114
204125
204129
204170
204188
204196
204196
204210
204211
204213
204233
204234
204238
204251
204270
204282
204283
204289
204324
204335
204352
204353
204356
204357
204365
204383
204394
204413
204437
204438
204460
204466
204466
204466
204470
204472
204510
204516
204524
204533
204538
204542
204543
204548
204592
204619
204634
204635
204661
204671
204684
204696
204701
204705
204714
204716
204726
204730
204736
204744
204758
204768
204775
204794
204812
204813
204821
204828
204870
204872
204876
204881
204882
204887
204898
204920
204926
204928
204948
204962
204979
204999
205006
205011
205013
205014
205020
205031
205038
205044
205049
205054
205059
205067
205071
205083
205084
205105
205117
205127
205132
205138
205145
205159
205161
205165
205173
205175
205187
205197
205206
205222
205223
205227
205232
205237
205267
205281
205307
205347
205350
205354
205362
205382
205389
205403
205407
205418
205450
205455
205479
205497
205511
205524
205534
205535
205548
205555
205564
205568
205571
205587
205607
205616
205622
205630
205639
205648
205656
205657
205679
205686
205692
205709
205722
205723
205724
205764
205771
205784
205787
205791
205793
205793
205796
205806
205823
205831
205836
205849
205872
205883
205913
205919
205923
205926
205931
205938
205944
205946
205950
205950
205952
205959
205991
206001
206002
206004
206004
206016
206038
206048
206057
206060
206067
206067
206083
206083
206091
206101
206103
206103
206131
206140
206142
206201
206206
206220
206234
206255
206255
206260
206261
206267
206272
206275
206281
206306
206326
206326
206328
206332
206347
206357
206357
206367
206383
206385
206393
206406
206414
206417
206461
206463
206468
206479
206522
206548
206576
206603
206607
206610
206615
206630
206641
206652
206657
206658
206662
206664
206667
206722
206723
206756
206771
206783
206794
206809
206818
206830
206837
206844
206849
206849
206872
206875
206900
206921
206926
206929
206933
206956
206962
206987
206994
207017
207022
207026
207057
207068
207069
207087
207096
207109
207128
207133
207143
207149
207159
207171
207183
207184
207200
207212
207226
207229
207240
207254
207255
207266
207270
207270
207277
207284
207290
207294
207327
207330
207388
207392
207399
207412
207430
207447
207453
207455
207455
207459
207487
207499
207503
207504
207512
207524
207542
207545
207549
207562
207566
207568
207570
207576
207579
207583
207584
207594
207614
207619
207624
207628
207630
207636
207642
207651
207674
207676
207688
207694
207695
207700
207702
207718
207719
207720
207723
207739
207741
207743
207752
207761
207820
207833
207858
207867
207869
207877
207879
207886
207887
207888
207891
207926
207952
207958
207965
208002
208010
208015
208025
208034
208039
208049
208049
208056
208058
208064
208067
208073
208074
208074
208078
208093
208094
208122
208132
208133
208136
208136
208143
208144
208149
208154
208168
208173
208182
208188
208227
208232
208247
208256
208258
208263
208264
208278
208279
208284
208285
208291
208295
208297
208318
208319
208328
208329
208342
208348
208348
208356
208359
208364
208374
208379
208380
208398
208398
208404
208407
208425
208432
208455
208459
208460
208483
208494
208505
208507
208516
208517
208520
208521
208545
208545
208557
208568
208604
208607
208639
208647
208652
208658
208661
208668
208690
208698
208704
208707
208746
208763
208771
208772
208774
208774
208782
208785
208808
208831
208864
208871
208876
208880
208907
208912
208940
208975
209008
209011
209042
209045
209047
209076
209081
209085
209087
209089
209104
209117
209119
209119
209121
209130
209135
209137
209150
209152
209157
209163
209171
209172
209208
209220
209221
209227
209246
209264
209285
209295
209305
209309
209312
209318
209319
209324
209328
209333
209338
209343
209348
209359
209376
209382
209387
209393
209394
209409
209418
209418
209425
209448
209450
209451
209475
209476
209483
209486
209504
209512
209517
209519
209539
209563
209570
209581
209582
209582
209587
209590
209594
209598
209620
209621
209650
209652
209658
209661
209667
209674
209679
209682
209728
209741
209750
209756
209758
209759
209759
209784
209793
209795
209811
209819
209823
209834
209835
209838
209841
209842
209856
209859
209862
209868
209882
209901
209907
209907
209908
209932
209940
209947
209978
209981
209986
209991
210012
210012
210021
210029
210034
210042
210061
210063
210068
210082
210119
210139
210156
210158
210172
210180
210190
210193
210206
210211
210212
210215
210220
210249
210255
210297
210308
210315
210317
210320
210320
210334
210371
210374
210391
210392
210402
210432
210463
210477
210482
210485
210497
210509
210531
210535
210540
210541
210564
210564
210569
210589
210607
210615
210615
210619
210623
210630
210636
210647
210651
210674
210676
210685
210688
210696
210702
210706
210732
210734
210751
210752
210754
210762
210768
210784
210795
210800
210808
210818
210831
210850
210855
210860
210866
210866
210870
210872
210902
210902
210907
210908
210916
210923
210946
210961
210970
210976
210978
210985
211002
211015
211026
211032
211034
211040
211051
211059
211064
211072
211073
211090
211094
211104
211111
211118
211126
211127
211132
211138
211172
211173
211178
211184
211186
211215
211220
211241
211250
211261
211281
211308
211322
211323
211326
211331
211334
211338
211341
211342
211347
211365
211385
211387
211389
211399
211403
211431
211494
211496
211497
211503
211521
211525
211528
211534
211538
211546
211552
211558
211603
211616
211622
211624
211638
211654
211655
211655
211659
211683
211684
211686
211694
211695
211706
211714
211719
211729
211750
211751
211752
211754
211757
211763
211763
211774
211784
211811
211824
211840
211840
211860
211866
211867
211889
211892
211900
211946
211949
211956
211964
211966
211967
211983
212007
212009
212010
212027
212030
212039
212051
212054
212055
212065
212075
212080
212085
212089
212090
212111
212137
212151
212154
212169
212187
212187
212192
212209
212210
212219
212254
212255
212258
212258
212272
212298
212300
212304
212307
212310
212321
212330
212337
212359
212363
212367
212381
212383
212399
212406
212430
212430
212437
212448
212455
212459
212503
212505
212510
212512
212524
212553
212568
212580
212582
212588
212602
212607
212611
212616
212620
212623
212632
212637
212637
212638
212646
212650
212653
212657
212665
212666
212669
212684
212687
212716
212723
212724
212727
212734
212750
212753
212768
212777
212780
212828
212831
212857
212860
212882
212891
212903
212920
212928
212955
212956
212968
213028
213030
213037
213043
213045
213059
213067
213073
213090
213108
213129
213138
213138
213141
213142
213147
213158
213165
213178
213182
213200
213221
213225
213235
213235
213240
213241
213243
213243
213244
213257
213291
213304
213305
213316
213321
213334
213335
213336
213342
213352
213358
213369
213374
213381
213390
213407
213407
213448
213465
213474
213480
213481
213482
213496
213498
213519
213519
213523
213526
213531
213532
213538
213544
213547
213555
213587
213593
213603
213605
213627
213630
213641
213644
213653
213671
213681
213703
213710
213733
213755
213765
213770
213775
213782
213787
213791
213836
213857
213865
213870
213884
213907
213909
213916
213927
213944
213954
213966
213967
213970
213974
213991
213991
213993
213993
214005
214018
214024
214024
214034
214039
214052
214058
214066
214082
214094
214097
214109
214134
214151
214152
214177
214179
214179
214183
214188
214196
214196
214197
214206
214209
214220
214222
214231
214233
214236
214237
214252
214254
214255
214258
214262
214279
214282
214318
214322
214322
214328
214346
214355
214367
214392
214416
214421
214435
214439
214441
214458
214478
214482
214488
214494
214505
214553
214563
214569
214571
214587
214639
214644
214649
214665
214669
214671
214678
214683
214685
214701
214706
214707
214709
214719
214725
214770
214782
214783
214784
214791
214803
214826
214834
214850
214851
214870
214906
214913
214925
214930
214937
214938
214960
214962
214964
214971
214975
214976
214985
214987
214992
214996
215017
215019
215019
215026
215032
215034
215048
215048
215051
215066
215067
215071
215088
215103
215108
215128
215133
215147
215150
215150
215156
215157
215175
215182
215184
215191
215195
215195
215201
215208
215221
215230
215232
215247
215253
215258
215267
215284
215286
215292
215308
215338
215345
215349
215371
215398
215405
215423
215425
215432
215434
215435
215460
215470
215475
215485
215501
215507
215543
215550
215551
215572
215578
215583
215587
215596
215615
215621
215634
215640
215645
215662
215671
215684
215687
215709
215726
215751
215757
215800
215816
215817
215817
215820
215821
215842
215846
215848
215893
215897
215908
215922
215926
215937
215937
215945
215949
215959
215966
215974
215977
215979
215999
216000
216001
216022
216022
216051
216055
216092
216103
216129
216133
216137
216148
216151
216170
216178
216189
216211
216222
216225
216236
216236
216255
216283
216306
216307
216310
216321
216328
216330
216336
216341
216388
216402
216426
216427
216428
216441
216446
216457
216459
216463
216474
216476
216483
216488
216493
216508
216511
216511
216512
216529
216541
216563
216585
216595
216602
216614
216622
216623
216632
216667
216671
216684
216710
216711
216721
216726
216731
216731
216735
216756
216765
216808
216840
216841
216851
216870
216886
216893
216903
216911
216915
216916
216924
216936
216937
216940
216955
216957
216969
216996
216999
217011
217015
217027
217034
217036
217038
217076
217086
217090
217097
217109
217116
217119
217133
217160
217160
217161
217168
217169
217192
217192
217201
217208
217222
217226
217229
217237
217254
217272
217292
217293
217302
217304
217317
217344
217365
217367
217371
217381
217382
217400
217408
217416
217421
217429
217433
217437
217441
217456
217472
217482
217492
217495
217496
217499
217500
217510
217513
217552
217556
217574
217575
217583
217599
217602
217607
217619
217628
217651
217662
217666
217688
217698
217699
217722
217738
217740
217756
217778
217786
217788
217796
217799
217805
217816
217820
217836
217896
217898
217902
217929
217930
217951
217955
217969
217970
217972
217985
217994
217995
217999
218003
218016
218025
218032
218050
218063
218068
218069
218087
218087
218131
218143
218145
218153
218153
218180
218190
218213
218217
218220
218232
218243
218250
218258
218270
218290
218325
218330
218335
218336
218338
218348
218348
218355
218394
218395
218397
218417
218426
218427
218457
218465
218470
218479
218496
218497
218517
218518
218518
218529
218534
218559
218576
218582
218584
218593
218606
218612
218619
218629
218641
218649
218653
218658
218659
218672
218682
218683
218683
218684
218686
218690
218691
218711
218723
218734
218737
218748
218758
218762
218836
218851
218876
218883
218890
218892
218895
218901
218938
218945
218949
218959
218985
218990
219004
219006
219009
219010
219010
219011
219030
219036
219042
219062
219063
219064
219065
219069
219087
219116
219117
219120
219120
219138
219167
219203
219205
219214
219220
219234
219240
219248
219248
219263
219267
219305
219316
219317
219322
219329
219341
219368
219390
219398
219407
219420
219427
219435
219450
219475
219477
219481
219485
219490
219491
219493
219505
219507
219521
219523
219536
219541
219572
219573
219576
219578
219593
219601
219608
219612
219614
219618
219678
219679
219695
219699
219701
219718
219729
219736
219739
219745
219747
219756
219758
219760
219765
219768
219774
219798
219813
219848
219851
219851
219857
219872
219877
219898
219918
219919
219944
219948
219955
219971
219974
219980
219981
219982
220005
220051
220069
220073
220081
220081
220087
220090
220095
220120
220135
220143
220167
220168
220174
220176
220193
220202
220214
220219
220225
220227
220237
220247
220257
220259
220259
220263
220280
220282
220292
220315
220340
220342
220366
220373
220388
220407
220424
220428
220433
220439
220453
220463
220468
220496
220507
220512
220513
220520
220534
220549
220557
220567
220584
220587
220600
220616
220625
220667
220671
220676
220685
220690
220691
220691
220702
220709
220725
220756
220764
220765
220788
220790
220794
220799
220810
220826
220833
220866
220868
220874
220889
220892
220894
220897
220910
220913
220915
220933
220937
220954
220960
220972
220976
221016
221043
221046
221067
221068
221080
221082
221092
221094
221099
221099
221102
221105
221107
221125
221129
221132
221132
221151
221154
221158
221178
221180
221183
221198
221198
221216
221217
221240
221258
221260
221268
221269
221279
221290
221290
221294
221296
221298
221304
221314
221321
221324
221324
221331
221331
221356
221356
221358
221368
221374
221392
221399
221401
221413
221416
221420
221422
221426
221429
221435
221438
221438
221438
221448
221453
221459
221461
221472
221489
221508
221518
221521
221531
221541
221598
221611
221629
221629
221664
221673
221675
221677
221679
221690
221693
221700
221720
221724
221751
221751
221775
221782
221791
221803
221804
221805
221818
221823
221852
221861
221865
221878
221889
221890
221897
221931
221941
221947
221953
221979
221989
222007
222008
222024
222038
222039
222061
222063
222068
222080
222085
222096
222101
222123
222145
222145
222149
222175
222192
222194
222197
222218
222230
222252
222263
222267
222296
222299
222301
222309
222311
222319
222336
222339
222341
222347
222355
222355
222356
222364
222374
222392
222435
222456
222457
222458
222458
222485
222488
222494
222523
222529
222529
222542
222542
222551
222557
222577
222584
222585
222586
222618
222649
222664
222666
222672
222694
222705
222722
222723
222729
222772
222774
222775
222793
222816
222838
222858
222868
222868
222880
222881
222882
222903
222941
222946
222949
222955
222957
222959
222961
222961
222971
222974
222979
223004
223015
223016
223038
223052
223069
223075
223114
223118
223123
223136
223165
223171
223177
223178
223198
223198
223224
223240
223241
223253
223260
223269
223281
223287
223287
223298
223306
223308
223312
223315
223332
223338
223363
223374
223387
223394
223412
223412
223418
223424
223460
223479
223490
223502
223511
223525
223555
223556
223556
223559
223568
223600
223601
223606
223607
223623
223628
223633
223633
223661
223663
223679
223687
223687
223696
223698
223700
223703
223721
223727
223736
223741
223766
223770
223778
223785
223793
223818
223820
223843
223845
223845
223861
223863
223867
223874
223898
223908
223917
223918
223927
223940
223946
223951
223957
223959
223982
223986
223986
223989
224014
224034
224050
224054
224067
224067
224071
224077
224107
224124
224138
224141
224144
224152
224153
224178
224186
224186
224189
224198
224198
224202
224206
224214
224214
224229
224239
224273
224282
224292
224301
224320
224323
224329
224329
224350
224356
224384
224393
224428
224429
224432
224436
224445
224451
224497
224498
224510
224525
224532
224534
224534
224538
224538
224544
224555
224558
224559
224559
224562
224585
224606
224607
224616
224629
224644
224645
224651
224652
224661
224670
224685
224691
224717
224721
224725
224729
224738
224739
224775
224788
224788
224794
224795
224799
224816
224832
224866
224879
224880
224888
224891
224898
224899
224903
224903
224907
224910
224924
224938
224943
224956
224964
224968
224977
224989
225006
225008
225010
225026
225028
225029
225034
225036
225043
225043
225055
225086
225099
225105
225113
225125
225142
225143
225144
225145
225153
225159
225160
225162
225163
225180
225182
225183
225189
225200
225210
225210
225217
225231
225233
225266
225267
225273
225278
225288
225302
225303
225310
225314
225332
225338
225344
225352
225353
225379
225401
225404
225404
225410
225418
225446
225451
225452
225461
225461
225462
225478
225504
225505
225519
225554
225561
225565
225577
225597
225601
225605
225611
225615
225629
225636
225642
225645
225646
225659
225659
225691
225706
225715
225744
225749
225772
225778
225790
225806
225834
225856
225866
225874
225892
225901
225903
225915
225938
225941
225952
225973
226026
226029
226045
226048
226049
226056
226063
226086
226086
226098
226105
226136
226140
226148
226152
226156
226168
226168
226169
226173
226197
226205
226211
226212
226223
226249
226264
226277
226279
226284
226308
226363
226367
226367
226371
226372
226381
226389
226410
226424
226430
226443
226444
226475
226478
226484
226484
226508
226528
226528
226528
226533
226539
226556
226571
226583
226585
226586
226598
226655
226657
226658
226660
226673
226676
226678
226686
226692
226700
226701
226713
226726
226762
226776
226810
226813
226832
226846
226888
226914
226919
226927
226937
226937
226964
226976
226976
226996
227024
227030
227040
227042
227044
227071
227093
227097
227103
227109
227111
227113
227133
227134
227139
227140
227144
227146
227161
227182
227212
227224
227228
227254
227257
227278
227286
227287
227293
227294
227301
227313
227315
227366
227367
227375
227386
227393
227395
227403
227407
227419
227419
227432
227433
227461
227469
227520
227537
227578
227615
227636
227650
227652
227653
227657
227668
227671
227681
227690
227698
227698
227716
227717
227718
227727
227739
227750
227785
227790
227801
227808
227812
227830
227834
227861
227877
227879
227880
227895
227904
227914
227920
227923
227939
227942
227946
227948
227956
227957
227962
227970
227975
227987
227989
227996
227999
228016
228018
228025
228048
228062
228073
228074
228083
228102
228104
228105
228105
228110
228115
228118
228168
228213
228215
228241
228253
228257
228257
228258
228261
228262
228275
228282
228290
228310
228329
228333
228353
228373
228374
228382
228392
228399
228405
228406
228413
228415
228427
228440
228451
228480
228482
228484
228486
228489
228498
228501
228507
228519
228544
228557
228566
228574
228577
228585
228587
228598
228609
228620
228621
228627
228656
228662
228671
228683
228684
228692
228692
228698
228701
228704
228706
228707
228718
228720
228720
228738
228739
228739
228740
228742
228742
228756
228761
228762
228764
228767
228772
228789
228795
228823
228824
228837
228840
228847
228853
228859
228874
228905
228911
228916
228926
228946
228950
228966
228973
228974
228977
228991
228994
229003
229025
229043
229050
229054
229061
229068
229072
229074
229074
229086
229095
229114
229138
229138
229146
229162
229173
229177
229195
229196
229198
229207
229214
229231
229250
229267
229278
229286
229302
229305
229309
229319
229342
229348
229351
229353
229382
229386
229399
229410
229437
229441
229442
229445
229445
229447
229457
229471
229473
229491
229495
229498
229504
229520
229522
229562
229577
229582
229583
229597
229614
229617
229619
229622
229638
229644
229655
229674
229693
229703
229719
229723
229723
229724
229728
229731
229732
229751
229774
229791
229815
229827
229827
229828
229832
229834
229861
229888
229888
229921
229923
229930
229944
229957
229983
230016
230036
230038
230046
230050
230054
230074
230076
230079
230080
230087
230096
230102
230114
230115
230121
230125
230145
230151
230161
230166
230185
230187
230192
230204
230219
230234
230260
230266
230269
230275
230297
230299
230299
230299
230304
230325
230332
230333
230334
230343
230345
230346
230353
230372
230382
230386
230390
230397
230412
230454
230454
230484
230497
230503
230506
230512
230528
230530
230542
230585
230609
230617
230621
230632
230654
230661
230662
230663
230672
230677
230688
230693
230694
230714
230715
230717
230717
230718
230719
230730
230734
230739
230765
230771
230780
230789
230798
230810
230835
230838
230840
230842
230845
230850
230873
230874
230914
230925
230934
230943
230947
230959
230965
230965
230969
230979
231003
231017
231047
231048
231056
231059
231070
231073
231075
231079
231088
231125
231176
231179
231184
231187
231189
231195
231196
231200
231205
231206
231208
231215
231215
231217
231219
231222
231224
231273
231280
231293
231313
231314
231316
231319
231324
231335
231339
231359
231368
231377
231380
231394
231401
231416
231417
231425
231456
231468
231485
231486
231487
231492
231497
231497
231499
231502
231528
231555
231556
231558
231574
231596
231600
231601
231627
231628
231641
231653
231657
231671
231685
231687
231692
231693
231698
231727
231728
231738
231741
231759
231775
231784
231786
231794
231805
231813
231834
231838
231842
231843
231843
231859
231867
231872
231872
231881
231885
231890
231894
231903
231910
231910
231914
231924
231933
231937
231939
231940
231977
231986
231989
232004
232007
232022
232026
232028
232038
232047
232055
232062
232065
232081
232087
232095
232098
232100
232102
232105
232118
232119
232119
232134
232137
232140
232156
232157
232163
232171
232177
232186
232194
232196
232208
232219
232229
232258
232258
232291
232302
232309
232324
232325
232325
232342
232345
232351
232368
232400
232431
232450
232454
232469
232484
232484
232498
232508
232514
232518
232524
232529
232533
232541
232546
232551
232556
232568
232612
232620
232624
232634
232653
232681
232711
232724
232727
232731
232742
232749
232792
232811
232834
232842
232855
232865
232869
232874
232884
232891
232928
232948
232961
232980
232992
232993
232993
233022
233043
233044
233045
233045
233063
233069
233076
233092
233092
233103
233106
233108
233110
233117
233129
233137
233160
233165
233170
233173
233177
233184
233197
233231
233234
233242
233243
233259
233261
233326
233345
233350
233355
233384
233386
233397
233422
233425
233435
233439
233440
233445
233473
233490
233490
233497
233500
233508
233534
233543
233550
233552
233555
233570
233576
233579
233580
233587
233594
233629
233640
233652
233653
233687
233701
233701
233701
233712
233728
233758
233776
233779
233784
233785
233793
233806
233814
233841
233851
233855
233859
233865
233871
233876
233883
233895
233897
233900
233931
233934
233939
233949
233953
233955
233973
233974
233977
233978
233983
233988
233991
234008
234031
234052
234058
234063
234094
234109
234111
234129
234141
234144
234147
234153
234181
234183
234196
234199
234205
234212
234233
234238
234241
234254
234256
234261
234270
234351
234372
234378
234378
234382
234386
234408
234417
234420
234424
234429
234437
234463
234486
234489
234500
234520
234561
234563
234580
234601
234607
234607
234619
234626
234642
234650
234652
234683
234683
234685
234685
234685
234694
234698
234720
234726
234737
234741
234748
234752
234758
234782
234801
234802
234845
234852
234857
234861
234879
234891
234897
234901
234903
234923
234945
234952
234961
234975
234989
234990
234990
234997
235002
235016
235017
235026
235031
235032
235036
235045
235047
235052
235053
235053
235066
235068
235070
235075
235096
235112
235113
235137
235138
235161
235169
235172
235173
235176
235180
235182
235192
235212
235214
235234
235242
235248
235250
235267
235268
235274
235306
235316
235318
235333
235335
235371
235372
235375
235390
235393
235396
235407
235412
235422
235429
235430
235464
235474
235478
235483
235494
235495
235496
235518
235536
235540
235554
235562
235564
235565
235581
235584
235609
235624
235644
235695
235706
235713
235720
235724
235727
235752
235775
235804
235807
235820
235843
235887
235900
235907
235907
235912
235918
235924
235934
235938
235951
235955
235959
235971
235979
235985
235998
236015
236022
236025
236026
236030
236038
236067
236075
236078
236095
236099
236103
236108
236127
236128
236129
236135
236136
236140
236147
236150
236166
236177
236184
236226
236229
236230
236234
236236
236276
236292
236296
236309
236309
236329
236334
236348
236356
236363
236368
236372
236375
236379
236410
236411
236423
236440
236440
236441
236444
236448
236455
236458
236465
236465
236466
236477
236478
236479
236481
236484
236493
236495
236497
236503
236503
236510
236524
236554
236561
236571
236575
236575
236586
236589
236589
236606
236628
236639
236650
236671
236694
236695
236705
236709
236710
236734
236742
236750
236758
236785
236787
236790
236794
236795
236796
236840
236842
236843
236856
236858
236863
236870
236879
236894
236903
236934
236948
236948
236950
236956
236970
236975
236982
236987
236991
237014
237029
237031
237051
237053
237066
237087
237096
237099
237123
237123
237127
237144
237148
237153
237160
237176
237181
237185
237231
237232
237236
237243
237251
237253
237268
237280
237282
237290
237298
237305
237324
237324
237331
237334
237341
237350
237351
237374
237398
237403
237413
237415
237420
237423
237425
237427
237435
237436
237442
237449
237460
237476
237500
237501
237505
237520
237539
237545
237580
237613
237615
237636
237656
237662
237671
237686
237695
237698
237705
237707
237720
237724
237726
237743
237765
237766
237780
237788
237794
237797
237802
237805
237806
237821
237826
237835
237840
237843
237874
237893
237901
237910
237922
237928
237937
237964
237972
237995
238000
238005
238006
238013
238023
238027
238036
238050
238051
238054
238073
238113
238121
238143
238143
238147
238167
238173
238178
238186
238186
238196
238201
238202
238205
238238
238267
238270
238295
238302
238313
238329
238378
238382
238382
238388
238420
238421
238464
238465
238476
238497
238520
238563
238577
238608
238611
238612
238616
238635
238637
238645
238657
238659
238671
238678
238687
238703
238704
238705
238707
238712
238737
238738
238781
238784
238790
238800
238810
238812
238858
238861
238889
238893
238900
238904
238912
238916
238926
238930
238931
238938
238940
238957
238975
238978
238980
238997
238999
239004
239006
239017
239017
239022
239023
239035
239042
239058
239078
239083
239091
239107
239118
239125
239144
239168
239173
239210
239214
239224
239234
239238
239239
239241
239246
239271
239273
239293
239298
239316
239319
239324
239330
239338
239357
239359
239366
239368
239369
239372
239376
239386
239409
239412
239412
239434
239450
239452
239453
239453
239465
239465
239467
239473
239486
239491
239568
239572
239579
239602
239604
239604
239616
239617
239628
239648
239653
239659
239663
239696
239707
239711
239713
239714
239726
239729
239734
239747
239753
239756
239762
239770
239779
239783
239784
239789
239796
239800
239813
239813
239821
239827
239831
239843
239852
239881
239891
239906
239922
239927
239935
239944
239951
239954
239961
239962
240009
240022
240030
240040
240067
240073
240094
240109
240126
240127
240145
240147
240178
240193
240205
240243
240263
240271
240303
240308
240328
240333
240351
240371
240372
240394
240417
240420
240423
240428
240463
240486
240492
240494
240509
240530
240541
240563
240571
240590
240611
240644
240651
240668
240668
240670
240685
240691
240706
240710
240711
240741
240748
240752
240774
240795
240803
240824
240827
240828
240839
240840
240848
240864
240866
240866
240871
240902
240905
240931
240948
240955
240965
240968
240969
240989
241027
241029
241039
241039
241047
241061
241063
241067
241069
241072
241095
241096
241099
241100
241104
241109
241126
241178
241180
241186
241188
241189
241193
241202
241208
241229
241241
241245
241255
241265
241273
241280
241291
241305
241310
241316
241319
241336
241355
241361
241385
241390
241390
241408
241443
241473
241479
241487
241490
241497
241497
241503
241503
241513
241534
241538
241543
241563
241569
241583
241593
241614
241628
241645
241653
241654
241671
241681
241688
241691
241692
241693
241699
241705
241719
241719
241720
241743
241745
241767
241769
241771
241777
241787
241801
241819
241822
241841
241842
241846
241857
241865
241877
241881
241886
241892
241911
241917
241939
241955
241977
241980
241998
242008
242009
242010
242022
242024
242058
242064
242086
242089
242110
242121
242131
242132
242150
242156
242161
242164
242178
242220
242242
242262
242264
242269
242279
242280
242299
242314
242315
242325
242339
242354
242361
242371
242372
242378
242392
242398
242399
242416
242422
242430
242442
242444
242447
242452
242466
242470
242493
242498
242503
242508
242509
242513
242546
242548
242561
242571
242581
242598
242603
242605
242625
242626
242630
242631
242631
242635
242644
242645
242649
242662
242667
242669
242672
242677
242683
242714
242716
242717
242723
242737
242742
242756
242757
242758
242788
242789
242795
242798
242801
242809
242823
242827
242836
242841
242860
242869
242883
242886
242898
242899
242899
242901
242921
242932
242949
242961
242977
242992
243000
243010
243030
243037
243048
243063
243072
243090
243105
243109
243127
243147
243148
243150
243172
243188
243201
243208
243208
243215
243217
243241
243254
243271
243272
243298
243299
243307
243309
243319
243326
243331
243332
243337
243338
243361
243379
243385
243395
243403
243411
243421
243421
243425
243429
243435
243443
243462
243465
243468
243468
243483
243485
243513
243513
243523
243543
243548
243554
243557
243560
243577
243582
243586
243588
243590
243597
243599
243606
243616
243617
243625
243625
243628
243645
243654
243655
243659
243672
243678
243694
243702
243726
243728
243744
243745
243763
243765
243773
243776
243816
243818
243831
243840
243853
243856
243856
243868
243877
243884
243884
243887
243891
243923
243962
243970
243976
243991
244002
244014
244019
244050
244056
244087
244102
244103
244104
244108
244114
244132
244137
244164
244166
244167
244171
244196
244197
244220
244224
244232
244237
244239
244245
244260
244267
244271
244274
244288
244334
244342
244379
244386
244390
244398
244407
244412
244417
244428
244429
244458
244463
244464
244493
244504
244522
244530
244550
244553
244558
244574
244574
244581
244604
244604
244624
244624
244629
244640
244643
244671
244675
244687
244696
244698
244698
244699
244702
244716
244732
244739
244757
244764
244774
244780
244783
244787
244793
244822
244827
244828
244840
244860
244866
244897
244907
244914
244920
244960
244963
244968
244979
244991
245003
245020
245025
245026
245027
245032
245036
245039
245047
245051
245057
245074
245080
245088
245098
245101
245129
245145
245148
245154
245163
245168
245170
245196
245197
245200
245201
245211
245218
245224
245228
245241
245246
245248
245255
245265
245266
245266
245275
245294
245297
245311
245332
245342
245355
245384
245392
245395
245402
245402
245413
245431
245432
245442
245451
245465
245483
245485
245486
245494
245495
245513
245531
245539
245546
245555
245555
245574
245576
245577
245598
245633
245634
245649
245674
245692
245700
245707
245709
245721
245732
245735
245738
245742
245753
245783
245783
245804
245841
245844
245846
245851
245860
245873
245875
245875
245887
245911
245912
245912
245918
245924
245934
245935
245942
245948
245948
245948
245961
245968
245999
246001
246044
246048
246063
246075
246076
246079
246085
246087
246107
246109
246117
246130
246133
246146
246148
246148
246152
246168
246172
246189
246192
246192
246192
246200
246234
246250
246258
246264
246267
246301
246304
246310
246315
246319
246331
246331
246333
246338
246369
246386
246400
246405
246414
246419
246421
246459
246472
246479
246498
246516
246518
246525
246539
246549
246563
246565
246566
246608
246615
246621
246626
246630
246630
246634
246636
246640
246661
246662
246672
246691
246720
246723
246728
246734
246758
246762
246808
246813
246820
246845
246846
246863
246866
246869
246870
246873
246890
246898
246903
246907
246921
246924
246951
246951
246976
246983
246984
246988
246996
247013
247017
247017
247020
247033
247035
247037
247038
247055
247072
247073
247088
247095
247108
247110
247112
247120
247169
247180
247192
247222
247230
247240
247246
247266
247274
247280
247296
247314
247318
247321
247333
247370
247371
247398
247422
247427
247427
247431
247442
247456
247468
247475
247491
247494
247512
247535
247547
247557
247562
247562
247564
247565
247573
247575
247587
247590
247594
247606
247623
247627
247628
247639
247640
247650
247663
247682
247684
247711
247722
247736
247739
247756
247758
247771
247777
247781
247793
247797
247813
247831
247852
247871
247873
247890
247908
247915
247925
247961
247964
247983
248010
248011
248019
248031
248042
248057
248061
248062
248074
248139
248183
248189
248193
248195
248196
248200
248203
248207
248214
248225
248227
248228
248242
248262
248277
248284
248291
248317
248322
248336
248346
248353
248367
248370
248372
248382
248394
248399
248409
248439
248466
248491
248496
248497
248510
248523
248528
248593
248595
248600
248603
248623
248626
248632
248636
248677
248687
248700
248702
248702
248703
248707
248710
248730
248734
248736
248755
248773
248782
248820
248840
248848
248849
248892
248893
248898
248900
248932
248939
248951
248976
249002
249003
249023
249023
249037
249039
249043
249050
249069
249089
249104
249116
249117
249125
249133
249146
249151
249162
249164
249176
249178
249178
249194
249197
249201
249206
249212
249219
249228
249234
249239
249249
249251
249251
249255
249263
249267
249268
249291
249310
249314
249316
249332
249333
249348
249357
249370
249381
249395
249400
249409
249413
249423
249424
249431
249432
249434
249464
249466
249499
249508
249515
249522
249524
249538
249551
249557
249566
249570
249573
249600
249613
249620
249634
249651
249661
249665
249670
249682
249700
249701
249707
249744
249754
249754
249763
249766
249778
249784
249798
249801
249804
249833
249845
249847
249850
249870
249875
249881
249899
249900
249902
249904
249918
249919
249920
249954
249968
249986
249997
249998
249999
250001
250037
250057
250059
250067
250070
250080
250092
250101
250109
250112
250139
250144
250154
250157
250161
250171
250179
250228
250236
250236
250237
250240
250250
250260
250267
250307
250311
250312
250319
250321
250327
250341
250348
250349
250359
250364
250377
250395
250400
250406
250407
250409
250410
250419
250427
250430
250444
250447
250478
250481
250485
250489
250492
250507
250510
250515
250517
250518
250527
250538
250548
250558
250569
250570
250574
250584
250595
250596
250607
250611
250611
250617
250620
250626
250644
250644
250651
250686
250691
250694
250700
250701
250707
250713
250715
250722
250749
250756
250758
250761
250764
250768
250775
250777
250777
250796
250803
250827
250838
250887
250891
250893
250916
250926
250926
250944
250953
250956
250973
250982
250983
250992
250992
251000
251008
251010
251014
251018
251048
251055
251065
251077
251129
251131
251133
251135
251143
251147
251149
251157
251193
251204
251217
251218
251223
251228
251230
251235
251241
251251
251258
251279
251310
251312
251318
251324
251328
251337
251374
251378
251389
251393
251399
251400
251419
251423
251423
251429
251442
251454
251467
251476
251478
251486
251490
251492
251528
251538
251538
251539
251541
251549
251550
251554
251563
251587
251595
251595
251617
251631
251646
251651
251675
251685
251711
251721
251725
251727
251744
251748
251756
251757
251768
251777
251790
251791
251796
251798
251798
251804
251809
251815
251821
251841
251850
251864
251865
251868
251868
251868
251876
251920
251938
251941
251946
251947
251952
251961
251976
251991
251997
251998
252010
252024
252038
252057
252065
252066
252072
252078
252087
252088
252096
252099
252100
252104
252108
252114
252120
252121
252124
252141
252149
252149
252150
252151
252161
252176
252183
252191
252193
252206
252219
252227
252237
252249
252255
252261
252267
252290
252299
252319
252324
252328
252334
252335
252336
252337
252342
252355
252359
252398
252408
252414
252431
252432
252442
252456
252464
252473
252478
252483
252495
252496
252496
252505
252548
252556
252578
252580
252581
252585
252589
252592
252595
252614
252632
252633
252652
252665
252672
252689
252694
252723
252748
252753
252759
252760
252777
252780
252802
252804
252836
252841
252855
252871
252883
252915
252922
252925
252934
252951
252976
252982
252986
252986
252994
253008
253012
253030
253031
253035
253050
253085
253109
253114
253119
253134
253136
253140
253153
253161
253170
253176
253178
253182
253193
253204
253208
253211
253212
253213
253217
253226
253246
253270
253275
253286
253288
253298
253312
253314
253339
253345
253350
253357
253372
253402
253440
253455
253460
253464
253470
253488
253502
253505
253516
253522
253523
253524
253526
253533
253534
253536
253547
253585
253606
253611
253615
253626
253626
253645
253658
253665
253667
253702
253702
253726
253785
253789
253790
253830
253834
253836
253841
253850
253860
253895
253914
253927
253939
253958
253960
253971
253972
253973
253977
253978
253999
254017
254018
254026
254036
254037
254055
254057
254065
254069
254128
254151
254165
254170
254180
254181
254190
254198
254214
254218
254247
254250
254258
254268
254268
254307
254307
254320
254336
254342
254368
254382
254383
254387
254394
254412
254421
254431
254454
254500
254520
254528
254538
254545
254559
254560
254561
254566
254586
254602
254603
254609
254609
254630
254637
254656
254661
254674
254686
254687
254691
254695
254703
254706
254707
254708
254719
254722
254743
254774
254787
254787
254792
254808
254812
254816
254821
254823
254824
254831
254832
254838
254840
254851
254852
254872
254900
254904
254907
254918
254944
254967
254967
254982
254985
255017
255045
255048
255055
255065
255087
255092
255099
255118
255119
255133
255140
255141
255145
255151
255155
255162
255162
255194
255195
255213
255221
255234
255236
255252
255279
255283
255290
255304
255305
255312
255312
255328
255371
255403
255413
255476
255487
255498
255504
255536
255542
255544
255551
255566
255579
255580
255581
255600
255600
255603
255642
255649
255649
255662
255669
255680
255680
255710
255730
255741
255748
255751
255756
255758
255759
255766
255769
255773
255793
255798
255817
255820
255821
255830
255838
255845
255849
255854
255873
255888
255903
255914
255916
255920
255923
255924
255930
255952
255952
255953
255972
255985
255996
256006
256008
256017
256031
256045
256049
256057
256082
256083
256092
256092
256110
256115
256143
256168
256168
256173
256179
256192
256196
256200
256244
256256
256264
256272
256273
256274
256277
256279
256283
256287
256294
256300
256319
256342
256352
256357
256368
256376
256380
256381
256390
256398
256433
256466
256469
256482
256494
256502
256503
256506
256535
256541
256542
256560
256561
256567
256570
256571
256574
256586
256591
256595
256602
256613
256639
256640
256645
256659
256701
256707
256708
256710
256743
256752
256768
256783
256795
256805
256816
256832
256850
256853
256856
256860
256861
256879
256880
256893
256902
256936
256941
256952
256958
256982
256987
257009
257012
257021
257029
257032
257038
257074
257079
257089
257091
257111
257112
257136
257145
257152
257156
257165
257168
257169
257171
257189
257202
257202
257210
257216
257219
257246
257260
257268
257292
257301
257302
257325
257329
257332
257335
257337
257341
257345
257376
257384
257395
257397
257400
257414
257445
257462
257484
257489
257515
257563
257599
257604
257621
257634
257637
257639
257642
257645
257649
257650
257658
257659
257660
257661
257668
257682
257683
257694
257697
257699
257707
257715
257724
257734
257737
257743
257754
257762
257767
257787
257791
257813
257845
257857
257866
257875
257884
257893
257894
257909
257919
257926
257929
257934
257943
257956
258013
258014
258030
258032
258044
258050
258090
258117
258136
258142
258148
258152
258158
258184
258190
258193
258209
258219
258222
258228
258233
258237
258279
258295
258299
258307
258308
258311
258315
258318
258318
258321
258333
258336
258337
258345
258349
258388
258432
258441
258446
258451
258455
258456
258458
258462
258484
258520
258521
258545
258555
258600
258608
258611
258621
258648
258668
258675
258678
258694
258697
258698
258702
258707
258715
258716
258727
258766
258767
258780
258787
258806
258819
258831
258850
258862
258865
258874
258888
258891
258899
258907
258933
258946
258980
258987
258989
258991
259003
259013
259019
259032
259039
259050
259050
259058
259104
259109
259116
259135
259138
259160
259162
259174
259233
259234
259256
259274
259281
259283
259287
259311
259317
259320
259337
259340
259343
259352
259353
259384
259405
259406
259414
259416
259416
259430
259433
259447
259450
259470
259479
259482
259485
259489
259492
259499
259503
259508
259516
259525
259528
259533
259538
259549
259554
259559
259565
259567
259567
259576
259579
259600
259604
259618
259625
259629
259631
259637
259646
259647
259647
259652
259652
259653
259676
259677
259685
259691
259712
259721
259725
259733
259735
259770
259775
259777
259788
259795
259803
259842
259846
259856
259859
259864
259873
259884
259893
259897
259927
259931
259935
259943
259946
259957
259985
259989
260001
260017
260034
260035
260047
260048
260054
260064
260082
260101
260112
260128
260138
260153
260168
260173
260199
260217
260219
260225
260232
260235
260241
260282
260287
260339
260349
260363
260367
260402
260433
260441
260446
260450
260451
260451
260476
260482
260482
260510
260535
260555
260557
260559
260562
260570
260571
260591
260611
260611
260614
260617
260619
260647
260681
260684
260699
260705
260707
260722
260789
260791
260793
260796
260808
260826
260831
260831
260839
260842
260865
260866
260867
260885
260887
260909
260927
260929
260946
260946
260951
260951
260956
260959
260959
260970
260971
260987
260999
261004
261010
261013
261029
261032
261039
261041
261042
261049
261071
261073
261074
261075
261076
261077
261081
261092
261093
261123
261124
261125
261173
261187
261208
261214
261224
261232
261237
261249
261258
261295
261313
261329
261338
261358
261361
261373
261402
261405
261407
261421
261423
261429
261430
261431
261446
261451
261458
261467
261468
261480
261480
261482
261493
261493
261494
261508
261510
261516
261554
261557
261565
261592
261597
261597
261643
261655
261694
261698
261722
261722
261724
261727
261748
261752
261759
261763
261768
261803
261807
261813
261818
261837
261844
261844
261893
261913
261941
261943
261951
261969
261971
261983
261985
261994
261996
262001
262022
262031
262036
262036
262041
262042
262059
262076
262080
262086
262103
262110
262112
262113
262125
262125
262139
262142
262145
262150
262168
262169
262184
262201
262229
262239
262253
262262
262277
262285
262291
262310
262313
262314
262326
262329
262380
262401
262417
262430
262464
262475
262484
262490
262493
262500
262515
262557
262559
262563
262570
262585
262589
262592
262601
262615
262630
262636
262637
262641
262646
262650
262666
262681
262710
262716
262734
262765
262768
262820
262826
262826
262836
262836
262861
262864
262866
262869
262881
262891
262901
262906
262909
262912
262924
262927
262930
262941
262950
262950
262965
262966
262968
262998
262999
263002
263003
263005
263016
263017
263035
263037
263050
263054
263089
263118
263126
263133
263136
263144
263154
263168
263169
263170
263210
263221
263231
263236
263247
263270
263283
263292
263300
263301
263311
263321
263329
263345
263347
263351
263354
263373
263376
263384
263395
263419
263431
263451
263466
263488
263492
263495
263495
263496
263520
263562
263569
263574
263577
263578
263583
263587
263591
263614
263620
263623
263624
263659
263669
263670
263672
263711
263713
263715
263725
263753
263754
263766
263770
263776
263779
263787
263792
263814
263829
263829
263869
263875
263877
263890
263901
263919
263928
263952
263953
263954
263963
263964
263973
263993
263996
264000
264010
264031
264074
264077
264081
264112
264119
264126
264131
264139
264147
264154
264174
264201
264215
264222
264226
264227
264232
264253
264264
264275
264278
264289
264319
264332
264338
264343
264350
264351
264365
264368
264400
264425
264430
264452
264462
264494
264521
264548
264549
264566
264572
264578
264587
264591
264622
264643
264646
264665
264670
264671
264675
264678
264680
264681
264690
264733
264735
264750
264755
264781
264788
264801
264807
264816
264817
264832
264840
264854
264855
264856
264863
264875
264881
264885
264899
264901
264903
264910
264925
264959
264964
264970
264977
264979
264982
264997
265002
265003
265015
265017
265027
265045
265050
265064
265092
265098
265099
265129
265148
265164
265165
265173
265181
265197
265211
265215
265227
265240
265243
265252
265261
265277
265295
265304
265322
265330
265337
265347
265355
265361
265372
265376
265379
265382
265387
265402
265415
265421
265442
265479
265486
265492
265494
265545
265549
265565
265573
265578
265582
265608
265610
265611
265633
265637
265644
265650
265679
265693
265695
265704
265704
265729
265734
265742
265753
265765
265796
265799
265814
265837
265862
265863
265864
265865
265879
265880
265883
265916
265941
265956
265961
265966
265969
265971
265974
265975
265979
265981
265985
266008
266025
266047
266048
266053
266091
266095
266096
266109
266110
266114
266118
266118
266124
266130
266138
266157
266174
266182
266200
266212
266215
266219
266219
266228
266231
266234
266235
266236
266237
266248
266248
266259
266262
266283
266293
266324
266349
266375
266396
266410
266411
266413
266424
266428
266441
266448
266450
266455
266461
266471
266498
266500
266502
266506
266517
266522
266531
266548
266548
266553
266556
266557
266568
266574
266579
266597
266597
266606
266608
266612
266619
266645
266648
266654
266660
266663
266670
266690
266692
266718
266738
266754
266758
266760
266771
266773
266779
266809
266823
266838
266858
266867
266875
266898
266909
266920
266920
266938
266939
266945
266953
266965
266974
266978
267018
267025
267040
267041
267042
267054
267063
267064
267065
267067
267084
267089
267090
267101
267105
267112
267124
267126
267135
267141
267142
267147
267151
267154
267168
267177
267178
267183
267192
267197
267201
267219
267229
267238
267274
267280
267281
267299
267305
267313
267319
267322
267323
267362
267365
267367
267378
267381
267399
267400
267402
267421
267423
267427
267436
267479
267483
267485
267507
267541
267571
267577
267585
267587
267589
267598
267609
267622
267652
267678
267688
267690
267695
267703
267707
267711
267717
267733
267741
267744
267749
267770
267778
267789
267801
267805
267843
267899
267901
267903
267908
267911
267931
267943
267947
267952
267960
268003
268015
268026
268027
268033
268038
268046
268052
268090
268095
268098
268108
268114
268114
268116
268122
268129
268132
268140
268145
268153
268168
268170
268177
268178
268184
268198
268204
268218
268239
268240
268245
268253
268262
268264
268290
268291
268295
268302
268308
268318
268326
268351
268351
268363
268366
268382
268389
268408
268415
268416
268420
268423
268425
268431
268432
268436
268447
268450
268482
268495
268509
268520
268521
268569
268576
268593
268594
268613
268618
268624
268628
268634
268635
268639
268642
268648
268650
268652
268661
268666
268684
268687
268689
268691
268729
268730
268736
268744
268841
268844
268847
268852
268864
268866
268874
268884
268908
268909
268923
268927
268927
268951
268952
268957
268961
268962
268968
268974
268994
268998
269006
269020
269043
269048
269050
269061
269065
269067
269074
269081
269090
269100
269121
269132
269146
269154
269155
269161
269162
269181
269188
269195
269199
269199
269202
269205
269205
269217
269225
269225
269225
269228
269245
269256
269263
269263
269277
269284
269288
269309
269314
269316
269322
269324
269326
269334
269355
269357
269357
269362
269371
269375
269381
269387
269405
269408
269426
269430
269436
269437
269453
269454
269455
269480
269487
269509
269511
269515
269521
269523
269551
269551
269561
269571
269577
269577
269590
269603
269622
269624
269637
269641
269655
269670
269679
269682
269691
269700
269707
269717
269748
269753
269793
269801
269804
269808
269813
269837
269844
269867
269872
269875
269893
269911
269913
269938
269957
269964
270006
270009
270034
270039
270041
270056
270059
270071
270088
270090
270102
270106
270106
270117
270122
270168
270190
270195
270196
270196
270206
270221
270236
270237
270240
270242
270244
270246
270260
270268
270269
270285
270287
270314
270317
270331
270346
270357
270361
270395
270398
270435
270460
270468
270469
270469
270483
270488
270490
270493
270493
270501
270503
270509
270537
270557
270564
270583
270597
270598
270603
270606
270607
270615
270617
270639
270644
270652
270695
270698
270731
270735
270751
270751
270759
270760
270770
270771
270788
270789
270795
270799
270804
270808
270810
270822
270834
270838
270852
270858
270859
270866
270869
270884
270890
270919
270920
270933
270941
270956
270960
270973
270979
270984
270987
271005
271015
271015
271023
271027
271028
271039
271066
271067
271068
271099
271113
271118
271127
271136
271141
271158
271161
271162
271162
271175
271177
271192
271199
271210
271217
271231
271242
271251
271262
271263
271263
271277
271295
271301
271304
271307
271349
271355
271360
271376
271377
271390
271402
271402
271406
271413
271460
271475
271491
271513
271518
271535
271542
271544
271545
271564
271574
271577
271577
271583
271585
271599
271605
271606
271649
271651
271655
271667
271672
271698
271703
271708
271708
271709
271716
271720
271730
271749
271755
271775
271777
271786
271795
271804
271812
271813
271814
271814
271821
271821
271826
271847
271848
271855
271881
271894
271935
271957
271968
271975
271993
271994
271995
272001
272003
272042
272048
272049
272057
272060
272060
272070
272098
272108
272113
272152
272155
272159
272167
272173
272175
272191
272196
272209
272230
272240
272243
272245
272275
272278
272295
272297
272320
272328
272329
272334
272356
272371
272382
272396
272437
272454
272461
272484
272499
272501
272502
272510
272534
272536
272553
272566
272568
272570
272573
272581
272597
272598
272605
272608
272637
272645
272651
272675
272681
272692
272696
272700
272707
272716
272723
272728
272736
272739
272783
272806
272807
272818
272835
272846
272864
272868
272875
272876
272877
272888
272890
272892
272893
272895
272896
272906
272969
272988
272989
272995
273007
273021
273048
273054
273055
273057
273069
273107
273133
273136
273138
273146
273146
273162
273163
273167
273169
273174
273178
273190
273193
273203
273204
273216
273221
273235
273252
273253
273258
273274
273299
273303
273314
273324
273328
273336
273337
273339
273351
273363
273398
273421
273440
273460
273483
273496
273497
273530
273530
273532
273586
273628
273631
273631
273631
273646
273659
273659
273674
273678
273679
273689
273690
273700
273704
273705
273705
273724
273727
273736
273741
273750
273768
273769
273779
273779
273791
273799
273813
273824
273827
273841
273866
273869
273877
273883
273885
273886
273896
273901
273936
273937
273941
273956
273981
273993
273995
274025
274042
274057
274075
274087
274089
274096
274110
274129
274146
274149
274159
274160
274164
274169
274169
274201
274213
274223
274254
274263
274266
274290
274293
274294
274307
274316
274317
274320
274337
274348
274363
274382
274405
274411
274412
274420
274424
274439
274445
274446
274458
274461
274468
274470
274477
274481
274501
274512
274524
274528
274530
274545
274567
274569
274573
274578
274588
274611
274625
274642
274646
274647
274649
274679
274689
274694
274695
274705
274726
274727
274749
274752
274766
274821
274822
274824
274835
274842
274846
274851
274851
274860
274865
274887
274887
274890
274914
274916
274918
274925
274948
274959
274967
275039
275066
275068
275080
275105
275110
275112
275117
275131
275138
275160
275165
275180
275181
275202
275258
275283
275288
275311
275318
275325
275328
275356
275368
275387
275400
275447
275462
275469
275472
275472
275495
275507
275518
275529
275533
275538
275545
275563
275570
275581
275597
275626
275632
275641
275658
275660
275667
275672
275673
275679
275687
275688
275700
275705
275708
275723
275758
275758
275762
275771
275776
275780
275781
275785
275815
275832
275834
275845
275848
275852
275868
275882
275885
275887
275902
275909
275919
275938
275964
275967
275987
275988
276014
276015
276017
276020
276089
276092
276093
276104
276107
276109
276115
276126
276129
276131
276159
276165
276171
276174
276181
276184
276201
276214
276220
276226
276232
276234
276234
276236
276236
276245
276271
276286
276290
276305
276315
276321
276327
276345
276350
276364
276366
276370
276379
276381
276382
276383
276418
276434
276458
276466
276474
276479
276482
276508
276550
276554
276587
276588
276595
276602
276617
276622
276636
276648
276655
276694
276702
276708
276710
276712
276713
276732
276750
276752
276759
276767
276768
276777
276782
276797
276816
276828
276840
276841
276844
276853
276877
276886
276888
276903
276913
276914
276924
276943
276952
276958
276976
276979
276981
276987
276991
276993
276994
277028
277054
277062
277063
277073
277082
277089
277096
277101
277153
277153
277156
277159
277160
277181
277184
277191
277212
277223
277231
277235
277238
277246
277248
277249
277284
277292
277297
277329
277347
277354
277390
277438
277439
277461
277461
277471
277473
277473
277479
277480
277489
277492
277497
277505
277506
277507
277512
277519
277531
277541
277543
277549
277551
277552
277564
277576
277579
277582
277588
277590
277599
277603
277635
277639
277647
277662
277666
277670
277674
277676
277678
277690
277707
277732
277741
277746
277753
277760
277769
277789
277807
277812
277830
277848
277851
277862
277863
277866
277875
277876
277881
277898
277915
277920
277944
277946
277947
277951
277951
277952
277964
277973
277977
277992
278001
278018
278030
278048
278066
278074
278079
278091
278102
278107
278114
278118
278135
278140
278143
278184
278189
278190
278216
278224
278278
278283
278285
278298
278307
278311
278319
278322
278327
278346
278354
278359
278364
278365
278372
278372
278373
278377
278379
278387
278387
278397
278401
278401
278409
278410
278418
278430
278436
278437
278437
278448
278461
278479
278479
278480
278491
278492
278495
278498
278503
278509
278525
278536
278543
278576
278597
278611
278619
278624
278635
278638
278653
278660
278665
278685
278700
278707
278712
278728
278730
278733
278743
278748
278756
278762
278763
278780
278787
278818
278827
278875
278881
278892
278909
278916
278918
278922
278925
278928
278931
278942
278945
278966
278967
278970
278998
278999
279031
279052
279052
279055
279057
279062
279102
279117
279139
279166
279171
279192
279199
279203
279208
279218
279237
279267
279275
279288
279290
279307
279340
279364
279379
279384
279397
279406
279409
279460
279468
279483
279485
279491
279499
279508
279520
279570
279576
279610
279612
279642
279645
279652
279669
279688
279701
279711
279732
279735
279743
279751
279759
279771
279781
279786
279796
279801
279815
279829
279856
279863
279867
279868
279877
279881
279885
279909
279917
279929
279931
279958
279968
279980
279984
279984
279985
280007
280022
280025
280026
280033
280036
280045
280059
280083
280085
280088
280095
280105
280106
280113
280113
280130
280143
280143
280153
280178
280192
280199
280202
280209
280218
280245
280247
280280
280288
280319
280325
280338
280349
280358
280367
280368
280387
280394
280396
280396
280410
280410
280412
280416
280425
280444
280459
280462
280487
280492
280497
280501
280513
280523
280530
280556
280559
280563
280573
280575
280583
280585
280588
280621
280629
280638
280661
280670
280695
280699
280712
280722
280755
280769
280774
280781
280786
280792
280800
280816
280819
280822
280828
280846
280855
280875
280885
280887
280907
280908
280923
280928
280942
280949
280953
280979
280987
280987
280989
281005
281029
281030
281036
281038
281048
281055
281065
281069
281075
281109
281134
281140
281155
281160
281186
281191
281207
281222
281236
281245
281247
281251
281268
281279
281293
281298
281322
281341
281345
281361
281395
281401
281465
281469
281470
281472
281488
281494
281501
281502
281531
281546
281552
281554
281555
281559
281572
281582
281587
281592
281602
281604
281610
281619
281634
281638
281659
281664
281673
281674
281678
281683
281685
281695
281706
281715
281726
281741
281742
281747
281767
281768
281771
281781
281806
281810
281815
281820
281821
281856
281860
281879
281890
281890
281891
281896
281898
281903
281907
281910
281911
281941
281959
281961
281975
282018
282026
282031
282053
282085
282101
282119
282119
282142
282179
282185
282186
282191
282227
282243
282256
282261
282272
282273
282293
282311
282318
282319
282320
282331
282362
282373
282385
282390
282396
282398
282416
282425
282452
282459
282464
282473
282474
282474
282486
282492
282492
282495
282504
282508
282514
282530
282542
282544
282545
282549
282557
282564
282585
282606
282608
282608
282627
282636
282681
282684
282689
282702
282732
282736
282765
282773
282792
282819
282822
282843
282856
282858
282859
282886
282934
282941
282948
282956
282976
283010
283012
283019
283027
283028
283071
283082
283093
283116
283151
283152
283155
283168
283171
283188
283218
283240
283247
283247
283253
283257
283259
283268
283276
283279
283280
283283
283297
283337
283337
283337
283352
283383
283392
283402
283405
283406
283418
283437
283467
283468
283470
283471
283478
283494
283506
283522
283526
283526
283531
283540
283559
283583
283591
283623
283634
283636
283638
283649
283667
283671
283691
283693
283697
283700
283705
283723
283725
283727
283737
283747
283747
283795
283797
283821
283821
283823
283836
283842
283861
283863
283867
283883
283897
283901
283903
283906
283915
283917
283921
283927
283932
283943
283944
283949
283954
283958
283971
283975
283976
283981
284004
284018
284023
284041
284041
284046
284060
284063
284064
284136
284138
284139
284152
284152
284160
284160
284164
284168
284194
284215
284215
284242
284247
284251
284262
284262
284266
284274
284299
284310
284314
284321
284330
284333
284340
284342
284409
284420
284422
284430
284438
284442
284448
284451
284460
284463
284467
284485
284494
284501
284505
284522
284532
284546
284546
284584
284612
284619
284620
284629
284663
284666
284679
284679
284680
284682
284683
284689
284696
284726
284730
284732
284735
284736
284737
284749
284753
284759
284762
284767
284768
284771
284776
284802
284804
284811
284813
284819
284832
284838
284840
284842
284882
284886
284888
284890
284898
284901
284902
284903
284935
284942
284958
284961
284963
284967
284974
284989
285013
285023
285033
285039
285042
285064
285071
285076
285082
285111
285116
285160
285169
285179
285184
285186
285189
285194
285197
285206
285207
285216
285221
285238
285239
285248
285252
285268
285288
285288
285297
285315
285321
285323
285328
285332
285333
285334
285337
285342
285371
285395
285396
285396
285398
285400
285401
285415
285416
285420
285422
285426
285438
285440
285457
285464
285469
285478
285482
285485
285490
285502
285503
285523
285527
285542
285545
285546
285547
285551
285564
285566
285574
285598
285606
285622
285623
285624
285634
285637
285663
285664
285671
285690
285700
285707
285718
285723
285732
285743
285746
285748
285751
285777
285788
285810
285828
285845
285849
285862
285863
285867
285884
285922
285924
285924
285931
285946
285964
285992
285995
286001
286015
286016
286027
286041
286044
286066
286103
286161
286168
286175
286180
286193
286207
286216
286221
286247
286261
286263
286270
286275
286282
286292
286303
286309
286321
286344
286369
286372
286381
286385
286400
286411
286418
286436
286438
286440
286447
286463
286472
286485
286496
286496
286503
286508
286517
286523
286526
286530
286532
286544
286545
286552
286555
286557
286559
286562
286581
286587
286600
286619
286624
286649
286653
286662
286702
286714
286724
286735
286738
286741
286749
286764
286772
286778
286796
286804
286824
286828
286844
286846
286849
286854
286865
286874
286877
286885
286886
286892
286893
286899
286916
286919
286953
286973
286982
286991
286992
287018
287026
287044
287053
287062
287068
287074
287080
287081
287089
287093
287093
287113
287134
287137
287165
287171
287208
287214
287218
287228
287230
287232
287236
287237
287257
287262
287279
287299
287301
287305
287311
287313
287313
287313
287320
287322
287328
287389
287397
287410
287419
287439
287449
287452
287474
287507
287508
287513
287524
287526
287546
287551
287555
287556
287563
287568
287569
287580
287585
287600
287603
287608
287619
287647
287652
287660
287678
287680
287683
287685
287694
287699
287714
287720
287765
287771
287778
287780
287832
287841
287845
287846
287862
287875
287878
287897
287906
287932
287936
287950
287955
287956
287958
287973
287976
287992
288009
288011
288042
288044
288050
288082
288100
288119
288136
288150
288152
288155
288157
288180
288189
288197
288205
288229
288231
288240
288241
288245
288250
288272
288275
288277
288278
288302
288313
288331
288342
288356
288365
288372
288380
288383
288391
288420
288428
288429
288431
288457
288461
288478
288490
288494
288507
288526
288529
288546
288571
288572
288572
288577
288579
288592
288593
288599
288603
288606
288609
288626
288640
288645
288658
288673
288683
288700
288701
288719
288740
288773
288775
288775
288777
288782
288801
288812
288826
288854
288854
288856
288864
288870
288876
288899
288902
288920
288936
288938
288953
288954
288964
288967
289008
289010
289018
289022
289044
289050
289051
289053
289054
289077
289119
289153
289164
289168
289176
289182
289194
289198
289236
289253
289255
289259
289267
289270
289275
289286
289288
289295
289299
289306
289309
289317
289319
289320
289329
289331
289358
289359
289362
289363
289372
289411
289418
289428
289434
289437
289447
289456
289480
289486
289491
289495
289496
289497
289511
289519
289519
289528
289532
289541
289544
289546
289546
289547
289577
289579
289592
289596
289607
289618
289622
289630
289636
289642
289684
289686
289692
289697
289701
289720
289735
289755
289757
289763
289767
289771
289779
289785
289794
289797
289816
289849
289850
289851
289852
289874
289880
289894
289897
289898
289911
289911
289929
289932
289937
289939
289946
289958
289978
290020
290026
290026
290052
290074
290081
290090
290100
290101
290104
290109
290110
290135
290140
290154
290156
290160
290198
290201
290203
290212
290241
290262
290286
290294
290300
290304
290314
290356
290371
290378
290394
290398
290401
290416
290416
290417
290419
290421
290425
290436
290436
290437
290448
290452
290486
290487
290490
290520
290522
290567
290600
290610
290644
290660
290666
290668
290668
290672
290693
290700
290713
290732
290736
290737
290747
290756
290769
290775
290776
290794
290815
290820
290859
290865
290866
290888
290898
290906
290942
290944
290955
290958
290964
290975
290976
290987
290994
290995
291003
291010
291014
291022
291029
291041
291066
291071
291074
291090
291092
291096
291098
291114
291121
291142
291170
291188
291200
291208
291224
291244
291253
291253
291254
291257
291266
291266
291269
291277
291277
291289
291290
291295
291303
291306
291339
291346
291347
291364
291369
291383
291419
291428
291429
291435
291436
291441
291442
291446
291452
291456
291458
291458
291459
291467
291468
291476
291485
291487
291504
291506
291513
291514
291520
291521
291549
291549
291555
291572
291580
291583
291603
291611
291613
291625
291631
291639
291648
291669
291679
291690
291709
291712
291715
291731
291783
291791
291796
291800
291812
291813
291821
291828
291830
291835
291868
291885
291899
291904
291911
291912
291932
291938
291940
291957
291958
291969
291993
292006
292011
292014
292016
292027
292039
292044
292048
292051
292068
292072
292076
292088
292128
292149
292178
292181
292184
292204
292210
292213
292217
292218
292226
292228
292237
292246
292252
292278
292279
292285
292294
292306
292314
292315
292330
292341
292341
292345
292346
292360
292366
292370
292370
292371
292382
292385
292398
292401
292412
292449
292456
292460
292462
292474
292498
292507
292507
292511
292513
292532
292539
292542
292550
292551
292553
292573
292603
292606
292609
292611
292617
292618
292633
292666
292721
292729
292750
292751
292756
292757
292759
292761
292766
292772
292777
292781
292781
292790
292801
292807
292814
292816
292838
292844
292869
292873
292884
292897
292899
292925
292936
292944
292952
292981
292984
292996
293001
293009
293016
293017
293023
293025
293027
293042
293042
293044
293049
293050
293057
293062
293109
293109
293117
293119
293129
293132
293153
293193
293200
293203
293226
293236
293282
293292
293298
293324
293338
293353
293353
293406
293426
293426
293436
293499
293499
293512
293529
293532
293534
293558
293559
293563
293617
293617
293619
293620
293635
293637
293650
293671
293673
293674
293682
293688
293689
293727
293734
293745
293765
293774
293782
293790
293801
293821
293832
293833
293862
293869
293906
293911
293915
293921
293933
293948
293961
293968
293968
293993
294008
294019
294035
294048
294049
294063
294069
294075
294076
294086
294088
294100
294107
294114
294117
294127
294133
294141
294143
294152
294158
294185
294189
294201
294202
294205
294212
294224
294236
294236
294238
294252
294270
294272
294275
294276
294286
294287
294302
294303
294311
294339
294342
294356
294367
294370
294371
294380
294381
294407
294415
294421
294463
294468
294469
294472
294478
294488
294528
294534
294540
294540
294547
294570
294593
294623
294627
294631
294653
294667
294687
294727
294732
294750
294758
294761
294765
294783
294784
294805
294816
294819
294831
294869
294870
294875
294879
294882
294887
294889
294894
294903
294907
294940
294941
294958
294963
295002
295009
295014
295023
295042
295044
295091
295100
295114
295118
295131
295153
295165
295172
295181
295208
295221
295226
295238
295250
295261
295277
295307
295315
295325
295329
295352
295361
295372
295380
295387
295404
295416
295417
295433
295452
295473
295500
295507
295510
295510
295521
295524
295534
295562
295575
295580
295594
295595
295603
295608
295644
295646
295647
295656
295678
295681
295687
295692
295695
295703
295729
295742
295761
295772
295798
295808
295809
295827
295833
295859
295860
295876
295892
295922
295930
295939
295964
295971
296004
296008
296017
296021
296040
296105
296117
296122
296124
296132
296136
296161
296167
296168
296171
296178
296191
296201
296205
296242
296244
296250
296265
296271
296278
296280
296303
296305
296312
296323
296327
296329
296329
296358
296360
296371
296390
296393
296395
296408
296409
296417
296425
296434
296441
296473
296478
296483
296499
296508
296513
296515
296523
296526
296547
296552
296564
296602
296646
296658
296665
296675
296684
296686
296693
296704
296705
296706
296709
296716
296716
296718
296737
296752
296787
296795
296800
296802
296803
296807
296808
296813
296817
296846
296849
296849
296865
296877
296902
296903
296906
296913
296914
296914
296922
296934
296934
296964
296987
296989
296996
297005
297016
297018
297037
297044
297057
297064
297068
297073
297074
297093
297097
297115
297123
297148
297151
297158
297159
297160
297175
297181
297190
297210
297219
297229
297248
297260
297265
297271
297272
297279
297313
297318
297325
297327
297330
297368
297371
297381
297412
297434
297437
297446
297447
297450
297466
297473
297473
297505
297506
297511
297512
297521
297537
297538
297555
297556
297570
297574
297577
297581
297584
297588
297604
297623
297626
297636
297639
297644
297650
297656
297664
297673
297673
297700
297700
297704
297707
297719
297728
297743
297755
297764
297764
297776
297789
297796
297808
297811
297828
297829
297831
297839
297848
297849
297852
297853
297867
297889
297939
297940
297941
297945
297947
297999
298014
298017
298026
298030
298049
298059
298062
298068
298092
298102
298111
298112
298162
298165
298169
298169
298170
298181
298205
298207
298207
298215
298222
298235
298246
298260
298262
298275
298285
298297
298333
298348
298360
298366
298370
298375
298377
298379
298385
298396
298413
298420
298430
298460
298466
298485
298485
298497
298508
298514
298522
298525
298531
298540
298553
298557
298578
298580
298601
298607
298620
298628
298646
298673
298681
298689
298696
298738
298754
298759
298808
298822
298843
298846
298856
298856
298874
298878
298883
298885
298914
298919
298922
298928
298937
298946
298947
298953
298957
298961
298976
298977
298978
298984
299006
299040
299055
299065
299065
299067
299070
299072
299075
299104
299111
299114
299118
299133
299143
299144
299150
299185
299214
299217
299217
299237
299241
299243
299254
299255
299263
299268
299271
299271
299277
299277
299289
299292
299307
299310
299314
299324
299330
299332
299334
299335
299346
299367
299376
299378
299395
299413
299425
299434
299435
299442
299442
299443
299462
299493
299510
299517
299521
299533
299544
299578
299597
299600
299603
299636
299639
299640
299642
299659
299660
299677
299699
299700
299704
299708
299711
299719
299725
299728
299739
299754
299763
299765
299793
299813
299814
299826
299826
299836
299841
299843
299871
299872
299876
299891
299897
299898
299903
299929
299930
299931
299933
299939
299944
299953
299961
299976
299979
299982
299983
299993
299996
300014
300019
300024
300057
300085
300088
300091
300102
300108
300110
300115
300120
300123
300141
300169
300172
300198
300222
300228
300230
300261
300273
300334
300336
300358
300359
300380
300386
300415
300417
300448
300466
300489
300492
300505
300508
300516
300527
300530
300543
300559
300559
300563
300566
300576
300587
300591
300613
300618
300618
300633
300639
300657
300660
300662
300667
300670
300675
300702
300711
300718
300722
300730
300752
300763
300771
300787
300787
300788
300793
300807
300815
300819
300822
300828
300832
300832
300834
300840
300858
300860
300881
300881
300898
300920
300921
300923
300924
300926
300956
300957
300963
300965
300968
300976
300986
300986
300988
300999
301006
301011
301019
301022
301026
301027
301042
301048
301061
301067
301073
301083
301086
301089
301090
301098
301102
301107
301117
301120
301131
301143
301165
301177
301208
301226
301231
301238
301255
301259
301284
301306
301365
301376
301393
301395
301411
301417
301428
301438
301444
301449
301451
301454
301532
301549
301557
301559
301566
301574
301604
301606
301640
301643
301650
301651
301653
301658
301675
301690
301715
301722
301722
301726
301738
301742
301760
301771
301776
301785
301794
301797
301801
301817
301839
301841
301854
301875
301884
301892
301901
301902
301904
301906
301910
301933
301935
301951
301962
301977
301991
301995
302036
302042
302074
302077
302096
302102
302102
302120
302140
302140
302145
302148
302171
302214
302215
302220
302224
302227
302230
302241
302245
302287
302287
302311
302320
302358
302362
302368
302369
302370
302373
302397
302415
302415
302428
302436
302438
302439
302465
302467
302484
302503
302505
302511
302516
302539
302541
302559
302586
302594
302596
302607
302620
302626
302646
302648
302655
302657
302676
302685
302685
302687
302692
302692
302703
302716
302720
302723
302730
302732
302740
302742
302743
302745
302768
302782
302785
302795
302797
302812
302819
302840
302860
302862
302863
302876
302889
302894
302904
302908
302913
302921
302939
302941
302945
302952
302959
302961
302974
302976
302987
302991
303004
303025
303049
303055
303056
303064
303106
303107
303110
303114
303131
303144
303146
303162
303169
303172
303176
303188
303199
303219
303220
303224
303238
303239
303240
303243
303272
303274
303282
303290
303292
303302
303320
303341
303344
303353
303356
303360
303375
303387
303396
303407
303408
303417
303442
303458
303474
303475
303478
303489
303498
303503
303573
303582
303591
303593
303594
303598
303600
303601
303645
303651
303651
303651
303652
303658
303675
303686
303688
303694
303714
303716
303721
303722
303722
303742
303753
303763
303771
303776
303777
303801
303824
303847
303848
303858
303859
303860
303870
303903
303913
303924
303952
303955
303965
303971
304000
304001
304004
304007
304007
304013
304020
304022
304039
304043
304048
304070
304084
304105
304106
304110
304114
304117
304117
304129
304146
304156
304156
304180
304181
304200
304207
304214
304214
304260
304278
304286
304302
304322
304348
304355
304360
304367
304388
304393
304399
304416
304432
304460
304460
304463
304464
304470
304474
304500
304504
304521
304527
304528
304534
304544
304548
304551
304562
304567
304570
304576
304577
304582
304598
304600
304617
304635
304635
304649
304661
304667
304668
304678
304702
304703
304720
304742
304747
304755
304759
304762
304788
304803
304807
304813
304839
304844
304853
304897
304914
304920
304932
304947
304948
304965
304970
304995
304997
305011
305018
305024
305048
305072
305078
305087
305097
305123
305139
305145
305147
305149
305151
305156
305157
305179
305180
305183
305183
305186
305187
305187
305192
305194
305203
305214
305218
305230
305236
305266
305276
305282
305291
305291
305292
305311
305322
305339
305340
305347
305376
305405
305419
305446
305451
305527
305529
305536
305545
305568
305585
305591
305602
305614
305618
305623
305632
305635
305662
305667
305669
305674
305679
305683
305691
305728
305743
305750
305766
305784
305801
305817
305826
305827
305837
305854
305862
305877
305896
305921
305928
305930
305977
305978
305980
305981
305987
305989
306007
306011
306018
306024
306024
306033
306037
306050
306054
306055
306079
306079
306080
306086
306088
306100
306103
306112
306117
306121
306122
306125
306132
306140
306147
306150
306154
306155
306161
306177
306196
306202
306210
306215
306217
306223
306243
306245
306250
306279
306292
306296
306301
306316
306358
306359
306365
306371
306385
306387
306393
306401
306411
306441
306443
306447
306449
306454
306455
306458
306459
306460
306477
306490
306492
306493
306516
306523
306532
306540
306542
306553
306564
306569
306632
306636
306638
306641
306642
306659
306663
306676
306690
306707
306716
306718
306733
306747
306759
306761
306763
306772
306799
306820
306821
306835
306841
306854
306861
306866
306875
306887
306890
306891
306892
306894
306895
306896
306931
306951
306960
306964
306971
306979
306988
306991
307003
307009
307013
307027
307031
307039
307040
307043
307054
307059
307075
307083
307113
307124
307135
307148
307158
307163
307170
307173
307188
307190
307198
307223
307234
307254
307256
307256
307262
307271
307273
307281
307281
307289
307296
307298
307301
307304
307309
307312
307314
307318
307331
307334
307364
307368
307375
307376
307416
307434
307445
307456
307495
307523
307557
307559
307564
307565
307571
307572
307600
307610
307640
307643
307644
307670
307681
307685
307724
307750
307754
307770
307796
307805
307808
307821
307830
307856
307875
307880
307894
307925
307940
307944
307955
307964
307974
307978
307988
307994
307998
308002
308011
308030
308036
308036
308041
308052
308058
308059
308065
308073
308079
308089
308089
308120
308129
308133
308158
308190
308203
308203
308214
308222
308226
308244
308307
308332
308361
308383
308389
308395
308404
308414
308416
308430
308446
308450
308452
308460
308462
308466
308490
308491
308505
308512
308538
308551
308552
308572
308578
308591
308604
308609
308612
308617
308625
308637
308649
308654
308660
308675
308683
308708
308730
308741
308748
308762
308804
308812
308814
308833
308856
308880
308886
308890
308906
308924
308933
308936
308946
308961
308966
308973
308999
309010
309028
309030
309032
309036
309041
309050
309093
309101
309104
309109
309114
309127
309143
309144
309160
309163
309166
309181
309188
309195
309219
309243
309248
309256
309260
309268
309277
309286
309294
309328
309330
309334
309340
309354
309385
309385
309388
309428
309429
309441
309480
309490
309494
309498
309509
309512
309531
309535
309536
309548
309548
309553
309561
309567
309567
309568
309569
309584
309587
309591
309605
309621
309632
309655
309655
309656
309669
309678
309684
309699
309702
309709
309719
309722
309735
309745
309759
309793
309828
309832
309858
309866
309869
309875
309884
309899
309915
309925
309935
309944
309945
309953
309963
309988
309996
310000
310002
310012
310013
310049
310069
310077
310084
310095
310098
310105
310105
310111
310151
310154
310175
310199
310219
310228
310230
310242
310252
310269
310271
310278
310306
310307
310313
310323
310335
310338
310348
310355
310373
310390
310392
310402
310404
310411
310414
310414
310430
310431
310432
310433
310442
310473
310489
310493
310501
310517
310521
310521
310565
310567
310587
310618
310618
310630
310634
310646
310655
310658
310666
310670
310671
310689
310704
310706
310708
310722
310724
310753
310764
310767
310787
310792
310793
310796
310796
310839
310842
310843
310846
310849
310849
310875
310883
310883
310888
310891
310892
310905
310909
310917
310925
310932
310934
310959
310960
310974
310985
310985
310985
310987
310988
310991
310993
311000
311004
311004
311005
311011
311018
311021
311086
311091
311094
311105
311110
311128
311150
311191
311195
311206
311207
311256
311267
311280
311286
311299
311302
311305
311338
311340
311342
311345
311346
311355
311356
311360
311367
311398
311401
311403
311409
311413
311427
311428
311450
311450
311452
311453
311454
311459
311460
311483
311486
311493
311498
311543
311545
311549
311563
311563
311574
311584
311618
311642
311645
311660
311667
311676
311681
311681
311708
311718
311723
311724
311729
311737
311738
311738
311740
311743
311753
311769
311780
311787
311797
311809
311815
311817
311819
311820
311822
311873
311875
311878
311880
311881
311897
311931
311964
311965
311971
311983
311993
312009
312018
312031
312037
312039
312053
312057
312070
312078
312096
312096
312104
312133
312133
312135
312144
312152
312165
312170
312185
312193
312193
312199
312199
312226
312227
312227
312242
312248
312258
312264
312266
312268
312289
312298
312303
312329
312344
312349
312353
312358
312360
312366
312384
312395
312398
312424
312450
312476
312509
312516
312532
312538
312567
312568
312570
312601
312611
312615
312615
312634
312652
312658
312663
312667
312668
312679
312690
312694
312731
312733
312742
312746
312752
312752
312762
312766
312779
312782
312783
312787
312789
312791
312792
312792
312800
312813
312831
312833
312872
312884
312908
312915
312916
312948
312952
312954
312954
312958
312971
312993
312998
313005
313022
313025
313025
313027
313042
313049
313049
313084
313084
313088
313094
313107
313137
313151
313151
313162
313166
313176
313179
313184
313191
313194
313194
313213
313234
313236
313247
313253
313267
313295
313300
313312
313314
313317
313360
313383
313383
313396
313402
313404
313428
313438
313439
313441
313444
313447
313453
313461
313467
313498
313509
313517
313524
313528
313543
313560
313577
313606
313621
313629
313646
313649
313657
313660
313666
313722
313748
313750
313751
313757
313800
313823
313829
313836
313842
313853
313854
313858
313862
313864
313882
313917
313928
313933
313937
313942
313949
313966
313973
313983
313984
313986
313991
314003
314044
314047
314053
314055
314080
314090
314097
314101
314110
314112
314113
314117
314130
314161
314169
314175
314197
314199
314204
314209
314227
314237
314237
314268
314276
314277
314278
314280
314294
314298
314316
314318
314329
314330
314367
314368
314371
314373
314377
314378
314381
314385
314387
314389
314420
314423
314431
314452
314455
314465
314478
314480
314485
314505
314509
314520
314535
314544
314571
314589
314604
314613
314621
314628
314630
314656
314671
314675
314702
314712
314713
314724
314733
314740
314790
314816
314819
314835
314857
314893
314895
314903
314905
314914
314941
314945
314956
314964
314969
314985
315008
315010
315014
315050
315055
315101
315114
315127
315129
315129
315131
315151
315156
315172
315173
315180
315181
315183
315225
315236
315238
315239
315243
315244
315265
315266
315269
315281
315287
315293
315297
315298
315307
315316
315328
315333
315345
315346
315352
315384
315386
315395
315409
315415
315431
315432
315480
315498
315537
315551
315552
315552
315555
315557
315582
315600
315618
315628
315631
315632
315635
315645
315654
315715
315725
315766
315767
315772
315788
315797
315819
315825
315832
315854
315871
315874
315874
315876
315878
315883
315895
315902
315907
315910
315914
315932
315945
315956
315962
315983
315986
316000
316001
316005
316015
316024
316029
316043
316044
316056
316070
316073
316112
316122
316139
316143
316146
316165
316170
316176
316195
316210
316211
316226
316229
316243
316245
316253
316256
316285
316295
316296
316297
316299
316302
316325
316332
316339
316363
316364
316372
316383
316385
316386
316393
316395
316405
316412
316415
316422
316431
316432
316444
316450
316487
316499
316504
316517
316528
316541
316571
316580
316603
316617
316621
316626
316629
316629
316652
316656
316663
316667
316685
316699
316709
316710
316718
316731
316732
316737
316750
316755
316762
316813
316834
316838
316899
316909
316909
316910
316914
316926
316930
316948
316952
316955
316967
316971
316984
316985
316987
316989
317004
317013
317050
317069
317073
317077
317091
317092
317099
317121
317124
317127
317148
317148
317173
317184
317192
317196
317199
317212
317232
317236
317240
317271
317284
317294
317297
317306
317307
317317
317337
317343
317369
317370
317370
317379
317382
317436
317449
317462
317483
317501
317507
317521
317553
317555
317561
317561
317562
317583
317628
317637
317648
317655
317656
317660
317666
317667
317676
317683
317690
317692
317698
317704
317709
317717
317728
317737
317754
317794
317812
317815
317829
317830
317832
317837
317839
317854
317857
317873
317875
317878
317880
317889
317915
317923
317931
317934
317938
317955
317960
317971
317978
317985
317990
318000
318002
318004
318011
318022
318025
318029
318030
318050
318056
318067
318077
318083
318090
318121
318127
318144
318162
318163
318178
318185
318188
318207
318214
318220
318230
318240
318241
318243
318246
318252
318256
318264
318276
318285
318288
318289
318320
318334
318357
318357
318365
318377
318398
318403
318407
318408
318409
318425
318429
318439
318439
318461
318467
318471
318490
318500
318501
318508
318525
318533
318536
318557
318558
318560
318562
318576
318580
318599
318605
318627
318633
318648
318663
318676
318683
318687
318695
318701
318714
318723
318729
318732
318741
318758
318761
318767
318771
318782
318796
318799
318801
318806
318808
318816
318821
318840
318842
318853
318858
318869
318908
318913
318919
318922
318925
318933
318937
318948
318970
318973
318975
318975
318976
318998
319001
319030
319052
319052
319056
319059
319073
319079
319080
319102
319119
319141
319142
319152
319155
319156
319164
319177
319182
319190
319209
319223
319226
319229
319256
319259
319275
319282
319304
319312
319328
319328
319336
319341
319343
319349
319375
319413
319416
319422
319427
319437
319438
319443
319449
319451
319455
319473
319475
319479
319494
319503
319517
319524
319532
319537
319558
319564
319586
319599
319607
319626
319630
319642
319645
319651
319664
319665
319672
319678
319683
319684
319702
319703
319707
319711
319717
319721
319727
319730
319754
319759
319759
319765
319775
319826
319860
319864
319867
319880
319884
319907
319907
319920
319931
319978
319979
319981
319997
320007
320008
320020
320027
320029
320048
320049
320068
320076
320078
320131
320172
320174
320183
320185
320201
320207
320213
320221
320221
320241
320249
320263
320273
320285
320288
320298
320317
320329
320359
320361
320365
320378
320422
320425
320438
320439
320444
320453
320465
320509
320521
320533
320535
320535
320536
320547
320562
320584
320593
320594
320610
320616
320636
320640
320648
320653
320679
320692
320696
320696
320697
320708
320714
320723
320727
320745
320749
320761
320777
320783
320785
320788
320805
320824
320829
320841
320843
320851
320885
320886
320898
320903
320904
320909
320913
320915
320925
320931
320935
320948
320950
320960
320966
320970
320981
320990
320997
320997
320997
321006
321009
321023
321024
321044
321045
321049
321052
321093
321097
321103
321117
321120
321144
321149
321157
321161
321171
321206
321222
321241
321257
321258
321267
321268
321275
321319
321349
321375
321375
321381
321390
321398
321416
321424
321425
321459
321480
321491
321495
321497
321510
321520
321532
321538
321540
321542
321549
321549
321552
321561
321573
321573
321582
321607
321633
321643
321645
321648
321685
321687
321688
321713
321715
321735
321735
321740
321752
321772
321829
321835
321863
321872
321879
321881
321904
321909
321909
321923
321960
321962
321964
321970
321973
321982
322008
322009
322010
322023
322041
322043
322044
322052
322060
322073
322078
322080
322083
322089
322091
322094
322096
322105
322112
322134
322143
322146
322153
322167
322172
322177
322184
322202
322202
322206
322211
322224
322225
322246
322249
322260
322268
322277
322278
322300
322309
322323
322330
322353
322365
322366
322381
322382
322388
322395
322411
322415
322425
322458
322462
322462
322466
322492
322521
322525
322527
322531
322534
322553
322556
322569
322587
322590
322593
322593
322605
322611
322616
322618
322622
322625
322636
322649
322651
322656
322660
322666
322668
322677
322714
322721
322728
322730
322777
322805
322819
322823
322829
322834
322863
322878
322901
322915
322916
322920
322934
322940
322951
322964
322979
322985
322993
323004
323018
323021
323026
323034
323039
323047
323052
323062
323063
323103
323151
323184
323187
323197
323201
323221
323242
323275
323279
323303
323307
323323
323334
323348
323348
323353
323355
323368
323383
323385
323388
323410
323436
323437
323443
323449
323450
323466
323481
323487
323497
323513
323514
323516
323519
323532
323537
323547
323563
323563
323564
323581
323596
323612
323616
323617
323656
323666
323675
323681
323684
323689
323691
323710
323735
323737
323750
323752
323773
323782
323783
323783
323791
323794
323814
323817
323819
323820
323831
323845
323853
323855
323875
323875
323876
323877
323880
323895
323903
323917
323923
323925
323941
323953
323957
323966
323969
323969
323974
323980
323983
324000
324009
324020
324021
324028
324045
324062
324063
324082
324087
324088
324100
324104
324108
324108
324113
324133
324137
324145
324192
324195
324211
324213
324218
324224
324227
324229
324230
324240
324265
324268
324270
324297
324312
324315
324319
324333
324356
324379
324382
324388
324390
324398
324403
324409
324439
324440
324440
324442
324448
324497
324498
324503
324508
324517
324524
324524
324525
324529
324533
324543
324545
324554
324578
324583
324594
324620
324622
324625
324642
324650
324656
324711
324713
324718
324722
324729
324732
324752
324757
324765
324803
324805
324813
324840
324861
324863
324868
324874
324884
324901
324905
324920
324920
324949
324951
324957
324968
324969
324975
324983
324988
325007
325021
325023
325034
325037
325055
325056
325066
325073
325078
325097
325100
325108
325112
325114
325116
325118
325140
325153
325161
325168
325192
325207
325217
325220
325221
325222
325224
325225
325226
325232
325239
325283
325294
325302
325312
325313
325320
325330
325333
325337
325345
325382
325385
325415
325445
325457
325463
325466
325469
325469
325478
325481
325492
325507
325508
325517
325535
325538
325540
325540
325546
325548
325548
325550
325554
325554
325556
325562
325562
325563
325565
325566
325574
325581
325590
325601
325614
325625
325627
325637
325638
325639
325644
325649
325650
325664
325674
325695
325713
325713
325719
325723
325732
325733
325739
325739
325741
325747
325763
325769
325775
325784
325784
325796
325801
325804
325811
325831
325835
325841
325869
325872
325873
325894
325896
325897
325915
325916
325932
325956
325964
325977
325987
325994
326007
326013
326048
326052
326057
326074
326079
326082
326110
326112
326115
326120
326120
326148
326157
326158
326174
326181
326181
326206
326210
326218
326230
326231
326241
326253
326259
326260
326262
326266
326276
326277
326287
326288
326304
326365
326385
326420
326423
326431
326435
326450
326452
326456
326466
326467
326494
326503
326518
326526
326539
326564
326568
326577
326616
326619
326622
326626
326663
326668
326679
326693
326718
326728
326738
326744
326752
326758
326781
326792
326792
326801
326802
326805
326809
326828
326829
326830
326832
326832
326837
326872
326877
326887
326887
326890
326891
326900
326902
326903
326928
326932
326934
326936
326938
326959
326968
326969
326973
326984
326988
327008
327016
327016
327021
327049
327068
327075
327086
327092
327093
327096
327112
327114
327120
327127
327129
327177
327182
327187
327194
327195
327203
327208
327219
327240
327240
327241
327246
327268
327278
327285
327287
327287
327318
327338
327347
327358
327359
327379
327381
327388
327393
327407
327408
327431
327445
327454
327459
327477
327489
327508
327511
327532
327538
327544
327545
327550
327587
327587
327597
327604
327611
327619
327630
327633
327641
327651
327655
327658
327661
327672
327676
327678
327741
327749
327785
327787
327792
327814
327851
327858
327877
327878
327887
327898
327900
327909
327913
327924
327924
327931
327940
327948
327952
327985
327990
327991
328023
328034
328059
328067
328072
328083
328086
328102
328103
328104
328135
328139
328148
328148
328148
328151
328159
328170
328170
328173
328181
328182
328187
328194
328205
328207
328214
328221
328229
328239
328244
328254
328261
328268
328271
328279
328289
328292
328298
328303
328303
328324
328324
328329
328334
328337
328378
328385
328390
328407
328409
328425
328431
328449
328456
328470
328482
328497
328503
328514
328519
328522
328524
328530
328548
328560
328563
328566
328570
328571
328607
328608
328614
328615
328626
328626
328627
328628
328628
328638
328645
328646
328660
328671
328675
328680
328680
328696
328698
328703
328710
328712
328714
328717
328720
328735
328742
328765
328770
328789
328791
328811
328813
328826
328846
328846
328855
328858
328860
328885
328895
328903
328904
328906
328907
328914
328924
328929
328959
328961
328975
329011
329039
329083
329084
329091
329092
329101
329103
329107
329124
329136
329142
329147
329149
329150
329171
329176
329187
329204
329209
329258
329259
329300
329319
329322
329322
329350
329358
329376
329381
329384
329409
329438
329496
329497
329501
329528
329549
329553
329554
329556
329561
329576
329577
329584
329591
329601
329601
329610
329615
329631
329650
329652
329659
329662
329671
329683
329688
329693
329697
329701
329707
329723
329726
329726
329740
329741
329775
329781
329792
329815
329816
329839
329840
329842
329843
329853
329853
329855
329858
329860
329881
329888
329888
329894
329898
329952
329956
329959
329962
329970
329970
329983
329992
329996
330020
330025
330027
330027
330034
330041
330056
330086
330089
330097
330101
330102
330105
330112
330122
330122
330128
330136
330136
330139
330141
330142
330143
330143
330157
330157
330159
330160
330173
330174
330186
330195
330212
330217
330220
330228
330230
330239
330248
330250
330261
330265
330285
330291
330316
330319
330335
330353
330369
330371
330373
330374
330376
330401
330406
330409
330418
330420
330422
330432
330452
330460
330467
330472
330491
330508
330508
330509
330512
330522
330557
330575
330575
330581
330592
330598
330619
330638
330658
330659
330666
330667
330676
330704
330704
330727
330750
330755
330768
330770
330779
330789
330797
330803
330804
330807
330818
330819
330819
330829
330836
330838
330842
330852
330860
330864
330867
330872
330878
330931
330959
330960
330964
330968
330979
330999
331020
331020
331048
331066
331066
331077
331093
331111
331117
331137
331143
331166
331167
331198
331200
331214
331230
331250
331255
331257
331277
331289
331316
331351
331368
331370
331426
331467
331476
331479
331502
331506
331508
331513
331520
331521
331543
331547
331561
331579
331589
331589
331617
331623
331645
331645
331651
331669
331730
331738
331759
331766
331768
331792
331795
331805
331818
331824
331826
331831
331836
331846
331857
331870
331876
331895
331913
331916
331917
331948
331951
331958
331966
331973
331986
332005
332012
332015
332022
332032
332038
332039
332044
332051
332091
332096
332101
332107
332117
332120
332155
332158
332180
332182
332186
332202
332219
332220
332226
332231
332254
332260
332263
332295
332296
332298
332300
332307
332311
332323
332331
332334
332337
332339
332343
332343
332349
332355
332369
332372
332377
332386
332394
332406
332436
332440
332441
332444
332480
332488
332488
332505
332516
332518
332520
332527
332529
332559
332565
332582
332593
332594
332598
332600
332603
332607
332618
332627
332628
332634
332635
332673
332681
332688
332698
332718
332722
332723
332738
332738
332748
332753
332759
332764
332765
332774
332787
332805
332808
332811
332817
332833
332837
332878
332892
332906
332909
332922
332923
332942
332977
332992
333013
333027
333046
333085
333091
333125
333139
333141
333176
333176
333185
333195
333208
333222
333230
333231
333249
333261
333263
333270
333301
333318
333318
333353
333365
333370
333372
333386
333395
333410
333417
333417
333419
333420
333428
333431
333432
333444
333467
333470
333477
333484
333484
333494
333498
333505
333512
333515
333516
333525
333534
333544
333564
333568
333569
333578
333589
333592
333624
333641
333653
333655
333655
333656
333666
333671
333680
333685
333690
333691
333697
333708
333710
333745
333761
333767
333767
333782
333793
333800
333815
333834
333839
333845
333847
333854
333856
333858
333869
333874
333879
333897
333898
333905
333924
333947
333957
334001
334010
334015
334019
334024
334026
334034
334076
334078
334085
334107
334122
334135
334151
334152
334155
334163
334184
334184
334196
334197
334200
334203
334211
334215
334225
334230
334239
334245
334251
334257
334258
334268
334281
334289
334297
334333
334346
334348
334349
334383
334399
334416
334455
334458
334477
334485
334488
334489
334492
334494
334494
334505
334523
334525
334525
334555
334555
334587
334597
334610
334614
334633
334640
334641
334645
334650
334701
334708
334710
334712
334740
334747
334748
334754
334770
334782
334789
334799
334819
334829
334833
334845
334853
334862
334878
334882
334891
334897
334931
334937
334961
334962
334971
334998
335001
335002
335014
335019
335022
335028
335032
335060
335063
335127
335131
335138
335165
335169
335174
335203
335208
335213
335226
335228
335230
335232
335237
335241
335241
335247
335253
335273
335292
335292
335295
335310
335359
335360
335361
335366
335396
335406
335411
335412
335413
335418
335422
335431
335460
335477
335484
335484
335485
335496
335513
335540
335550
335555
335559
335563
335574
335587
335594
335596
335602
335614
335625
335644
335645
335657
335675
335688
335691
335691
335695
335702
335712
335730
335733
335735
335744
335760
335776
335780
335780
335788
335802
335807
335821
335829
335837
335841
335852
335855
335859
335861
335891
335892
335896
335906
335951
335997
335999
336002
336013
336022
336026
336064
336073
336077
336078
336087
336089
336091
336095
336110
336112
336120
336122
336154
336165
336175
336178
336187
336208
336211
336233
336236
336244
336267
336286
336287
336305
336313
336333
336346
336347
336348
336348
336352
336355
336376
336394
336409
336415
336422
336452
336459
336460
336473
336481
336505
336509
336509
336511
336519
336522
336551
336571
336601
336602
336602
336609
336630
336645
336647
336655
336669
336674
336675
336691
336697
336707
336747
336752
336761
336780
336797
336822
336834
336835
336855
336875
336884
336893
336897
336898
336917
336919
336942
336951
336968
336969
336981
336986
336991
336991
337000
337005
337006
337013
337015
337078
337079
337089
337092
337116
337124
337130
337140
337156
337170
337190
337192
337199
337210
337214
337216
337216
337235
337238
337244
337250
337277
337277
337297
337324
337327
337335
337347
337359
337361
337377
337378
337386
337399
337413
337413
337431
337479
337505
337508
337520
337527
337531
337546
337557
337565
337615
337626
337639
337641
337657
337659
337670
337677
337687
337689
337695
337706
337730
337737
337747
337752
337761
337762
337796
337805
337813
337817
337821
337821
337833
337834
337840
337841
337855
337871
337887
337897
337901
337904
337906
337919
337924
337926
337926
337935
337935
337958
337961
337974
337980
337981
337984
337986
337986
338010
338016
338019
338023
338026
338037
338040
338042
338046
338065
338068
338068
338075
338076
338099
338099
338101
338104
338110
338143
338152
338167
338186
338190
338196
338222
338224
338232
338235
338244
338246
338247
338262
338279
338280
338283
338294
338304
338312
338317
338340
338344
338346
338346
338358
338376
338387
338415
338432
338451
338458
338468
338471
338483
338488
338490
338513
338534
338589
338598
338616
338650
338665
338700
338702
338707
338708
338715
338735
338774
338775
338776
338792
338809
338816
338817
338834
338841
338842
338849
338850
338855
338862
338880
338881
338885
338912
338914
338922
338927
338937
338943
338979
338983
338989
338993
339001
339010
339014
339021
339026
339036
339044
339047
339051
339056
339059
339063
339080
339097
339111
339124
339139
339140
339156
339160
339187
339187
339187
339196
339225
339233
339236
339247
339248
339251
339256
339258
339259
339279
339286
339288
339291
339305
339312
339346
339347
339355
339355
339356
339378
339388
339408
339421
339432
339436
339459
339471
339472
339491
339494
339499
339509
339512
339521
339527
339535
339535
339536
339557
339568
339574
339574
339582
339585
339593
339599
339609
339617
339622
339637
339651
339656
339660
339660
339670
339679
339707
339710
339711
339722
339737
339738
339740
339742
339747
339751
339815
339828
339828
339830
339863
339874
339875
339879
339889
339901
339903
339906
339912
339933
339942
339946
339966
339969
339970
339976
339979
339981
339992
340002
340005
340006
340019
340020
340039
340042
340074
340089
340118
340118
340119
340123
340147
340149
340154
340162
340169
340171
340176
340178
340183
340200
340216
340219
340247
340248
340251
340252
340255
340274
340274
340274
340288
340307
340308
340310
340327
340328
340342
340344
340345
340359
340376
340397
340398
340414
340419
340432
340435
340465
340466
340466
340492
340494
340537
340556
340566
340588
340609
340628
340628
340655
340661
340664
340674
340679
340685
340697
340707
340709
340712
340723
340745
340748
340750
340764
340767
340773
340786
340795
340818
340851
340859
340866
340896
340908
340909
340919
340921
340932
340941
340962
340970
340989
340990
340992
341001
341012
341024
341026
341029
341038
341041
341051
341063
341071
341075
341079
341079
341082
341114
341127
341134
341149
341150
341165
341172
341189
341216
341224
341226
341227
341233
341245
341247
341276
341284
341305
341312
341319
341326
341341
341353
341363
341375
341385
341389
341392
341408
341415
341426
341433
341439
341447
341453
341465
341474
341478
341480
341483
341485
341488
341497
341517
341518
341518
341539
341550
341553
341560
341581
341590
341601
341606
341608
341617
341632
341639
341663
341682
341687
341690
341693
341698
341705
341708
341718
341725
341744
341779
341785
341794
341804
341810
341818
341836
341846
341847
341860
341863
341866
341877
341911
341922
341925
341952
341960
341973
341988
341992
341998
342000
342001
342027
342041
342041
342065
342088
342109
342133
342135
342139
342144
342147
342148
342158
342159
342174
342178
342204
342214
342222
342229
342230
342240
342241
342242
342270
342273
342275
342287
342295
342295
342331
342333
342334
342336
342364
342371
342379
342383
342395
342414
342416
342423
342436
342445
342467
342477
342510
342517
342530
342539
342541
342552
342552
342587
342635
342641
342644
342649
342651
342673
342673
342676
342680
342694
342698
342702
342705
342709
342712
342714
342729
342733
342742
342789
342803
342813
342813
342821
342853
342870
342873
342876
342895
342906
342907
342909
342914
342925
342937
342951
342971
342977
342978
342985
342986
342997
343042
343055
343060
343074
343104
343108
343115
343118
343120
343130
343138
343144
343157
343157
343163
343165
343181
343211
343235
343254
343273
343277
343292
343292
343295
343342
343361
343365
343374
343387
343388
343393
343396
343398
343432
343441
343443
343447
343450
343454
343471
343471
343485
343486
343515
343523
343533
343538
343541
343544
343551
343552
343557
343588
343591
343595
343600
343609
343635
343638
343653
343653
343664
343667
343675
343679
343688
343696
343709
343730
343751
343764
343777
343782
343797
343801
343808
343818
343830
343833
343835
343846
343878
343888
343894
343899
343930
343931
343949
343964
343965
343975
343992
343996
344000
344051
344062
344062
344110
344111
344118
344124
344131
344143
344147
344157
344172
344181
344184
344202
344204
344204
344213
344224
344229
344247
344248
344257
344264
344271
344289
344317
344319
344320
344324
344326
344346
344355
344365
344382
344383
344388
344400
344420
344425
344429
344431
344432
344435
344442
344446
344463
344467
344481
344502
344505
344527
344527
344541
344562
344563
344583
344600
344612
344614
344622
344623
344626
344636
344657
344670
344676
344682
344693
344699
344702
344707
344737
344740
344741
344744
344746
344748
344768
344775
344795
344827
344830
344844
344867
344875
344914
344922
344927
344961
344973
344973
344987
345002
345009
345080
345086
345090
345102
345104
345167
345176
345178
345189
345251
345264
345279
345290
345327
345345
345368
345373
345384
345424
345425
345435
345438
345453
345456
345458
345467
345470
345479
345486
345490
345498
345505
345512
345522
345532
345535
345539
345553
345586
345592
345593
345611
345625
345627
345635
345636
345652
345667
345678
345684
345687
345688
345698
345711
345719
345720
345721
345724
345736
345751
345759
345766
345775
345780
345785
345790
345804
345825
345831
345834
345834
345848
345854
345880
345885
345906
345913
345924
345947
345968
345984
345993
345996
346015
346020
346024
346044
346059
346065
346068
346068
346071
346082
346086
346103
346117
346127
346136
346152
346154
346185
346193
346206
346207
346221
346224
346238
346240
346255
346271
346298
346314
346326
346339
346362
346373
346398
346411
346417
346419
346432
346439
346445
346446
346460
346465
346469
346511
346513
346553
346555
346557
346577
346592
346609
346642
346682
346699
346716
346722
346726
346726
346744
346745
346747
346753
346771
346777
346783
346794
346820
346824
346828
346831
346835
346837
346850
346857
346882
346886
346888
346888
346890
346890
346893
346897
346913
346916
346937
346939
346961
346963
346968
346972
346983
346985
346990
347003
347009
347012
347017
347029
347053
347080
347110
347112
347121
347146
347159
347162
347170
347187
347202
347240
347253
347258
347262
347275
347307
347323
347329
347331
347333
347351
347379
347388
347390
347465
347468
347473
347491
347495
347498
347507
347509
347510
347519
347538
347547
347560
347566
347575
347576
347585
347594
347596
347597
347620
347623
347627
347637
347645
347664
347669
347686
347687
347692
347697
347726
347736
347755
347758
347766
347767
347769
347770
347783
347783
347791
347791
347792
347796
347798
347809
347817
347823
347825
347853
347854
347857
347873
347875
347888
347888
347890
347891
347907
347939
347952
347987
347995
347999
348000
348010
348046
348047
348058
348064
348069
348085
348092
348092
348107
348116
348121
348122
348132
348135
348139
348140
348149
348157
348160
348165
348187
348209
348214
348238
348249
348275
348279
348297
348308
348328
348339
348345
348349
348355
348366
348369
348373
348375
348390
348391
348399
348400
348400
348414
348442
348443
348455
348456
348467
348482
348494
348494
348504
348514
348548
348558
348566
348586
348586
348599
348613
348633
348639
348641
348643
348665
348669
348685
348697
348712
348723
348745
348751
348755
348760
348762
348778
348781
348803
348804
348806
348815
348837
348848
348851
348852
348854
348871
348891
348912
348921
348925
348926
348927
348953
348960
348961
348964
348969
348978
349033
349043
349051
349053
349073
349074
349079
349082
349086
349090
349094
349100
349106
349107
349112
349117
349122
349127
349131
349149
349164
349178
349191
349194
349201
349219
349220
349228
349245
349246
349263
349267
349279
349292
349306
349322
349325
349337
349351
349356
349360
349367
349374
349378
349382
349383
349392
349397
349406
349416
349435
349437
349440
349447
349453
349463
349464
349468
349489
349496
349496
349500
349508
349509
349513
349523
349525
349525
349529
349532
349533
349534
349537
349582
349584
349585
349586
349616
349626
349643
349655
349666
349678
349682
349684
349704
349727
349734
349738
349739
349740
349746
349756
349810
349831
349860
349871
349887
349904
349914
349932
349955
349977
349983
349993
349994
349999
349999
350003
350010
350020
350041
350041
350043
350052
350056
350063
350064
350086
350093
350100
350113
350114
350115
350116
350125
350131
350143
350184
350186
350186
350190
350195
350203
350210
350254
350256
350259
350262
350280
350280
350296
350301
350317
350320
350327
350331
350373
350387
350410
350418
350429
350433
350433
350441
350454
350462
350465
350472
350482
350486
350487
350489
350489
350490
350495
350502
350514
350518
350523
350553
350561
350570
350588
350598
350620
350624
350626
350633
350656
350657
350675
350688
350697
350705
350705
350713
350715
350730
350732
350745
350789
350793
350798
350804
350812
350843
350847
350849
350858
350883
350894
350901
350909
350914
350927
350929
350932
350932
350932
350941
350957
350958
350962
350978
350983
350993
351004
351039
351040
351045
351080
351082
351105
351117
351118
351139
351150
351157
351175
351188
351194
351196
351222
351222
351248
351252
351253
351273
351273
351282
351285
351288
351303
351304
351306
351311
351312
351325
351333
351338
351345
351349
351349
351366
351403
351410
351416
351417
351418
351425
351428
351479
351483
351486
351486
351499
351518
351519
351520
351522
351531
351535
351536
351538
351539
351552
351588
351591
351593
351593
351600
351602
351603
351615
351617
351617
351618
351633
351639
351658
351667
351676
351687
351694
351697
351699
351745
351751
351752
351767
351773
351784
351788
351805
351811
351830
351866
351871
351875
351884
351886
351908
351910
351910
351911
351912
351920
351925
351939
351939
351954
351961
351977
351977
351979
351987
351995
352022
352052
352071
352078
352089
352090
352093
352101
352105
352106
352113
352121
352122
352129
352130
352153
352157
352161
352169
352172
352189
352196
352204
352205
352220
352224
352234
352249
352252
352261
352263
352288
352290
352296
352305
352311
352340
352350
352352
352353
352358
352370
352405
352414
352432
352439
352441
352443
352451
352474
352477
352481
352482
352511
352522
352534
352545
352561
352605
352623
352627
352668
352688
352693
352703
352707
352712
352715
352718
352720
352740
352741
352752
352753
352758
352778
352780
352793
352794
352798
352809
352812
352826
352828
352872
352873
352894
352895
352907
352907
352910
352910
352913
352917
352940
352941
352944
352957
352964
352964
352970
352975
352979
352992
352996
352997
353002
353016
353016
353021
353024
353034
353044
353053
353068
353070
353070
353081
353085
353087
353113
353134
353140
353142
353153
353153
353160
353162
353164
353177
353195
353199
353214
353235
353241
353249
353253
353270
353277
353328
353331
353332
353333
353355
353359
353369
353388
353400
353402
353419
353432
353441
353476
353488
353497
353520
353536
353536
353537
353543
353547
353558
353575
353583
353597
353603
353606
353609
353612
353637
353653
353672
353673
353679
353680
353683
353684
353686
353686
353687
353730
353744
353755
353763
353766
353766
353777
353777
353799
353806
353807
353809
353815
353819
353832
353855
353863
353882
353901
353911
353912
353921
353942
353957
353964
353971
353987
353993
354005
354007
354008
354012
354016
354016
354016
354019
354021
354027
354033
354041
354045
354051
354060
354088
354095
354117
354125
354132
354136
354157
354164
354164
354166
354190
354207
354213
354236
354238
354241
354247
354263
354276
354278
354306
354338
354356
354363
354369
354379
354390
354404
354405
354406
354425
354428
354440
354444
354445
354446
354455
354456
354475
354491
354491
354493
354517
354522
354590
354604
354620
354636
354661
354676
354680
354705
354717
354742
354742
354745
354745
354749
354752
354785
354788
354788
354789
354809
354845
354880
354913
354920
354943
354959
354967
354967
354983
354992
355001
355024
355040
355047
355059
355068
355069
355073
355078
355094
355096
355121
355122
355136
355166
355170
355175
355197
355200
355204
355211
355219
355238
355242
355266
355267
355297
355309
355325
355332
355360
355365
355379
355388
355397
355413
355425
355425
355427
355431
355437
355450
355451
355452
355474
355482
355515
355516
355531
355534
355535
355541
355550
355552
355575
355578
355583
355599
355619
355636
355641
355671
355679
355691
355697
355716
355720
355736
355758
355758
355762
355779
355793
355801
355808
355810
355816
355824
355825
355841
355852
355856
355871
355889
355920
355931
355940
355942
355947
355951
355956
355970
355974
355984
356005
356007
356010
356026
356037
356040
356043
356045
356068
356075
356077
356082
356090
356104
356108
356109
356122
356135
356150
356175
356175
356180
356191
356207
356214
356232
356235
356240
356241
356253
356260
356276
356302
356307
356320
356321
356333
356333
356337
356340
356342
356367
356368
356368
356370
356375
356413
356432
356438
356443
356449
356480
356482
356490
356495
356498
356502
356520
356522
356529
356533
356538
356551
356562
356576
356586
356595
356609
356609
356613
356614
356624
356624
356627
356630
356667
356673
356687
356689
356689
356730
356745
356757
356776
356813
356815
356830
356855
356875
356877
356910
356911
356919
356936
356938
356941
356945
356950
356986
357005
357007
357007
357011
357030
357035
357059
357061
357062
357064
357074
357083
357089
357093
357096
357110
357114
357116
357122
357130
357170
357179
357195
357200
357219
357242
357254
357276
357304
357313
357314
357336
357349
357351
357385
357388
357389
357392
357395
357403
357413
357420
357428
357446
357452
357453
357458
357471
357485
357486
357488
357489
357496
357501
357520
357521
357525
357525
357555
357566
357576
357578
357581
357583
357637
357637
357641
357658
357663
357688
357701
357707
357740
357741
357764
357768
357803
357813
357813
357815
357817
357819
357852
357855
357857
357858
357878
357889
357890
357891
357898
357900
357901
357916
357918
357924
357926
357944
357945
357960
357983
357984
357984
358017
358028
358029
358030
358032
358042
358076
358088
358129
358137
358138
358153
358182
358210
358214
358220
358225
358254
358259
358312
358325
358337
358348
358377
358406
358414
358416
358424
358430
358432
358434
358435
358462
358463
358472
358485
358493
358494
358501
358513
358549
358554
358556
358557
358583
358601
358614
358617
358631
358636
358637
358642
358650
358660
358664
358666
358667
358668
358680
358724
358728
358738
358741
358743
358768
358779
358782
358801
358803
358804
358808
358810
358873
358877
358878
358882
358886
358894
358896
358897
358909
358924
358928
358931
358964
358965
358987
359020
359048
359068
359070
359073
359074
359080
359104
359107
359122
359135
359141
359144
359159
359160
359166
359171
359176
359194
359197
359216
359219
359223
359235
359243
359251
359261
359282
359327
359327
359334
359341
359360
359361
359367
359367
359371
359381
359383
359386
359399
359415
359423
359425
359429
359441
359452
359455
359472
359481
359486
359488
359493
359498
359501
359511
359518
359522
359558
359591
359630
359633
359643
359649
359655
359658
359658
359670
359673
359688
359691
359703
359704
359714
359717
359723
359745
359745
359758
359797
359809
359812
359815
359821
359827
359827
359835
359847
359864
359874
359875
359879
359909
359953
359954
359954
359956
359963
359991
359991
360017
360018
360029
360037
360058
360071
360075
360080
360085
360090
360104
360109
360129
360145
360152
360171
360176
360181
360187
360190
360194
360197
360207
360230
360236
360257
360258
360261
360289
360290
360291
360295
360301
360312
360320
360326
360336
360337
360345
360346
360359
360376
360406
360410
360425
360470
360471
360485
360503
360503
360513
360517
360531
360541
360561
360577
360590
360609
360613
360615
360636
360647
360671
360682
360686
360686
360691
360692
360696
360698
360700
360715
360747
360752
360772
360782
360784
360788
360792
360792
360795
360800
360802
360815
360820
360825
360829
360838
360854
360858
360867
360872
360890
360901
360924
360928
360934
360945
360949
360951
360966
360980
360984
360985
360994
361002
361004
361008
361017
361022
361046
361053
361072
361072
361082
361096
361135
361156
361156
361157
361174
361176
361193
361202
361218
361220
361222
361223
361226
361249
361250
361256
361259
361278
361288
361301
361303
361310
361332
361339
361343
361348
361355
361387
361390
361393
361400
361406
361415
361437
361443
361467
361473
361477
361483
361490
361498
361503
361503
361541
361549
361559
361561
361602
361602
361608
361611
361617
361644
361645
361656
361665
361666
361669
361672
361673
361704
361729
361737
361744
361750
361755
361759
361762
361779
361794
361804
361823
361826
361827
361829
361842
361894
361908
361917
361922
361929
361937
361941
361958
361960
361971
361980
362004
362020
362021
362032
362050
362055
362061
362063
362066
362067
362069
362091
362096
362103
362105
362111
362111
362130
362148
362164
362186
362190
362198
362220
362236
362238
362252
362271
362275
362279
362280
362309
362312
362314
362323
362330
362338
362367
362386
362403
362431
362435
362447
362456
362464
362468
362470
362485
362505
362507
362523
362525
362534
362541
362541
362546
362549
362549
362550
362552
362558
362560
362561
362569
362571
362618
362620
362627
362640
362650
362661
362663
362669
362740
362742
362742
362748
362752
362767
362776
362777
362789
362793
362799
362803
362807
362810
362820
362827
362840
362841
362850
362851
362857
362869
362885
362888
362902
362902
362902
362912
362912
362940
362946
362956
362972
362993
363014
363047
363052
363052
363070
363090
363109
363151
363161
363165
363212
363218
363220
363222
363223
363235
363256
363265
363272
363301
363301
363305
363307
363314
363341
363354
363355
363359
363364
363383
363397
363401
363405
363405
363408
363412
363416
363432
363446
363458
363461
363463
363469
363494
363541
363564
363579
363582
363587
363587
363601
363611
363616
363641
363662
363668
363685
363686
363694
363698
363700
363731
363749
363755
363773
363775
363781
363781
363783
363784
363785
363787
363795
363813
363833
363837
363841
363848
363855
363859
363861
363872
363873
363887
363919
363950
363952
363962
363965
363966
363979
364029
364030
364049
364049
364069
364069
364076
364112
364114
364116
364122
364129
364136
364149
364150
364152
364152
364156
364156
364166
364172
364203
364218
364219
364221
364221
364226
364242
364267
364280
364280
364281
364296
364304
364339
364344
364373
364377
364389
364461
364469
364473
364483
364485
364486
364490
364511
364525
364525
364527
364560
364574
364576
364577
364595
364608
364633
364635
364657
364682
364682
364692
364699
364703
364712
364722
364723
364752
364776
364780
364810
364818
364824
364840
364842
364856
364861
364869
364920
364932
364933
364933
364943
364945
364958
364961
364965
364968
365000
365006
365008
365009
365013
365013
365029
365029
365050
365058
365069
365089
365118
365135
365144
365149
365158
365178
365180
365194
365198
365207
365238
365242
365247
365260
365263
365269
365281
365299
365315
365333
365340
365344
365353
365359
365402
365472
365474
365483
365518
365521
365533
365539
365539
365588
365590
365595
365612
365644
365654
365656
365663
365664
365677
365692
365697
365701
365705
365705
365734
365741
365744
365748
365754
365785
365788
365793
365807
365817
365832
365838
365881
365883
365893
365900
365900
365901
365902
365910
365924
365930
365956
365957
365963
365965
365971
365991
366005
366008
366009
366027
366039
366046
366056
366061
366061
366062
366090
366111
366119
366137
366138
366157
366165
366194
366210
366212
366214
366225
366240
366247
366253
366255
366281
366283
366295
366296
366345
366349
366352
366357
366363
366368
366382
366388
366399
366441
366447
366449
366450
366453
366456
366474
366479
366510
366510
366513
366517
366517
366519
366544
366545
366548
366550
366554
366554
366555
366567
366581
366584
366593
366602
366602
366611
366611
366615
366643
366653
366661
366671
366673
366679
366693
366701
366701
366715
366729
366734
366740
366745
366759
366778
366789
366798
366801
366817
366828
366831
366843
366850
366856
366871
366878
366884
366886
366888
366903
366906
366917
366919
366923
366929
366933
366937
366941
366952
366953
366964
366981
366981
366983
366990
366999
367009
367026
367026
367030
367037
367049
367054
367057
367083
367086
367113
367116
367119
367132
367136
367152
367162
367169
367171
367175
367185
367197
367201
367203
367210
367222
367233
367236
367238
367239
367275
367284
367293
367309
367333
367335
367360
367370
367386
367396
367401
367411
367416
367422
367422
367430
367447
367451
367453
367457
367463
367471
367477
367489
367501
367503
367505
367509
367510
367516
367524
367526
367528
367550
367581
367581
367581
367582
367589
367591
367604
367613
367624
367627
367629
367634
367639
367641
367651
367667
367678
367687
367688
367693
367708
367717
367744
367746
367762
367772
367778
367794
367799
367806
367811
367832
367838
367840
367843
367854
367856
367861
367871
367874
367881
367893
367902
367916
367934
367941
367942
367943
367943
367956
367960
367969
367992
367992
367996
368002
368027
368043
368044
368050
368058
368059
368062
368065
368078
368078
368088
368088
368107
368116
368131
368145
368145
368181
368212
368220
368228
368229
368246
368256
368258
368297
368309
368310
368316
368322
368339
368340
368346
368371
368402
368403
368406
368407
368417
368420
368421
368428
368429
368437
368446
368484
368497
368505
368515
368530
368532
368554
368554
368564
368588
368592
368602
368604
368637
368647
368662
368663
368672
368682
368688
368688
368692
368695
368697
368700
368723
368789
368791
368833
368833
368853
368895
368898
368899
368907
368920
368926
368926
368934
368946
368981
368981
368983
368987
369000
369000
369006
369014
369015
369033
369046
369063
369074
369075
369083
369108
369116
369121
369140
369145
369152
369168
369173
369180
369191
369202
369211
369218
369218
369227
369241
369246
369252
369261
369266
369270
369278
369302
369303
369303
369309
369330
369330
369333
369335
369366
369374
369377
369387
369392
369393
369455
369466
369468
369470
369475
369487
369493
369502
369514
369514
369517
369529
369530
369540
369542
369547
369557
369588
369618
369647
369655
369671
369676
369690
369708
369725
369729
369730
369740
369741
369777
369781
369786
369786
369793
369796
369802
369810
369814
369831
369834
369838
369841
369842
369860
369862
369862
369868
369873
369874
369875
369903
369904
369921
369934
369936
369982
369989
370003
370004
370007
370038
370051
370058
370061
370066
370067
370091
370102
370121
370125
370162
370167
370172
370185
370224
370248
370250
370254
370260
370280
370289
370291
370297
370299
370299
370306
370322
370347
370362
370369
370385
370393
370394
370396
370406
370414
370427
370434
370435
370441
370459
370466
370470
370472
370478
370483
370488
370495
370505
370526
370527
370535
370539
370541
370552
370560
370563
370563
370596
370608
370634
370642
370648
370659
370664
370666
370680
370707
370710
370719
370727
370735
370746
370750
370767
370774
370785
370786
370790
370796
370798
370801
370830
370839
370847
370848
370849
370850
370869
370890
370891
370894
370904
370907
370907
370921
370934
370942
370946
370950
370990
370993
371003
371012
371016
371020
371029
371030
371036
371037
371052
371057
371060
371067
371089
371096
371096
371099
371100
371124
371134
371149
371155
371161
371174
371201
371210
371242
371244
371251
371251
371270
371287
371303
371315
371318
371320
371334
371338
371369
371374
371376
371396
371410
371415
371417
371418
371427
371435
371475
371477
371478
371509
371510
371515
371529
371549
371573
371579
371587
371603
371625
371626
371655
371675
371681
371681
371690
371691
371702
371705
371724
371739
371748
371755
371759
371773
371778
371807
371815
371817
371860
371863
371871
371876
371879
371881
371882
371886
371896
371896
371898
371916
371944
371961
371972
371975
371976
371986
371999
372003
372012
372019
372022
372023
372030
372037
372043
372050
372061
372080
372092
372104
372104
372133
372134
372150
372162
372170
372174
372184
372199
372202
372203
372205
372210
372218
372227
372243
372243
372247
372279
372281
372294
372294
372299
372303
372309
372335
372347
372352
372355
372359
372379
372386
372388
372392
372395
372399
372407
372412
372423
372433
372433
372444
372453
372466
372470
372476
372479
372482
372484
372486
372498
372498
372500
372502
372558
372563
372563
372581
372590
372601
372603
372609
372614
372617
372624
372628
372628
372656
372665
372696
372698
372698
372698
372713
372734
372752
372753
372755
372761
372777
372779
372798
372804
372811
372814
372820
372827
372835
372835
372839
372868
372878
372885
372888
372889
372890
372895
372899
372910
372918
372924
372928
372931
372940
372946
372950
372950
372955
372955
372955
372972
372989
373003
373024
373027
373029
373048
373048
373050
373063
373065
373084
373089
373092
373094
373105
373119
373135
373140
373141
373141
373176
373187
373193
373194
373197
373198
373200
373210
373222
373235
373251
373253
373256
373263
373289
373292
373295
373304
373310
373316
373331
373332
373394
373395
373401
373419
373421
373439
373451
373462
373474
373476
373489
373490
373496
373498
373502
373511
373525
373530
373537
373580
373582
373589
373596
373599
373604
373606
373613
373633
373635
373643
373652
373663
373675
373679
373682
373689
373707
373709
373729
373731
373731
373744
373753
373758
373761
373771
373782
373818
373834
373846
373851
373876
373883
373884
373916
373920
373969
373989
374010
374026
374041
374073
374076
374108
374138
374149
374154
374160
374162
374171
374185
374196
374202
374218
374229
374239
374241
374244
374246
374249
374251
374289
374302
374317
374356
374361
374368
374372
374382
374382
374390
374408
374426
374430
374440
374445
374471
374472
374477
374479
374499
374500
374523
374536
374543
374555
374556
374566
374591
374615
374634
374658
374670
374670
374688
374691
374691
374699
374711
374722
374740
374740
374790
374795
374800
374825
374827
374836
374846
374849
374852
374861
374876
374883
374922
374936
374937
374950
374963
374967
374970
374973
374993
375010
375012
375014
375023
375029
375029
375036
375044
375063
375083
375115
375143
375148
375148
375155
375156
375176
375178
375191
375192
375205
375220
375221
375228
375230
375262
375265
375271
375286
375289
375298
375332
375337
375342
375364
375371
375392
375402
375406
375408
375427
375437
375451
375463
375469
375475
375484
375506
375520
375522
375523
375523
375551
375554
375565
375573
375577
375584
375600
375607
375620
375648
375651
375693
375696
375696
375697
375703
375706
375708
375734
375745
375753
375759
375765
375784
375792
375797
375798
375810
375837
375847
375851
375867
375907
375913
375917
375937
375967
375986
376001
376011
376021
376036
376052
376053
376054
376056
376058
376068
376068
376085
376085
376099
376116
376118
376128
376140
376154
376161
376189
376192
376195
376196
376202
376209
376209
376215
376218
376240
376241
376245
376257
376282
376286
376293
376304
376330
376332
376332
376344
376346
376353
376362
376367
376376
376383
376412
376419
376428
376438
376441
376460
376464
376473
376483
376483
376512
376527
376529
376548
376597
376601
376604
376604
376608
376614
376615
376626
376644
376650
376656
376676
376687
376713
376724
376729
376737
376746
376748
376754
376756
376768
376791
376792
376801
376816
376824
376840
376854
376874
376891
376894
376896
376903
376915
376920
376928
376949
376963
376980
376984
376994
377020
377026
377032
377034
377045
377050
377059
377072
377080
377088
377088
377092
377106
377114
377143
377147
377159
377165
377170
377175
377187
377202
377204
377215
377222
377233
377249
377253
377257
377286
377300
377301
377313
377339
377340
377351
377364
377364
377374
377436
377441
377448
377448
377455
377462
377465
377467
377468
377470
377476
377482
377491
377493
377509
377529
377530
377538
377550
377560
377561
377572
377586
377599
377609
377622
377632
377632
377634
377653
377689
377695
377699
377703
377709
377710
377710
377711
377734
377736
377737
377747
377757
377773
377777
377782
377794
377804
377811
377826
377827
377832
377839
377864
377872
377892
377895
377901
377905
377911
377917
377941
377943
377948
377952
377955
377971
377996
378010
378042
378051
378069
378076
378088
378092
378098
378104
378105
378112
378159
378159
378163
378167
378169
378172
378174
378180
378185
378195
378197
378215
378231
378261
378266
378267
378268
378269
378270
378279
378286
378308
378311
378312
378312
378317
378348
378395
378402
378406
378412
378414
378454
378460
378462
378480
378484
378496
378523
378544
378560
378565
378582
378593
378614
378615
378620
378625
378639
378641
378654
378668
378696
378719
378734
378738
378748
378761
378762
378769
378775
378784
378792
378802
378811
378819
378826
378827
378838
378845
378847
378853
378854
378861
378862
378869
378877
378880
378885
378891
378894
378902
378911
378916
378920
378925
378944
378946
378948
378988
378999
379005
379008
379013
379022
379040
379045
379074
379078
379087
379088
379104
379106
379124
379128
379151
379178
379194
379197
379204
379207
379230
379237
379253
379256
379273
379274
379277
379288
379293
379294
379302
379313
379343
379360
379360
379385
379403
379410
379423
379427
379431
379431
379436
379448
379471
379473
379488
379498
379502
379506
379523
379524
379555
379558
379571
379577
379586
379591
379602
379619
379633
379633
379634
379665
379674
379711
379749
379750
379754
379755
379756
379768
379774
379774
379775
379779
379801
379817
379838
379850
379854
379857
379865
379871
379875
379876
379886
379889
379913
379926
379930
379949
379956
379963
380020
380030
380059
380062
380078
380079
380090
380099
380110
380116
380148
380152
380158
380161
380195
380213
380233
380248
380262
380267
380279
380280
380321
380324
380324
380327
380353
380392
380392
380396
380398
380409
380418
380421
380442
380448
380449
380452
380460
380474
380478
380481
380492
380496
380499
380502
380514
380515
380523
380540
380552
380554
380562
380564
380565
380569
380569
380570
380596
380599
380607
380624
380633
380657
380667
380671
380700
380716
380724
380736
380768
380773
380774
380784
380786
380807
380814
380832
380838
380846
380851
380853
380861
380878
380880
380888
380899
380903
380913
380926
380937
380938
380940
380953
380954
380954
380956
380966
380968
380977
380982
381003
381031
381049
381052
381064
381068
381080
381091
381099
381099
381110
381140
381142
381147
381150
381153
381154
381157
381190
381191
381202
381204
381236
381286
381292
381295
381296
381296
381298
381308
381324
381330
381347
381368
381373
381378
381381
381383
381403
381409
381410
381419
381420
381446
381454
381477
381484
381501
381502
381521
381524
381535
381551
381553
381557
381571
381572
381575
381598
381619
381619
381637
381638
381649
381651
381667
381670
381712
381748
381783
381786
381792
381813
381824
381825
381833
381836
381840
381849
381851
381853
381860
381860
381860
381865
381871
381877
381888
381915
381923
381935
381945
381945
381946
381956
381957
381968
381974
381980
381986
382015
382024
382069
382085
382091
382106
382106
382111
382118
382122
382133
382150
382152
382156
382160
382161
382177
382195
382197
382202
382208
382226
382227
382238
382248
382259
382277
382285
382288
382289
382323
382324
382326
382337
382346
382351
382354
382370
382390
382392
382396
382411
382413
382462
382471
382472
382480
382492
382498
382518
382538
382552
382566
382587
382603
382610
382618
382625
382630
382646
382655
382657
382658
382664
382667
382667
382668
382680
382685
382685
382689
382693
382706
382717
382717
382723
382725
382726
382728
382748
382757
382763
382780
382794
382810
382817
382822
382824
382839
382845
382851
382854
382866
382873
382875
382882
382893
382910
382913
382914
382917
382922
382926
382961
382965
382979
382981
382990
382995
382999
383028
383035
383041
383046
383046
383067
383072
383091
383096
383141
383148
383149
383150
383150
383155
383157
383164
383170
383176
383180
383182
383191
383207
383208
383210
383243
383244
383255
383257
383260
383278
383278
383284
383290
383308
383322
383324
383326
383327
383329
383348
383368
383387
383415
383438
383438
383445
383460
383466
383474
383481
383497
383509
383522
383522
383528
383530
383536
383538
383549
383551
383553
383554
383555
383571
383577
383578
383585
383613
383631
383634
383644
383651
383654
383662
383667
383673
383674
383681
383685
383694
383696
383702
383710
383732
383733
383742
383755
383775
383779
383781
383781
383783
383806
383806
383829
383830
383832
383844
383850
383853
383858
383870
383873
383884
383885
383896
383918
383919
383930
383952
383973
383983
383987
384012
384014
384044
384048
384057
384069
384076
384086
384091
384094
384096
384096
384105
384112
384124
384126
384150
384153
384153
384155
384168
384171
384179
384189
384192
384193
384195
384202
384218
384233
384238
384243
384258
384264
384270
384299
384309
384314
384314
384332
384332
384335
384340
384341
384341
384344
384349
384366
384377
384388
384393
384403
384415
384421
384431
384437
384467
384478
384485
384501
384504
384505
384517
384529
384535
384543
384562
384577
384583
384593
384598
384600
384603
384617
384618
384619
384637
384641
384646
384653
384662
384671
384680
384695
384702
384702
384715
384720
384736
384742
384745
384747
384756
384756
384788
384795
384802
384803
384804
384811
384826
384837
384855
384856
384869
384879
384881
384882
384899
384907
384907
384923
384925
384942
384947
384959
384961
384970
384974
384982
384993
384993
384995
384995
384997
385033
385033
385043
385049
385054
385055
385065
385070
385075
385084
385086
385106
385115
385140
385141
385152
385166
385167
385171
385174
385187
385196
385205
385223
385226
385227
385247
385261
385283
385316
385316
385346
385355
385360
385366
385368
385380
385385
385396
385402
385409
385413
385417
385423
385430
385431
385437
385469
385487
385490
385491
385500
385504
385529
385539
385551
385559
385564
385566
385572
385593
385595
385600
385605
385610
385613
385631
385639
385663
385663
385673
385686
385695
385696
385700
385716
385718
385735
385742
385750
385760
385769
385769
385772
385776
385784
385795
385795
385806
385807
385810
385815
385818
385826
385831
385834
385838
385850
385856
385860
385872
385877
385880
385885
385886
385898
385924
385925
385929
385937
385943
385948
385950
385950
385953
385965
385968
385971
385973
385979
385981
385982
385987
385987
386000
386026
386042
386042
386061
386085
386095
386114
386114
386132
386150
386156
386163
386165
386166
386182
386201
386203
386241
386264
386283
386285
386299
386312
386338
386348
386368
386394
386423
386433
386438
386470
386473
386509
386509
386516
386535
386546
386589
386598
386607
386618
386620
386622
386629
386666
386671
386678
386682
386685
386688
386707
386718
386719
386733
386736
386738
386757
386759
386769
386789
386816
386831
386841
386873
386883
386893
386912
386915
386916
386934
386936
386969
386976
386982
387007
387014
387017
387032
387038
387042
387059
387063
387067
387090
387095
387098
387100
387101
387113
387127
387130
387133
387135
387144
387146
387169
387177
387193
387195
387204
387207
387209
387213
387219
387240
387240
387242
387245
387265
387290
387298
387309
387313
387326
387329
387337
387344
387352
387357
387357
387373
387375
387388
387389
387401
387406
387406
387417
387452
387478
387484
387501
387501
387512
387574
387582
387610
387612
387633
387633
387635
387635
387663
387670
387691
387692
387711
387714
387762
387770
387808
387818
387821
387869
387884
387895
387903
387912
387932
387935
387940
387945
387948
387949
387955
387962
387964
388000
388014
388017
388021
388030
388033
388068
388110
388115
388119
388128
388136
388140
388153
388155
388162
388162
388169
388202
388215
388250
388252
388319
388323
388328
388345
388354
388358
388375
388379
388380
388404
388413
388434
388436
388439
388446
388453
388454
388464
388493
388509
388523
388526
388536
388541
388543
388544
388552
388566
388584
388608
388617
388621
388623
388627
388638
388659
388660
388661
388668
388672
388709
388738
388739
388741
388741
388744
388751
388755
388756
388762
388772
388778
388790
388794
388794
388800
388803
388815
388825
388847
388852
388867
388876
388887
388906
388931
388952
388954
388964
388968
388971
388985
388987
388996
389004
389006
389053
389060
389088
389100
389100
389105
389142
389145
389170
389173
389178
389184
389185
389188
389190
389195
389205
389207
389210
389214
389219
389220
389221
389224
389228
389240
389292
389293
389313
389314
389327
389343
389357
389366
389366
389371
389387
389412
389419
389419
389448
389451
389452
389458
389463
389478
389488
389498
389509
389510
389516
389553
389563
389574
389588
389592
389597
389616
389624
389634
389637
389647
389660
389672
389673
389674
389674
389679
389683
389711
389740
389740
389740
389744
389747
389770
389779
389826
389836
389838
389888
389895
389898
389900
389901
389902
389908
389910
389932
389937
389941
389951
389957
389961
389981
389983
390013
390019
390038
390085
390097
390100
390109
390114
390130
390159
390163
390170
390182
390184
390205
390210
390220
390222
390222
390235
390252
390253
390277
390292
390295
390302
390318
390318
390341
390363
390374
390377
390378
390386
390438
390446
390468
390475
390476
390481
390512
390521
390523
390526
390537
390565
390568
390574
390578
390584
390601
390616
390620
390628
390629
390636
390660
390666
390676
390679
390697
390697
390701
390715
390718
390723
390752
390753
390755
390756
390786
390788
390790
390811
390817
390831
390837
390860
390862
390876
390887
390930
390931
390934
390945
390950
390950
391004
391020
391031
391032
391050
391056
391076
391119
391125
391174
391177
391179
391189
391206
391207
391218
391228
391233
391235
391240
391250
391259
391263
391265
391276
391300
391351
391365
391369
391371
391376
391379
391398
391399
391412
391414
391420
391440
391453
391456
391457
391464
391471
391483
391486
391495
391510
391525
391542
391546
391551
391561
391566
391572
391594
391595
391599
391599
391603
391622
391641
391660
391661
391668
391677
391684
391709
391710
391717
391747
391754
391773
391802
391805
391818
391823
391830
391834
391845
391848
391851
391853
391854
391855
391860
391869
391887
391904
391915
391915
391928
391934
391934
391943
391947
391990
391995
392007
392014
392022
392025
392028
392035
392042
392046
392076
392076
392080
392111
392121
392129
392130
392145
392147
392147
392172
392172
392187
392196
392199
392201
392219
392226
392230
392232
392276
392279
392292
392312
392344
392404
392405
392422
392431
392434
392456
392460
392462
392474
392498
392509
392517
392520
392523
392524
392549
392553
392557
392563
392564
392569
392580
392584
392591
392593
392605
392611
392618
392629
392629
392631
392641
392663
392678
392693
392702
392716
392746
392749
392753
392755
392757
392769
392771
392778
392782
392792
392799
392818
392818
392825
392842
392844
392848
392851
392858
392862
392872
392890
392898
392903
392904
392904
392940
392958
392976
392995
393001
393030
393031
393032
393052
393063
393072
393074
393074
393098
393109
393110
393139
393143
393158
393159
393166
393168
393172
393177
393198
393204
393214
393215
393222
393233
393233
393238
393253
393256
393262
393269
393272
393280
393284
393298
393305
393320
393322
393330
393333
393335
393368
393385
393385
393389
393397
393415
393428
393441
393444
393448
393457
393471
393472
393476
393480
393482
393493
393495
393498
393506
393515
393528
393559
393573
393574
393576
393580
393587
393600
393603
393603
393612
393622
393623
393628
393643
393645
393648
393649
393650
393658
393677
393693
393735
393748
393760
393765
393774
393778
393813
393815
393818
393830
393848
393852
393857
393860
393869
393871
393898
393920
393921
393929
393930
393936
393952
393987
394007
394011
394019
394037
394039
394040
394043
394070
394091
394111
394115
394130
394142
394145
394148
394152
394183
394197
394208
394209
394216
394219
394219
394229
394238
394239
394251
394261
394268
394298
394299
394328
394328
394351
394356
394374
394383
394393
394394
394416
394452
394460
394461
394462
394467
394476
394481
394485
394485
394493
394494
394504
394519
394522
394528
394561
394572
394574
394588
394601
394607
394622
394624
394625
394626
394672
394682
394712
394714
394727
394747
394764
394790
394797
394798
394798
394806
394814
394832
394832
394843
394849
394851
394858
394867
394872
394885
394885
394886
394892
394898
394925
394927
394933
394945
394951
394954
394954
394984
394989
395017
395034
395039
395040
395044
395048
395049
395054
395071
395079
395114
395126
395136
395163
395170
395172
395179
395186
395189
395197
395206
395213
395231
395235
395241
395245
395250
395271
395291
395297
395299
395316
395316
395319
395320
395322
395339
395344
395349
395364
395367
395370
395376
395377
395384
395387
395402
395410
395419
395424
395448
395461
395474
395480
395482
395487
395503
395521
395541
395542
395563
395563
395565
395573
395595
395604
395614
395618
395629
395633
395641
395647
395656
395658
395666
395671
395702
395708
395710
395713
395714
395715
395718
395727
395735
395736
395738
395739
395746
395752
395757
395761
395762
395769
395778
395793
395794
395802
395822
395825
395829
395841
395845
395845
395847
395865
395881
395891
395892
395893
395902
395907
395918
395919
395932
395934
395940
395946
396006
396006
396022
396035
396062
396077
396092
396103
396108
396119
396132
396137
396146
396173
396179
396212
396240
396243
396246
396259
396273
396275
396280
396285
396293
396295
396295
396301
396302
396304
396305
396306
396310
396318
396318
396323
396324
396331
396371
396373
396379
396384
396396
396397
396399
396411
396415
396418
396442
396447
396466
396481
396491
396506
396507
396524
396524
396532
396546
396553
396563
396567
396571
396583
396586
396615
396636
396642
396644
396659
396667
396667
396668
396668
396728
396748
396756
396768
396768
396770
396788
396792
396792
396798
396807
396812
396817
396834
396846
396847
396859
396863
396863
396872
396875
396905
396910
396924
396925
396929
396938
396969
396989
396996
396996
397012
397014
397040
397048
397053
397061
397062
397077
397097
397121
397140
397158
397161
397164
397179
397181
397194
397195
397198
397217
397221
397227
397228
397232
397246
397248
397251
397255
397273
397281
397282
397297
397337
397338
397341
397344
397348
397380
397394
397397
397401
397407
397414
397433
397440
397446
397451
397453
397488
397496
397504
397507
397531
397545
397548
397565
397605
397606
397606
397616
397649
397676
397689
397700
397711
397711
397784
397801
397822
397840
397851
397858
397870
397871
397887
397889
397894
397901
397908
397916
397933
397950
397976
397978
397982
397982
397982
397983
398007
398021
398031
398053
398105
398115
398123
398150
398170
398196
398197
398199
398205
398213
398215
398216
398217
398221
398222
398229
398240
398244
398266
398267
398272
398299
398312
398356
398358
398371
398379
398384
398401
398405
398411
398413
398413
398424
398428
398436
398452
398460
398463
398470
398473
398478
398483
398490
398497
398500
398504
398524
398525
398531
398542
398570
398573
398574
398579
398587
398588
398593
398597
398620
398645
398663
398664
398673
398685
398699
398704
398721
398722
398725
398728
398738
398740
398747
398748
398767
398769
398774
398780
398785
398792
398809
398812
398813
398838
398863
398880
398888
398888
398920
398925
398929
398935
398948
398957
398961
398963
398964
398975
398987
398992
398993
398997
398999
399000
399006
399038
399039
399040
399046
399052
399071
399080
399101
399103
399106
399115
399124
399125
399168
399195
399196
399199
399207
399246
399251
399252
399265
399269
399276
399276
399281
399285
399303
399304
399305
399339
399361
399361
399374
399378
399402
399404
399418
399456
399459
399472
399487
399489
399514
399530
399535
399546
399597
399598
399600
399603
399607
399611
399615
399619
399622
399622
399658
399661
399664
399666
399679
399690
399715
399720
399732
399741
399760
399760
399780
399786
399789
399792
399798
399814
399814
399830
399830
399870
399878
399880
399882
399887
399897
399904
399910
399917
399958
399962
399963
399977
399978
399985
399994
400007
400027
400028
400032
400042
400063
400066
400067
400082
400101
400110
400122
400126
400134
400138
400153
400156
400164
400187
400208
400208
400215
400223
400224
400225
400229
400243
400251
400263
400269
400270
400278
400284
400301
400314
400316
400334
400342
400343
400352
400360
400367
400371
400383
400394
400399
400409
400413
400429
400451
400456
400474
400489
400525
400545
400546
400553
400563
400570
400581
400582
400588
400594
400602
400609
400626
400637
400639
400645
400658
400680
400703
400707
400711
400713
400714
400716
400723
400735
400736
400740
400752
400771
400799
400823
400824
400830
400835
400846
400866
400866
400866
400869
400878
400882
400894
400895
400913
400917
400918
400928
400934
400936
400952
400952
400953
400962
400962
400971
400985
400994
400997
401008
401018
401055
401061
401066
401067
401082
401082
401085
401100
401114
401138
401166
401174
401180
401191
401201
401205
401212
401245
401274
401298
401308
401313
401319
401327
401333
401353
401372
401372
401372
401401
401403
401424
401450
401458
401466
401468
401470
401471
401482
401484
401487
401490
401494
401503
401512
401525
401531
401541
401549
401563
401581
401597
401600
401601
401606
401618
401624
401627
401647
401656
401657
401669
401671
401672
401682
401687
401703
401704
401710
401712
401713
401715
401728
401741
401752
401767
401773
401773
401784
401802
401803
401808
401824
401825
401831
401833
401840
401869
401869
401876
401881
401889
401889
401904
401914
401916
401916
401927
401937
401942
401943
401978
401990
401994
401996
402003
402006
402009
402043
402059
402082
402083
402083
402111
402114
402125
402128
402147
402159
402163
402170
402171
402175
402180
402198
402201
402212
402259
402260
402274
402278
402280
402288
402298
402308
402309
402310
402318
402322
402322
402343
402349
402386
402386
402386
402392
402421
402427
402427
402434
402452
402460
402470
402470
402477
402487
402490
402497
402498
402500
402514
402517
402525
402527
402530
402552
402563
402566
402589
402613
402617
402625
402644
402648
402648
402677
402687
402688
402711
402715
402716
402717
402723
402725
402734
402781
402801
402803
402813
402816
402824
402831
402843
402844
402864
402876
402894
402895
402905
402906
402915
402919
402920
402934
402939
402993
402993
402998
403014
403014
403024
403027
403059
403067
403078
403080
403084
403090
403118
403124
403127
403135
403152
403163
403175
403176
403176
403178
403186
403186
403216
403226
403226
403232
403236
403253
403257
403259
403276
403289
403292
403297
403303
403310
403318
403321
403328
403332
403339
403360
403363
403399
403399
403405
403408
403413
403416
403427
403430
403442
403472
403472
403485
403502
403504
403535
403588
403593
403607
403646
403658
403659
403676
403679
403683
403686
403691
403701
403701
403704
403724
403730
403732
403735
403760
403762
403773
403790
403822
403827
403839
403847
403885
403904
403936
403955
403972
403975
403979
403984
403985
404014
404021
404036
404048
404053
404068
404097
404106
404109
404117
404121
404122
404123
404123
404126
404127
404131
404136
404146
404156
404164
404202
404228
404241
404288
404294
404312
404321
404322
404328
404332
404337
404339
404345
404362
404362
404366
404368
404371
404396
404399
404405
404405
404409
404418
404421
404424
404429
404439
404453
404469
404473
404474
404484
404494
404498
404521
404527
404529
404532
404532
404543
404548
404564
404574
404579
404594
404594
404602
404602
404619
404646
404652
404669
404671
404672
404674
404699
404701
404717
404735
404748
404756
404758
404783
404791
404807
404812
404819
404819
404820
404825
404829
404848
404856
404859
404861
404868
404883
404890
404907
404958
404959
404961
404963
404963
404969
404972
404999
405002
405003
405007
405010
405014
405040
405049
405052
405062
405070
405075
405079
405080
405082
405099
405117
405137
405139
405141
405169
405196
405198
405207
405207
405209
405211
405230
405236
405248
405260
405262
405284
405294
405295
405303
405310
405321
405332
405336
405348
405359
405385
405388
405407
405409
405420
405435
405446
405450
405462
405472
405478
405480
405481
405511
405515
405518
405518
405524
405555
405568
405583
405586
405622
405630
405647
405652
405659
405665
405667
405672
405686
405693
405700
405713
405724
405727
405737
405742
405756
405764
405772
405778
405787
405798
405811
405814
405829
405834
405846
405864
405866
405873
405884
405901
405901
405911
405922
405930
405937
405942
405956
405975
405987
405989
405989
405992
406017
406022
406035
406039
406041
406041
406043
406050
406068
406076
406085
406088
406106
406106
406108
406149
406182
406198
406220
406233
406244
406277
406280
406288
406297
406305
406311
406317
406325
406330
406331
406334
406378
406415
406420
406427
406428
406434
406441
406441
406454
406458
406499
406533
406534
406543
406561
406562
406571
406605
406611
406613
406624
406636
406645
406669
406669
406686
406700
406731
406741
406750
406752
406754
406762
406766
406774
406775
406791
406825
406840
406864
406880
406883
406914
406917
406929
406931
406934
406941
406944
406944
406966
406978
406997
407004
407022
407031
407053
407061
407079
407104
407109
407121
407142
407156
407158
407185
407188
407189
407193
407198
407199
407200
407203
407231
407237
407243
407245
407252
407255
407260
407265
407268
407270
407320
407326
407334
407353
407355
407368
407379
407384
407410
407435
407463
407474
407498
407501
407536
407554
407559
407570
407576
407592
407596
407604
407610
407610
407630
407643
407657
407669
407690
407710
407715
407718
407722
407735
407737
407751
407804
407831
407842
407843
407861
407865
407872
407886
407893
407894
407912
407937
407945
407949
407977
407977
407990
407998
408012
408017
408019
408020
408026
408036
408038
408052
408058
408058
408067
408075
408082
408088
408091
408097
408104
408116
408117
408118
408119
408123
408144
408152
408164
408174
408194
408199
408204
408205
408222
408232
408242
408260
408264
408281
408306
408309
408309
408322
408323
408330
408332
408335
408362
408365
408365
408369
408416
408419
408423
408437
408456
408476
408483
408493
408504
408504
408508
408512
408515
408552
408558
408566
408575
408594
408595
408608
408638
408651
408652
408676
408679
408692
408694
408717
408720
408732
408737
408742
408749
408780
408786
408798
408799
408832
408841
408844
408851
408867
408885
408898
408901
408902
408913
408914
408923
408928
408934
408943
408953
408956
408963
408968
408973
408995
409010
409015
409016
409034
409047
409053
409054
409055
409062
409073
409088
409100
409104
409128
409161
409179
409182
409191
409199
409278
409279
409280
409294
409306
409323
409342
409342
409347
409358
409370
409378
409396
409401
409402
409405
409419
409435
409444
409451
409455
409467
409468
409471
409488
409500
409529
409533
409537
409543
409546
409555
409559
409561
409565
409569
409581
409588
409613
409626
409632
409646
409659
409663
409673
409699
409703
409714
409733
409737
409738
409745
409752
409755
409778
409779
409779
409796
409807
409831
409836
409849
409870
409894
409896
409899
409903
409910
409922
409924
409926
409932
409941
409941
409955
409973
410026
410056
410071
410087
410100
410107
410116
410137
410159
410162
410179
410197
410198
410199
410213
410224
410232
410272
410276
410286
410287
410293
410304
410313
410320
410321
410332
410345
410354
410355
410357
410358
410365
410397
410405
410407
410408
410451
410454
410482
410485
410485
410490
410493
410498
410503
410507
410535
410551
410577
410585
410587
410589
410612
410614
410631
410632
410641
410642
410654
410658
410661
410666
410681
410704
410706
410708
410736
410736
410752
410764
410772
410773
410774
410784
410785
410788
410795
410798
410799
410805
410808
410817
410820
410820
410833
410844
410869
410870
410878
410881
410883
410901
410942
410943
410951
410976
410986
410987
410988
410999
411009
411024
411026
411029
411031
411036
411043
411055
411058
411064
411066
411070
411072
411081
411096
411107
411108
411113
411154
411172
411191
411192
411214
411224
411239
411257
411260
411264
411265
411270
411282
411288
411293
411299
411309
411311
411338
411339
411340
411351
411371
411404
411420
411420
411433
411435
411437
411444
411449
411468
411477
411480
411484
411485
411502
411507
411511
411521
411536
411581
411581
411597
411608
411612
411617
411622
411634
411662
411667
411676
411677
411677
411687
411695
411708
411712
411712
411720
411729
411752
411754
411769
411785
411791
411793
411793
411804
411809
411812
411822
411834
411836
411837
411837
411838
411841
411854
411866
411866
411898
411908
411921
411945
411955
411961
411982
411997
412022
412023
412031
412041
412063
412064
412065
412069
412071
412082
412098
412102
412105
412107
412108
412129
412140
412142
412148
412162
412167
412178
412206
412226
412245
412255
412265
412286
412286
412286
412307
412321
412322
412334
412335
412349
412378
412399
412405
412424
412433
412450
412475
412479
412488
412493
412493
412495
412496
412504
412508
412521
412523
412534
412538
412543
412559
412563
412577
412586
412589
412598
412601
412612
412631
412643
412654
412666
412666
412666
412686
412700
412703
412709
412717
412717
412720
412725
412725
412738
412739
412744
412746
412748
412748
412757
412760
412774
412780
412789
412808
412810
412820
412827
412831
412849
412851
412869
412872
412876
412877
412882
412888
412894
412907
412910
412934
412936
412953
412958
412966
412986
412988
412993
413009
413013
413026
413042
413043
413047
413068
413076
413088
413106
413112
413127
413135
413154
413168
413198
413202
413212
413213
413225
413231
413247
413249
413266
413271
413276
413276
413284
413286
413330
413330
413338
413345
413399
413402
413404
413410
413415
413416
413425
413433
413453
413463
413474
413490
413492
413543
413547
413553
413562
413564
413564
413565
413589
413597
413597
413598
413603
413604
413642
413660
413666
413680
413691
413706
413710
413719
413768
413778
413780
413783
413789
413791
413795
413795
413807
413821
413826
413841
413842
413843
413847
413848
413864
413897
413907
413922
413929
413931
413939
413940
413945
413950
413955
413967
413981
413983
413994
413998
414035
414041
414062
414076
414097
414105
414111
414139
414144
414152
414154
414155
414167
414177
414193
414200
414205
414218
414228
414228
414232
414233
414235
414244
414247
414251
414255
414266
414270
414279
414284
414287
414287
414308
414308
414308
414351
414368
414369
414371
414373
414373
414394
414398
414420
414426
414430
414431
414438
414444
414460
414463
414469
414472
414494
414495
414503
414521
414526
414535
414537
414539
414542
414604
414607
414616
414618
414639
414649
414649
414655
414687
414700
414705
414707
414713
414719
414720
414734
414739
414745
414745
414746
414759
414767
414773
414781
414785
414789
414811
414835
414852
414852
414856
414860
414864
414872
414879
414882
414887
414895
414911
414919
414939
414952
414956
414958
414963
415008
415017
415022
415029
415054
415059
415086
415094
415094
415097
415111
415119
415123
415125
415137
415142
415148
415155
415177
415187
415188
415205
415205
415218
415255
415269
415271
415274
415293
415298
415302
415311
415314
415326
415330
415333
415336
415346
415375
415377
415382
415400
415414
415415
415428
415431
415438
415451
415463
415466
415469
415475
415476
415478
415478
415498
415504
415521
415526
415536
415540
415550
415554
415555
415569
415571
415572
415582
415585
415609
415610
415612
415619
415619
415628
415630
415633
415636
415637
415644
415648
415667
415690
415691
415697
415700
415719
415728
415731
415732
415741
415749
415753
415754
415768
415772
415791
415791
415800
415801
415817
415830
415834
415839
415853
415855
415860
415873
415877
415886
415909
415917
415925
415930
415938
415939
415954
415965
415965
415969
415974
415993
415993
416014
416034
416035
416036
416052
416060
416071
416081
416101
416137
416159
416174
416179
416187
416190
416217
416257
416268
416272
416276
416277
416281
416288
416296
416312
416320
416322
416325
416328
416333
416356
416357
416364
416364
416405
416409
416437
416451
416453
416497
416498
416503
416516
416516
416518
416539
416557
416564
416567
416577
416601
416605
416612
416643
416656
416660
416667
416668
416685
416725
416739
416739
416741
416762
416771
416802
416806
416819
416844
416846
416848
416858
416859
416872
416876
416888
416896
416909
416927
416930
416940
416951
416992
417015
417018
417018
417022
417064
417082
417083
417089
417131
417135
417142
417163
417164
417172
417173
417173
417175
417207
417231
417254
417261
417271
417279
417282
417301
417304
417322
417331
417351
417362
417390
417401
417404
417404
417411
417418
417419
417421
417441
417449
417457
417457
417483
417506
417508
417522
417529
417535
417555
417557
417563
417566
417568
417569
417580
417581
417599
417609
417621
417627
417634
417645
417646
417647
417653
417679
417683
417687
417689
417706
417711
417725
417732
417741
417764
417769
417795
417799
417803
417828
417837
417843
417869
417889
417891
417896
417908
417925
417938
417941
417952
417954
417959
417991
417996
417998
418027
418032
418032
418043
418044
418063
418064
418072
418079
418081
418084
418086
418090
418103
418145
418155
418163
418171
418176
418180
418185
418190
418206
418207
418209
418221
418223
418245
418247
418257
418293
418299
418301
418303
418326
418335
418350
418360
418364
418373
418374
418375
418415
418438
418454
418467
418487
418498
418501
418503
418512
418541
418542
418543
418548
418569
418572
418579
418587
418599
418613
418645
418646
418647
418671
418715
418718
418726
418731
418732
418736
418745
418767
418778
418827
418849
418853
418865
418866
418886
418899
418899
418900
418903
418920
418939
418967
418989
418997
419004
419005
419008
419010
419017
419032
419034
419037
419039
419041
419043
419047
419048
419049
419061
419090
419111
419116
419126
419141
419145
419196
419198
419199
419201
419209
419213
419227
419232
419258
419261
419262
419276
419277
419290
419291
419293
419298
419298
419311
419321
419328
419333
419344
419346
419347
419355
419378
419380
419383
419401
419401
419414
419434
419439
419449
419464
419467
419473
419476
419481
419484
419490
419500
419505
419505
419527
419538
419581
419589
419591
419591
419604
419610
419619
419624
419625
419646
419650
419652
419655
419657
419669
419670
419692
419702
419711
419726
419747
419752
419753
419755
419767
419782
419789
419808
419812
419829
419847
419850
419864
419874
419877
419880
419886
419886
419891
419892
419910
419925
419927
419932
419939
419941
419948
419955
419958
419972
420002
420004
420015
420032
420038
420042
420043
420055
420059
420061
420065
420066
420069
420072
420078
420081
420086
420091
420117
420139
420141
420149
420149
420167
420190
420209
420225
420236
420254
420262
420271
420274
420277
420302
420304
420307
420318
420320
420334
420339
420352
420358
420360
420363
420382
420406
420421
420446
420451
420452
420459
420463
420488
420494
420502
420503
420510
420521
420557
420578
420578
420587
420587
420594
420600
420606
420619
420630
420631
420639
420659
420663
420664
420664
420682
420688
420692
420700
420701
420705
420707
420721
420744
420752
420765
420767
420768
420777
420783
420796
420797
420813
420841
420842
420855
420866
420866
420880
420893
420902
420902
420929
420934
420942
420948
420952
420954
420955
420960
420971
420984
420984
420986
420990
420994
421026
421038
421078
421079
421102
421130
421136
421140
421184
421192
421199
421200
421202
421205
421216
421229
421236
421250
421263
421270
421270
421270
421294
421303
421316
421344
421353
421364
421391
421395
421399
421404
421448
421458
421464
421494
421507
421523
421545
421550
421560
421567
421570
421587
421592
421593
421594
421622
421641
421645
421652
421652
421658
421660
421688
421689
421707
421723
421725
421747
421747
421753
421779
421781
421795
421801
421828
421830
421832
421835
421841
421850
421852
421878
421879
421883
421885
421892
421893
421895
421905
421914
421917
421953
421957
421970
421989
421991
422009
422019
422032
422033
422042
422047
422052
422067
422078
422078
422078
422086
422092
422111
422112
422120
422129
422157
422169
422183
422185
422193
422193
422225
422229
422234
422244
422311
422319
422329
422343
422357
422358
422371
422396
422415
422439
422443
422448
422452
422457
422460
422462
422464
422467
422468
422484
422502
422521
422532
422539
422569
422574
422594
422604
422604
422611
422612
422654
422661
422663
422666
422671
422671
422678
422688
422707
422752
422755
422759
422775
422810
422815
422816
422839
422842
422851
422855
422863
422869
422885
422885
422897
422906
422945
422945
422946
422951
422956
422969
422971
422976
422979
422993
423032
423048
423080
423088
423093
423095
423107
423110
423110
423111
423128
423179
423209
423209
423235
423241
423259
423259
423282
423291
423294
423302
423317
423319
423335
423338
423356
423363
423377
423389
423392
423423
423427
423437
423442
423443
423458
423465
423466
423472
423478
423487
423489
423492
423493
423493
423503
423506
423524
423529
423534
423535
423550
423572
423575
423579
423595
423627
423644
423645
423651
423691
423703
423704
423729
423743
423743
423760
423774
423798
423809
423818
423822
423824
423827
423851
423854
423866
423870
423873
423873
423873
423880
423883
423888
423894
423900
423925
423927
423931
423939
423950
423963
423968
423969
423982
423983
423995
424011
424018
424019
424019
424027
424031
424034
424059
424082
424103
424111
424130
424146
424149
424149
424165
424169
424180
424181
424190
424229
424248
424264
424266
424309
424315
424322
424343
424363
424374
424374
424378
424394
424399
424402
424405
424406
424434
424488
424490
424501
424511
424512
424515
424515
424518
424543
424544
424545
424550
424559
424569
424605
424622
424622
424640
424646
424648
424652
424657
424664
424672
424698
424698
424700
424703
424706
424715
424720
424738
424739
424768
424769
424789
424791
424803
424815
424818
424825
424865
424871
424886
424888
424890
424897
424897
424915
424937
424970
424970
424976
424988
425003
425017
425042
425064
425065
425080
425082
425094
425095
425101
425110
425112
425118
425121
425167
425177
425186
425191
425211
425215
425254
425256
425301
425308
425310
425313
425317
425325
425336
425349
425366
425392
425408
425421
425425
425435
425454
425476
425494
425496
425499
425506
425507
425515
425515
425516
425533
425536
425568
425572
425581
425582
425616
425636
425673
425689
425690
425708
425728
425729
425752
425754
425756
425759
425763
425776
425780
425783
425785
425786
425811
425859
425867
425868
425875
425875
425894
425912
425916
425943
425945
425962
425964
425967
425975
425994
426005
426005
426034
426041
426042
426045
426053
426055
426072
426085
426103
426108
426112
426116
426127
426129
426139
426147
426163
426169
426188
426199
426202
426237
426237
426251
426270
426271
426279
426280
426288
426301
426304
426305
426318
426318
426338
426360
426369
426373
426378
426392
426393
426393
426402
426416
426424
426430
426436
426464
426512
426519
426523
426542
426548
426563
426568
426568
426570
426578
426579
426583
426587
426593
426593
426598
426598
426610
426620
426633
426637
426644
426661
426673
426679
426701
426701
426708
426710
426715
426715
426716
426732
426739
426742
426748
426754
426766
426780
426781
426787
426788
426798
426817
426824
426832
426849
426857
426866
426868
426875
426887
426906
426907
426907
426913
426918
426946
426962
426968
426971
426977
426986
426990
426997
427011
427030
427032
427033
427050
427051
427052
427054
427071
427109
427125
427129
427151
427163
427163
427164
427164
427167
427188
427206
427236
427244
427246
427247
427264
427272
427275
427291
427307
427320
427332
427361
427400
427410
427425
427458
427459
427497
427510
427514
427521
427528
427536
427547
427554
427575
427594
427606
427613
427616
427621
427630
427631
427640
427641
427645
427651
427652
427703
427716
427720
427723
427736
427737
427761
427762
427768
427782
427785
427786
427792
427808
427824
427829
427834
427847
427850
427857
427859
427872
427885
427894
427906
427921
427924
427927
427937
427949
427959
427963
427985
427993
428005
428042
428044
428045
428051
428078
428082
428083
428099
428099
428103
428104
428110
428111
428119
428122
428124
428132
428134
428141
428142
428143
428148
428162
428163
428166
428191
428191
428200
428205
428220
428226
428228
428230
428239
428249
428251
428264
428278
428293
428297
428333
428353
428390
428396
428399
428403
428425
428431
428431
428435
428436
428442
428443
428455
428472
428501
428525
428534
428537
428546
428560
428564
428566
428568
428571
428572
428574
428586
428593
428600
428607
428611
428654
428661
428673
428676
428712
428716
428721
428731
428745
428748
428749
428749
428750
428768
428768
428773
428778
428786
428786
428789
428789
428804
428822
428823
428829
428843
428851
428864
428872
428876
428891
428894
428895
428901
428920
428926
428930
428932
428941
428949
428954
428969
428979
429023
429041
429059
429060
429080
429081
429102
429114
429122
429127
429131
429136
429148
429152
429160
429160
429176
429188
429190
429229
429238
429240
429240
429241
429242
429249
429256
429264
429266
429269
429292
429318
429346
429354
429373
429375
429385
429395
429396
429402
429448
429488
429493
429522
429523
429526
429536
429549
429554
429556
429566
429568
429571
429612
429615
429621
429621
429630
429641
429664
429672
429685
429691
429707
429710
429717
429738
429738
429739
429740
429751
429761
429764
429766
429774
429780
429789
429791
429795
429801
429806
429808
429816
429818
429823
429830
429861
429862
429881
429885
429886
429888
429892
429914
429927
429940
429941
429957
429966
429968
429990
429992
430005
430014
430024
430030
430045
430058
430061
430070
430077
430081
430087
430100
430118
430123
430135
430136
430143
430145
430149
430160
430163
430202
430204
430205
430213
430217
430217
430237
430246
430268
430287
430296
430309
430342
430360
430371
430378
430385
430393
430411
430413
430416
430421
430434
430437
430443
430465
430476
430477
430483
430492
430513
430513
430513
430531
430537
430538
430557
430567
430586
430598
430601
430606
430609
430611
430623
430633
430634
430677
430682
430692
430710
430712
430718
430720
430720
430732
430737
430742
430758
430778
430802
430803
430806
430808
430819
430832
430838
430854
430868
430895
430899
430908
430916
430916
430916
430925
430931
430957
430963
430967
430969
430972
430973
430984
431015
431031
431042
431060
431065
431068
431096
431100
431117
431120
431146
431146
431156
431161
431170
431176
431196
431198
431207
431215
431224
431239
431240
431258
431275
431280
431294
431297
431298
431332
431342
431353
431366
431372
431373
431410
431440
431450
431461
431462
431476
431484
431493
431498
431502
431516
431518
431519
431535
431539
431549
431555
431563
431564
431570
431575
431596
431596
431632
431637
431653
431673
431678
431685
431732
431732
431746
431753
431766
431812
431832
431837
431839
431855
431858
431865
431870
431876
431877
431902
431907
431907
431921
431926
431933
431937
431946
431951
431955
432007
432008
432022
432030
432041
432042
432068
432073
432074
432076
432084
432085
432089
432097
432100
432115
432125
432134
432141
432149
432164
432170
432181
432186
432204
432205
432206
432210
432218
432226
432233
432239
432244
432246
432246
432249
432277
432281
432282
432284
432297
432318
432322
432323
432327
432327
432330
432339
432342
432356
432371
432371
432376
432401
432403
432415
432417
432435
432438
432444
432446
432451
432460
432460
432464
432466
432500
432515
432517
432518
432518
432523
432538
432540
432546
432571
432628
432631
432640
432641
432643
432662
432666
432668
432678
432691
432694
432699
432716
432730
432732
432737
432743
432782
432788
432818
432823
432840
432841
432842
432870
432879
432897
432900
432932
432942
432943
432957
432968
432974
432980
432985
433002
433004
433007
433035
433036
433041
433049
433059
433098
433101
433113
433115
433115
433135
433140
433152
433156
433172
433193
433195
433207
433208
433211
433233
433236
433245
433247
433248
433250
433268
433272
433279
433282
433288
433316
433357
433369
433379
433385
433399
433400
433406
433421
433428
433446
433447
433456
433456
433486
433495
433516
433527
433576
433600
433601
433601
433617
433650
433653
433653
433658
433660
433666
433667
433671
433686
433695
433703
433711
433714
433718
433719
433720
433738
433752
433759
433766
433769
433782
433789
433808
433832
433844
433849
433875
433893
433894
433905
433910
433922
433925
433928
433934
433941
433954
433957
433964
434006
434025
434034
434041
434043
434051
434066
434070
434074
434075
434118
434119
434122
434126
434140
434145
434148
434163
434186
434186
434193
434215
434225
434235
434242
434248
434252
434274
434276
434303
434311
434332
434333
434334
434338
434356
434375
434391
434398
434416
434428
434430
434467
434480
434482
434499
434503
434506
434540
434550
434556
434570
434580
434591
434600
434608
434608
434617
434621
434621
434624
434628
434657
434677
434718
434718
434725
434739
434754
434756
434759
434771
434779
434823
434827
434849
434876
434876
434892
434899
434904
434945
434945
434946
434960
434964
434971
434988
435027
435031
435031
435033
435054
435061
435063
435064
435081
435106
435111
435114
435118
435131
435131
435131
435159
435159
435172
435179
435184
435185
435187
435190
435209
435214
435216
435218
435223
435225
435236
435243
435260
435275
435286
435299
435300
435301
435302
435305
435341
435348
435363
435372
435389
435394
435400
435402
435404
435452
435469
435483
435488
435513
435520
435550
435567
435568
435579
435586
435592
435624
435635
435649
435660
435665
435670
435672
435674
435678
435684
435687
435695
435696
435701
435702
435707
435717
435722
435729
435730
435730
435734
435769
435770
435811
435831
435834
435838
435842
435877
435879
435882
435887
435906
435915
435924
435924
435943
435950
435969
435971
435976
435977
436006
436020
436033
436050
436073
436083
436100
436122
436138
436154
436177
436208
436224
436228
436233
436250
436252
436257
436271
436289
436298
436306
436309
436313
436316
436318
436333
436342
436342
436347
436363
436381
436389
436409
436430
436437
436459
436470
436486
436491
436522
436540
436542
436554
436570
436583
436587
436599
436604
436615
436616
436639
436652
436665
436677
436703
436708
436716
436716
436716
436742
436755
436779
436787
436807
436818
436847
436863
436867
436867
436878
436881
436885
436896
436914
436919
436937
436938
436943
436952
436955
436972
436982
436997
437013
437016
437027
437029
437031
437034
437039
437045
437055
437067
437074
437080
437084
437085
437086
437087
437095
437119
437127
437144
437145
437169
437170
437205
437206
437209
437211
437222
437248
437248
437249
437251
437251
437251
437259
437281
437310
437318
437324
437331
437332
437335
437352
437352
437359
437371
437373
437378
437380
437385
437391
437409
437409
437447
437460
437467
437485
437486
437545
437550
437553
437558
437559
437565
437573
437594
437596
437625
437629
437637
437641
437646
437651
437652
437685
437707
437708
437719
437724
437732
437735
437736
437741
437745
437752
437808
437835
437835
437838
437847
437848
437855
437866
437877
437881
437898
437899
437902
437905
437919
437931
437935
437940
437941
437945
437957
437964
437967
437977
437985
437990
438005
438008
438018
438030
438032
438041
438044
438044
438045
438046
438055
438061
438072
438080
438088
438096
438099
438105
438107
438152
438160
438163
438183
438184
438191
438191
438192
438214
438215
438218
438231
438235
438239
438241
438241
438246
438256
438258
438291
438309
438320
438340
438361
438377
438378
438392
438406
438415
438423
438428
438452
438453
438475
438476
438476
438499
438504
438517
438535
438557
438578
438580
438585
438616
438627
438630
438635
438642
438670
438704
438743
438757
438763
438767
438773
438775
438795
438809
438836
438842
438849
438856
438863
438865
438968
438971
438987
438995
438997
439001
439002
439012
439034
439044
439076
439081
439081
439087
439087
439096
439110
439132
439142
439157
439192
439200
439206
439219
439239
439244
439245
439257
439262
439263
439265
439284
439287
439287
439303
439305
439317
439334
439336
439340
439351
439369
439375
439376
439378
439383
439387
439394
439399
439401
439404
439424
439435
439437
439445
439453
439471
439494
439497
439511
439518
439518
439521
439525
439548
439550
439552
439556
439567
439598
439608
439616
439631
439650
439667
439675
439679
439707
439714
439717
439723
439727
439736
439759
439768
439785
439791
439795
439800
439806
439819
439851
439864
439866
439882
439890
439894
439895
439956
439959
439966
439975
439979
439982
439993
440004
440004
440024
440027
440041
440053
440055
440095
440115
440128
440130
440149
440173
440177
440186
440193
440195
440202
440210
440220
440221
440248
440290
440294
440304
440306
440308
440312
440317
440370
440370
440375
440395
440401
440407
440429
440430
440432
440461
440472
440480
440496
440508
440517
440519
440529
440534
440547
440560
440565
440578
440579
440582
440584
440592
440597
440626
440631
440638
440669
440717
440775
440777
440788
440797
440824
440836
440867
440887
440899
440904
440912
440913
440940
440951
440952
440959
440964
441012
441022
441025
441031
441065
441065
441080
441083
441089
441106
441115
441124
441152
441152
441190
441193
441205
441213
441220
441221
441236
441243
441257
441304
441322
441355
441373
441380
441387
441408
441439
441439
441441
441444
441446
441474
441476
441477
441494
441503
441514
441538
441540
441554
441565
441578
441583
441585
441587
441612
441614
441614
441619
441630
441631
441631
441642
441663
441679
441689
441693
441694
441703
441710
441735
441750
441759
441786
441823
441825
441826
441853
441861
441887
441933
441942
441947
441952
441958
441965
441968
441982
441988
442008
442012
442066
442070
442082
442094
442102
442107
442127
442131
442133
442135
442162
442172
442182
442183
442192
442206
442220
442237
442240
442256
442280
442291
442301
442310
442318
442320
442327
442345
442376
442377
442388
442407
442422
442443
442450
442458
442463
442467
442477
442477
442491
442501
442511
442512
442513
442519
442525
442534
442549
442560
442561
442570
442581
442586
442598
442606
442619
442623
442626
442631
442637
442644
442654
442675
442708
442718
442723
442730
442738
442739
442746
442757
442761
442763
442779
442793
442796
442797
442815
442861
442874
442884
442894
442905
442916
442919
442920
442926
442939
442940
442944
442957
442961
442962
442994
443004
443032
443052
443070
443070
443080
443084
443089
443105
443107
443119
443122
443124
443128
443131
443161
443169
443171
443195
443202
443206
443212
443217
443223
443223
443232
443235
443239
443247
443249
443257
443264
443265
443267
443283
443286
443298
443300
443302
443313
443326
443332
443333
443360
443377
443380
443394
443398
443399
443416
443432
443460
443477
443488
443492
443495
443495
443497
443514
443519
443531
443548
443550
443573
443577
443587
443606
443610
443620
443639
443655
443662
443663
443690
443697
443703
443713
443741
443743
443751
443756
443771
443798
443801
443815
443815
443834
443839
443843
443858
443861
443885
443903
443919
443920
443938
443939
443944
443961
444021
444028
444035
444039
444041
444042
444059
444070
444072
444072
444073
444074
444085
444101
444103
444112
444118
444156
444162
444174
444194
444249
444252
444315
444315
444328
444329
444334
444336
444340
444340
444341
444341
444342
444352
444357
444358
444381
444417
444425
444427
444448
444465
444482
444503
444508
444518
444542
444556
444561
444563
444584
444601
444606
444607
444619
444627
444653
444675
444676
444677
444679
444715
444725
444737
444751
444758
444760
444772
444773
444776
444777
444784
444790
444794
444798
444808
444813
444829
444834
444848
444856
444860
444863
444863
444885
444893
444899
444904
444915
444936
444941
444944
444945
444958
444980
444989
444996
445000
445006
445007
445014
445025
445049
445049
445071
445092
445125
445136
445142
445151
445162
445172
445186
445201
445208
445233
445236
445237
445239
445250
445270
445286
445294
445312
445317
445327
445345
445361
445381
445393
445397
445398
445403
445412
445422
445436
445437
445441
445451
445460
445466
445479
445487
445509
445518
445540
445549
445566
445577
445613
445613
445614
445618
445678
445678
445689
445692
445692
445695
445706
445716
445732
445742
445751
445754
445775
445780
445785
445785
445799
445800
445801
445809
445826
445836
445852
445864
445867
445873
445875
445876
445876
445879
445880
445886
445900
445909
445921
445925
445940
445945
445951
445952
445982
445992
446003
446009
446012
446028
446030
446033
446060
446060
446066
446073
446098
446103
446108
446113
446145
446149
446152
446162
446173
446179
446196
446200
446212
446217
446231
446234
446236
446239
446246
446248
446249
446261
446298
446328
446338
446339
446345
446347
446363
446364
446365
446380
446391
446400
446406
446440
446444
446454
446461
446462
446469
446472
446500
446504
446520
446524
446540
446557
446559
446560
446577
446625
446634
446639
446650
446651
446651
446690
446699
446712
446720
446733
446734
446737
446740
446761
446764
446771
446782
446786
446800
446805
446806
446817
446819
446822
446827
446828
446836
446842
446852
446864
446901
446921
446942
446965
446965
446978
446978
446984
446989
447022
447031
447076
447084
447096
447107
447126
447130
447152
447160
447172
447176
447182
447183
447192
447192
447204
447216
447217
447220
447229
447229
447232
447237
447238
447246
447271
447280
447282
447291
447296
447303
447309
447328
447328
447350
447383
447398
447398
447407
447413
447413
447416
447422
447431
447448
447457
447470
447470
447474
447486
447515
447519
447520
447528
447541
447542
447548
447565
447568
447575
447579
447595
447602
447614
447621
447622
447646
447652
447654
447668
447668
447688
447705
447710
447712
447714
447720
447730
447731
447742
447742
447775
447784
447795
447813
447826
447844
447850
447876
447876
447881
447881
447896
447912
447919
447922
447922
447935
447948
447963
447967
447978
447986
447991
448001
448012
448021
448023
448038
448040
448045
448055
448060
448069
448084
448088
448091
448095
448099
448102
448102
448114
448121
448128
448128
448130
448145
448146
448149
448151
448162
448175
448181
448199
448207
448216
448217
448217
448233
448243
448259
448270
448273
448285
448306
448315
448350
448365
448409
448410
448418
448448
448458
448484
448488
448519
448519
448531
448560
448562
448576
448607
448612
448625
448627
448630
448638
448640
448654
448668
448687
448694
448701
448702
448718
448741
448748
448753
448769
448778
448789
448791
448807
448811
448815
448815
448818
448819
448829
448829
448843
448848
448873
448883
448884
448924
448926
448932
448948
448949
448958
448975
449000
449012
449018
449024
449045
449055
449064
449086
449087
449090
449124
449124
449163
449169
449178
449198
449211
449215
449218
449221
449224
449233
449237
449238
449241
449265
449274
449284
449298
449301
449301
449302
449304
449312
449319
449325
449337
449346
449371
449434
449437
449444
449444
449451
449458
449460
449472
449489
449491
449494
449496
449500
449527
449531
449546
449560
449567
449569
449602
449603
449608
449646
449674
449681
449689
449689
449711
449712
449713
449718
449727
449737
449760
449760
449771
449777
449799
449805
449821
449823
449830
449834
449845
449862
449869
449873
449903
449903
449910
449918
449921
449925
449928
449931
449942
449964
449967
449967
449971
449997
449998
449999
450005
450024
450028
450056
450065
450105
450128
450129
450153
450154
450160
450163
450173
450174
450177
450179
450182
450183
450195
450215
450215
450216
450225
450228
450228
450249
450250
450256
450257
450259
450273
450276
450284
450284
450297
450309
450325
450330
450346
450347
450361
450367
450371
450387
450389
450389
450407
450409
450410
450440
450449
450498
450498
450512
450512
450533
450535
450542
450553
450593
450603
450604
450617
450646
450646
450664
450693
450721
450735
450742
450799
450805
450810
450830
450835
450844
450861
450872
450880
450928
450943
450945
450971
450992
450994
450997
451001
451011
451013
451024
451026
451032
451053
451064
451087
451091
451106
451109
451125
451138
451164
451164
451170
451179
451183
451193
451195
451197
451201
451203
451211
451225
451236
451243
451251
451252
451255
451258
451275
451278
451298
451319
451321
451322
451323
451324
451329
451361
451397
451410
451432
451433
451436
451459
451489
451493
451497
451500
451565
451599
451637
451669
451673
451674
451685
451698
451718
451724
451739
451746
451774
451777
451785
451796
451803
451806
451816
451823
451828
451833
451840
451859
451862
451868
451883
451885
451888
451905
451911
451917
451923
451925
451927
451932
451951
451967
451975
452001
452012
452024
452026
452045
452057
452081
452086
452087
452104
452111
452111
452121
452148
452152
452171
452172
452202
452213
452221
452225
452235
452248
452271
452301
452303
452306
452308
452309
452329
452332
452334
452341
452350
452352
452358
452367
452372
452376
452378
452385
452399
452401
452405
452415
452423
452436
452446
452469
452477
452477
452478
452500
452517
452520
452544
452558
452560
452573
452583
452589
452604
452605
452612
452617
452644
452651
452685
452688
452689
452722
452732
452742
452743
452745
452754
452768
452768
452771
452771
452774
452775
452785
452804
452804
452807
452819
452842
452855
452858
452863
452877
452886
452915
452919
452920
452922
452932
452945
452951
452952
452952
452953
452963
452967
452972
452992
452996
453003
453073
453077
453090
453128
453154
453155
453165
453188
453194
453194
453254
453276
453277
453307
453309
453313
453349
453349
453357
453373
453416
453419
453426
453447
453454
453458
453471
453478
453484
453486
453501
453506
453507
453508
453535
453544
453547
453587
453593
453602
453608
453617
453627
453666
453667
453676
453677
453685
453695
453711
453724
453743
453761
453768
453778
453796
453825
453838
453854
453864
453890
453899
453906
453906
453911
453913
453918
453932
453933
453939
453961
453967
453975
453983
453985
453991
454001
454011
454025
454032
454048
454057
454059
454078
454081
454091
454092
454103
454106
454126
454134
454147
454148
454150
454163
454183
454187
454191
454194
454199
454199
454230
454238
454243
454244
454245
454249
454252
454260
454280
454287
454287
454300
454304
454327
454329
454338
454354
454384
454385
454394
454397
454400
454405
454414
454418
454450
454453
454459
454464
454471
454481
454498
454505
454505
454507
454513
454525
454529
454543
454543
454559
454567
454570
454579
454635
454646
454665
454669
454669
454671
454701
454701
454702
454712
454725
454726
454734
454734
454741
454758
454759
454768
454769
454770
454784
454816
454818
454818
454824
454825
454825
454829
454859
454868
454881
454885
454888
454902
454905
454910
454919
454921
454922
454937
454945
454956
454968
454973
455002
455007
455026
455032
455049
455062
455067
455073
455080
455122
455147
455156
455164
455183
455189
455194
455204
455222
455227
455232
455242
455253
455260
455264
455270
455324
455326
455332
455371
455382
455389
455390
455412
455413
455416
455439
455440
455442
455454
455454
455456
455473
455497
455505
455508
455521
455538
455549
455558
455568
455571
455574
455582
455589
455616
455641
455654
455655
455658
455660
455696
455701
455717
455719
455726
455730
455731
455732
455752
455776
455790
455798
455815
455819
455821
455824
455829
455847
455866
455894
455900
455913
455916
455928
455929
455931
455948
455951
455965
455983
455994
456025
456029
456043
456043
456049
456063
456071
456098
456104
456105
456116
456123
456146
456149
456155
456156
456163
456173
456177
456179
456181
456198
456224
456236
456240
456243
456246
456266
456268
456298
456304
456310
456320
456324
456330
456333
456333
456340
456342
456343
456347
456364
456365
456379
456386
456405
456415
456420
456431
456439
456465
456467
456477
456480
456496
456507
456511
456519
456526
456528
456531
456535
456574
456580
456588
456591
456607
456608
456613
456642
456647
456665
456665
456717
456721
456728
456741
456759
456802
456811
456818
456866
456871
456893
456913
456921
456924
456957
456970
456984
456988
456993
456997
457033
457034
457041
457043
457072
457082
457088
457090
457118
457119
457128
457134
457136
457142
457172
457175
457188
457192
457236
457249
457251
457252
457261
457267
457292
457334
457342
457346
457350
457371
457374
457376
457377
457383
457396
457399
457414
457417
457418
457421
457452
457454
457483
457506
457527
457535
457559
457568
457575
457577
457592
457597
457608
457627
457637
457643
457656
457688
457708
457721
457739
457744
457780
457803
457807
457813
457828
457831
457847
457871
457895
457909
457910
457912
457918
457921
457928
457932
457939
457957
457961
457963
457980
457992
458026
458027
458044
458056
458059
458073
458112
458119
458125
458137
458145
458146
458155
458157
458167
458205
458218
458222
458223
458226
458262
458281
458286
458300
458334
458356
458359
458362
458391
458393
458407
458416
458437
458447
458470
458476
458488
458492
458497
458510
458514
458519
458538
458545
458568
458578
458597
458603
458611
458647
458661
458679
458687
458691
458697
458721
458761
458762
458774
458793
458805
458815
458820
458859
458861
458863
458871
458874
458875
458878
458880
458899
458909
458918
458926
458929
458930
458935
458950
458954
458956
458957
458959
458969
458984
458986
458997
459003
459006
459012
459026
459027
459034
459037
459042
459055
459057
459071
459078
459083
459089
459100
459111
459115
459121
459134
459136
459144
459146
459159
459162
459165
459175
459177
459185
459196
459209
459227
459234
459250
459257
459275
459284
459286
459291
459295
459300
459311
459319
459321
459333
459353
459357
459358
459362
459386
459394
459395
459397
459423
459424
459433
459439
459440
459442
459448
459458
459459
459482
459489
459490
459503
459514
459524
459535
459540
459564
459570
459574
459587
459592
459596
459605
459605
459608
459608
459610
459626
459630
459632
459661
459663
459681
459720
459730
459738
459745
459749
459750
459769
459782
459788
459799
459809
459814
459814
459818
459822
459831
459886
459888
459890
459893
459897
459908
459917
459920
459922
459943
459949
459951
459952
459979
459982
459983
459984
459995
460002
460003
460004
460006
460030
460041
460055
460062
460067
460068
460078
460086
460121
460124
460131
460139
460147
460148
460153
460157
460185
460186
460187
460189
460199
460202
460204
460208
460211
460224
460225
460229
460233
460249
460296
460299
460309
460325
460333
460337
460345
460364
460375
460387
460398
460410
460416
460432
460435
460439
460456
460472
460485
460500
460505
460505
460519
460550
460557
460577
460578
460581
460591
460595
460612
460615
460628
460631
460638
460652
460671
460681
460701
460769
460781
460785
460787
460789
460791
460803
460807
460813
460815
460829
460835
460861
460863
460900
460921
460925
460925
460933
460937
460939
460940
460946
460963
460968
460985
460996
461008
461028
461036
461043
461044
461044
461045
461084
461084
461087
461088
461095
461108
461110
461110
461111
461113
461127
461131
461139
461144
461149
461149
461165
461165
461170
461190
461194
461204
461207
461210
461217
461225
461229
461232
461238
461254
461256
461260
461270
461272
461299
461300
461305
461307
461322
461330
461330
461332
461333
461342
461343
461364
461376
461379
461379
461383
461388
461412
461415
461434
461439
461453
461461
461482
461506
461507
461517
461518
461527
461535
461540
461543
461546
461561
461563
461601
461614
461635
461646
461653
461655
461660
461660
461691
461693
461693
461700
461716
461719
461733
461743
461750
461751
461751
461753
461756
461795
461808
461816
461817
461820
461854
461891
461893
461903
461927
461935
461938
461951
461963
461966
461970
462009
462022
462049
462068
462069
462070
462112
462117
462135
462140
462156
462159
462196
462212
462214
462219
462234
462252
462253
462263
462265
462270
462290
462300
462315
462316
462334
462341
462354
462361
462365
462384
462402
462410
462434
462434
462452
462462
462471
462474
462477
462480
462480
462485
462487
462489
462500
462515
462532
462539
462540
462547
462561
462561
462585
462591
462615
462619
462631
462647
462665
462674
462679
462684
462703
462704
462708
462717
462743
462765
462800
462822
462850
462873
462882
462904
462908
462911
462929
462937
462939
462952
462957
462965
462967
462975
462981
463021
463021
463031
463047
463068
463084
463084
463095
463114
463140
463160
463161
463165
463168
463176
463187
463191
463212
463212
463219
463225
463236
463271
463275
463291
463296
463301
463305
463310
463311
463324
463326
463343
463347
463348
463351
463351
463367
463373
463373
463378
463392
463399
463399
463402
463412
463431
463433
463438
463447
463456
463489
463503
463518
463535
463561
463575
463582
463603
463612
463622
463629
463639
463644
463647
463667
463670
463672
463676
463704
463711
463713
463717
463727
463734
463738
463741
463747
463749
463757
463763
463763
463765
463814
463827
463835
463845
463846
463852
463858
463869
463871
463879
463882
463901
463905
463919
463933
463936
463941
463946
463949
463950
463953
463978
463978
463998
464000
464006
464010
464018
464023
464034
464038
464056
464056
464090
464094
464118
464138
464143
464147
464151
464153
464175
464180
464191
464217
464226
464228
464230
464236
464249
464258
464259
464262
464262
464282
464289
464313
464323
464327
464335
464354
464370
464372
464374
464384
464389
464418
464420
464434
464444
464461
464477
464480
464503
464516
464533
464541
464558
464569
464571
464577
464592
464599
464638
464638
464639
464685
464695
464698
464738
464755
464759
464778
464782
464786
464793
464797
464809
464814
464823
464871
464876
464878
464879
464886
464919
464922
464926
464930
464938
464967
464984
464986
465008
465010
465019
465025
465034
465034
465041
465043
465054
465060
465064
465071
465108
465128
465130
465149
465164
465173
465185
465190
465191
465191
465207
465212
465238
465244
465251
465270
465299
465300
465323
465323
465338
465343
465352
465362
465365
465366
465394
465395
465397
465398
465400
465413
465421
465422
465424
465428
465445
465455
465457
465462
465462
465469
465499
465502
465503
465507
465527
465529
465562
465565
465589
465593
465596
465603
465617
465645
465649
465655
465670
465678
465680
465681
465681
465695
465709
465718
465722
465725
465726
465729
465741
465766
465770
465780
465801
465802
465828
465848
465884
465896
465922
465923
465928
465930
465934
465942
465944
465949
465950
465951
465977
465983
465987
466022
466032
466034
466046
466101
466140
466141
466146
466170
466185
466190
466193
466193
466195
466203
466205
466218
466223
466227
466248
466248
466251
466254
466260
466275
466279
466312
466313
466314
466315
466322
466337
466353
466362
466362
466371
466372
466389
466405
466448
466455
466465
466496
466526
466537
466542
466560
466569
466574
466605
466612
466620
466629
466658
466661
466662
466671
466688
466695
466708
466721
466741
466771
466775
466780
466790
466802
466821
466826
466837
466839
466843
466845
466845
466847
466848
466849
466850
466855
466857
466864
466875
466891
466899
466923
466925
466953
466954
466955
466956
466973
466974
466977
466982
466984
466992
466996
467007
467012
467027
467042
467047
467047
467054
467062
467068
467082
467105
467106
467146
467147
467151
467175
467178
467179
467187
467187
467188
467204
467205
467210
467210
467219
467250
467260
467267
467282
467314
467329
467370
467375
467377
467380
467414
467418
467437
467468
467470
467474
467483
467493
467512
467525
467554
467564
467570
467588
467601
467627
467630
467643
467647
467669
467672
467690
467696
467705
467705
467731
467750
467755
467756
467757
467768
467772
467773
467773
467782
467791
467792
467805
467813
467823
467827
467840
467847
467865
467875
467889
467901
467902
467903
467907
467911
467934
467935
467943
467959
467962
467974
467976
467981
468005
468013
468015
468021
468034
468042
468043
468049
468070
468082
468092
468092
468112
468115
468116
468118
468137
468153
468162
468164
468171
468173
468180
468181
468224
468224
468227
468237
468238
468254
468260
468272
468288
468293
468307
468307
468310
468311
468318
468328
468339
468342
468355
468359
468381
468399
468400
468404
468422
468423
468432
468443
468445
468453
468455
468473
468476
468479
468483
468485
468485
468504
468504
468527
468529
468529
468539
468553
468554
468570
468633
468634
468643
468643
468653
468697
468706
468709
468709
468710
468718
468728
468731
468733
468740
468740
468741
468743
468751
468753
468764
468764
468777
468829
468833
468850
468863
468874
468875
468875
468878
468884
468890
468916
468924
468933
468948
468984
469020
469021
469033
469039
469041
469049
469056
469085
469098
469103
469110
469117
469122
469123
469127
469145
469147
469179
469179
469184
469191
469193
469203
469204
469207
469207
469207
469215
469231
469248
469259
469274
469295
469304
469307
469328
469342
469361
469364
469368
469379
469393
469399
469413
469416
469416
469417
469428
469443
469446
469446
469448
469454
469460
469460
469462
469466
469470
469481
469481
469483
469501
469512
469520
469523
469525
469526
469532
469539
469541
469555
469566
469581
469602
469613
469614
469625
469639
469645
469647
469668
469709
469709
469740
469742
469752
469758
469766
469778
469779
469782
469843
469845
469846
469856
469861
469870
469874
469888
469888
469938
469944
469951
469956
469969
469976
469980
469987
470021
470039
470039
470053
470060
470062
470075
470099
470102
470114
470133
470136
470143
470153
470157
470178
470181
470201
470249
470255
470263
470272
470274
470277
470280
470289
470294
470310
470316
470335
470362
470378
470392
470397
470407
470422
470427
470439
470443
470455
470468
470476
470497
470505
470509
470518
470553
470561
470566
470573
470577
470578
470581
470585
470596
470598
470611
470612
470627
470634
470641
470657
470667
470674
470675
470683
470688
470694
470695
470708
470722
470726
470736
470767
470767
470770
470774
470781
470790
470796
470798
470808
470837
470837
470854
470875
470878
470883
470886
470886
470887
470899
470905
470943
470943
470960
470970
470981
470991
470991
471000
471003
471031
471041
471044
471066
471069
471083
471085
471085
471088
471093
471114
471127
471130
471142
471156
471171
471175
471182
471186
471193
471202
471220
471228
471246
471249
471258
471259
471260
471294
471300
471302
471317
471330
471335
471347
471362
471383
471392
471405
471427
471433
471434
471467
471490
471497
471504
471531
471551
471555
471556
471559
471565
471568
471580
471585
471586
471595
471639
471640
471652
471656
471657
471661
471678
471701
471717
471722
471723
471747
471760
471766
471784
471813
471819
471820
471829
471850
471853
471855
471856
471858
471890
471895
471896
471909
471919
471921
471921
471928
471994
472011
472011
472036
472041
472044
472059
472068
472070
472078
472093
472109
472113
472132
472150
472166
472169
472182
472183
472183
472194
472207
472227
472233
472237
472237
472249
472271
472276
472283
472288
472290
472294
472301
472307
472325
472326
472335
472340
472342
472359
472369
472372
472378
472383
472391
472397
472423
472432
472450
472468
472473
472485
472488
472491
472494
472505
472520
472528
472534
472538
472540
472542
472543
472550
472557
472567
472567
472568
472569
472590
472594
472613
472623
472623
472630
472633
472639
472648
472654
472655
472684
472686
472686
472714
472714
472747
472752
472763
472765
472776
472788
472802
472803
472806
472829
472830
472846
472854
472878
472883
472895
472903
472910
472942
472946
472947
472951
472966
472977
472983
472983
472993
472993
473014
473016
473022
473041
473071
473092
473096
473098
473111
473113
473117
473129
473134
473143
473149
473169
473176
473182
473201
473206
473225
473228
473239
473250
473260
473260
473284
473286
473302
473326
473333
473336
473345
473347
473358
473364
473370
473388
473392
473407
473423
473430
473432
473433
473434
473446
473456
473457
473458
473463
473466
473467
473477
473489
473512
473512
473512
473539
473550
473567
473598
473619
473642
473646
473660
473671
473677
473681
473715
473715
473718
473733
473742
473748
473751
473774
473779
473793
473797
473798
473806
473810
473813
473823
473831
473831
473834
473873
473878
473878
473884
473889
473902
473916
473937
473937
473937
473939
473951
473964
473969
473981
473989
473992
474002
474010
474016
474024
474050
474053
474056
474061
474072
474074
474082
474083
474089
474093
474095
474159
474166
474170
474172
474195
474203
474209
474209
474231
474231
474249
474250
474279
474285
474296
474302
474306
474306
474316
474331
474350
474350
474350
474360
474379
474413
474414
474415
474436
474443
474443
474447
474449
474458
474479
474481
474486
474492
474499
474508
474509
474509
474513
474533
474581
474591
474600
474609
474611
474612
474627
474633
474647
474653
474654
474665
474711
474715
474719
474727
474740
474749
474756
474757
474757
474767
474770
474773
474804
474817
474821
474835
474848
474849
474858
474859
474868
474871
474876
474885
474896
474898
474919
474925
474925
474933
474938
474939
474946
474960
474977
474979
474994
474994
474997
475014
475018
475024
475025
475045
475045
475049
475058
475062
475062
475072
475073
475092
475093
475101
475108
475118
475122
475127
475146
475151
475179
475186
475193
475206
475216
475260
475263
475264
475280
475290
475293
475300
475306
475314
475330
475330
475333
475338
475346
475357
475367
475391
475392
475393
475403
475403
475413
475451
475453
475479
475489
475496
475497
475505
475521
475531
475538
475542
475553
475582
475596
475610
475616
475616
475656
475657
475659
475669
475670
475682
475685
475688
475700
475703
475712
475713
475722
475722
475726
475726
475731
475750
475759
475765
475766
475766
475775
475777
475779
475800
475804
475804
475810
475826
475828
475861
475885
475894
475907
475921
475929
475939
475950
475957
475981
475989
475998
476001
476003
476008
476011
476017
476021
476022
476024
476033
476056
476059
476083
476100
476114
476132
476154
476184
476186
476188
476195
476195
476196
476197
476198
476214
476220
476227
476228
476237
476271
476273
476275
476283
476286
476286
476289
476347
476363
476365
476379
476389
476395
476415
476445
476473
476479
476492
476504
476540
476548
476593
476616
476632
476637
476645
476650
476650
476668
476679
476714
476721
476722
476752
476754
476757
476775
476777
476779
476793
476803
476828
476833
476855
476865
476879
476904
476905
476912
476915
476917
476929
476933
476940
476952
476982
477036
477045
477066
477072
477081
477082
477084
477093
477095
477113
477141
477143
477143
477145
477149
477162
477165
477174
477197
477209
477214
477237
477239
477242
477250
477274
477275
477278
477283
477298
477301
477304
477305
477316
477321
477342
477354
477362
477377
477383
477394
477399
477418
477433
477435
477449
477462
477463
477468
477480
477489
477492
477493
477502
477504
477510
477513
477526
477530
477539
477543
477586
477591
477598
477605
477607
477621
477625
477628
477643
477646
477647
477656
477657
477668
477681
477685
477702
477705
477707
477723
477752
477755
477757
477761
477769
477769
477797
477808
477809
477811
477816
477854
477880
477882
477889
477902
477921
477923
477928
477937
477962
477962
478008
478011
478055
478057
478081
478086
478088
478088
478110
478114
478118
478134
478140
478145
478146
478149
478157
478164
478179
478203
478221
478226
478227
478231
478248
478262
478272
478284
478295
478325
478329
478343
478355
478370
478375
478392
478397
478398
478401
478406
478449
478450
478452
478452
478458
478472
478473
478476
478479
478488
478492
478494
478494
478498
478515
478532
478539
478547
478547
478552
478552
478553
478565
478567
478586
478596
478623
478628
478633
478658
478667
478684
478707
478712
478720
478724
478734
478741
478751
478764
478766
478766
478766
478767
478775
478784
478789
478793
478793
478797
478806
478807
478814
478821
478826
478829
478843
478852
478853
478864
478870
478879
478883
478899
478906
478935
478945
478957
478960
478960
478971
478972
478992
479000
479011
479027
479033
479048
479056
479084
479091
479097
479106
479118
479136
479145
479146
479166
479166
479170
479175
479179
479199
479207
479211
479220
479242
479244
479256
479261
479277
479305
479312
479319
479338
479344
479360
479360
479361
479365
479370
479384
479388
479393
479400
479401
479410
479416
479423
479436
479436
479441
479448
479451
479452
479466
479471
479475
479477
479479
479480
479491
479526
479540
479540
479552
479555
479557
479568
479574
479578
479580
479593
479603
479605
479612
479618
479622
479622
479629
479664
479683
479688
479699
479717
479717
479727
479737
479744
479776
479776
479785
479803
479806
479809
479810
479814
479853
479853
479860
479864
479866
479868
479875
479877
479884
479897
479901
479903
479904
479910
479961
479964
479982
480007
480013
480018
480022
480032
480042
480053
480058
480063
480067
480084
480087
480100
480103
480118
480125
480126
480126
480145
480158
480160
480169
480176
480177
480195
480201
480208
480241
480242
480262
480271
480275
480287
480295
480298
480311
480312
480314
480319
480331
480335
480344
480352
480376
480377
480386
480400
480400
480401
480427
480433
480442
480445
480445
480452
480506
480517
480526
480538
480546
480552
480556
480566
480582
480609
480612
480613
480631
480632
480642
480653
480656
480660
480665
480675
480680
480694
480718
480723
480737
480742
480743
480745
480767
480779
480785
480787
480795
480797
480798
480817
480824
480836
480851
480854
480863
480867
480881
480883
480892
480905
480927
480928
480938
480951
480959
480962
480969
480976
480987
480989
480993
481003
481017
481045
481052
481062
481063
481069
481103
481104
481109
481118
481133
481145
481149
481154
481177
481202
481218
481232
481233
481256
481262
481282
481291
481293
481299
481303
481318
481328
481329
481362
481370
481390
481391
481429
481448
481452
481455
481471
481491
481517
481519
481521
481530
481538
481540
481543
481553
481565
481620
481642
481647
481647
481660
481673
481678
481701
481722
481740
481747
481757
481770
481777
481804
481805
481806
481819
481829
481868
481872
481882
481883
481883
481899
481902
481918
481940
481971
481986
482001
482010
482032
482036
482048
482051
482053
482055
482072
482074
482074
482077
482093
482099
482106
482135
482164
482181
482193
482194
482200
482237
482241
482248
482257
482257
482262
482268
482278
482279
482284
482298
482302
482305
482314
482337
482345
482351
482363
482383
482405
482408
482416
482437
482456
482461
482462
482464
482465
482495
482499
482500
482500
482528
482538
482553
482554
482562
482573
482589
482602
482603
482612
482629
482631
482635
482644
482664
482666
482671
482683
482700
482708
482722
482757
482772
482776
482782
482786
482797
482797
482799
482801
482819
482822
482857
482878
482881
482883
482910
482917
482934
482938
482943
482973
482980
483021
483027
483028
483056
483063
483087
483088
483104
483111
483114
483115
483116
483125
483141
483172
483179
483189
483198
483212
483232
483236
483238
483257
483262
483269
483286
483292
483293
483316
483359
483362
483370
483383
483384
483398
483417
483432
483435
483435
483439
483444
483449
483469
483476
483477
483507
483509
483518
483523
483573
483578
483578
483596
483598
483612
483613
483658
483661
483670
483685
483693
483722
483726
483729
483750
483751
483781
483796
483797
483809
483835
483849
483856
483866
483868
483868
483869
483874
483874
483875
483876
483923
483927
483931
483938
483943
483945
483950
483959
483959
483962
483965
483974
483990
483996
484001
484002
484044
484054
484058
484059
484063
484067
484076
484077
484080
484099
484103
484135
484141
484161
484162
484166
484175
484175
484218
484228
484234
484234
484235
484236
484237
484249
484255
484260
484262
484265
484269
484292
484298
484301
484313
484351
484354
484374
484377
484392
484396
484401
484408
484411
484413
484416
484420
484427
484439
484444
484454
484457
484459
484464
484465
484477
484520
484520
484543
484554
484565
484565
484582
484596
484596
484626
484642
484661
484673
484688
484692
484694
484696
484700
484708
484714
484715
484716
484719
484728
484730
484739
484758
484762
484785
484785
484786
484794
484803
484805
484806
484830
484838
484847
484847
484876
484881
484893
484904
484911
484913
484916
484929
484929
484959
484965
484975
484979
485000
485052
485052
485060
485076
485108
485119
485131
485159
485162
485170
485184
485190
485193
485195
485219
485220
485236
485238
485260
485265
485276
485284
485287
485345
485365
485365
485381
485382
485402
485443
485451
485464
485468
485477
485484
485498
485504
485547
485567
485583
485586
485592
485593
485607
485608
485628
485634
485648
485649
485650
485662
485688
485697
485713
485717
485733
485735
485741
485748
485759
485759
485760
485782
485789
485796
485798
485801
485802
485828
485831
485848
485862
485869
485872
485875
485877
485881
485895
485907
485909
485911
485915
485919
485922
485924
485929
485935
485938
485949
485950
485979
485989
485989
486006
486014
486017
486030
486049
486070
486071
486074
486077
486084
486096
486101
486109
486115
486123
486126
486131
486132
486148
486167
486178
486179
486194
486223
486228
486230
486231
486234
486274
486279
486289
486292
486300
486323
486332
486344
486353
486366
486371
486380
486393
486403
486410
486436
486446
486458
486464
486484
486486
486505
486517
486528
486535
486539
486542
486563
486573
486604
486614
486628
486628
486632
486646
486653
486669
486672
486674
486675
486675
486682
486698
486704
486751
486752
486761
486776
486813
486814
486831
486833
486834
486844
486844
486865
486867
486874
486877
486885
486891
486902
486903
486905
486907
486930
486932
486936
486965
486979
486991
487018
487026
487028
487038
487051
487063
487075
487084
487084
487085
487087
487103
487115
487137
487139
487140
487143
487148
487152
487193
487197
487220
487222
487233
487258
487279
487279
487295
487327
487338
487382
487398
487413
487417
487430
487432
487439
487441
487454
487454
487463
487478
487480
487489
487491
487492
487495
487520
487528
487531
487541
487548
487553
487553
487556
487567
487577
487579
487586
487591
487601
487618
487640
487648
487649
487652
487659
487672
487673
487679
487694
487695
487717
487733
487737
487742
487744
487752
487769
487771
487777
487778
487797
487808
487829
487837
487841
487853
487887
487893
487895
487901
487913
487930
487931
487936
487944
487948
487948
487951
487967
487973
487988
487996
488001
488006
488013
488015
488021
488025
488042
488047
488059
488066
488077
488115
488125
488128
488142
488167
488174
488192
488206
488207
488217
488218
488227
488246
488249
488250
488258
488291
488334
488342
488342
488348
488365
488383
488393
488398
488423
488433
488435
488461
488469
488469
488474
488478
488488
488538
488549
488559
488578
488593
488598
488606
488635
488640
488641
488641
488642
488652
488714
488725
488747
488753
488767
488769
488770
488770
488798
488813
488818
488820
488826
488826
488866
488873
488884
488885
488889
488895
488898
488903
488914
488917
488919
488924
488924
488939
488968
488976
488981
488985
488991
489014
489015
489021
489028
489036
489041
489056
489063
489064
489074
489086
489099
489101
489135
489137
489144
489145
489146
489169
489181
489197
489201
489214
489216
489222
489225
489237
489244
489267
489273
489297
489299
489320
489325
489349
489352
489376
489381
489381
489385
489391
489393
489396
489396
489408
489416
489450
489450
489459
489466
489479
489489
489494
489496
489506
489507
489517
489519
489524
489526
489526
489527
489535
489543
489554
489554
489567
489573
489581
489623
489623
489632
489642
489650
489652
489654
489662
489665
489673
489683
489703
489704
489706
489707
489738
489755
489769
489802
489811
489820
489834
489874
489892
489904
489908
489923
489930
489951
489958
489997
489997
490021
490039
490042
490053
490068
490079
490080
490092
490095
490101
490103
490128
490140
490141
490147
490166
490170
490207
490211
490227
490232
490238
490264
490272
490277
490278
490291
490292
490292
490300
490300
490331
490332
490337
490357
490367
490379
490392
490397
490403
490405
490405
490420
490423
490462
490464
490475
490479
490505
490506
490517
490521
490523
490527
490539
490540
490557
490597
490598
490617
490621
490628
490628
490635
490639
490654
490668
490674
490710
490712
490751
490756
490757
490769
490784
490795
490804
490813
490817
490831
490837
490839
490852
490852
490860
490875
490901
490901
490908
490919
490919
490929
490948
490949
490963
490975
490994
490995
490996
491003
491004
491008
491034
491063
491071
491073
491080
491083
491114
491116
491117
491132
491143
491144
491147
491151
491168
491174
491180
491180
491191
491197
491207
491209
491230
491251
491261
491265
491282
491293
491294
491297
491300
491302
491308
491323
491327
491330
491346
491350
491353
491361
491362
491362
491380
491421
491422
491431
491436
491453
491462
491463
491466
491466
491487
491497
491500
491500
491501
491512
491523
491537
491540
491562
491576
491597
491620
491632
491658
491660
491667
491667
491678
491684
491693
491722
491732
491745
491748
491751
491760
491765
491797
491798
491802
491812
491819
491835
491842
491845
491848
491867
491921
491929
491932
491947
491950
491951
491967
491971
491986
491987
492001
492037
492061
492072
492083
492084
492102
492108
492115
492133
492148
492171
492174
492176
492177
492188
492201
492211
492230
492234
492242
492255
492257
492261
492262
492264
492286
492301
492303
492309
492315
492319
492343
492351
492352
492356
492380
492381
492392
492408
492409
492413
492418
492421
492425
492426
492442
492465
492474
492487
492488
492509
492545
492601
492602
492609
492611
492622
492623
492623
492633
492634
492660
492663
492664
492666
492679
492733
492736
492750
492756
492776
492795
492800
492812
492830
492843
492850
492867
492875
492888
492899
492906
492907
492911
492920
492936
492956
492969
492975
492979
492985
492994
492994
493002
493009
493010
493013
493043
493072
493078
493078
493091
493092
493101
493109
493118
493137
493148
493155
493173
493192
493207
493218
493220
493223
493234
493237
493248
493249
493250
493263
493267
493274
493290
493301
493331
493332
493343
493353
493369
493383
493383
493393
493415
493421
493433
493438
493440
493485
493487
493503
493510
493531
493547
493564
493591
493593
493594
493604
493608
493609
493617
493631
493637
493641
493651
493653
493682
493698
493702
493705
493707
493708
493732
493734
493738
493760
493767
493773
493783
493798
493816
493817
493830
493831
493834
493867
493873
493889
493895
493903
493935
493939
493941
493962
493974
493982
493985
493997
494011
494016
494024
494026
494059
494121
494121
494131
494135
494148
494163
494174
494178
494198
494200
494201
494212
494213
494222
494224
494236
494257
494257
494258
494273
494294
494300
494302
494306
494306
494316
494323
494340
494342
494344
494345
494351
494366
494368
494379
494400
494412
494420
494420
494420
494424
494432
494435
494443
494445
494447
494469
494473
494478
494483
494489
494504
494517
494518
494527
494530
494549
494555
494561
494563
494585
494611
494625
494641
494646
494673
494679
494680
494687
494688
494703
494703
494711
494730
494737
494740
494747
494755
494759
494771
494779
494784
494784
494803
494814
494819
494822
494840
494840
494848
494852
494874
494879
494894
494906
494911
494929
494931
494934
494937
494946
494959
494966
494971
494980
494990
495015
495026
495047
495056
495072
495076
495083
495092
495094
495099
495104
495116
495122
495124
495131
495132
495144
495150
495164
495169
495179
495193
495206
495211
495250
495251
495257
495267
495277
495304
495305
495308
495312
495313
495326
495342
495344
495366
495366
495367
495395
495418
495435
495438
495443
495448
495457
495458
495459
495468
495486
495492
495494
495499
495552
495557
495559
495566
495570
495581
495582
495586
495608
495624
495624
495628
495643
495669
495681
495691
495701
495709
495709
495716
495718
495748
495757
495773
495797
495798
495806
495807
495814
495820
495822
495836
495837
495845
495846
495876
495877
495898
495910
495916
495919
495921
495923
495944
495955
495957
495958
495964
495965
495977
495985
495997
495999
496048
496053
496054
496059
496061
496070
496083
496103
496110
496114
496115
496124
496136
496137
496147
496149
496150
496154
496175
496195
496216
496239
496260
496292
496295
496300
496308
496323
496323
496338
496339
496356
496358
496372
496373
496379
496382
496393
496398
496400
496405
496416
496416
496417
496443
496463
496463
496467
496469
496469
496486
496498
496500
496517
496519
496536
496537
496544
496546
496588
496598
496616
496617
496634
496635
496655
496657
496658
496675
496676
496691
496696
496698
496716
496721
496761
496772
496780
496785
496786
496811
496815
496818
496826
496835
496839
496842
496855
496859
496866
496886
496891
496904
496913
496922
496926
496930
496932
496960
496960
496971
496986
497010
497021
497022
497044
497055
497060
497062
497062
497068
497076
497087
497093
497096
497105
497111
497122
497124
497134
497168
497180
497185
497206
497217
497219
497228
497229
497236
497237
497240
497242
497243
497268
497268
497269
497272
497274
497275
497287
497303
497310
497319
497320
497340
497351
497353
497376
497382
497409
497411
497418
497423
497425
497427
497428
497436
497441
497446
497482
497491
497527
497534
497536
497542
497572
497586
497586
497587
497597
497605
497605
497609
497647
497682
497689
497707
497707
497738
497744
497746
497754
497771
497800
497807
497812
497819
497822
497836
497853
497857
497858
497858
497864
497883
497888
497895
497910
497913
497918
497920
497923
497925
497929
497942
497943
497949
497956
497963
497965
497988
497990
498003
498019
498023
498031
498036
498039
498041
498041
498045
498053
498059
498078
498084
498093
498094
498124
498151
498155
498165
498166
498210
498211
498213
498220
498248
498250
498256
498264
498268
498276
498280
498281
498301
498333
498338
498342
498347
498353
498368
498374
498387
498389
498398
498431
498440
498450
498455
498455
498467
498483
498486
498487
498497
498500
498505
498520
498520
498538
498539
498543
498550
498558
498568
498572
498590
498622
498626
498643
498670
498670
498689
498694
498698
498704
498704
498706
498712
498714
498730
498738
498753
498755
498788
498801
498809
498820
498821
498832
498837
498845
498847
498869
498881
498881
498886
498890
498894
498908
498909
498917
498919
498921
498922
498925
498937
498943
498970
498984
498984
498994
499003
499003
499024
499029
499034
499049
499057
499062
499063
499066
499067
499069
499074
499078
499083
499098
499111
499112
499119
499127
499133
499145
499156
499159
499160
499161
499177
499179
499181
499185
499189
499190
499196
499198
499199
499202
499206
499225
499228
499240
499246
499257
499267
499270
499295
499297
499299
499303
499305
499311
499327
499338
499354
499356
499368
499372
499375
499377
499377
499400
499441
499445
499460
499474
499479
499507
499510
499523
499529
499533
499541
499566
499567
499567
499613
499622
499628
499630
499649
499650
499651
499658
499665
499670
499670
499675
499675
499681
499682
499688
499694
499708
499717
499741
499757
499771
499784
499789
499795
499818
499842
499861
499877
499886
499920
499950
499957
499985
499987
499990
500005
500008
500022
500028
500048
500067
500068
500075
500081
500088
500100
500117
500137
500139
500149
500149
500153
500166
500179
500184
500190
500206
500209
500216
500230
500232
500237
500243
500246
500267
500279
500308
500343
500349
500365
500399
500407
500411
500411
500431
500432
500437
500479
500479
500502
500509
500519
500522
500524
500530
500532
500537
500542
500547
500550
500562
500596
500605
500607
500610
500615
500615
500642
500643
500644
500696
500710
500711
500714
500721
500742
500765
500783
500784
500795
500796
500803
500805
500808
500812
500830
500830
500839
500843
500863
500873
500880
500890
500899
500919
500938
500939
500943
500945
500995
501004
501017
501042
501044
501051
501064
501072
501080
501102
501111
501115
501123
501130
501152
501166
501180
501198
501199
501202
501202
501216
501221
501236
501254
501257
501283
501287
501289
501293
501298
501305
501312
501316
501322
501328
501334
501339
501352
501357
501358
501362
501363
501370
501380
501383
501383
501396
501412
501413
501413
501414
501443
501462
501491
501494
501496
501502
501507
501531
501576
501588
501599
501600
501605
501610
501610
501615
501628
501631
501631
501642
501644
501652
501692
501705
501705
501713
501731
501754
501766
501777
501788
501793
501805
501824
501832
501837
501851
501855
501870
501870
501882
501885
501889
501889
501891
501900
501902
501922
501938
501941
501965
501969
501982
502003
502011
502012
502034
502036
502044
502054
502070
502077
502104
502111
502113
502146
502148
502164
502167
502202
502232
502237
502242
502257
502269
502281
502289
502298
502312
502321
502341
502345
502349
502350
502350
502351
502358
502359
502363
502399
502441
502442
502444
502454
502455
502456
502456
502485
502494
502512
502529
502535
502539
502548
502551
502558
502559
502567
502568
502577
502585
502597
502603
502615
502620
502626
502643
502645
502647
502652
502653
502657
502662
502664
502664
502666
502675
502675
502676
502683
502683
502687
502701
502723
502734
502734
502743
502746
502763
502765
502768
502771
502807
502811
502815
502831
502844
502847
502856
502860
502864
502881
502889
502890
502892
502898
502900
502912
502913
502927
502933
502933
502953
502980
502991
503022
503032
503034
503039
503040
503044
503060
503061
503078
503079
503080
503098
503103
503109
503111
503112
503114
503122
503123
503126
503129
503130
503210
503237
503238
503245
503248
503249
503253
503255
503256
503261
503270
503285
503292
503294
503313
503320
503321
503329
503340
503341
503342
503354
503363
503367
503382
503392
503419
503436
503445
503449
503457
503467
503469
503486
503490
503498
503511
503517
503524
503549
503552
503557
503568
503577
503578
503582
503583
503585
503598
503610
503632
503635
503636
503638
503641
503657
503662
503693
503698
503701
503701
503726
503726
503731
503744
503749
503770
503772
503782
503802
503807
503811
503812
503830
503839
503850
503851
503857
503861
503863
503865
503870
503879
503880
503885
503890
503892
503903
503909
503922
503924
503928
503929
503935
503935
503937
503952
503964
503965
503985
504003
504005
504024
504025
504038
504040
504073
504083
504089
504096
504102
504103
504113
504122
504129
504142
504144
504145
504159
504184
504205
504217
504222
504238
504264
504283
504285
504289
504296
504323
504329
504340
504358
504362
504363
504376
504379
504382
504384
504388
504416
504425
504427
504449
504449
504459
504464
504467
504470
504476
504482
504504
504512
504514
504521
504562
504601
504612
504625
504631
504634
504636
504638
504642
504654
504668
504671
504673
504674
504685
504732
504735
504737
504749
504781
504805
504809
504811
504814
504828
504842
504862
504862
504873
504878
504920
504925
504935
504938
504939
504998
505026
505026
505056
505099
505100
505112
505136
505155
505158
505160
505162
505175
505184
505196
505198
505201
505207
505213
505216
505239
505253
505257
505257
505259
505281
505312
505322
505326
505338
505339
505350
505353
505356
505364
505378
505388
505403
505405
505415
505417
505417
505420
505425
505442
505453
505464
505488
505491
505501
505501
505501
505509
505518
505524
505526
505558
505583
505588
505605
505623
505630
505634
505647
505651
505661
505676
505680
505692
505693
505713
505719
505727
505728
505734
505735
505739
505742
505768
505771
505775
505776
505777
505778
505782
505788
505796
505804
505811
505812
505813
505826
505828
505846
505849
505854
505867
505872
505882
505901
505915
505919
505923
505925
505927
505929
505946
505946
505954
505990
506006
506009
506029
506029
506036
506041
506042
506047
506048
506052
506060
506070
506075
506107
506108
506110
506125
506126
506153
506156
506180
506181
506211
506237
506243
506246
506252
506255
506258
506259
506261
506268
506278
506281
506289
506299
506321
506326
506327
506335
506346
506352
506353
506381
506392
506402
506456
506457
506491
506493
506499
506501
506511
506519
506519
506525
506542
506560
506568
506591
506591
506596
506611
506616
506635
506655
506688
506728
506739
506759
506777
506778
506794
506810
506812
506819
506832
506836
506836
506839
506840
506841
506851
506866
506881
506888
506903
506915
506919
506922
506924
506934
506944
506945
506947
506949
506957
506978
506985
506988
506988
506989
506992
506993
506995
507002
507010
507036
507044
507068
507069
507081
507089
507106
507109
507113
507120
507130
507137
507143
507154
507156
507185
507191
507209
507249
507260
507263
507265
507266
507269
507272
507333
507373
507374
507401
507408
507417
507420
507436
507441
507456
507461
507476
507483
507486
507486
507495
507527
507530
507554
507569
507570
507585
507599
507601
507603
507623
507636
507639
507640
507653
507679
507679
507679
507684
507717
507719
507719
507722
507735
507738
507756
507761
507764
507768
507772
507781
507784
507790
507792
507800
507831
507853
507858
507864
507870
507890
507908
507911
507923
507923
507931
507953
507954
507957
507973
507992
508004
508004
508010
508011
508014
508044
508064
508080
508114
508130
508177
508177
508186
508190
508191
508208
508215
508218
508218
508224
508230
508240
508256
508260
508260
508260
508261
508263
508269
508269
508276
508294
508296
508302
508303
508324
508335
508339
508346
508346
508350
508377
508388
508402
508415
508432
508444
508462
508477
508488
508503
508506
508520
508530
508533
508544
508556
508559
508561
508562
508574
508586
508589
508620
508625
508627
508628
508632
508633
508635
508635
508643
508644
508649
508652
508664
508667
508681
508687
508690
508706
508719
508720
508731
508738
508746
508753
508764
508766
508768
508776
508785
508797
508801
508806
508827
508829
508837
508855
508879
508882
508895
508898
508924
508938
508940
508944
508945
508971
508984
509006
509014
509018
509022
509057
509064
509069
509077
509082
509083
509085
509089
509093
509098
509101
509102
509127
509145
509148
509159
509166
509179
509204
509212
509218
509237
509262
509265
509277
509299
509299
509304
509312
509326
509333
509341
509348
509364
509372
509376
509398
509402
509405
509411
509420
509423
509427
509452
509456
509463
509465
509466
509474
509493
509533
509540
509555
509582
509599
509622
509624
509624
509642
509654
509659
509691
509711
509729
509729
509730
509753
509758
509763
509765
509769
509776
509777
509779
509785
509796
509798
509822
509876
509885
509893
509894
509900
509913
509917
509922
509923
509931
509942
509947
509959
509961
509964
509973
509986
510003
510010
510024
510028
510032
510044
510047
510063
510066
510074
510079
510096
510098
510104
510141
510144
510160
510160
510162
510171
510180
510185
510185
510228
510254
510261
510269
510312
510326
510328
510340
510343
510344
510364
510381
510388
510414
510414
510424
510431
510433
510438
510458
510466
510470
510477
510484
510528
510531
510545
510546
510575
510583
510591
510591
510592
510631
510635
510647
510659
510677
510685
510705
510721
510727
510734
510737
510776
510786
510787
510788
510809
510816
510820
510825
510840
510859
510861
510871
510878
510880
510897
510907
510920
510923
510923
510933
510933
510940
510953
510962
510974
511028
511045
511046
511048
511064
511075
511091
511097
511111
511113
511131
511133
511136
511148
511168
511186
511188
511193
511194
511209
511217
511240
511250
511255
511255
511257
511265
511269
511271
511272
511279
511290
511293
511303
511311
511336
511337
511338
511340
511349
511365
511370
511376
511391
511392
511396
511396
511398
511402
511425
511432
511440
511447
511451
511500
511508
511521
511527
511537
511547
511552
511553
511556
511572
511590
511605
511610
511623
511629
511635
511657
511659
511677
511682
511696
511711
511722
511732
511732
511744
511752
511767
511779
511784
511813
511825
511853
511877
511881
511887
511890
511898
511900
511906
511913
511920
511928
511928
511946
511952
511966
511972
511980
511988
511989
511993
512036
512042
512052
512070
512073
512086
512105
512111
512126
512138
512142
512185
512195
512196
512199
512200
512226
512242
512256
512268
512275
512290
512299
512302
512329
512383
512386
512387
512398
512399
512403
512417
512432
512443
512447
512448
512478
512480
512483
512491
512509
512514
512516
512521
512524
512525
512536
512542
512551
512568
512571
512578
512580
512596
512607
512611
512612
512615
512637
512647
512661
512662
512676
512676
512702
512717
512718
512719
512721
512723
512725
512731
512734
512751
512753
512786
512794
512796
512809
512810
512813
512821
512821
512829
512835
512838
512845
512853
512858
512894
512897
512901
512921
512941
512944
512950
512970
512973
512984
512986
513010
513017
513027
513049
513053
513060
513085
513087
513088
513097
513106
513106
513131
513189
513197
513206
513220
513220
513224
513229
513245
513296
513301
513328
513343
513344
513349
513355
513363
513397
513399
513399
513406
513408
513412
513413
513415
513423
513432
513433
513436
513455
513474
513530
513555
513556
513567
513580
513582
513608
513613
513619
513639
513640
513642
513647
513669
513672
513684
513700
513710
513733
513746
513786
513807
513817
513817
513858
513882
513903
513903
513906
513910
513911
513912
513917
513920
513928
513933
513935
513969
513969
513975
513981
513982
513986
513987
513990
513991
514016
514024
514026
514036
514068
514086
514089
514097
514128
514135
514154
514154
514156
514160
514176
514187
514191
514193
514195
514207
514212
514218
514221
514224
514225
514233
514239
514319
514340
514351
514366
514367
514386
514399
514399
514411
514417
514434
514436
514443
514446
514482
514483
514486
514495
514496
514504
514505
514515
514522
514529
514529
514531
514536
514545
514551
514556
514559
514560
514560
514566
514567
514567
514577
514583
514584
514588
514590
514595
514598
514609
514620
514627
514652
514664
514677
514684
514686
514717
514722
514733
514741
514751
514753
514761
514765
514766
514773
514780
514789
514792
514793
514837
514855
514881
514894
514901
514956
514963
514981
514997
515003
515006
515017
515017
515022
515023
515025
515029
515066
515068
515076
515078
515088
515101
515109
515116
515130
515135
515168
515172
515185
515192
515218
515222
515224
515232
515240
515243
515255
515256
515261
515292
515330
515332
515350
515350
515351
515353
515372
515380
515401
515415
515419
515429
515436
515444
515448
515468
515487
515508
515529
515543
515556
515572
515586
515587
515593
515604
515604
515606
515620
515631
515634
515636
515654
515660
515666
515670
515672
515673
515688
515694
515700
515708
515743
515758
515758
515762
515766
515799
515804
515814
515815
515821
515826
515837
515838
515840
515847
515855
515865
515880
515880
515907
515912
515939
515947
515949
515949
515957
515963
515988
515994
515994
516001
516016
516018
516019
516028
516033
516042
516050
516054
516055
516058
516061
516062
516075
516086
516111
516117
516132
516135
516146
516151
516152
516168
516193
516194
516208
516211
516220
516223
516231
516251
516261
516263
516263
516263
516270
516276
516278
516279
516284
516300
516307
516310
516344
516345
516349
516360
516361
516362
516385
516391
516397
516403
516404
516436
516436
516462
516482
516495
516508
516509
516512
516520
516530
516539
516566
516568
516592
516596
516598
516611
516612
516619
516623
516631
516639
516640
516653
516675
516676
516677
516679
516685
516714
516716
516724
516729
516760
516776
516788
516794
516804
516841
516861
516864
516865
516878
516890
516894
516916
516923
516926
516938
516950
516951
516956
516959
516960
516970
516974
517000
517003
517009
517031
517037
517038
517041
517057
517066
517075
517087
517105
517105
517135
517138
517141
517143
517149
517153
517160
517161
517171
517184
517193
517209
517224
517233
517239
517243
517245
517245
517259
517267
517271
517272
517277
517279
517303
517310
517329
517333
517373
517387
517396
517397
517421
517425
517426
517443
517445
517461
517469
517485
517494
517567
517579
517592
517592
517597
517618
517635
517636
517641
517642
517655
517656
517669
517670
517676
517688
517693
517696
517698
517701
517701
517726
517744
517746
517765
517782
517787
517792
517799
517823
517827
517833
517852
517871
517878
517883
517883
517896
517903
517919
517932
517947
517960
517972
517981
517991
518007
518008
518019
518027
518034
518038
518040
518043
518052
518068
518070
518075
518082
518086
518135
518135
518140
518144
518165
518184
518186
518198
518200
518216
518216
518243
518253
518265
518270
518274
518274
518278
518283
518285
518285
518289
518289
518290
518303
518304
518309
518316
518344
518353
518360
518380
518390
518391
518394
518409
518434
518435
518452
518455
518467
518473
518479
518485
518509
518517
518518
518553
518565
518570
518580
518582
518588
518589
518594
518600
518606
518620
518630
518636
518638
518638
518642
518655
518666
518673
518685
518728
518729
518745
518769
518815
518815
518817
518822
518830
518832
518835
518837
518843
518850
518871
518885
518893
518905
518910
518943
518944
518956
518956
518957
518970
518980
518997
518999
519001
519015
519035
519039
519040
519045
519049
519055
519057
519058
519064
519072
519076
519093
519097
519098
519111
519113
519141
519141
519148
519153
519153
519158
519166
519166
519197
519197
519208
519211
519212
519214
519241
519253
519266
519266
519271
519286
519289
519298
519316
519331
519332
519347
519360
519362
519374
519378
519380
519382
519388
519406
519417
519421
519438
519468
519489
519498
519508
519521
519526
519530
519530
519539
519556
519579
519593
519598
519606
519631
519632
519638
519664
519669
519680
519680
519697
519699
519720
519722
519725
519730
519731
519747
519748
519753
519755
519766
519785
519808
519840
519842
519845
519849
519853
519854
519865
519871
519878
519896
519909
519926
519928
519939
519942
519944
519950
519955
519958
519960
519961
519962
519963
519984
520021
520027
520028
520039
520046
520048
520053
520068
520081
520095
520097
520102
520103
520105
520118
520136
520137
520139
520139
520140
520145
520155
520156
520163
520166
520170
520174
520182
520185
520217
520222
520226
520228
520232
520251
520253
520254
520259
520261
520263
520271
520278
520282
520283
520290
520295
520297
520313
520335
520337
520340
520340
520349
520353
520361
520362
520373
520383
520394
520398
520398
520416
520421
520426
520431
520437
520439
520448
520466
520482
520487
520517
520558
520565
520579
520585
520606
520636
520638
520643
520645
520654
520664
520686
520691
520700
520721
520728
520733
520754
520764
520780
520799
520805
520814
520817
520835
520840
520843
520845
520875
520875
520892
520922
520941
520961
520981
520992
520998
521010
521038
521040
521063
521076
521084
521092
521119
521140
521144
521164
521175
521181
521198
521206
521222
521227
521244
521253
521260
521264
521265
521268
521278
521291
521305
521312
521344
521355
521365
521382
521384
521387
521404
521405
521415
521441
521445
521453
521463
521463
521473
521477
521491
521514
521515
521523
521529
521555
521556
521563
521576
521578
521589
521613
521615
521681
521690
521698
521712
521732
521734
521742
521744
521748
521781
521782
521806
521808
521809
521818
521827
521833
521841
521849
521863
521874
521880
521897
521904
521904
521906
521920
521980
521982
521982
521987
522009
522010
522035
522037
522038
522045
522045
522051
522069
522098
522107
522119
522126
522130
522144
522145
522152
522166
522168
522171
522175
522177
522181
522188
522199
522201
522207
522227
522238
522238
522239
522278
522302
522307
522320
522327
522331
522335
522357
522361
522366
522378
522382
522389
522416
522423
522423
522430
522443
522443
522444
522449
522454
522455
522470
522482
522484
522489
522492
522506
522518
522522
522523
522547
522547
522552
522565
522569
522569
522578
522581
522581
522588
522625
522643
522656
522667
522693
522693
522696
522721
522723
522761
522789
522792
522800
522803
522814
522826
522826
522842
522864
522868
522890
522918
522954
522955
523003
523022
523028
523033
523036
523039
523041
523052
523055
523062
523069
523076
523116
523118
523124
523127
523132
523157
523181
523183
523205
523211
523215
523233
523240
523245
523246
523247
523281
523286
523315
523334
523336
523336
523342
523359
523386
523386
523390
523406
523420
523428
523436
523442
523449
523453
523453
523454
523469
523485
523495
523504
523506
523516
523520
523523
523527
523537
523545
523552
523573
523590
523602
523607
523609
523637
523651
523653
523677
523689
523695
523715
523732
523736
523745
523752
523778
523779
523779
523790
523792
523828
523847
523857
523859
523861
523863
523896
523899
523911
523933
523948
523949
523971
523987
524008
524025
524039
524044
524045
524075
524090
524090
524111
524120
524121
524133
524150
524153
524166
524182
524183
524190
524208
524222
524225
524239
524240
524245
524253
524262
524262
524263
524270
524278
524286
524290
524294
524294
524334
524348
524370
524375
524377
524381
524382
524397
524410
524414
524450
524470
524474
524477
524477
524507
524512
524517
524523
524527
524531
524535
524543
524559
524563
524595
524602
524610
524622
524623
524630
524641
524647
524653
524655
524676
524679
524687
524702
524714
524729
524740
524754
524762
524763
524778
524780
524781
524811
524815
524820
524821
524822
524837
524842
524851
524857
524860
524861
524862
524863
524868
524876
524884
524897
524900
524907
524910
524911
524921
524921
524943
524953
524956
524961
524978
524981
524985
524989
525014
525015
525023
525025
525034
525062
525067
525081
525089
525089
525091
525101
525110
525115
525115
525118
525136
525144
525150
525153
525158
525182
525196
525202
525214
525220
525224
525238
525246
525252
525295
525308
525340
525341
525362
525362
525383
525390
525394
525397
525398
525400
525409
525412
525419
525426
525432
525454
525459
525487
525525
525545
525554
525559
525559
525597
525612
525617
525624
525633
525642
525660
525676
525686
525700
525727
525737
525742
525744
525752
525753
525778
525791
525803
525812
525816
525816
525817
525823
525825
525833
525867
525902
525905
525917
525934
525960
525966
525967
525968
525973
526009
526017
526025
526045
526055
526056
526071
526075
526082
526106
526107
526117
526124
526130
526136
526151
526152
526155
526163
526171
526179
526179
526201
526204
526206
526215
526225
526234
526245
526249
526254
526278
526285
526299
526300
526318
526320
526328
526328
526331
526346
526346
526354
526356
526357
526365
526369
526380
526388
526399
526405
526406
526424
526429
526431
526432
526453
526471
526472
526483
526489
526492
526504
526505
526507
526508
526522
526530
526539
526540
526549
526570
526586
526589
526601
526602
526611
526613
526617
526632
526641
526658
526660
526666
526675
526675
526699
526709
526719
526722
526722
526738
526756
526767
526772
526773
526773
526782
526786
526845
526854
526860
526866
526880
526880
526895
526899
526911
526938
526946
526947
526949
526959
526975
526986
526996
527016
527022
527023
527026
527030
527044
527048
527080
527087
527135
527144
527148
527155
527158
527182
527186
527200
527223
527238
527243
527254
527273
527275
527294
527298
527310
527325
527336
527343
527364
527386
527386
527393
527394
527418
527422
527430
527440
527478
527483
527489
527491
527538
527544
527558
527558
527576
527577
527583
527591
527600
527602
527604
527611
527637
527641
527643
527663
527678
527688
527697
527699
527700
527721
527727
527728
527741
527752
527767
527773
527774
527777
527786
527805
527806
527823
527829
527852
527861
527866
527883
527884
527904
527918
527919
527920
527937
527940
527949
527951
527954
527957
527979
527979
527991
528004
528004
528009
528011
528012
528019
528035
528039
528043
528056
528060
528067
528102
528108
528108
528113
528113
528116
528132
528132
528133
528133
528138
528152
528167
528168
528177
528196
528212
528220
528229
528233
528234
528243
528258
528278
528279
528294
528296
528303
528316
528317
528332
528356
528366
528375
528379
528397
528407
528416
528417
528425
528433
528457
528458
528485
528515
528535
528542
528544
528565
528566
528601
528623
528632
528638
528643
528648
528677
528677
528681
528695
528713
528722
528729
528743
528755
528785
528785
528815
528823
528828
528841
528845
528859
528863
528865
528879
528886
528898
528902
528908
528914
528934
528937
528955
528967
528997
529009
529026
529030
529042
529046
529055
529085
529091
529095
529098
529099
529106
529115
529120
529133
529136
529150
529156
529191
529193
529195
529200
529219
529224
529224
529224
529233
529238
529254
529257
529259
529261
529262
529263
529275
529276
529280
529283
529296
529297
529302
529303
529305
529320
529324
529353
529375
529382
529387
529391
529395
529396
529405
529412
529414
529416
529440
529462
529489
529491
529493
529499
529504
529513
529522
529528
529533
529535
529535
529556
529559
529564
529565
529575
529613
529615
529643
529645
529655
529670
529680
529689
529715
529720
529735
529746
529754
529763
529764
529773
529776
529777
529782
529794
529804
529819
529823
529824
529840
529850
529855
529857
529871
529893
529895
529902
529929
529944
529951
530014
530016
530022
530023
530045
530077
530081
530082
530098
530117
530117
530122
530146
530206
530213
530215
530239
530262
530266
530271
530275
530313
530329
530362
530367
530370
530384
530388
530402
530409
530420
530422
530423
530446
530452
530452
530477
530501
530510
530514
530518
530519
530531
530535
530538
530541
530568
530580
530589
530593
530626
530633
530643
530644
530644
530646
530654
530665
530673
530690
530701
530702
530704
530708
530754
530771
530771
530780
530781
530793
530804
530807
530812
530822
530839
530858
530865
530870
530884
530889
530889
530904
530912
530918
530920
530930
530937
530941
530987
530994
531003
531003
531015
531033
531038
531038
531043
531052
531052
531057
531061
531064
531069
531074
531101
531111
531125
531133
531138
531139
531141
531182
531187
531203
531222
531223
531228
531235
531243
531249
531259
531262
531270
531273
531283
531307
531330
531359
531372
531376
531380
531390
531398
531406
531415
531428
531456
531459
531486
531511
531537
531539
531553
531580
531593
531597
531602
531602
531606
531620
531623
531623
531628
531628
531649
531672
531683
531694
531730
531757
531757
531766
531767
531791
531792
531797
531803
531805
531809
531818
531828
531829
531834
531838
531852
531860
531862
531883
531898
531903
531919
531920
531922
531944
531946
531946
531950
531954
531954
531969
531975
531995
532003
532009
532011
532028
532030
532045
532062
532063
532073
532077
532077
532084
532087
532098
532102
532116
532120
532129
532149
532162
532175
532176
532187
532199
532216
532222
532225
532227
532232
532238
532241
532262
532264
532265
532278
532319
532357
532372
532386
532389
532393
532400
532409
532416
532417
532417
532435
532442
532444
532449
532450
532461
532464
532469
532473
532475
532475
532480
532480
532483
532500
532504
532528
532538
532538
532540
532550
532561
532588
532588
532620
532624
532669
532670
532708
532709
532714
532740
532740
532749
532767
532778
532796
532797
532802
532815
532819
532820
532827
532829
532852
532863
532871
532872
532885
532915
532928
532932
532965
532975
532986
532987
532991
533025
533029
533034
533048
533061
533072
533077
533079
533087
533106
533124
533125
533136
533152
533155
533166
533197
533204
533211
533225
533247
533271
533279
533280
533292
533293
533329
533329
533331
533331
533341
533346
533349
533369
533375
533385
533422
533434
533438
533454
533458
533458
533469
533473
533529
533531
533540
533557
533562
533562
533572
533579
533582
533586
533592
533634
533635
533648
533653
533665
533669
533685
533689
533695
533695
533707
533710
533722
533722
533730
533732
533761
533769
533783
533792
533793
533793
533810
533826
533842
533859
533879
533879
533882
533883
533884
533890
533901
533911
533931
533940
533942
533971
533980
533983
533999
534009
534025
534026
534039
534043
534054
534070
534080
534084
534086
534090
534106
534117
534124
534134
534139
534152
534176
534180
534181
534211
534222
534234
534236
534240
534240
534242
534242
534259
534260
534266
534272
534285
534294
534297
534324
534332
534334
534337
534351
534354
534362
534371
534378
534389
534397
534405
534407
534410
534411
534416
534440
534441
534447
534462
534465
534472
534474
534488
534494
534504
534509
534511
534513
534532
534536
534552
534572
534575
534582
534587
534609
534630
534653
534661
534684
534685
534704
534710
534719
534721
534726
534731
534744
534751
534772
534786
534810
534814
534814
534817
534820
534829
534853
534875
534881
534893
534903
534915
534921
534925
534946
534946
534949
534951
534960
534960
534976
534976
534982
534990
534998
535010
535012
535013
535016
535022
535037
535038
535043
535043
535106
535114
535143
535143
535154
535162
535167
535177
535202
535212
535216
535226
535242
535244
535260
535290
535319
535324
535324
535337
535339
535343
535348
535356
535378
535385
535387
535401
535414
535435
535439
535447
535455
535455
535483
535497
535500
535507
535509
535532
535582
535588
535604
535624
535649
535659
535662
535666
535675
535680
535698
535715
535724
535736
535737
535749
535773
535780
535798
535813
535829
535838
535841
535842
535886
535914
535929
535930
535942
535964
535974
535993
536009
536030
536031
536041
536067
536070
536071
536081
536088
536091
536121
536122
536122
536123
536125
536138
536138
536152
536152
536153
536155
536157
536165
536165
536175
536177
536181
536185
536187
536195
536197
536218
536239
536240
536247
536247
536248
536250
536260
536261
536263
536265
536267
536277
536278
536282
536299
536302
536340
536360
536366
536369
536378
536384
536384
536387
536399
536420
536434
536434
536448
536455
536483
536486
536488
536488
536493
536500
536500
536504
536527
536528
536542
536558
536558
536580
536603
536613
536632
536633
536650
536653
536655
536656
536686
536690
536701
536715
536733
536791
536796
536799
536821
536828
536837
536839
536847
536847
536855
536862
536870
536875
536945
536947
536949
536954
536962
536980
536990
537001
537039
537076
537093
537096
537098
537112
537128
537158
537168
537181
537190
537219
537229
537235
537239
537247
537263
537265
537268
537276
537292
537308
537320
537325
537354
537360
537389
537422
537456
537459
537459
537480
537515
537524
537551
537560
537563
537564
537583
537612
537619
537638
537652
537667
537668
537669
537676
537686
537733
537737
537751
537757
537760
537765
537780
537785
537787
537790
537806
537811
537830
537842
537867
537869
537870
537880
537894
537913
537920
537920
537923
537928
537951
537958
537966
537969
537986
537987
537994
538006
538015
538032
538049
538055
538063
538067
538071
538081
538092
538101
538104
538132
538140
538168
538176
538182
538188
538192
538209
538230
538231
538233
538238
538240
538251
538273
538278
538289
538299
538345
538345
538356
538368
538388
538399
538401
538401
538461
538466
538476
538487
538489
538502
538509
538528
538533
538540
538547
538549
538564
538566
538579
538583
538590
538615
538617
538629
538634
538634
538634
538649
538650
538660
538667
538674
538720
538722
538725
538734
538742
538759
538771
538796
538806
538807
538819
538827
538830
538830
538857
538866
538869
538883
538885
538908
538911
538912
538917
538923
538930
538947
538947
538965
538980
538981
538983
539026
539034
539063
539085
539087
539088
539107
539125
539167
539189
539214
539228
539232
539239
539250
539271
539293
539306
539309
539326
539342
539358
539362
539387
539388
539393
539398
539400
539401
539404
539418
539431
539437
539442
539449
539451
539461
539469
539489
539521
539524
539532
539545
539559
539562
539567
539582
539584
539591
539592
539613
539618
539627
539637
539669
539669
539682
539686
539698
539704
539704
539719
539723
539725
539741
539761
539761
539786
539791
539801
539801
539808
539831
539835
539836
539851
539865
539867
539871
539880
539886
539895
539914
539931
539948
539953
539958
539980
540008
540013
540024
540040
540043
540064
540072
540089
540090
540099
540102
540109
540111
540114
540135
540138
540166
540166
540189
540190
540196
540196
540214
540226
540228
540237
540244
540247
540253
540273
540286
540293
540295
540319
540321
540321
540325
540329
540329
540348
540355
540372
540384
540388
540398
540427
540430
540437
540442
540445
540454
540461
540473
540485
540489
540511
540562
540562
540562
540593
540598
540599
540604
540605
540616
540644
540656
540662
540672
540680
540695
540696
540698
540700
540708
540719
540729
540735
540755
540764
540765
540766
540770
540771
540791
540805
540806
540808
540813
540828
540829
540833
540853
540896
540908
540914
540945
540956
540964
540968
540988
541000
541002
541004
541008
541011
541018
541029
541034
541060
541093
541106
541118
541126
541136
541157
541174
541175
541182
541194
541209
541236
541236
541240
541249
541267
541275
541277
541295
541297
541309
541309
541342
541353
541367
541370
541377
541395
541406
541419
541424
541425
541438
541445
541454
541460
541464
541475
541485
541487
541487
541497
541503
541521
541528
541548
541554
541575
541581
541637
541639
541645
541661
541669
541692
541693
541706
541711
541721
541756
541773
541775
541778
541787
541796
541809
541812
541815
541823
541829
541860
541870
541875
541884
541886
541890
541893
541918
541929
541947
541957
541962
541963
541965
541976
541977
541982
541998
542006
542035
542036
542040
542048
542051
542071
542074
542093
542108
542134
542144
542145
542147
542176
542194
542230
542231
542263
542267
542273
542290
542317
542338
542351
542362
542364
542381
542390
542396
542406
542432
542475
542501
542505
542522
542528
542532
542545
542551
542578
542594
542606
542614
542617
542636
542696
542699
542733
542739
542742
542754
542758
542765
542766
542770
542773
542776
542777
542780
542781
542804
542809
542811
542814
542821
542828
542829
542831
542841
542845
542848
542858
542859
542862
542862
542890
542908
542923
542936
542937
542938
542949
542952
542969
542988
543014
543018
543043
543049
543063
543078
543079
543123
543125
543146
543153
543155
543164
543173
543182
543185
543203
543206
543212
543217
543230
543246
543247
543262
543268
543273
543277
543288
543296
543310
543318
543319
543327
543340
543344
543346
543351
543353
543365
543374
543383
543387
543399
543405
543409
543412
543436
543439
543460
543466
543482
543493
543505
543521
543538
543560
543569
543575
543583
543592
543598
543613
543623
543659
543671
543671
543672
543677
543687
543695
543700
543700
543756
543761
543765
543783
543791
543802
543806
543815
543818
543825
543850
543851
543867
543892
543899
543918
543928
543949
543955
543958
543961
543974
543984
543987
543992
544018
544020
544027
544027
544030
544032
544041
544066
544087
544097
544099
544101
544109
544110
544125
544132
544141
544144
544152
544162
544170
544172
544178
544191
544192
544204
544214
544214
544242
544251
544263
544266
544268
544280
544299
544323
544336
544346
544349
544354
544359
544363
544364
544372
544373
544374
544375
544391
544394
544442
544443
544457
544461
544461
544481
544495
544503
544507
544517
544535
544539
544546
544559
544592
544610
544612
544617
544639
544642
544649
544663
544668
544672
544684
544716
544726
544729
544734
544743
544747
544768
544798
544811
544819
544835
544857
544866
544906
544913
544919
544922
544929
544937
544937
544943
544962
544964
545036
545038
545050
545072
545072
545087
545107
545118
545121
545132
545138
545145
545148
545161
545178
545199
545209
545213
545224
545226
545230
545239
545244
545244
545251
545272
545290
545291
545298
545303
545304
545341
545343
545351
545364
545376
545381
545396
545399
545408
545426
545427
545430
545438
545456
545456
545490
545497
545509
545513
545527
545555
545558
545577
545602
545603
545617
545629
545632
545641
545664
545671
545672
545702
545720
545735
545746
545756
545756
545757
545773
545786
545790
545799
545799
545812
545814
545819
545831
545836
545856
545867
545893
545912
545937
545938
545939
545959
545961
545979
545985
545986
545990
545993
545993
546000
546018
546022
546024
546027
546030
546032
546039
546052
546065
546078
546094
546118
546120
546125
546125
546128
546130
546131
546145
546145
546148
546156
546165
546201
546214
546226
546239
546259
546260
546272
546275
546277
546302
546311
546323
546326
546331
546342
546349
546352
546354
546356
546373
546381
546412
546414
546416
546433
546442
546457
546465
546473
546488
546502
546503
546507
546523
546528
546558
546579
546580
546586
546586
546593
546605
546620
546648
546657
546670
546679
546697
546717
546737
546750
546778
546796
546803
546824
546839
546843
546845
546857
546872
546879
546886
546887
546889
546889
546896
546919
546919
546971
546973
546974
546993
546998
547002
547029
547059
547062
547085
547088
547094
547096
547111
547112
547158
547169
547170
547182
547185
547190
547200
547205
547207
547248
547248
547249
547252
547267
547271
547281
547283
547290
547299
547316
547319
547336
547359
547360
547366
547382
547422
547439
547446
547452
547456
547492
547498
547502
547531
547542
547545
547566
547572
547580
547601
547609
547610
547631
547633
547641
547646
547651
547656
547669
547680
547692
547696
547739
547741
547763
547776
547784
547790
547790
547798
547803
547810
547812
547815
547855
547856
547876
547885
547926
547937
547947
547952
547962
547981
547987
547988
548006
548011
548017
548026
548062
548074
548075
548087
548088
548089
548103
548131
548131
548142
548150
548156
548173
548174
548175
548175
548185
548186
548186
548188
548193
548204
548208
548211
548216
548224
548227
548234
548246
548248
548266
548268
548269
548276
548286
548301
548314
548326
548330
548331
548342
548349
548363
548387
548412
548416
548432
548446
548446
548478
548485
548507
548514
548522
548526
548538
548544
548544
548553
548553
548554
548554
548565
548572
548573
548573
548576
548586
548599
548601
548620
548635
548640
548650
548685
548687
548688
548701
548702
548715
548741
548745
548753
548773
548774
548775
548802
548814
548822
548824
548834
548835
548839
548841
548845
548854
548864
548865
548872
548894
548912
548912
548913
548918
548920
548928
548931
548960
548972
548976
548978
548983
549000
549029
549041
549052
549055
549056
549092
549093
549117
549119
549139
549153
549155
549156
549182
549192
549208
549210
549211
549212
549222
549223
549234
549243
549253
549254
549256
549258
549266
549269
549282
549289
549297
549302
549311
549326
549384
549404
549416
549417
549465
549470
549476
549483
549484
549485
549486
549486
549520
549527
549529
549535
549543
549544
549561
549576
549577
549580
549599
549622
549650
549666
549670
549692
549711
549718
549724
549734
549745
549753
549765
549767
549776
549776
549813
549813
549826
549830
549835
549841
549845
549854
549868
549870
549872
549877
549891
549894
549901
549909
549938
549948
549982
549986
550014
550020
550023
550026
550035
550040
550053
550066
550067
550074
550079
550089
550101
550113
550114
550143
550144
550150
550152
550162
550162
550187
550200
550213
550214
550214
550223
550238
550238
550242
550268
550268
550269
550272
550273
550282
550291
550291
550292
550298
550307
550307
550312
550315
550327
550330
550351
550353
550354
550354
550370
550373
550393
550401
550425
550433
550451
550467
550470
550475
550484
550488
550491
550499
550515
550526
550533
550554
550585
550586
550587
550588
550592
550599
550602
550606
550640
550647
550652
550675
550676
550680
550682
550700
550710
550758
550763
550783
550805
550857
550871
550914
550922
550937
550943
550944
550954
550959
550963
550969
550975
550984
550992
551005
551005
551017
551023
551024
551027
551067
551077
551083
551088
551126
551139
551146
551183
551215
551238
551240
551240
551259
551263
551265
551280
551282
551303
551307
551311
551339
551343
551347
551355
551365
551366
551372
551373
551378
551382
551383
551398
551406
551430
551440
551440
551446
551446
551454
551459
551460
551507
551512
551516
551527
551550
551576
551577
551585
551587
551589
551590
551590
551597
551605
551617
551618
551628
551634
551642
551653
551659
551661
551663
551663
551685
551704
551711
551712
551718
551724
551741
551742
551743
551766
551767
551771
551771
551785
551795
551795
551802
551832
551838
551872
551874
551883
551895
551897
551909
551923
551931
551941
551946
551949
551955
551972
551974
551974
551979
551983
551986
552007
552009
552021
552049
552072
552074
552096
552098
552098
552104
552108
552122
552122
552127
552155
552182
552186
552195
552218
552222
552242
552248
552255
552255
552272
552274
552277
552292
552305
552313
552334
552349
552375
552395
552405
552406
552408
552413
552438
552442
552447
552476
552494
552530
552536
552537
552574
552601
552606
552610
552617
552618
552618
552631
552632
552644
552660
552682
552714
552731
552741
552746
552758
552759
552766
552779
552799
552805
552817
552821
552824
552829
552834
552838
552841
552843
552846
552846
552895
552907
552913
552922
552935
552950
552958
552960
552964
552985
552985
552995
553008
553016
553026
553064
553098
553105
553114
553126
553127
553156
553179
553180
553182
553195
553206
553215
553220
553242
553270
553278
553280
553284
553291
553292
553305
553343
553351
553363
553372
553393
553396
553412
553415
553421
553422
553422
553423
553428
553431
553454
553456
553468
553489
553496
553536
553553
553560
553560
553569
553570
553579
553580
553586
553587
553605
553611
553680
553713
553730
553751
553758
553767
553768
553775
553781
553787
553790
553821
553825
553841
553853
553853
553854
553863
553884
553896
553898
553920
553931
553933
553947
553948
553962
553981
553986
553992
553994
554024
554027
554044
554045
554048
554051
554055
554066
554072
554074
554077
554082
554088
554089
554104
554107
554112
554113
554123
554126
554127
554132
554137
554157
554165
554171
554183
554194
554209
554227
554232
554234
554241
554244
554266
554269
554278
554281
554294
554295
554296
554298
554304
554321
554324
554333
554335
554347
554350
554362
554376
554379
554399
554400
554403
554407
554453
554465
554473
554479
554486
554487
554495
554521
554528
554529
554550
554574
554580
554585
554604
554638
554642
554650
554673
554676
554677
554681
554691
554700
554725
554744
554746
554759
554767
554768
554780
554804
554819
554820
554821
554825
554828
554833
554851
554865
554878
554901
554906
554907
554910
554914
554926
554929
554932
554941
554967
554969
554972
554978
554986
554998
555002
555007
555014
555017
555025
555033
555036
555053
555067
555069
555095
555097
555108
555109
555114
555115
555115
555126
555134
555149
555157
555180
555183
555187
555189
555210
555217
555236
555243
555244
555246
555253
555259
555291
555293
555297
555299
555305
555321
555325
555330
555332
555335
555340
555340
555341
555359
555361
555365
555384
555402
555431
555437
555444
555455
555460
555469
555487
555489
555508
555510
555530
555531
555548
555554
555559
555573
555584
555590
555596
555611
555612
555620
555623
555634
555642
555649
555663
555668
555677
555683
555688
555694
555717
555734
555759
555766
555775
555778
555787
555800
555823
555824
555829
555831
555835
555845
555861
555864
555871
555886
555891
555894
555910
555913
555949
555958
555967
555972
555993
555993
555995
556004
556006
556013
556030
556035
556039
556060
556064
556075
556082
556114
556143
556173
556188
556190
556206
556211
556217
556223
556224
556242
556268
556269
556282
556300
556306
556323
556336
556342
556350
556358
556373
556384
556386
556387
556399
556401
556410
556413
556419
556434
556466
556486
556486
556490
556495
556497
556499
556507
556512
556518
556524
556530
556537
556547
556563
556566
556595
556596
556602
556620
556628
556628
556653
556656
556657
556668
556715
556716
556722
556723
556726
556733
556752
556757
556761
556762
556765
556775
556794
556797
556800
556819
556827
556862
556876
556885
556912
556916
556936
556939
556960
556981
556987
556990
557005
557010
557029
557033
557035
557058
557074
557089
557097
557116
557128
557131
557135
557136
557158
557175
557188
557188
557189
557202
557206
557219
557235
557235
557243
557244
557258
557264
557264
557283
557283
557288
557289
557296
557313
557321
557334
557336
557337
557344
557351
557354
557382
557410
557433
557440
557447
557459
557469
557469
557488
557498
557511
557519
557526
557542
557548
557582
557584
557590
557612
557614
557624
557637
557643
557677
557679
557683
557690
557702
557708
557710
557713
557718
557722
557737
557746
557753
557762
557799
557819
557834
557847
557855
557858
557874
557876
557876
557889
557926
557928
557937
557941
557961
557979
557981
558009
558026
558037
558044
558047
558067
558083
558090
558150
558159
558174
558180
558182
558190
558191
558193
558205
558207
558218
558221
558231
558245
558275
558280
558298
558299
558307
558316
558319
558325
558344
558356
558366
558409
558411
558444
558457
558470
558476
558476
558482
558488
558494
558500
558504
558513
558549
558551
558557
558573
558574
558581
558584
558590
558597
558610
558615
558618
558621
558630
558653
558669
558682
558689
558694
558698
558716
558727
558751
558761
558775
558781
558794
558818
558824
558828
558835
558858
558863
558872
558876
558882
558886
558889
558898
558922
558986
558989
558994
558996
558997
559004
559007
559016
559022
559027
559035
559050
559051
559054
559070
559104
559105
559114
559123
559123
559128
559139
559172
559179
559180
559182
559192
559197
559213
559224
559233
559248
559261
559261
559267
559308
559337
559345
559349
559353
559360
559367
559368
559379
559390
559391
559395
559398
559417
559428
559437
559437
559443
559450
559456
559459
559462
559468
559470
559490
559501
559504
559550
559550
559551
559569
559572
559573
559576
559577
559602
559609
559612
559613
559619
559621
559623
559625
559628
559632
559633
559638
559648
559656
559659
559661
559663
559669
559690
559699
559715
559726
559728
559741
559743
559755
559758
559759
559762
559767
559768
559775
559792
559801
559803
559818
559826
559829
559836
559844
559845
559850
559864
559871
559874
559890
559893
559899
559904
559907
559908
559909
559909
559910
559916
559921
559940
559956
559965
559970
559973
559976
560002
560008
560011
560022
560023
560023
560044
560053
560064
560067
560067
560074
560075
560112
560114
560122
560126
560131
560135
560161
560203
560205
560207
560250
560253
560265
560266
560270
560280
560293
560293
560296
560312
560329
560338
560341
560355
560356
560357
560357
560360
560381
560389
560405
560431
560433
560444
560455
560474
560475
560476
560514
560524
560525
560545
560547
560552
560565
560577
560583
560589
560602
560629
560637
560641
560643
560645
560695
560700
560707
560707
560712
560716
560719
560722
560726
560741
560746
560750
560752
560755
560761
560765
560772
560780
560793
560806
560823
560827
560833
560845
560855
560875
560875
560875
560880
560885
560902
560905
560920
560924
560925
560925
560936
560938
560978
560978
560990
561002
561009
561011
561014
561017
561021
561025
561033
561036
561061
561062
561077
561081
561104
561104
561121
561127
561136
561159
561165
561171
561176
561183
561187
561202
561202
561211
561217
561218
561219
561237
561254
561266
561282
561291
561305
561308
561315
561317
561317
561322
561330
561332
561333
561334
561351
561371
561374
561385
561388
561392
561427
561429
561431
561432
561459
561463
561483
561488
561490
561522
561538
561565
561573
561610
561611
561612
561625
561653
561674
561717
561718
561730
561734
561744
561759
561788
561801
561802
561810
561815
561816
561822
561861
561876
561889
561889
561910
561915
561956
561960
561969
561981
562014
562016
562020
562027
562046
562049
562065
562068
562083
562083
562087
562097
562101
562107
562112
562120
562120
562126
562149
562151
562169
562170
562174
562208
562209
562226
562253
562254
562256
562267
562270
562271
562303
562303
562308
562321
562348
562374
562390
562409
562413
562421
562438
562448
562457
562480
562483
562485
562498
562550
562555
562559
562560
562561
562571
562607
562609
562611
562614
562618
562620
562621
562623
562655
562674
562677
562679
562680
562685
562705
562707
562717
562727
562730
562756
562779
562789
562792
562800
562849
562853
562858
562864
562867
562879
562884
562886
562890
562909
562921
562925
562927
562940
562969
562975
563006
563014
563039
563054
563064
563069
563116
563121
563125
563138
563141
563147
563149
563153
563156
563159
563163
563164
563177
563177
563180
563196
563201
563205
563216
563223
563251
563252
563257
563269
563277
563277
563301
563334
563335
563337
563344
563360
563379
563382
563386
563395
563398
563400
563405
563413
563427
563443
563465
563480
563493
563500
563522
563525
563532
563537
563550
563574
563577
563597
563600
563607
563651
563653
563660
563681
563691
563693
563694
563724
563741
563742
563751
563757
563782
563783
563794
563795
563820
563833
563839
563843
563865
563867
563876
563906
563907
563923
563936
563950
563952
563953
563994
564008
564024
564040
564056
564078
564096
564099
564155
564164
564173
564174
564191
564200
564205
564207
564236
564238
564260
564262
564279
564281
564283
564340
564341
564346
564348
564349
564356
564359
564362
564365
564381
564384
564398
564402
564427
564439
564441
564447
564452
564461
564463
564466
564498
564501
564512
564524
564543
564555
564557
564562
564563
564612
564620
564636
564639
564641
564684
564685
564691
564699
564726
564757
564773
564783
564794
564800
564827
564830
564879
564882
564885
564889
564902
564904
564928
564930
564944
564957
564961
564963
564971
565008
565017
565019
565025
565027
565034
565042
565043
565044
565063
565079
565105
565106
565107
565109
565130
565133
565135
565138
565163
565163
565183
565195
565202
565223
565233
565242
565243
565256
565265
565274
565274
565288
565291
565292
565296
565300
565316
565342
565343
565345
565387
565388
565392
565407
565409
565431
565437
565441
565443
565443
565449
565450
565456
565473
565484
565488
565496
565519
565522
565525
565528
565531
565541
565543
565557
565578
565598
565599
565602
565618
565648
565649
565650
565654
565657
565667
565669
565681
565700
565731
565736
565738
565742
565751
565758
565761
565768
565833
565875
565881
565900
565901
565902
565903
565907
565909
565946
565950
565989
566010
566011
566012
566013
566015
566020
566026
566035
566043
566046
566050
566152
566184
566186
566195
566211
566244
566251
566258
566269
566271
566275
566286
566295
566297
566299
566310
566329
566345
566352
566368
566392
566406
566407
566410
566422
566439
566445
566464
566481
566490
566505
566520
566540
566540
566547
566557
566562
566565
566570
566571
566578
566582
566595
566612
566616
566621
566625
566642
566643
566643
566657
566660
566663
566663
566693
566709
566753
566759
566760
566761
566770
566770
566786
566787
566789
566796
566812
566812
566817
566820
566829
566833
566849
566852
566852
566854
566865
566868
566887
566894
566898
566942
566947
566956
566974
566980
567008
567022
567024
567025
567026
567034
567047
567054
567058
567060
567071
567073
567104
567115
567122
567126
567127
567128
567129
567147
567165
567182
567190
567209
567222
567241
567248
567250
567277
567287
567288
567295
567333
567343
567353
567387
567391
567392
567402
567405
567443
567454
567456
567462
567485
567490
567503
567510
567514
567544
567549
567556
567558
567591
567610
567627
567628
567644
567650
567654
567655
567659
567672
567687
567690
567731
567735
567739
567743
567744
567747
567752
567781
567797
567815
567815
567819
567843
567845
567868
567880
567898
567899
567907
567909
567910
567923
567924
567928
567930
567953
567954
567965
567976
567998
568007
568015
568022
568046
568055
568082
568083
568085
568098
568101
568108
568170
568171
568185
568205
568210
568213
568241
568253
568261
568272
568282
568309
568309
568340
568341
568343
568358
568359
568380
568395
568409
568413
568417
568429
568438
568480
568489
568498
568501
568512
568521
568528
568528
568537
568546
568551
568551
568565
568566
568589
568607
568615
568652
568652
568665
568672
568681
568698
568698
568715
568725
568729
568753
568756
568761
568770
568798
568798
568810
568819
568819
568835
568847
568915
568916
568924
568924
568928
568932
568934
568936
568939
568939
568949
568981
568987
569006
569038
569047
569050
569059
569064
569066
569071
569073
569084
569086
569105
569109
569127
569133
569138
569146
569149
569170
569179
569196
569215
569219
569225
569232
569279
569283
569291
569316
569323
569325
569330
569333
569355
569375
569378
569381
569392
569412
569432
569442
569443
569459
569460
569469
569473
569476
569494
569496
569506
569526
569529
569543
569560
569565
569565
569569
569574
569591
569593
569606
569608
569619
569647
569661
569671
569701
569711
569717
569721
569727
569734
569748
569775
569776
569792
569793
569795
569800
569804
569808
569820
569839
569849
569856
569858
569872
569875
569876
569878
569886
569911
569920
569934
569940
569962
570003
570035
570045
570045
570049
570060
570062
570063
570066
570083
570112
570115
570127
570140
570144
570147
570175
570177
570196
570198
570198
570203
570203
570224
570228
570228
570241
570241
570247
570248
570283
570296
570309
570312
570321
570356
570384
570401
570405
570419
570424
570429
570462
570463
570463
570467
570471
570472
570490
570491
570508
570513
570516
570523
570524
570530
570545
570548
570548
570550
570556
570560
570570
570570
570573
570579
570588
570594
570607
570632
570669
570672
570692
570694
570696
570722
570750
570762
570773
570778
570791
570792
570799
570844
570863
570874
570883
570893
570899
570900
570909
570941
570983
570988
571004
571026
571036
571056
571070
571080
571083
571094
571094
571104
571115
571117
571131
571143
571144
571151
571153
571175
571179
571180
571196
571212
571213
571218
571227
571252
571262
571314
571317
571324
571332
571334
571348
571371
571379
571381
571384
571427
571440
571456
571461
571466
571470
571481
571485
571511
571515
571534
571556
571571
571580
571591
571598
571621
571621
571622
571627
571640
571645
571646
571657
571670
571687
571703
571715
571730
571754
571755
571756
571759
571762
571763
571770
571785
571793
571799
571803
571810
571810
571818
571825
571856
571858
571862
571864
571878
571880
571893
571897
571903
571928
571930
571932
571938
571938
571953
571979
571991
572017
572031
572051
572052
572056
572072
572097
572098
572105
572107
572129
572131
572147
572173
572193
572203
572214
572219
572226
572261
572268
572270
572282
572298
572298
572300
572301
572309
572311
572320
572322
572327
572336
572348
572355
572365
572367
572369
572370
572381
572385
572389
572399
572400
572412
572412
572439
572444
572452
572458
572460
572470
572484
572517
572531
572547
572555
572588
572592
572596
572601
572612
572629
572634
572663
572667
572685
572696
572713
572721
572729
572734
572736
572740
572761
572777
572778
572781
572786
572786
572788
572798
572800
572810
572816
572817
572841
572845
572846
572861
572865
572875
572875
572886
572888
572906
572907
572917
572922
572930
572930
572953
572976
572980
572982
573011
573021
573027
573031
573037
573046
573059
573063
573065
573080
573083
573096
573102
573103
573104
573111
573119
573122
573133
573139
573176
573183
573193
573194
573198
573206
573226
573238
573240
573264
573269
573273
573273
573293
573295
573315
573319
573347
573347
573352
573357
573399
573405
573409
573410
573448
573451
573467
573476
573494
573501
573514
573522
573524
573524
573583
573633
573639
573641
573653
573654
573663
573668
573669
573677
573690
573698
573705
573716
573722
573739
573756
573759
573761
573785
573800
573806
573823
573824
573826
573829
573842
573874
573876
573891
573900
573906
573907
573913
573922
573925
573926
573946
573947
573951
573951
573953
573953
573958
573968
573972
573979
573980
574007
574018
574030
574031
574038
574042
574048
574058
574086
574086
574087
574094
574101
574128
574146
574149
574172
574177
574198
574211
574212
574237
574251
574255
574258
574265
574282
574290
574290
574299
574304
574315
574317
574326
574327
574333
574339
574344
574353
574370
574380
574387
574389
574401
574424
574442
574458
574466
574478
574485
574486
574494
574501
574505
574507
574511
574535
574550
574574
574582
574586
574595
574603
574605
574605
574605
574612
574614
574620
574621
574627
574656
574663
574666
574672
574691
574708
574708
574715
574719
574725
574737
574739
574773
574783
574786
574803
574829
574832
574857
574864
574870
574876
574895
574914
574915
574918
574926
574926
574929
574931
574932
574935
574946
574955
574960
574963
574970
574975
574978
574982
574990
574994
574996
575014
575018
575019
575019
575027
575028
575042
575045
575071
575114
575136
575144
575146
575156
575165
575179
575182
575182
575187
575193
575198
575217
575219
575228
575236
575237
575268
575268
575276
575277
575289
575291
575293
575294
575316
575324
575331
575340
575360
575393
575396
575399
575411
575440
575452
575452
575456
575457
575458
575462
575469
575486
575498
575511
575516
575524
575549
575558
575562
575581
575590
575602
575603
575615
575635
575665
575674
575679
575683
575688
575696
575720
575752
575767
575781
575786
575808
575816
575823
575831
575839
575851
575862
575881
575888
575902
575911
575923
575939
575947
575947
575951
575973
575975
576013
576028
576041
576046
576053
576097
576100
576105
576113
576149
576156
576180
576184
576189
576194
576201
576208
576218
576236
576248
576251
576252
576265
576267
576294
576317
576322
576331
576346
576356
576358
576363
576364
576382
576384
576405
576406
576409
576419
576420
576429
576432
576433
576440
576445
576454
576460
576469
576475
576481
576509
576516
576526
576530
576531
576544
576559
576572
576584
576588
576589
576604
576607
576616
576658
576667
576710
576711
576713
576714
576714
576725
576734
576734
576749
576759
576762
576764
576785
576802
576811
576813
576848
576852
576857
576857
576866
576876
576880
576888
576894
576901
576907
576909
576910
576937
576950
576953
576962
576990
576995
576995
577025
577031
577061
577068
577071
577079
577084
577086
577086
577089
577090
577091
577112
577144
577149
577150
577151
577154
577168
577169
577184
577189
577194
577196
577198
577206
577228
577267
577275
577293
577296
577331
577333
577350
577350
577352
577365
577370
577374
577388
577404
577421
577422
577448
577454
577456
577462
577481
577486
577500
577515
577525
577530
577531
577532
577541
577549
577575
577581
577611
577616
577624
577633
577638
577649
577651
577653
577655
577657
577669
577672
577674
577685
577694
577706
577712
577722
577729
577733
577737
577744
577757
577769
577770
577792
577792
577797
577801
577804
577807
577822
577828
577863
577885
577885
577893
577896
577896
577904
577912
577914
577927
577935
577940
577948
577958
577977
577978
577989
577990
577996
577996
578006
578020
578025
578030
578031
578048
578073
578080
578098
578121
578123
578126
578126
578152
578155
578181
578185
578187
578202
578209
578212
578214
578216
578217
578228
578241
578246
578257
578260
578262
578264
578272
578282
578298
578313
578337
578339
578345
578353
578357
578373
578384
578386
578438
578438
578443
578456
578457
578480
578491
578503
578503
578517
578526
578535
578543
578547
578565
578568
578569
578572
578578
578580
578597
578598
578599
578608
578618
578619
578629
578635
578654
578678
578680
578690
578695
578696
578698
578698
578707
578729
578733
578744
578745
578746
578761
578763
578780
578780
578781
578796
578797
578800
578805
578829
578829
578832
578833
578834
578839
578841
578844
578861
578873
578894
578902
578911
578926
578927
578929
578944
578970
578981
578999
579016
579039
579046
579050
579059
579063
579064
579067
579070
579097
579115
579136
579138
579146
579162
579163
579167
579169
579175
579177
579213
579213
579215
579226
579226
579228
579231
579234
579247
579264
579273
579277
579279
579287
579307
579325
579327
579331
579335
579340
579365
579394
579404
579419
579425
579450
579452
579463
579466
579474
579492
579497
579505
579522
579529
579532
579554
579554
579569
579572
579586
579600
579609
579626
579652
579667
579675
579683
579688
579691
579694
579696
579712
579716
579743
579754
579777
579782
579785
579799
579800
579821
579825
579832
579873
579893
579912
579919
579950
579952
579959
579975
579975
579975
579977
580025
580038
580041
580050
580052
580053
580091
580091
580115
580135
580138
580144
580161
580162
580174
580182
580189
580196
580200
580200
580207
580210
580216
580223
580226
580234
580235
580249
580258
580261
580262
580265
580266
580277
580283
580285
580296
580329
580382
580384
580385
580387
580399
580403
580408
580427
580435
580441
580476
580478
580507
580510
580513
580527
580530
580546
580553
580559
580576
580581
580613
580614
580625
580629
580630
580658
580669
580672
580677
580678
580678
580682
580687
580694
580729
580730
580750
580766
580768
580787
580789
580792
580801
580806
580838
580851
580860
580864
580868
580869
580872
580877
580879
580880
580884
580896
580903
580906
580907
580917
580931
580954
580968
580976
580985
580996
581005
581011
581033
581040
581047
581049
581055
581063
581075
581085
581091
581096
581097
581097
581113
581122
581129
581132
581140
581142
581143
581157
581171
581171
581175
581190
581198
581199
581210
581215
581219
581240
581246
581270
581322
581327
581331
581332
581420
581423
581450
581453
581453
581457
581459
581468
581479
581490
581490
581497
581507
581520
581531
581536
581541
581547
581553
581555
581557
581585
581585
581586
581588
581613
581624
581634
581635
581638
581652
581655
581692
581709
581722
581726
581738
581740
581743
581748
581749
581794
581796
581801
581806
581824
581830
581833
581834
581835
581838
581853
581859
581884
581914
581915
581922
581939
581952
581953
581972
581983
581985
581989
582006
582008
582009
582020
582021
582038
582047
582048
582051
582065
582073
582095
582115
582116
582119
582127
582136
582146
582147
582152
582153
582172
582177
582190
582193
582214
582220
582221
582230
582231
582243
582249
582258
582282
582297
582306
582311
582314
582317
582322
582329
582356
582356
582369
582372
582385
582396
582406
582407
582409
582411
582423
582427
582433
582435
582450
582456
582474
582475
582476
582486
582489
582515
582525
582526
582541
582543
582556
582559
582559
582562
582563
582581
582585
582593
582602
582603
582626
582648
582658
582675
582692
582697
582714
582718
582722
582754
582783
582790
582791
582799
582814
582849
582855
582867
582879
582879
582901
582905
582913
582926
582948
582952
582961
582962
582979
582994
583017
583028
583038
583040
583043
583054
583059
583062
583062
583068
583087
583096
583110
583170
583174
583174
583180
583187
583216
583219
583219
583224
583229
583246
583257
583260
583262
583264
583277
583286
583289
583309
583338
583346
583374
583416
583427
583437
583445
583449
583459
583472
583478
583496
583501
583507
583524
583539
583549
583575
583582
583582
583592
583595
583597
583601
583618
583630
583661
583661
583662
583666
583673
583716
583729
583733
583748
583749
583754
583768
583768
583772
583785
583791
583795
583796
583800
583802
583811
583822
583823
583825
583835
583882
583904
583919
583920
583925
583947
583957
583973
583977
583978
583981
583994
583995
584009
584015
584022
584030
584041
584041
584042
584046
584047
584048
584058
584067
584069
584091
584121
584170
584181
584183
584191
584201
584203
584209
584219
584243
584247
584252
584265
584269
584298
584316
584317
584326
584338
584353
584365
584365
584366
584384
584397
584406
584408
584420
584438
584447
584448
584463
584465
584470
584485
584486
584513
584521
584528
584535
584546
584550
584551
584590
584592
584598
584607
584613
584621
584637
584643
584659
584680
584681
584703
584705
584719
584727
584735
584745
584745
584759
584779
584782
584813
584842
584894
584902
584904
584924
584940
584949
584976
584984
584996
585041
585051
585061
585062
585066
585074
585086
585092
585094
585094
585121
585124
585125
585125
585131
585132
585136
585157
585158
585165
585166
585171
585183
585184
585189
585208
585221
585223
585227
585260
585271
585279
585286
585292
585324
585325
585333
585342
585366
585385
585398
585407
585410
585449
585451
585451
585467
585483
585490
585495
585498
585499
585507
585513
585515
585515
585543
585547
585550
585568
585593
585599
585604
585614
585616
585633
585634
585635
585637
585662
585665
585677
585681
585691
585697
585697
585702
585704
585708
585723
585749
585750
585768
585785
585786
585796
585798
585800
585802
585831
585864
585871
585872
585880
585883
585902
585906
585908
585910
585913
585915
585916
585920
585941
585974
585986
585988
585991
586004
586006
586026
586030
586033
586041
586046
586047
586053
586054
586062
586078
586079
586082
586089
586109
586132
586135
586163
586169
586174
586174
586189
586192
586199
586213
586218
586232
586233
586244
586247
586254
586258
586261
586261
586274
586283
586290
586296
586307
586316
586327
586327
586328
586331
586334
586340
586357
586370
586377
586385
586394
586412
586420
586450
586452
586458
586464
586470
586479
586487
586490
586493
586506
586507
586510
586518
586570
586571
586606
586612
586614
586622
586622
586629
586647
586654
586654
586657
586657
586662
586688
586701
586708
586715
586739
586758
586786
586817
586818
586819
586835
586838
586839
586852
586856
586858
586861
586886
586893
586896
586910
586920
586946
586952
586980
586984
586992
587012
587021
587029
587039
587047
587057
587067
587067
587084
587085
587089
587100
587119
587127
587155
587163
587163
587167
587171
587173
587183
587187
587197
587197
587205
587208
587217
587226
587255
587269
587290
587292
587293
587294
587296
587306
587318
587343
587347
587355
587374
587380
587381
587381
587389
587412
587424
587425
587446
587471
587503
587513
587513
587528
587528
587537
587549
587553
587565
587576
587588
587590
587590
587591
587599
587599
587622
587628
587628
587633
587674
587705
587725
587739
587760
587769
587798
587808
587824
587842
587846
587854
587873
587881
587884
587886
587892
587901
587909
587912
587914
587920
587932
587935
587935
587946
587946
587948
587968
587984
588004
588008
588021
588087
588099
588121
588122
588129
588159
588178
588193
588203
588215
588217
588223
588232
588246
588254
588258
588262
588280
588310
588328
588336
588336
588346
588351
588353
588374
588381
588389
588401
588408
588416
588437
588447
588460
588488
588498
588508
588511
588511
588512
588515
588541
588553
588557
588567
588574
588583
588588
588605
588632
588635
588641
588668
588680
588685
588689
588692
588700
588743
588753
588762
588768
588771
588773
588780
588790
588806
588816
588819
588822
588864
588870
588878
588925
588937
588969
588976
588979
589009
589016
589032
589044
589049
589049
589052
589056
589062
589080
589084
589100
589113
589123
589127
589129
589142
589154
589173
589175
589177
589182
589183
589185
589186
589191
589202
589211
589236
589241
589292
589297
589307
589313
589326
589328
589340
589346
589349
589366
589380
589380
589394
589414
589419
589419
589425
589427
589437
589437
589444
589445
589464
589469
589474
589501
589524
589537
589542
589563
589570
589595
589597
589598
589613
589652
589657
589682
589684
589687
589710
589711
589712
589713
589727
589730
589739
589747
589750
589754
589789
589803
589808
589811
589813
589814
589824
589827
589843
589853
589857
589876
589885
589902
589909
589919
589951
589973
589976
589980
589984
589993
589999
590003
590025
590029
590060
590077
590078
590081
590084
590094
590102
590143
590148
590157
590160
590164
590177
590186
590196
590199
590203
590203
590226
590254
590260
590261
590294
590302
590315
590318
590318
590326
590336
590339
590409
590421
590425
590433
590433
590443
590447
590450
590452
590457
590463
590468
590471
590481
590485
590490
590520
590540
590545
590549
590552
590593
590603
590604
590612
590680
590682
590687
590713
590716
590716
590721
590734
590742
590743
590757
590770
590777
590781
590806
590813
590818
590818
590825
590831
590848
590859
590864
590885
590895
590897
590901
590903
590904
590908
590946
590967
590982
591000
591009
591011
591013
591031
591042
591061
591062
591066
591075
591075
591088
591098
591100
591114
591119
591131
591141
591150
591163
591191
591197
591215
591222
591223
591229
591234
591248
591264
591277
591292
591331
591336
591360
591372
591373
591389
591401
591403
591406
591431
591432
591439
591444
591457
591461
591461
591472
591493
591499
591515
591515
591536
591540
591546
591554
591557
591563
591566
591596
591597
591599
591615
591632
591639
591660
591664
591671
591683
591696
591697
591699
591699
591720
591737
591761
591767
591769
591798
591801
591813
591820
591830
591833
591841
591888
591902
591917
591931
591932
591956
591957
591959
591968
591993
592003
592009
592010
592032
592038
592038
592040
592061
592072
592087
592087
592092
592092
592099
592100
592105
592116
592122
592127
592128
592128
592145
592146
592159
592162
592169
592178
592189
592210
592215
592220
592246
592249
592259
592260
592267
592268
592271
592275
592277
592280
592292
592302
592308
592337
592361
592367
592369
592379
592412
592420
592421
592427
592427
592428
592435
592442
592444
592453
592461
592475
592488
592492
592499
592508
592512
592519
592520
592530
592532
592538
592548
592562
592565
592567
592586
592611
592611
592631
592642
592671
592681
592692
592700
592726
592727
592741
592771
592794
592800
592804
592824
592828
592835
592843
592865
592891
592894
592913
592914
592925
592939
592956
592958
592962
592964
592972
592999
593002
593003
593010
593020
593021
593022
593041
593046
593055
593055
593065
593094
593099
593107
593128
593137
593142
593144
593149
593152
593169
593169
593170
593176
593197
593214
593220
593234
593243
593251
593259
593265
593270
593272
593280
593294
593303
593320
593341
593352
593357
593362
593370
593371
593385
593389
593411
593411
593419
593421
593424
593425
593443
593446
593446
593451
593477
593483
593486
593511
593516
593520
593529
593541
593554
593556
593559
593561
593568
593574
593578
593582
593588
593600
593606
593618
593630
593639
593641
593646
593652
593655
593656
593663
593692
593694
593705
593708
593724
593725
593725
593729
593760
593766
593769
593770
593772
593774
593794
593797
593799
593812
593827
593830
593831
593841
593843
593864
593890
593916
593925
593928
593931
593934
593948
593955
593960
593975
593978
593984
593987
593987
593988
593997
594008
594013
594024
594027
594027
594035
594047
594054
594056
594060
594067
594112
594114
594115
594125
594137
594141
594142
594148
594149
594176
594186
594189
594189
594203
594235
594236
594241
594244
594251
594260
594266
594269
594273
594284
594293
594295
594355
594373
594387
594389
594389
594394
594395
594402
594404
594412
594421
594429
594435
594451
594452
594454
594480
594483
594511
594515
594520
594526
594529
594540
594553
594558
594560
594567
594571
594633
594642
594645
594654
594655
594681
594697
594708
594710
594727
594738
594741
594746
594747
594759
594769
594770
594772
594783
594787
594807
594825
594827
594831
594870
594880
594886
594892
594907
594912
594924
594933
594949
594994
594996
595020
595022
595024
595038
595044
595048
595061
595073
595079
595114
595120
595123
595134
595138
595152
595170
595173
595178
595184
595187
595187
595195
595197
595232
595232
595233
595247
595250
595250
595250
595256
595277
595287
595290
595291
595316
595319
595331
595333
595344
595351
595361
595384
595396
595406
595419
595422
595431
595434
595441
595484
595494
595495
595496
595499
595512
595517
595518
595523
595534
595573
595578
595596
595602
595612
595618
595618
595619
595620
595622
595626
595629
595651
595651
595651
595660
595667
595679
595684
595684
595685
595689
595699
595699
595705
595718
595720
595720
595723
595728
595738
595746
595747
595763
595774
595776
595789
595800
595809
595817
595829
595871
595876
595880
595887
595895
595899
595905
595908
595948
595953
595984
596007
596028
596035
596044
596045
596049
596067
596086
596093
596099
596099
596101
596104
596115
596119
596141
596160
596174
596182
596182
596187
596201
596215
596216
596220
596227
596243
596263
596267
596269
596271
596273
596288
596298
596300
596301
596309
596361
596365
596373
596400
596410
596414
596420
596420
596438
596448
596470
596470
596475
596477
596478
596517
596519
596525
596534
596542
596555
596568
596574
596577
596612
596627
596629
596631
596649
596657
596662
596665
596669
596684
596712
596720
596731
596738
596738
596740
596749
596756
596762
596766
596766
596788
596806
596822
596852
596856
596856
596857
596883
596887
596889
596892
596903
596904
596933
596939
596949
596958
596963
596982
596994
597001
597027
597031
597035
597048
597074
597080
597116
597141
597146
597149
597174
597191
597193
597198
597214
597229
597233
597233
597240
597242
597248
597248
597256
597258
597264
597265
597271
597272
597273
597278
597279
597285
597313
597321
597322
597324
597348
597352
597359
597363
597369
597412
597423
597444
597448
597454
597471
597498
597498
597499
597502
597507
597522
597529
597531
597566
597566
597569
597570
597604
597606
597610
597621
597631
597634
597657
597698
597703
597708
597717
597717
597722
597733
597735
597736
597736
597744
597751
597772
597781
597787
597787
597790
597796
597808
597813
597824
597844
597859
597874
597886
597889
597903
597909
597914
597915
597920
597924
597945
597978
597981
597982
598010
598021
598039
598044
598051
598076
598089
598105
598108
598118
598138
598142
598150
598157
598160
598166
598169
598171
598188
598200
598227
598245
598258
598258
598268
598298
598311
598322
598330
598334
598337
598342
598364
598366
598368
598400
598409
598412
598446
598449
598450
598457
598461
598474
598486
598491
598494
598508
598509
598510
598528
598548
598550
598555
598556
598561
598570
598580
598603
598612
598624
598633
598639
598656
598669
598674
598677
598683
598709
598718
598723
598726
598731
598733
598736
598737
598744
598751
598756
598769
598776
598793
598799
598800
598816
598840
598844
598845
598859
598860
598861
598883
598884
598885
598903
598906
598908
598915
598917
598928
598944
598963
598972
598978
598982
598994
598999
599003
599012
599012
599021
599035
599037
599038
599040
599069
599087
599108
599109
599131
599140
599142
599142
599142
599149
599153
599172
599187
599195
599197
599201
599210
599216
599221
599222
599271
599275
599276
599287
599290
599298
599333
599344
599344
599353
599364
599377
599381
599383
599390
599405
599418
599427
599437
599446
599450
599467
599472
599478
599485
599488
599491
599508
599536
599538
599538
599546
599550
599551
599566
599570
599591
599594
599596
599616
599622
599627
599627
599631
599641
599642
599656
599658
599675
599690
599695
599707
599710
599722
599730
599750
599757
599764
599767
599772
599775
599780
599782
599813
599822
599825
599852
599854
599862
599866
599871
599874
599877
599886
599889
599895
599911
599928
599930
599934
599935
599942
599966
599997
600003
600004
600007
600031
600041
600043
600045
600055
600094
600110
600120
600123
600127
600170
600178
600182
600197
600202
600208
600221
600227
600240
600255
600264
600265
600270
600276
600318
600348
600359
600360
600361
600377
600379
600397
600401
600406
600416
600417
600418
600438
600458
600467
600469
600485
600488
600489
600490
600506
600511
600512
600531
600551
600561
600567
600570
600583
600585
600586
600591
600592
600606
600618
600629
600670
600678
600682
600689
600690
600692
600701
600702
600702
600709
600713
600720
600725
600727
600737
600740
600749
600753
600765
600766
600775
600779
600782
600805
600808
600816
600826
600849
600878
600883
600887
600918
600921
600963
600964
600980
600990
600992
601004
601007
601015
601020
601023
601031
601059
601059
601063
601077
601128
601129
601142
601147
601151
601164
601169
601207
601207
601209
601210
601214
601217
601232
601235
601241
601256
601287
601297
601299
601313
601313
601335
601338
601345
601350
601354
601360
601381
601389
601424
601427
601431
601436
601455
601456
601456
601462
601469
601493
601494
601498
601502
601505
601528
601530
601537
601549
601572
601583
601584
601589
601590
601595
601604
601615
601620
601638
601648
601652
601653
601663
601687
601695
601704
601746
601770
601794
601801
601806
601808
601809
601809
601819
601836
601842
601865
601879
601904
601908
601909
601914
601931
601945
601954
601957
601959
601960
601967
601967
601987
601990
602021
602022
602027
602038
602045
602064
602072
602076
602093
602108
602108
602109
602118
602119
602126
602134
602136
602155
602160
602162
602169
602177
602182
602186
602189
602199
602201
602211
602221
602231
602235
602242
602280
602282
602291
602306
602318
602340
602343
602345
602349
602352
602358
602375
602384
602384
602390
602391
602403
602416
602426
602427
602437
602443
602453
602458
602481
602482
602489
602502
602506
602508
602509
602509
602511
602523
602534
602543
602549
602550
602565
602568
602570
602583
602594
602594
602607
602612
602625
602634
602649
602657
602670
602680
602689
602696
602699
602700
602730
602742
602747
602754
602766
602773
602795
602797
602820
602828
602884
602886
602911
602912
602921
602921
602923
602935
602940
602945
602948
602949
602969
602972
603004
603009
603014
603014
603026
603041
603077
603083
603087
603092
603097
603100
603107
603114
603123
603124
603163
603204
603206
603212
603228
603238
603241
603261
603298
603306
603318
603320
603328
603334
603348
603350
603357
603379
603402
603402
603414
603415
603419
603430
603435
603439
603440
603456
603465
603468
603471
603489
603511
603525
603525
603526
603531
603532
603551
603552
603553
603600
603604
603612
603613
603618
603630
603636
603655
603673
603678
603708
603713
603720
603728
603734
603737
603747
603757
603764
603772
603779
603785
603794
603799
603802
603874
603875
603882
603890
603912
603913
603916
603932
603944
603946
603988
603993
603993
603997
604006
604039
604062
604072
604081
604095
604101
604103
604106
604122
604123
604139
604197
604197
604198
604202
604205
604205
604222
604232
604257
604268
604279
604291
604297
604302
604308
604314
604323
604334
604357
604370
604375
604379
604400
604404
604413
604417
604427
604429
604433
604462
604498
604527
604545
604546
604547
604549
604571
604614
604616
604629
604634
604648
604664
604678
604685
604713
604729
604739
604744
604746
604758
604763
604768
604783
604789
604795
604797
604799
604800
604801
604807
604813
604821
604830
604831
604839
604845
604854
604865
604885
604885
604895
604896
604913
604918
604921
604924
604931
604940
604946
604958
604989
604991
605035
605038
605042
605047
605048
605051
605057
605069
605095
605097
605101
605105
605108
605147
605171
605178
605199
605200
605202
605215
605224
605235
605236
605245
605248
605262
605263
605266
605286
605288
605295
605306
605306
605319
605326
605350
605354
605358
605358
605386
605397
605416
605440
605445
605454
605484
605487
605498
605514
605519
605523
605530
605539
605540
605559
605567
605576
605582
605583
605595
605614
605617
605637
605639
605654
605660
605668
605691
605721
605745
605752
605756
605761
605768
605775
605776
605804
605804
605807
605813
605832
605835
605837
605837
605845
605864
605871
605873
605880
605881
605897
605906
605908
605915
605934
605939
605948
605980
606011
606033
606051
606059
606065
606079
606096
606119
606119
606124
606146
606146
606181
606183
606187
606192
606197
606204
606208
606241
606247
606260
606263
606268
606290
606311
606319
606324
606325
606339
606339
606340
606411
606415
606424
606444
606447
606462
606468
606471
606480
606497
606529
606535
606548
606566
606572
606587
606590
606607
606623
606629
606637
606638
606679
606684
606692
606701
606716
606720
606733
606737
606751
606785
606808
606820
606844
606845
606866
606881
606884
606904
606948
606954
606961
606975
606984
606993
606999
607009
607014
607015
607020
607029
607038
607053
607060
607062
607064
607072
607074
607094
607095
607102
607110
607129
607131
607134
607165
607167
607172
607174
607188
607198
607204
607209
607218
607227
607235
607240
607247
607252
607254
607273
607275
607294
607301
607310
607317
607333
607338
607363
607380
607380
607386
607388
607390
607404
607406
607416
607423
607430
607437
607439
607441
607442
607443
607453
607472
607475
607485
607488
607492
607496
607497
607501
607503
607521
607540
607556
607557
607562
607565
607567
607578
607580
607601
607630
607635
607646
607648
607655
607659
607661
607667
607686
607697
607697
607703
607715
607716
607717
607730
607733
607745
607751
607751
607752
607767
607776
607783
607784
607788
607791
607804
607851
607852
607854
607888
607904
607929
607945
607948
607957
607966
607980
607997
607999
608002
608019
608026
608026
608031
608033
608043
608051
608065
608079
608086
608091
608114
608117
608120
608122
608151
608151
608159
608188
608212
608213
608219
608241
608278
608281
608286
608290
608296
608297
608309
608312
608326
608327
608339
608371
608373
608388
608390
608394
608396
608408
608427
608435
608438
608443
608461
608463
608482
608519
608542
608561
608580
608583
608587
608594
608597
608599
608604
608606
608621
608647
608668
608677
608694
608698
608701
608722
608724
608749
608750
608754
608757
608764
608766
608768
608780
608783
608791
608822
608850
608852
608859
608864
608865
608880
608888
608889
608905
608936
608948
608969
608973
608978
608980
608988
608989
608992
609000
609002
609004
609011
609025
609034
609037
609041
609044
609044
609049
609052
609054
609057
609127
609139
609141
609143
609179
609191
609201
609214
609214
609244
609249
609260
609263
609270
609272
609278
609279
609298
609299
609319
609333
609340
609345
609358
609371
609375
609386
609389
609389
609407
609410
609421
609431
609435
609464
609469
609471
609550
609588
609598
609603
609631
609659
609662
609671
609678
609693
609697
609700
609718
609719
609720
609723
609735
609738
609766
609767
609769
609770
609780
609788
609793
609800
609807
609808
609824
609853
609865
609865
609874
609918
609921
609923
609934
609947
609952
609965
609985
609995
609999
610011
610047
610072
610077
610080
610087
610094
610119
610120
610126
610133
610149
610174
610184
610187
610187
610189
610200
610210
610211
610260
610262
610263
610270
610286
610298
610316
610343
610357
610358
610359
610373
610376
610384
610391
610396
610398
610401
610401
610420
610430
610436
610452
610456
610459
610459
610471
610473
610479
610479
610483
610486
610498
610505
610514
610514
610523
610527
610534
610536
610559
610564
610581
610585
610592
610599
610615
610620
610647
610655
610674
610679
610684
610686
610696
610709
610718
610727
610734
610742
610742
610761
610777
610782
610786
610789
610808
610831
610832
610833
610836
610842
610874
610886
610888
610898
610898
610900
610903
610921
610952
610952
610954
610966
610967
610976
610994
610997
611011
611052
611069
611069
611104
611109
611114
611115
611118
611166
611168
611169
611187
611190
611196
611198
611209
611221
611234
611237
611252
611262
611264
611280
611302
611311
611318
611322
611340
611351
611362
611375
611385
611386
611386
611389
611411
611434
611450
611452
611475
611476
611477
611483
611489
611507
611509
611511
611523
611524
611538
611552
611569
611570
611616
611628
611638
611641
611645
611647
611652
611655
611681
611685
611686
611708
611716
611778
611786
611797
611827
611889
611890
611912
611932
611942
611948
611963
611981
611998
612005
612008
612021
612031
612042
612044
612048
612049
612062
612064
612068
612074
612087
612096
612105
612147
612156
612165
612185
612193
612194
612197
612200
612201
612212
612217
612225
612254
612260
612262
612268
612274
612275
612302
612330
612335
612341
612352
612369
612380
612389
612404
612407
612408
612409
612416
612448
612450
612457
612461
612483
612495
612523
612539
612561
612583
612588
612620
612644
612653
612653
612658
612663
612672
612677
612677
612678
612679
612681
612706
612707
612710
612715
612717
612719
612728
612746
612758
612762
612794
612797
612799
612814
612822
612847
612853
612859
612860
612861
612872
612885
612889
612900
612904
612908
612908
612908
612912
612916
612920
612926
612950
612953
612953
612955
612970
612972
612988
612989
612996
613000
613021
613033
613043
613044
613050
613055
613076
613093
613097
613097
613112
613120
613122
613136
613142
613146
613171
613172
613188
613203
613206
613212
613215
613256
613280
613282
613291
613294
613298
613301
613336
613340
613344
613352
613359
613362
613396
613406
613407
613411
613425
613428
613428
613436
613440
613441
613466
613467
613471
613481
613482
613483
613484
613536
613542
613546
613554
613557
613570
613571
613587
613598
613611
613626
613632
613636
613658
613683
613690
613699
613718
613722
613729
613741
613746
613750
613751
613762
613792
613794
613794
613795
613798
613806
613831
613838
613843
613846
613850
613852
613866
613893
613898
613924
613931
613958
613968
613968
613981
613990
613998
614009
614012
614031
614062
614075
614082
614092
614101
614102
614115
614117
614118
614118
614120
614125
614134
614158
614158
614173
614177
614187
614193
614210
614216
614230
614243
614259
614274
614291
614309
614325
614343
614360
614362
614369
614390
614397
614402
614426
614432
614439
614439
614442
614463
614498
614508
614510
614515
614516
614540
614547
614548
614567
614572
614577
614580
614609
614613
614617
614696
614702
614716
614721
614751
614759
614773
614779
614788
614789
614792
614799
614806
614813
614814
614817
614825
614844
614846
614868
614883
614887
614902
614902
614903
614908
614938
614959
614974
614997
615009
615016
615023
615028
615031
615032
615035
615038
615040
615044
615047
615053
615061
615063
615069
615097
615100
615101
615114
615123
615133
615149
615151
615160
615163
615167
615169
615181
615189
615193
615193
615199
615212
615225
615228
615242
615259
615260
615281
615285
615295
615296
615296
615314
615322
615323
615333
615351
615355
615363
615364
615365
615374
615380
615393
615439
615450
615452
615460
615476
615500
615514
615517
615535
615538
615546
615549
615568
615570
615571
615573
615575
615593
615608
615613
615615
615619
615631
615647
615655
615656
615663
615695
615699
615725
615731
615733
615733
615756
615771
615785
615787
615795
615797
615802
615824
615826
615827
615834
615838
615844
615855
615860
615861
615867
615883
615927
615928
615929
615936
615948
615964
615971
615974
615984
615991
616021
616022
616047
616048
616053
616055
616088
616121
616157
616167
616175
616181
616183
616184
616184
616193
616198
616204
616207
616212
616231
616241
616282
616284
616292
616294
616303
616309
616320
616321
616326
616339
616350
616351
616353
616365
616370
616378
616380
616392
616403
616404
616405
616411
616417
616422
616425
616436
616438
616450
616451
616477
616481
616491
616493
616494
616494
616508
616519
616535
616543
616543
616572
616573
616581
616584
616589
616606
616609
616614
616627
616628
616652
616657
616657
616658
616666
616672
616676
616711
616714
616718
616723
616730
616734
616740
616745
616748
616764
616768
616768
616773
616774
616778
616785
616828
616838
616845
616852
616861
616896
616909
616929
616930
616941
616942
616944
616949
616954
616955
616955
616978
617012
617038
617042
617053
617063
617072
617073
617084
617086
617087
617087
617094
617100
617101
617104
617107
617138
617144
617144
617146
617162
617170
617180
617184
617191
617210
617211
617213
617215
617217
617237
617254
617275
617285
617336
617356
617370
617381
617384
617384
617443
617443
617450
617458
617459
617459
617479
617486
617498
617501
617505
617506
617513
617513
617522
617528
617531
617562
617566
617586
617610
617622
617634
617649
617657
617658
617663
617663
617674
617675
617678
617689
617705
617714
617716
617728
617729
617730
617731
617751
617751
617752
617753
617756
617757
617762
617768
617774
617776
617789
617799
617802
617818
617818
617832
617856
617868
617879
617879
617901
617901
617904
617953
617955
617960
617962
617965
617973
617984
618014
618020
618030
618033
618035
618042
618055
618061
618062
618077
618082
618085
618086
618101
618117
618123
618139
618141
618141
618155
618157
618162
618165
618187
618188
618214
618242
618264
618277
618286
618301
618308
618331
618339
618349
618367
618383
618417
618418
618442
618446
618462
618468
618491
618509
618511
618520
618555
618564
618575
618585
618585
618586
618590
618593
618594
618601
618605
618614
618622
618633
618640
618651
618661
618677
618689
618702
618705
618739
618758
618784
618786
618788
618795
618796
618797
618811
618813
618818
618841
618864
618877
618895
618896
618927
618947
618973
618976
618990
618991
618996
619004
619007
619018
619019
619047
619047
619062
619064
619070
619071
619129
619164
619173
619178
619221
619241
619244
619244
619275
619321
619331
619334
619371
619372
619419
619432
619474
619490
619495
619496
619502
619522
619539
619577
619605
619629
619641
619678
619680
619686
619688
619696
619697
619704
619734
619737
619743
619750
619751
619774
619774
619781
619811
619819
619841
619845
619880
619883
619885
619887
619900
619915
619920
619976
619981
619985
620004
620007
620024
620024
620033
620035
620043
620044
620048
620060
620069
620071
620078
620085
620090
620091
620098
620100
620107
620121
620125
620129
620134
620138
620152
620156
620158
620170
620179
620217
620267
620278
620279
620282
620290
620324
620332
620347
620359
620363
620365
620371
620372
620376
620382
620387
620399
620406
620406
620416
620419
620425
620437
620450
620457
620494
620511
620516
620534
620535
620556
620567
620574
620587
620604
620619
620641
620647
620653
620659
620661
620665
620674
620677
620693
620712
620715
620715
620743
620743
620748
620752
620763
620766
620768
620770
620777
620807
620808
620817
620818
620820
620829
620832
620837
620838
620844
620850
620885
620887
620906
620910
620914
620952
620952
620969
620970
620984
620985
620988
620994
621000
621000
621002
621004
621024
621026
621026
621028
621042
621047
621060
621066
621107
621122
621145
621153
621161
621175
621187
621197
621227
621243
621249
621267
621292
621311
621317
621318
621334
621342
621348
621370
621373
621437
621464
621470
621496
621496
621505
621517
621536
621545
621575
621578
621582
621582
621584
621589
621628
621630
621635
621649
621650
621659
621674
621686
621692
621693
621705
621718
621741
621751
621771
621789
621814
621819
621824
621832
621836
621860
621869
621897
621911
621958
621977
621981
621983
621994
622009
622014
622016
622023
622024
622028
622034
622035
622055
622061
622065
622072
622081
622093
622099
622111
622115
622122
622123
622128
622133
622175
622177
622182
622185
622195
622201
622235
622253
622267
622294
622300
622303
622329
622330
622341
622348
622360
622364
622371
622434
622437
622440
622441
622443
622464
622472
622478
622481
622482
622483
622487
622488
622502
622511
622512
622517
622527
622535
622535
622545
622546
622563
622565
622574
622581
622584
622586
622591
622593
622595
622604
622609
622609
622618
622637
622638
622664
622671
622672
622678
622680
622690
622690
622696
622712
622718
622719
622730
622731
622736
622761
622802
622810
622810
622813
622827
622867
622896
622898
622904
622908
622942
622965
622976
622995
622996
623006
623013
623023
623027
623028
623045
623048
623063
623074
623076
623082
623096
623104
623109
623118
623125
623129
623146
623146
623155
623157
623165
623186
623198
623201
623235
623239
623241
623246
623251
623257
623260
623270
623291
623292
623303
623304
623306
623352
623355
623383
623389
623392
623393
623405
623416
623437
623455
623455
623462
623470
623475
623500
623533
623535
623537
623540
623545
623554
623573
623605
623644
623663
623668
623673
623693
623694
623709
623711
623717
623719
623722
623723
623753
623753
623758
623759
623779
623781
623788
623801
623833
623837
623839
623846
623870
623888
623889
623891
623921
623930
623935
623937
623947
623954
623962
623978
623987
623991
624009
624019
624022
624038
624040
624044
624045
624062
624067
624068
624070
624079
624098
624100
624111
624115
624129
624129
624157
624166
624169
624175
624178
624184
624186
624194
624196
624202
624204
624207
624224
624231
624259
624262
624270
624272
624273
624300
624311
624323
624327
624330
624348
624354
624359
624371
624396
624405
624406
624409
624421
624440
624444
624454
624460
624467
624475
624476
624484
624486
624492
624507
624528
624528
624532
624533
624538
624557
624564
624566
624570
624572
624609
624610
624611
624618
624622
624622
624664
624672
624679
624682
624690
624697
624709
624714
624723
624738
624742
624744
624747
624752
624764
624784
624793
624796
624812
624818
624836
624860
624865
624878
624887
624889
624919
624921
624923
624927
624935
624950
624958
624984
624989
624990
625031
625031
625036
625044
625045
625094
625107
625109
625119
625128
625128
625132
625149
625153
625184
625187
625196
625203
625203
625210
625217
625244
625259
625266
625270
625279
625285
625306
625312
625326
625335
625346
625382
625402
625410
625427
625428
625432
625434
625442
625451
625461
625464
625479
625485
625494
625497
625525
625544
625551
625566
625581
625604
625605
625650
625666
625672
625697
625722
625734
625744
625744
625751
625754
625785
625800
625818
625821
625847
625855
625857
625858
625859
625863
625898
625901
625905
625914
625919
625936
625943
625962
625963
625964
625967
625974
625979
625982
625985
625989
626009
626011
626027
626037
626054
626073
626075
626081
626087
626093
626094
626097
626103
626106
626114
626115
626133
626159
626185
626189
626192
626199
626207
626210
626215
626228
626248
626249
626251
626291
626341
626345
626349
626350
626370
626382
626391
626406
626415
626417
626419
626423
626429
626429
626441
626447
626465
626467
626471
626479
626487
626488
626494
626495
626499
626516
626574
626587
626590
626616
626642
626654
626658
626663
626663
626685
626699
626704
626738
626744
626745
626752
626772
626780
626781
626785
626789
626808
626820
626832
626833
626878
626889
626893
626896
626907
626912
626915
626931
626957
626958
626960
626963
626984
626987
626999
627011
627012
627014
627019
627031
627034
627035
627046
627063
627071
627097
627105
627108
627115
627122
627123
627132
627139
627140
627145
627153
627156
627166
627202
627207
627209
627210
627215
627217
627221
627237
627237
627240
627247
627247
627248
627257
627266
627268
627275
627288
627303
627304
627307
627312
627321
627334
627362
627363
627369
627370
627379
627383
627383
627384
627398
627400
627438
627438
627442
627458
627474
627478
627480
627490
627503
627527
627544
627558
627575
627575
627579
627582
627586
627601
627630
627654
627676
627677
627678
627697
627702
627704
627708
627717
627733
627745
627747
627756
627759
627760
627762
627777
627778
627783
627798
627801
627805
627811
627834
627841
627856
627873
627878
627881
627882
627883
627883
627885
627890
627907
627925
627938
627949
627963
627984
627988
628002
628005
628016
628023
628061
628063
628068
628070
628070
628078
628083
628125
628130
628144
628158
628186
628203
628212
628212
628214
628217
628227
628231
628242
628250
628257
628258
628288
628303
628353
628358
628375
628388
628415
628431
628432
628452
628455
628472
628489
628503
628504
628512
628519
628520
628522
628537
628545
628549
628550
628572
628578
628586
628587
628593
628600
628603
628614
628616
628639
628639
628644
628680
628700
628701
628709
628720
628721
628732
628764
628765
628792
628804
628807
628819
628820
628831
628834
628858
628881
628899
628899
628908
628911
628932
628949
628950
628970
628973
628995
629000
629019
629023
629033
629043
629046
629048
629055
629092
629101
629108
629128
629137
629139
629144
629144
629155
629162
629163
629170
629178
629185
629192
629205
629207
629208
629219
629224
629237
629241
629245
629300
629305
629306
629308
629324
629334
629335
629358
629363
629365
629371
629401
629414
629431
629439
629441
629447
629449
629452
629454
629456
629460
629472
629477
629494
629507
629513
629513
629540
629554
629556
629587
629599
629612
629622
629622
629635
629637
629641
629645
629654
629674
629711
629717
629718
629721
629726
629758
629759
629803
629810
629814
629825
629835
629836
629836
629837
629837
629841
629857
629864
629873
629883
629887
629895
629900
629900
629905
629910
629931
629934
629948
629952
629960
629964
630022
630024
630027
630038
630045
630046
630050
630052
630061
630066
630095
630095
630096
630098
630120
630123
630124
630127
630127
630127
630138
630140
630169
630170
630171
630182
630197
630202
630207
630213
630227
630244
630253
630257
630262
630273
630297
630304
630325
630345
630347
630359
630369
630376
630383
630385
630406
630444
630463
630464
630516
630540
630543
630561
630569
630576
630587
630590
630617
630625
630625
630628
630639
630650
630654
630657
630674
630681
630746
630817
630826
630839
630851
630875
630890
630891
630905
630917
630924
630939
630950
630952
630962
630972
630984
630986
631010
631010
631027
631063
631063
631063
631075
631098
631113
631127
631131
631132
631141
631155
631158
631214
631226
631231
631251
631257
631271
631274
631297
631304
631312
631312
631322
631329
631335
631352
631353
631354
631354
631371
631378
631415
631431
631434
631441
631455
631475
631481
631488
631488
631493
631494
631540
631540
631553
631568
631575
631578
631595
631605
631631
631638
631639
631650
631658
631686
631696
631700
631711
631712
631720
631722
631722
631724
631743
631756
631765
631766
631767
631768
631769
631777
631788
631798
631800
631805
631805
631818
631823
631830
631832
631847
631852
631856
631858
631859
631860
631860
631896
631908
631932
631940
631948
631959
631979
631980
631985
631990
631995
631997
632008
632017
632034
632044
632044
632045
632052
632071
632076
632087
632092
632096
632115
632123
632133
632147
632156
632160
632173
632176
632187
632188
632189
632191
632237
632253
632256
632260
632261
632267
632283
632288
632294
632299
632305
632313
632317
632328
632336
632352
632368
632383
632398
632413
632436
632439
632443
632451
632457
632484
632484
632518
632541
632550
632553
632553
632560
632598
632626
632630
632640
632646
632648
632654
632655
632656
632667
632672
632691
632691
632692
632697
632707
632714
632717
632720
632729
632731
632733
632740
632755
632761
632766
632809
632810
632814
632836
632846
632874
632889
632901
632906
632929
632942
632952
632957
632973
632998
633001
633013
633023
633032
633045
633050
633051
633052
633094
633118
633119
633123
633175
633185
633216
633220
633232
633238
633244
633245
633245
633263
633269
633270
633290
633294
633325
633330
633331
633335
633357
633363
633368
633371
633373
633378
633382
633383
633393
633398
633399
633424
633424
633437
633438
633452
633461
633461
633466
633518
633525
633525
633531
633546
633548
633556
633565
633587
633603
633606
633611
633635
633643
633659
633664
633701
633706
633708
633717
633725
633732
633734
633735
633756
633771
633780
633799
633838
633839
633858
633859
633862
633862
633867
633878
633890
633927
633933
633933
633939
633941
633943
633950
633951
633967
633975
633977
633980
633991
633999
634005
634005
634019
634020
634036
634044
634056
634056
634077
634084
634119
634128
634154
634162
634168
634176
634180
634183
634195
634204
634211
634255
634279
634281
634295
634301
634329
634330
634331
634334
634339
634343
634348
634353
634356
634357
634420
634427
634440
634443
634450
634466
634480
634487
634497
634506
634513
634514
634515
634518
634521
634543
634548
634554
634554
634555
634567
634568
634577
634584
634586
634608
634612
634618
634623
634629
634632
634636
634643
634652
634655
634656
634675
634684
634687
634701
634705
634718
634729
634732
634739
634742
634767
634788
634793
634802
634820
634830
634837
634845
634846
634850
634856
634906
634912
634939
634949
634957
634965
634966
634969
634989
634993
635001
635030
635045
635047
635053
635059
635068
635069
635077
635127
635128
635133
635147
635151
635166
635176
635181
635196
635198
635204
635210
635224
635240
635242
635268
635271
635287
635340
635341
635356
635365
635369
635385
635396
635413
635414
635414
635418
635419
635431
635442
635458
635466
635471
635471
635476
635495
635519
635527
635544
635548
635548
635555
635561
635575
635586
635591
635602
635604
635616
635624
635629
635630
635632
635643
635645
635661
635674
635675
635692
635695
635697
635717
635734
635754
635778
635778
635800
635802
635848
635848
635856
635868
635878
635881
635899
635900
635918
635932
635955
635968
635974
635981
635996
636004
636047
636059
636062
636067
636078
636080
636095
636103
636113
636116
636126
636157
636160
636173
636180
636209
636214
636216
636216
636230
636241
636249
636264
636286
636306
636311
636316
636323
636327
636343
636360
636363
636368
636382
636386
636391
636396
636403
636407
636408
636411
636411
636419
636419
636441
636445
636484
636504
636508
636510
636520
636550
636558
636572
636608
636609
636613
636621
636635
636640
636668
636683
636689
636700
636709
636714
636736
636743
636770
636791
636798
636803
636824
636830
636834
636843
636857
636861
636869
636874
636878
636884
636885
636894
636900
636912
636924
636939
636940
636948
636956
636970
636972
636976
636976
637007
637010
637025
637034
637035
637038
637043
637075
637098
637101
637109
637116
637123
637135
637148
637162
637163
637164
637177
637194
637194
637197
637204
637232
637253
637258
637260
637265
637284
637285
637286
637314
637318
637320
637321
637328
637332
637342
637358
637382
637384
637398
637400
637408
637410
637413
637416
637426
637426
637427
637437
637439
637443
637444
637454
637455
637460
637466
637469
637502
637510
637530
637541
637542
637543
637550
637572
637583
637588
637599
637620
637621
637639
637651
637652
637658
637665
637675
637691
637691
637706
637711
637720
637721
637741
637745
637751
637762
637767
637770
637776
637779
637779
637794
637795
637815
637821
637824
637829
637851
637878
637896
637913
637920
637928
637929
637934
637965
637980
637988
638000
638008
638009
638014
638030
638035
638052
638056
638058
638060
638062
638062
638062
638085
638093
638100
638101
638105
638106
638111
638123
638132
638138
638141
638147
638151
638169
638175
638190
638195
638205
638226
638231
638238
638241
638246
638259
638259
638291
638292
638295
638313
638318
638327
638333
638349
638353
638357
638363
638382
638409
638411
638413
638414
638425
638436
638446
638450
638469
638470
638476
638477
638492
638495
638504
638504
638518
638530
638533
638549
638551
638566
638593
638595
638619
638628
638629
638655
638660
638682
638684
638699
638706
638710
638730
638736
638741
638746
638746
638750
638779
638787
638802
638805
638809
638833
638869
638882
638890
638940
638940
638942
638943
638946
638983
638990
639022
639028
639033
639039
639040
639048
639060
639061
639075
639078
639079
639086
639096
639102
639103
639120
639129
639189
639234
639235
639264
639271
639294
639297
639313
639321
639322
639335
639340
639361
639373
639375
639388
639389
639395
639421
639431
639457
639472
639472
639481
639485
639487
639516
639537
639540
639544
639562
639576
639586
639586
639591
639599
639630
639634
639640
639640
639640
639646
639647
639662
639671
639686
639702
639753
639758
639759
639766
639773
639795
639802
639813
639818
639825
639829
639843
639858
639863
639891
639891
639902
639908
639909
639917
639919
639935
639936
639939
639955
639958
639970
639974
639974
639985
639989
639990
639993
640009
640048
640049
640050
640062
640085
640086
640119
640126
640139
640142
640149
640157
640163
640186
640194
640218
640247
640252
640259
640263
640273
640310
640320
640321
640333
640341
640349
640364
640365
640374
640382
640399
640407
640458
640458
640462
640463
640473
640489
640496
640502
640508
640523
640524
640534
640534
640538
640594
640595
640597
640602
640614
640634
640640
640652
640674
640717
640727
640734
640745
640753
640757
640765
640773
640779
640796
640826
640834
640851
640856
640865
640875
640902
640906
640906
640934
640934
640970
640984
641000
641003
641009
641013
641020
641035
641090
641095
641098
641100
641128
641142
641155
641174
641179
641183
641190
641193
641199
641211
641218
641236
641242
641246
641252
641263
641279
641309
641317
641320
641322
641345
641350
641355
641373
641386
641390
641394
641394
641402
641409
641431
641433
641436
641451
641468
641474
641504
641514
641521
641529
641541
641554
641554
641570
641581
641587
641592
641623
641638
641639
641641
641645
641646
641648
641653
641671
641694
641702
641718
641772
641777
641787
641824
641834
641840
641847
641858
641860
641874
641885
641888
641896
641902
641926
641928
641933
641938
641938
641951
641968
641980
641984
641989
641989
642005
642021
642028
642047
642077
642090
642095
642099
642110
642112
642129
642129
642131
642141
642150
642163
642167
642179
642181
642197
642201
642206
642251
642254
642269
642274
642276
642302
642319
642333
642336
642342
642351
642359
642361
642372
642382
642407
642445
642445
642446
642449
642450
642469
642474
642485
642499
642502
642530
642539
642548
642556
642574
642577
642580
642586
642594
642604
642619
642624
642635
642663
642673
642673
642676
642699
642711
642712
642714
642743
642749
642753
642776
642783
642790
642796
642804
642809
642843
642850
642876
642889
642895
642899
642919
642922
642923
642934
642951
642962
642972
642976
642977
642983
642985
642997
643016
643019
643022
643024
643061
643063
643073
643075
643081
643096
643103
643133
643149
643160
643161
643178
643183
643192
643194
643228
643234
643239
643244
643249
643256
643257
643265
643266
643269
643276
643283
643283
643295
643298
643311
643321
643334
643337
643344
643344
643352
643363
643374
643388
643388
643394
643401
643407
643429
643435
643438
643446
643452
643471
643472
643484
643488
643499
643500
643509
643509
643522
643531
643554
643559
643561
643566
643579
643599
643599
643600
643614
643625
643626
643627
643634
643646
643659
643679
643693
643698
643704
643708
643726
643727
643729
643729
643749
643757
643773
643779
643784
643786
643791
643802
643804
643809
643814
643835
643851
643852
643870
643893
643895
643923
643931
643948
643949
643955
643992
643993
644000
644004
644016
644016
644036
644040
644050
644067
644075
644079
644103
644104
644109
644123
644131
644148
644154
644158
644159
644161
644192
644193
644193
644198
644207
644211
644244
644269
644270
644300
644325
644328
644331
644347
644350
644373
644378
644400
644410
644418
644423
644435
644471
644475
644482
644487
644512
644512
644514
644521
644538
644544
644546
644576
644585
644593
644595
644608
644616
644637
644652
644687
644726
644733
644755
644757
644766
644778
644792
644793
644798
644798
644806
644816
644821
644827
644832
644841
644865
644867
644879
644891
644913
644914
644920
644920
644936
644958
644962
644963
644980
644981
645008
645008
645016
645020
645027
645044
645054
645055
645075
645076
645084
645086
645097
645110
645111
645136
645146
645149
645151
645152
645175
645181
645216
645235
645258
645275
645293
645293
645296
645305
645308
645320
645331
645357
645361
645372
645374
645388
645396
645408
645420
645423
645423
645424
645443
645459
645467
645484
645484
645490
645491
645492
645514
645517
645548
645577
645589
645601
645604
645609
645631
645637
645647
645652
645662
645672
645679
645685
645691
645704
645723
645724
645728
645733
645741
645770
645782
645783
645798
645817
645825
645830
645834
645840
645848
645848
645858
645867
645871
645882
645909
645913
645917
645949
645951
645969
645969
645983
645993
646002
646005
646007
646009
646024
646027
646035
646073
646102
646106
646113
646117
646122
646139
646142
646166
646175
646195
646196
646222
646225
646225
646241
646251
646256
646266
646269
646278
646299
646314
646314
646321
646336
646336
646348
646356
646365
646377
646381
646382
646384
646412
646415
646447
646461
646492
646523
646532
646536
646538
646570
646579
646587
646601
646616
646621
646638
646655
646666
646684
646692
646712
646718
646722
646722
646754
646755
646760
646766
646769
646775
646777
646790
646816
646826
646827
646830
646831
646832
646832
646856
646871
646885
646907
646916
646919
646934
646936
646981
647007
647009
647010
647030
647037
647038
647042
647050
647073
647074
647082
647082
647090
647100
647112
647115
647118
647157
647160
647161
647171
647180
647181
647204
647216
647236
647246
647282
647305
647306
647332
647377
647409
647419
647430
647432
647434
647437
647438
647438
647438
647440
647441
647445
647445
647460
647464
647465
647471
647472
647475
647478
647482
647503
647504
647505
647511
647529
647535
647539
647540
647548
647574
647579
647580
647595
647599
647625
647626
647634
647647
647660
647688
647691
647692
647701
647716
647718
647724
647735
647742
647743
647748
647759
647761
647767
647777
647794
647809
647813
647828
647834
647845
647884
647892
647922
647924
647928
647936
647942
647971
647980
647997
647999
648017
648018
648020
648021
648029
648030
648032
648032
648034
648035
648039
648041
648042
648068
648070
648076
648080
648081
648084
648091
648101
648101
648119
648122
648124
648126
648127
648139
648157
648159
648162
648165
648181
648194
648196
648199
648203
648204
648225
648227
648228
648233
648239
648250
648260
648319
648331
648338
648338
648357
648365
648373
648373
648375
648380
648396
648402
648426
648426
648440
648461
648468
648468
648471
648474
648485
648486
648488
648490
648494
648499
648499
648502
648504
648515
648525
648527
648532
648533
648539
648547
648550
648573
648576
648579
648592
648593
648595
648608
648610
648611
648620
648623
648634
648638
648638
648639
648652
648653
648660
648665
648684
648716
648719
648730
648752
648754
648758
648770
648784
648801
648816
648819
648837
648851
648857
648861
648864
648884
648893
648904
648910
648918
648932
648950
648969
648976
648992
648999
649003
649009
649024
649029
649048
649056
649058
649066
649070
649071
649084
649089
649095
649118
649128
649144
649149
649163
649171
649180
649188
649198
649210
649222
649237
649242
649245
649249
649261
649269
649315
649319
649320
649334
649340
649378
649380
649381
649395
649396
649397
649413
649467
649498
649500
649502
649505
649507
649508
649508
649538
649542
649544
649575
649575
649575
649598
649598
649607
649612
649627
649638
649667
649672
649685
649695
649723
649735
649743
649760
649763
649785
649802
649824
649831
649833
649846
649855
649862
649867
649887
649890
649944
649953
649968
650003
650010
650016
650030
650030
650077
650107
650109
650110
650131
650141
650150
650151
650188
650219
650229
650251
650252
650252
650253
650258
650265
650267
650284
650289
650294
650319
650319
650322
650327
650348
650369
650375
650378
650378
650398
650405
650408
650429
650433
650434
650472
650485
650494
650499
650509
650539
650543
650559
650559
650561
650570
650577
650587
650597
650597
650598
650609
650634
650640
650641
650649
650650
650669
650678
650686
650701
650703
650709
650722
650731
650750
650757
650763
650765
650767
650791
650804
650827
650829
650831
650857
650863
650871
650880
650886
650899
650906
650911
650933
650941
650960
650965
650965
650969
650977
650981
650997
651018
651030
651036
651056
651060
651064
651075
651091
651095
651096
651101
651112
651122
651124
651136
651141
651146
651149
651174
651204
651206
651215
651218
651231
651238
651249
651268
651277
651284
651291
651299
651329
651340
651345
651352
651362
651394
651394
651396
651409
651423
651424
651436
651437
651477
651494
651504
651508
651510
651512
651526
651530
651544
651554
651569
651583
651585
651585
651597
651603
651608
651609
651615
651627
651630
651635
651677
651687
651718
651719
651731
651745
651747
651749
651752
651755
651758
651758
651790
651794
651817
651827
651835
651847
651868
651870
651874
651875
651891
651897
651921
651941
651948
651949
651962
651966
651969
651994
651997
651999
652004
652027
652038
652060
652070
652079
652080
652086
652093
652129
652133
652137
652139
652143
652145
652159
652172
652178
652192
652207
652212
652245
652248
652252
652256
652272
652287
652289
652305
652314
652346
652355
652377
652387
652387
652395
652417
652419
652425
652429
652444
652444
652445
652452
652453
652453
652455
652469
652515
652528
652534
652535
652542
652544
652547
652563
652563
652577
652577
652582
652595
652606
652610
652638
652642
652654
652678
652694
652699
652701
652715
652742
652743
652745
652750
652755
652766
652777
652785
652787
652789
652812
652819
652833
652834
652855
652861
652869
652896
652927
652955
652972
652977
652987
652995
653012
653016
653044
653060
653061
653061
653069
653071
653073
653074
653080
653083
653104
653106
653113
653124
653129
653130
653131
653134
653137
653150
653154
653157
653176
653180
653182
653189
653189
653218
653241
653247
653252
653269
653280
653282
653291
653297
653306
653307
653312
653329
653336
653344
653345
653358
653368
653380
653382
653389
653407
653426
653427
653427
653431
653436
653440
653444
653457
653461
653465
653466
653469
653469
653478
653521
653533
653537
653539
653573
653583
653602
653620
653631
653644
653659
653670
653677
653695
653713
653729
653743
653770
653783
653793
653795
653804
653808
653825
653842
653846
653859
653873
653880
653887
653891
653900
653916
653928
653931
653947
653960
653978
653979
653983
653996
654046
654049
654056
654063
654066
654119
654119
654121
654128
654128
654130
654133
654141
654141
654170
654180
654195
654200
654215
654222
654230
654234
654246
654260
654261
654268
654269
654270
654277
654303
654311
654321
654326
654357
654380
654397
654400
654417
654418
654431
654441
654446
654463
654464
654465
654506
654524
654525
654550
654568
654573
654584
654584
654601
654617
654617
654645
654650
654652
654668
654669
654673
654684
654695
654738
654743
654744
654765
654771
654771
654777
654806
654817
654824
654834
654835
654855
654858
654867
654875
654884
654901
654916
654941
654960
654983
655006
655016
655026
655037
655042
655063
655071
655096
655105
655115
655135
655146
655157
655176
655185
655204
655208
655213
655215
655218
655250
655253
655288
655294
655308
655317
655321
655323
655327
655328
655331
655333
655334
655350
655350
655363
655365
655372
655377
655385
655403
655410
655428
655432
655439
655439
655443
655445
655467
655467
655486
655502
655505
655508
655536
655537
655538
655539
655559
655571
655591
655597
655641
655642
655651
655655
655656
655656
655660
655669
655677
655679
655723
655726
655730
655743
655761
655779
655783
655799
655811
655824
655829
655835
655844
655844
655856
655858
655858
655878
655881
655884
655892
655908
655914
655927
655927
655930
655935
655938
655944
655956
655980
655996
655998
655999
656003
656003
656012
656033
656040
656047
656052
656060
656064
656108
656108
656128
656131
656132
656141
656142
656149
656186
656214
656215
656221
656226
656287
656299
656311
656313
656323
656327
656341
656345
656346
656351
656352
656360
656365
656372
656375
656376
656378
656380
656381
656411
656416
656432
656442
656453
656462
656465
656475
656482
656496
656498
656503
656515
656524
656526
656528
656535
656537
656540
656541
656567
656567
656594
656611
656613
656619
656622
656628
656659
656664
656692
656693
656696
656716
656735
656741
656742
656746
656756
656763
656779
656795
656813
656821
656829
656862
656908
656911
656914
656925
656925
656926
656950
656953
656968
656982
656994
656994
656996
656998
657037
657066
657075
657094
657096
657097
657114
657129
657136
657157
657161
657169
657202
657204
657206
657214
657232
657252
657256
657263
657263
657267
657267
657270
657278
657285
657288
657305
657313
657318
657331
657346
657351
657376
657378
657386
657394
657403
657405
657410
657417
657426
657442
657445
657447
657461
657477
657486
657489
657499
657529
657538
657549
657562
657575
657583
657589
657592
657602
657622
657630
657632
657650
657660
657687
657701
657703
657714
657767
657783
657821
657821
657826
657872
657880
657881
657894
657902
657902
657905
657905
657937
657952
657963
657965
657965
657965
657973
657982
657986
657997
658000
658032
658051
658073
658079
658083
658098
658111
658125
658132
658137
658153
658153
658158
658160
658163
658193
658197
658200
658205
658209
658212
658218
658230
658240
658256
658264
658276
658293
658307
658314
658326
658328
658342
658356
658371
658389
658390
658404
658416
658427
658427
658441
658454
658460
658474
658477
658487
658491
658499
658533
658548
658548
658553
658567
658589
658594
658595
658595
658617
658618
658631
658644
658653
658654
658658
658669
658675
658679
658690
658698
658705
658714
658724
658732
658736
658736
658751
658774
658785
658786
658791
658796
658801
658802
658803
658811
658829
658833
658833
658834
658848
658849
658855
658860
658876
658879
658880
658889
658891
658913
658931
658935
658942
658945
658947
658968
658970
658973
658978
658978
658980
658981
659001
659011
659015
659016
659024
659029
659033
659033
659042
659042
659050
659065
659065
659079
659090
659096
659096
659101
659124
659134
659150
659152
659162
659177
659185
659193
659211
659220
659220
659221
659247
659251
659251
659252
659254
659276
659317
659323
659323
659325
659325
659339
659349
659360
659360
659363
659371
659376
659379
659381
659382
659382
659383
659404
659410
659416
659419
659432
659463
659471
659471
659475
659492
659493
659496
659498
659501
659505
659509
659521
659539
659564
659566
659567
659567
659575
659590
659605
659642
659642
659643
659650
659667
659699
659701
659704
659722
659725
659739
659783
659785
659793
659816
659819
659843
659846
659849
659850
659862
659864
659868
659872
659890
659891
659912
659919
659928
659930
659940
659943
659945
659964
659982
659984
660006
660009
660012
660016
660018
660039
660056
660085
660088
660100
660105
660126
660128
660128
660142
660156
660169
660184
660192
660204
660231
660242
660272
660320
660351
660357
660365
660368
660393
660402
660409
660411
660438
660449
660457
660463
660464
660488
660493
660507
660523
660530
660551
660551
660557
660561
660563
660565
660574
660574
660598
660610
660614
660622
660625
660634
660636
660638
660680
660696
660706
660712
660724
660725
660727
660729
660742
660743
660768
660789
660790
660793
660793
660808
660823
660839
660845
660847
660848
660850
660861
660871
660880
660883
660906
660909
660913
660919
660926
660930
660934
660940
660958
660959
660993
661009
661012
661018
661033
661046
661057
661061
661078
661082
661097
661099
661099
661121
661122
661125
661125
661126
661134
661149
661150
661152
661153
661156
661165
661177
661179
661182
661193
661197
661198
661199
661201
661231
661255
661274
661296
661301
661303
661319
661321
661322
661323
661327
661335
661343
661344
661352
661353
661368
661368
661379
661393
661402
661410
661413
661424
661426
661445
661453
661454
661459
661460
661470
661474
661475
661481
661502
661525
661540
661545
661571
661579
661604
661604
661622
661626
661629
661637
661642
661645
661649
661650
661650
661652
661658
661670
661670
661677
661681
661683
661687
661745
661755
661759
661767
661773
661782
661790
661799
661817
661818
661839
661841
661850
661852
661856
661862
661872
661914
661932
661934
661941
661946
661960
661977
661994
662000
662017
662021
662025
662046
662060
662061
662079
662086
662119
662123
662143
662147
662162
662175
662196
662214
662222
662224
662227
662230
662241
662256
662285
662288
662290
662305
662318
662323
662325
662349
662358
662359
662388
662396
662402
662407
662410
662415
662436
662439
662442
662467
662475
662481
662541
662542
662554
662574
662598
662604
662610
662612
662618
662623
662634
662654
662657
662657
662663
662678
662680
662684
662687
662711
662716
662722
662732
662733
662740
662755
662760
662761
662767
662771
662772
662773
662790
662807
662809
662814
662854
662863
662873
662888
662892
662900
662930
662946
662948
662963
662976
662995
663004
663007
663020
663022
663033
663037
663047
663059
663059
663066
663074
663102
663105
663106
663132
663162
663164
663168
663199
663203
663206
663208
663238
663242
663244
663247
663252
663266
663279
663306
663307
663312
663315
663319
663342
663343
663343
663348
663352
663367
663370
663404
663434
663434
663455
663458
663496
663521
663539
663553
663557
663564
663572
663585
663590
663593
663597
663599
663605
663606
663621
663642
663673
663681
663727
663738
663750
663757
663766
663773
663790
663799
663817
663819
663826
663837
663840
663846
663847
663888
663908
663912
663936
663950
663968
663978
663981
663986
663988
663991
663995
664002
664025
664026
664038
664054
664059
664080
664088
664093
664103
664113
664140
664141
664148
664149
664159
664165
664175
664188
664199
664200
664209
664219
664228
664234
664247
664285
664308
664309
664313
664330
664332
664333
664349
664360
664361
664364
664367
664367
664368
664368
664377
664379
664386
664398
664403
664405
664409
664430
664431
664432
664459
664467
664478
664482
664497
664503
664524
664534
664551
664571
664572
664586
664592
664595
664626
664629
664658
664671
664676
664698
664712
664719
664726
664730
664730
664733
664740
664744
664787
664794
664807
664825
664828
664829
664852
664866
664884
664884
664886
664892
664893
664902
664910
664911
664932
664936
664937
664947
664951
664957
664972
664977
665026
665051
665056
665058
665061
665062
665067
665070
665093
665101
665104
665106
665107
665115
665118
665118
665133
665136
665153
665179
665183
665183
665204
665208
665230
665230
665230
665238
665251
665268
665268
665283
665291
665296
665311
665311
665313
665321
665331
665335
665337
665340
665340
665342
665360
665381
665385
665406
665410
665422
665424
665429
665519
665540
665554
665554
665561
665564
665565
665576
665576
665595
665609
665616
665625
665626
665677
665685
665689
665689
665702
665703
665704
665705
665720
665721
665754
665764
665782
665809
665820
665855
665863
665870
665881
665891
665893
665903
665904
665943
665944
665959
665961
665985
666002
666007
666011
666024
666054
666071
666086
666092
666099
666106
666129
666131
666149
666155
666157
666178
666187
666187
666198
666202
666233
666235
666235
666242
666273
666274
666278
666279
666289
666302
666302
666311
666317
666326
666329
666343
666345
666359
666365
666369
666390
666398
666411
666411
666426
666431
666433
666455
666461
666491
666502
666502
666525
666555
666563
666564
666565
666566
666584
666588
666599
666626
666636
666647
666649
666660
666667
666684
666699
666711
666714
666714
666726
666733
666744
666746
666746
666758
666790
666793
666795
666821
666825
666835
666863
666869
666904
666948
666949
666958
666961
666965
666974
666987
666990
667010
667025
667028
667050
667065
667065
667065
667077
667093
667093
667094
667098
667106
667106
667111
667127
667130
667137
667195
667218
667237
667239
667256
667283
667296
667300
667311
667313
667321
667333
667338
667338
667350
667357
667361
667365
667389
667389
667396
667418
667423
667453
667480
667482
667482
667487
667516
667527
667542
667547
667578
667580
667606
667607
667619
667621
667631
667662
667665
667686
667694
667695
667700
667712
667718
667724
667732
667736
667742
667744
667767
667772
667796
667814
667823
667837
667853
667865
667869
667888
667892
667899
667901
667903
667940
667950
667957
667966
667976
667978
667990
667993
667993
668000
668035
668043
668056
668062
668066
668087
668088
668089
668090
668090
668093
668138
668155
668170
668170
668182
668198
668208
668235
668240
668242
668262
668275
668285
668286
668297
668307
668326
668343
668346
668351
668355
668359
668363
668370
668376
668377
668379
668383
668388
668414
668420
668435
668445
668452
668453
668455
668493
668496
668515
668524
668539
668555
668579
668590
668602
668607
668610
668626
668629
668636
668654
668655
668681
668691
668701
668720
668745
668754
668775
668792
668797
668806
668806
668838
668855
668855
668859
668864
668866
668866
668868
668868
668868
668873
668897
668908
668910
668934
668954
668970
668970
668979
668983
668989
668996
668999
669000
669016
669027
669028
669033
669038
669087
669095
669097
669104
669112
669118
669129
669132
669155
669165
669168
669182
669183
669190
669196
669201
669208
669229
669235
669237
669245
669275
669281
669284
669288
669300
669307
669323
669324
669341
669361
669362
669378
669383
669386
669386
669387
669400
669403
669411
669412
669443
669449
669470
669498
669498
669516
669536
669536
669596
669604
669617
669624
669626
669652
669670
669683
669701
669705
669727
669729
669731
669754
669754
669759
669762
669780
669803
669816
669832
669838
669850
669870
669873
669881
669916
669935
669939
669939
669944
669955
669971
669977
669982
669993
670013
670029
670041
670048
670059
670063
670071
670091
670092
670096
670101
670111
670117
670119
670119
670124
670135
670138
670148
670152
670163
670171
670172
670173
670198
670207
670216
670227
670235
670262
670270
670289
670308
670315
670350
670352
670354
670366
670380
670392
670395
670400
670404
670424
670455
670462
670477
670490
670497
670500
670504
670510
670512
670512
670527
670530
670532
670537
670565
670572
670581
670601
670605
670608
670625
670628
670629
670637
670672
670678
670679
670681
670682
670694
670701
670706
670709
670710
670729
670729
670758
670762
670786
670790
670809
670846
670847
670854
670906
670927
670928
670935
670937
670939
670955
670956
670967
670970
670978
670998
671014
671017
671029
671042
671068
671085
671111
671114
671139
671144
671148
671148
671152
671155
671160
671167
671227
671228
671238
671262
671262
671286
671303
671312
671322
671324
671363
671363
671373
671375
671379
671389
671399
671418
671430
671430
671431
671439
671446
671465
671471
671492
671507
671515
671516
671525
671528
671539
671542
671552
671555
671555
671566
671567
671584
671589
671591
671606
671608
671614
671616
671618
671619
671640
671640
671648
671652
671679
671684
671686
671693
671697
671709
671721
671732
671740
671758
671776
671779
671780
671784
671790
671798
671805
671807
671808
671815
671815
671836
671839
671840
671843
671849
671858
671863
671869
671874
671896
671920
671932
671936
671945
671950
672000
672014
672022
672035
672047
672053
672069
672069
672089
672105
672107
672110
672113
672125
672131
672139
672145
672153
672156
672185
672209
672228
672259
672269
672281
672282
672284
672288
672304
672321
672331
672346
672357
672359
672370
672402
672417
672418
672426
672433
672438
672444
672454
672474
672484
672485
672486
672502
672509
672510
672516
672519
672519
672520
672529
672534
672538
672543
672548
672551
672558
672568
672571
672573
672574
672577
672582
672588
672591
672602
672647
672656
672692
672717
672722
672724
672760
672774
672777
672784
672797
672813
672819
672821
672822
672829
672830
672845
672848
672871
672875
672875
672876
672879
672892
672894
672896
672898
672904
672909
672914
672914
672917
672933
672935
672940
672941
672942
672949
672954
672956
672960
672976
672977
672983
673002
673009
673024
673024
673028
673029
673032
673036
673049
673056
673056
673059
673069
673075
673081
673081
673083
673090
673090
673100
673103
673108
673112
673117
673120
673125
673159
673166
673171
673191
673205
673206
673223
673223
673225
673225
673227
673252
673254
673254
673265
673276
673294
673305
673314
673315
673318
673338
673350
673366
673374
673378
673387
673419
673427
673433
673433
673436
673437
673444
673453
673460
673489
673492
673508
673516
673525
673540
673543
673550
673559
673572
673575
673582
673586
673599
673600
673638
673644
673655
673657
673657
673662
673664
673668
673672
673694
673701
673703
673711
673721
673757
673760
673770
673781
673785
673796
673803
673820
673836
673862
673862
673863
673870
673871
673877
673883
673902
673914
673934
673935
673951
673959
673964
673965
673973
674007
674020
674023
674029
674029
674035
674036
674045
674057
674067
674078
674103
674110
674115
674122
674131
674132
674133
674154
674159
674161
674183
674216
674223
674232
674246
674298
674302
674305
674306
674307
674321
674329
674337
674339
674347
674368
674382
674390
674395
674412
674421
674422
674423
674426
674472
674483
674486
674500
674506
674518
674538
674547
674607
674617
674623
674628
674651
674689
674694
674699
674720
674723
674727
674744
674765
674772
674778
674787
674790
674796
674800
674805
674808
674830
674846
674851
674853
674862
674869
674893
674899
674925
674946
674949
674951
674951
674968
674982
674996
675005
675030
675035
675063
675065
675068
675084
675084
675097
675100
675119
675123
675149
675159
675161
675166
675170
675177
675178
675192
675201
675209
675229
675234
675242
675245
675245
675256
675283
675299
675300
675312
675313
675318
675324
675339
675366
675372
675376
675391
675392
675416
675421
675426
675428
675437
675453
675483
675508
675514
675527
675529
675538
675545
675546
675558
675562
675563
675563
675565
675576
675583
675594
675599
675603
675622
675635
675637
675637
675644
675646
675654
675666
675668
675670
675676
675685
675686
675693
675695
675707
675716
675724
675777
675784
675795
675822
675829
675835
675840
675843
675851
675852
675867
675878
675880
675883
675884
675892
675906
675943
675957
675966
675975
675978
675993
675994
675996
676000
676012
676017
676022
676025
676035
676037
676041
676065
676080
676113
676119
676120
676149
676163
676183
676189
676198
676220
676222
676236
676241
676253
676272
676272
676281
676313
676314
676323
676326
676328
676330
676339
676341
676345
676349
676359
676361
676391
676394
676404
676411
676416
676417
676424
676437
676438
676440
676443
676448
676463
676471
676473
676483
676499
676516
676517
676538
676543
676543
676553
676556
676560
676567
676577
676586
676594
676601
676611
676615
676629
676670
676683
676716
676717
676719
676735
676737
676753
676770
676770
676777
676787
676798
676805
676811
676824
676825
676836
676850
676851
676856
676862
676863
676866
676869
676872
676877
676887
676892
676894
676904
676911
676911
676924
676925
676951
676991
676996
676996
677005
677025
677030
677043
677048
677054
677060
677061
677066
677074
677089
677097
677109
677115
677117
677120
677123
677136
677140
677195
677213
677223
677225
677229
677230
677283
677305
677314
677316
677332
677366
677420
677435
677450
677455
677459
677470
677483
677524
677533
677567
677580
677587
677592
677595
677596
677602
677612
677643
677647
677648
677661
677666
677667
677690
677693
677706
677706
677712
677717
677721
677732
677738
677745
677746
677746
677755
677761
677767
677779
677779
677781
677795
677797
677819
677822
677823
677836
677842
677845
677849
677873
677879
677889
677890
677899
677900
677933
677968
677975
677983
678004
678015
678027
678029
678029
678034
678054
678057
678067
678078
678098
678113
678121
678152
678171
678171
678189
678190
678207
678228
678239
678256
678283
678319
678361
678367
678379
678406
678424
678434
678457
678462
678464
678469
678487
678501
678511
678546
678547
678553
678571
678576
678580
678586
678592
678602
678620
678623
678626
678643
678651
678653
678654
678659
678672
678684
678688
678695
678700
678703
678707
678713
678717
678756
678767
678778
678797
678802
678869
678881
678884
678891
678898
678935
678936
678939
678947
678952
678957
679003
679016
679019
679037
679053
679059
679060
679061
679084
679101
679114
679123
679140
679179
679190
679192
679196
679203
679222
679223
679229
679238
679255
679264
679268
679281
679288
679290
679294
679335
679344
679355
679365
679366
679387
679417
679418
679436
679438
679441
679457
679473
679487
679490
679496
679498
679513
679532
679537
679537
679545
679549
679563
679569
679574
679577
679590
679590
679643
679671
679672
679680
679680
679681
679686
679692
679706
679707
679719
679741
679756
679777
679783
679788
679796
679811
679811
679825
679830
679849
679859
679872
679883
679889
679907
679915
679919
679950
679951
679953
679971
679974
679975
679996
680005
680020
680022
680032
680032
680047
680051
680067
680079
680083
680084
680091
680098
680121
680123
680126
680160
680164
680165
680168
680169
680169
680172
680178
680178
680188
680209
680224
680225
680235
680238
680245
680247
680247
680248
680266
680276
680345
680358
680359
680400
680401
680402
680403
680403
680405
680406
680413
680414
680416
680465
680466
680467
680473
680481
680494
680536
680543
680547
680548
680558
680560
680566
680566
680594
680602
680610
680611
680611
680621
680632
680639
680641
680645
680647
680650
680662
680662
680664
680664
680685
680696
680699
680716
680716
680721
680755
680769
680773
680777
680791
680793
680812
680818
680818
680822
680837
680842
680847
680850
680853
680854
680875
680883
680884
680892
680906
680913
680913
680923
680954
680972
680987
681009
681013
681015
681017
681020
681026
681030
681035
681045
681045
681064
681077
681078
681080
681106
681118
681139
681154
681166
681179
681181
681188
681208
681220
681226
681231
681239
681245
681251
681294
681304
681326
681345
681348
681348
681349
681365
681365
681411
681423
681433
681435
681454
681457
681464
681469
681470
681470
681530
681545
681548
681562
681581
681584
681586
681596
681596
681598
681617
681625
681630
681638
681642
681655
681666
681685
681703
681725
681736
681740
681752
681753
681763
681770
681803
681813
681815
681841
681851
681881
681883
681891
681896
681906
681917
681918
681924
681930
681967
681981
681986
681989
682012
682019
682020
682033
682034
682067
682083
682093
682100
682108
682133
682135
682142
682145
682191
682208
682209
682214
682226
682235
682247
682249
682254
682263
682281
682292
682297
682299
682335
682349
682352
682358
682363
682363
682366
682372
682405
682414
682419
682435
682436
682452
682456
682470
682480
682485
682494
682502
682509
682529
682530
682539
682544
682545
682546
682549
682562
682563
682573
682580
682584
682619
682626
682634
682636
682641
682673
682696
682700
682702
682712
682720
682722
682730
682739
682762
682762
682769
682780
682786
682790
682794
682796
682802
682818
682823
682828
682838
682845
682860
682867
682873
682877
682890
682896
682900
682921
683010
683012
683016
683018
683032
683040
683041
683051
683059
683073
683090
683108
683113
683119
683163
683197
683202
683212
683249
683252
683253
683256
683282
683316
683332
683338
683341
683369
683371
683374
683392
683420
683421
683435
683442
683448
683451
683484
683487
683491
683517
683523
683528
683541
683558
683567
683578
683594
683617
683617
683619
683621
683626
683670
683673
683683
683685
683685
683687
683695
683704
683705
683712
683741
683755
683759
683766
683773
683778
683784
683802
683804
683804
683806
683819
683832
683854
683854
683877
683890
683901
683922
683925
683936
683939
683946
683956
683959
683962
683972
683977
683993
684010
684018
684031
684031
684035
684065
684080
684082
684084
684091
684092
684103
684105
684120
684132
684137
684139
684148
684150
684158
684159
684166
684171
684173
684175
684185
684188
684209
684249
684265
684267
684293
684300
684306
684310
684315
684321
684330
684335
684343
684356
684360
684365
684375
684388
684389
684414
684430
684435
684444
684445
684446
684446
684455
684463
684477
684482
684507
684508
684527
684542
684544
684546
684551
684568
684570
684573
684577
684580
684585
684586
684586
684591
684591
684614
684620
684665
684666
684668
684679
684683
684690
684691
684710
684716
684717
684729
684734
684753
684755
684762
684767
684771
684775
684802
684819
684822
684831
684831
684832
684836
684842
684850
684870
684889
684896
684900
684937
684948
684968
684974
684981
684998
685015
685017
685020
685031
685040
685045
685055
685058
685082
685108
685110
685111
685120
685149
685155
685163
685169
685169
685180
685181
685188
685188
685191
685203
685206
685218
685236
685245
685251
685276
685281
685284
685299
685301
685336
685337
685359
685366
685370
685380
685391
685408
685430
685437
685447
685450
685459
685461
685465
685473
685496
685497
685501
685504
685505
685512
685515
685525
685528
685543
685549
685581
685583
685589
685591
685611
685623
685639
685643
685650
685654
685662
685672
685673
685679
685703
685718
685731
685744
685749
685750
685763
685766
685769
685812
685819
685850
685854
685858
685867
685889
685908
685914
685915
685915
685924
685955
685955
685988
685999
686006
686008
686021
686049
686059
686062
686062
686069
686096
686109
686114
686117
686126
686127
686191
686194
686212
686214
686222
686226
686249
686251
686264
686267
686270
686275
686276
686283
686286
686312
686320
686329
686333
686366
686372
686379
686393
686416
686423
686426
686429
686436
686436
686442
686442
686470
686477
686485
686488
686511
686514
686520
686523
686528
686537
686541
686541
686547
686557
686561
686565
686570
686599
686600
686601
686612
686620
686627
686638
686654
686660
686680
686688
686690
686701
686706
686717
686727
686736
686740
686756
686759
686763
686775
686776
686789
686795
686800
686803
686806
686816
686817
686827
686839
686845
686851
686865
686871
686876
686903
686916
686917
686924
686931
686939
686944
686951
686952
686961
686966
686984
686986
686989
686998
687001
687011
687013
687019
687022
687034
687052
687054
687057
687085
687090
687100
687100
687111
687113
687136
687142
687147
687213
687229
687243
687244
687251
687269
687270
687280
687294
687300
687302
687309
687320
687333
687351
687366
687369
687372
687387
687417
687421
687440
687452
687480
687490
687490
687494
687499
687508
687523
687523
687525
687527
687528
687561
687581
687585
687587
687595
687606
687640
687648
687656
687657
687671
687680
687692
687695
687717
687731
687732
687760
687787
687807
687808
687810
687812
687833
687846
687848
687857
687862
687885
687888
687893
687903
687918
687925
687960
687965
687973
687987
687991
687994
688005
688022
688031
688057
688085
688086
688093
688096
688108
688120
688127
688130
688142
688156
688166
688166
688181
688183
688186
688187
688206
688206
688242
688245
688248
688255
688264
688266
688272
688291
688295
688302
688302
688306
688324
688330
688335
688345
688363
688366
688383
688389
688437
688443
688449
688456
688457
688459
688474
688484
688537
688541
688554
688561
688570
688575
688591
688606
688609
688622
688638
688651
688654
688660
688660
688663
688664
688666
688669
688670
688686
688688
688705
688714
688717
688720
688720
688732
688753
688754
688781
688805
688809
688809
688814
688830
688843
688850
688875
688886
688908
688909
688915
688925
688928
688937
688939
688949
688954
688967
688984
688989
688997
689005
689018
689037
689042
689058
689072
689087
689090
689139
689142
689154
689156
689160
689163
689167
689169
689172
689178
689194
689196
689215
689221
689227
689244
689249
689260
689290
689291
689296
689297
689314
689318
689326
689333
689334
689335
689345
689353
689354
689380
689384
689387
689394
689405
689410
689415
689417
689428
689438
689442
689457
689470
689482
689485
689487
689498
689503
689546
689553
689555
689565
689581
689584
689600
689602
689615
689633
689645
689677
689693
689696
689698
689702
689734
689757
689758
689773
689783
689795
689804
689805
689809
689814
689820
689820
689821
689822
689830
689852
689857
689859
689863
689882
689894
689907
689939
689951
689961
689977
689985
690001
690011
690025
690026
690033
690043
690045
690057
690058
690071
690076
690077
690091
690092
690107
690112
690116
690117
690120
690128
690145
690149
690164
690198
690206
690212
690215
690217
690224
690227
690235
690240
690244
690246
690260
690276
690279
690279
690282
690291
690296
690299
690339
690344
690349
690350
690351
690359
690369
690400
690403
690406
690410
690418
690421
690437
690440
690442
690447
690457
690486
690489
690501
690516
690529
690532
690534
690547
690559
690574
690584
690586
690589
690591
690591
690663
690691
690698
690716
690728
690744
690749
690752
690754
690765
690766
690778
690800
690859
690875
690876
690890
690892
690898
690907
690908
690923
690935
690939
690945
690955
690968
690972
690978
690995
691004
691014
691029
691037
691058
691058
691061
691064
691086
691089
691092
691108
691127
691140
691151
691158
691169
691179
691184
691201
691209
691231
691238
691246
691251
691253
691256
691259
691264
691271
691272
691272
691285
691288
691297
691302
691311
691328
691341
691341
691354
691360
691380
691394
691400
691401
691414
691426
691434
691456
691464
691465
691468
691479
691487
691496
691499
691510
691526
691544
691550
691551
691552
691552
691567
691596
691596
691602
691617
691620
691634
691652
691656
691671
691692
691699
691716
691755
691761
691768
691789
691801
691815
691819
691822
691825
691829
691835
691848
691857
691862
691868
691871
691878
691890
691900
691902
691902
691902
691911
691918
691918
691922
691926
691933
691973
691984
691984
692007
692027
692030
692040
692043
692045
692064
692075
692092
692161
692165
692173
692179
692182
692188
692210
692219
692229
692242
692246
692252
692263
692264
692286
692296
692313
692319
692333
692365
692374
692376
692379
692391
692397
692406
692413
692438
692442
692452
692472
692478
692503
692516
692547
692557
692557
692558
692561
692592
692595
692596
692607
692607
692616
692622
692642
692647
692655
692659
692663
692676
692677
692678
692682
692702
692707
692713
692723
692733
692752
692758
692772
692789
692790
692795
692804
692806
692816
692826
692826
692849
692862
692863
692864
692884
692917
692926
692946
692964
692964
692966
692969
692976
692979
692984
692991
693003
693003
693006
693008
693009
693015
693019
693021
693028
693032
693034
693047
693062
693068
693074
693077
693079
693081
693082
693088
693094
693096
693098
693105
693108
693110
693110
693124
693129
693132
693132
693138
693138
693151
693152
693153
693172
693173
693184
693214
693218
693220
693245
693278
693291
693300
693307
693314
693315
693318
693322
693332
693344
693354
693374
693382
693385
693393
693406
693421
693436
693447
693449
693486
693490
693495
693517
693528
693542
693586
693599
693607
693612
693616
693621
693621
693706
693712
693720
693729
693740
693747
693752
693754
693785
693795
693802
693806
693824
693826
693830
693842
693842
693863
693866
693869
693881
693881
693907
693908
693912
693916
693932
693956
693962
693964
693966
693984
693985
693990
693992
694005
694007
694009
694010
694014
694023
694032
694035
694050
694061
694090
694097
694098
694121
694137
694142
694147
694180
694214
694217
694218
694221
694228
694249
694261
694262
694289
694297
694310
694314
694319
694320
694331
694346
694348
694383
694385
694402
694403
694458
694462
694465
694468
694498
694518
694528
694551
694561
694601
694633
694654
694655
694660
694669
694676
694681
694694
694697
694708
694721
694721
694732
694746
694754
694762
694769
694773
694785
694799
694806
694813
694819
694847
694847
694862
694864
694868
694869
694879
694888
694912
694926
694936
694937
694976
694985
694987
694995
695049
695062
695063
695075
695084
695090
695093
695107
695128
695144
695144
695157
695178
695180
695183
695199
695207
695209
695241
695245
695272
695285
695291
695301
695303
695305
695309
695319
695327
695331
695345
695357
695362
695374
695379
695379
695392
695392
695403
695413
695420
695421
695433
695436
695453
695455
695460
695470
695477
695484
695494
695527
695541
695544
695553
695558
695571
695577
695586
695604
695626
695630
695634
695637
695645
695645
695657
695685
695689
695692
695695
695699
695714
695732
695747
695751
695763
695773
695814
695816
695817
695836
695850
695855
695884
695890
695893
695902
695904
695936
695957
695967
695979
695979
695981
695989
695989
695992
696007
696032
696034
696051
696080
696094
696098
696107
696117
696121
696121
696140
696149
696159
696161
696163
696168
696176
696195
696251
696261
696273
696291
696297
696310
696315
696317
696318
696326
696354
696369
696404
696405
696408
696410
696412
696415
696421
696428
696431
696482
696485
696487
696490
696498
696511
696514
696519
696520
696527
696529
696542
696551
696552
696571
696578
696586
696590
696599
696621
696627
696632
696643
696645
696654
696657
696659
696663
696674
696682
696699
696700
696703
696731
696737
696742
696756
696760
696770
696791
696791
696863
696868
696877
696878
696894
696894
696899
696926
696932
696936
696950
696974
696974
696993
697021
697024
697038
697043
697046
697047
697058
697058
697068
697068
697094
697102
697105
697115
697159
697160
697171
697186
697209
697213
697220
697261
697275
697294
697329
697337
697338
697351
697354
697360
697366
697374
697379
697380
697386
697404
697433
697445
697447
697449
697452
697461
697464
697469
697481
697489
697491
697515
697525
697528
697545
697561
697575
697576
697617
697617
697622
697629
697634
697652
697654
697671
697723
697729
697746
697754
697757
697777
697781
697783
697792
697803
697819
697824
697829
697832
697868
697930
697938
697953
697959
697966
697967
697968
697975
697979
697980
697983
698000
698014
698017
698018
698019
698021
698030
698051
698069
698069
698076
698097
698111
698112
698140
698143
698147
698187
698188
698202
698250
698265
698272
698275
698278
698293
698309
698322
698323
698343
698372
698380
698386
698389
698392
698399
698405
698412
698413
698414
698420
698428
698428
698443
698445
698465
698467
698472
698475
698489
698516
698529
698529
698531
698532
698536
698549
698556
698557
698587
698589
698593
698624
698651
698658
698660
698662
698672
698672
698674
698674
698674
698676
698678
698690
698695
698699
698711
698728
698732
698735
698749
698765
698777
698807
698822
698823
698868
698885
698896
698904
698907
698928
698939
698961
698975
698977
698982
698994
698997
699005
699015
699021
699030
699032
699035
699044
699044
699048
699056
699083
699091
699100
699101
699110
699110
699121
699139
699156
699183
699185
699198
699206
699209
699215
699223
699226
699240
699242
699243
699253
699255
699280
699290
699292
699301
699318
699319
699324
699335
699343
699347
699349
699350
699355
699356
699359
699361
699361
699371
699382
699385
699410
699411
699413
699417
699417
699421
699439
699453
699454
699459
699475
699479
699484
699497
699499
699507
699508
699545
699561
699562
699569
699574
699582
699598
699605
699630
699632
699674
699676
699688
699693
699699
699700
699749
699769
699786
699792
699832
699851
699854
699856
699856
699859
699865
699910
699916
699933
699933
699948
699955
699970
699978
699981
699982
699996
699999
700055
700063
700073
700074
700084
700090
700106
700109
700129
700131
700141
700156
700158
700160
700161
700169
700175
700179
700180
700180
700184
700185
700198
700198
700213
700213
700227
700241
700243
700246
700273
700277
700283
700297
700302
700317
700330
700338
700340
700358
700361
700370
700379
700384
700393
700395
700397
700402
700405
700410
700423
700425
700429
700441
700456
700480
700483
700504
700521
700529
700542
700545
700579
700594
700599
700604
700616
700621
700631
700646
700663
700667
700671
700682
700715
700748
700748
700764
700764
700768
700780
700814
700816
700818
700841
700856
700858
700868
700870
700875
700892
700896
700896
700922
700949
700965
700999
701005
701022
701031
701035
701056
701079
701089
701100
701115
701116
701119
701152
701160
701180
701189
701190
701192
701193
701194
701195
701208
701219
701226
701226
701233
701236
701246
701258
701262
701263
701267
701270
701279
701281
701317
701332
701336
701353
701358
701358
701360
701361
701364
701377
701379
701382
701384
701393
701397
701400
701409
701423
701427
701428
701430
701437
701443
701443
701445
701450
701462
701479
701484
701488
701503
701507
701510
701530
701579
701580
701591
701599
701603
701607
701615
701623
701640
701641
701658
701673
701674
701682
701696
701730
701731
701734
701737
701764
701785
701790
701803
701809
701820
701830
701842
701843
701843
701850
701860
701864
701881
701931
701937
701949
701950
701956
701992
701993
701994
701999
702007
702020
702032
702036
702051
702056
702070
702072
702085
702086
702087
702098
702104
702116
702124
702138
702143
702173
702174
702174
702185
702191
702195
702199
702231
702238
702242
702249
702267
702268
702268
702269
702269
702290
702300
702310
702313
702316
702318
702320
702323
702331
702335
702341
702345
702352
702364
702377
702387
702392
702396
702398
702411
702421
702423
702442
702443
702474
702486
702502
702502
702503
702517
702522
702530
702533
702545
702546
702556
702559
702579
702588
702594
702602
702614
702615
702657
702658
702668
702698
702700
702703
702706
702708
702734
702735
702747
702749
702814
702816
702830
702835
702838
702859
702901
702916
702926
702936
702949
702954
702955
702959
702963
702964
702965
702969
702981
702982
702994
703000
703011
703020
703040
703047
703047
703052
703065
703067
703070
703070
703076
703083
703086
703094
703099
703104
703112
703123
703141
703154
703160
703179
703181
703183
703189
703202
703202
703207
703212
703236
703245
703262
703271
703290
703291
703292
703326
703351
703357
703370
703370
703383
703391
703397
703403
703411
703418
703440
703445
703477
703480
703492
703517
703547
703553
703569
703569
703572
703574
703584
703593
703603
703608
703612
703621
703622
703626
703628
703637
703642
703652
703686
703693
703694
703711
703717
703733
703753
703754
703755
703763
703770
703785
703786
703792
703825
703845
703846
703856
703877
703878
703902
703902
703904
703935
703935
703937
703941
703944
703955
703964
703965
703969
703982
703994
703999
704005
704010
704014
704016
704021
704023
704025
704042
704074
704074
704076
704088
704139
704142
704176
704179
704209
704228
704232
704240
704260
704286
704289
704291
704317
704325
704329
704363
704365
704376
704396
704399
704403
704410
704419
704423
704436
704459
704471
704477
704479
704485
704499
704512
704516
704519
704523
704523
704540
704571
704580
704581
704582
704584
704622
704631
704631
704645
704651
704656
704674
704707
704714
704732
704737
704747
704751
704765
704765
704766
704769
704800
704812
704816
704845
704849
704862
704889
704910
704939
704939
704945
704957
704958
704978
704984
704985
704998
705016
705019
705074
705076
705081
705083
705090
705095
705099
705104
705104
705106
705109
705112
705116
705119
705123
705139
705139
705154
705155
705187
705189
705196
705208
705242
705249
705261
705271
705278
705281
705285
705287
705313
705320
705326
705334
705358
705360
705370
705372
705385
705396
705397
705410
705411
705419
705424
705427
705427
705435
705442
705452
705454
705461
705462
705473
705475
705478
705479
705485
705498
705514
705552
705562
705562
705594
705596
705596
705610
705611
705615
705643
705674
705677
705683
705708
705746
705765
705772
705787
705792
705794
705800
705804
705822
705832
705844
705854
705861
705862
705863
705864
705869
705871
705893
705898
705912
705919
705924
705924
705954
705983
705988
706004
706027
706036
706040
706049
706071
706075
706087
706092
706110
706111
706115
706138
706179
706187
706212
706216
706220
706221
706237
706244
706245
706248
706254
706281
706282
706302
706311
706328
706348
706353
706362
706399
706411
706419
706420
706421
706424
706426
706447
706449
706465
706467
706480
706488
706490
706505
706507
706511
706516
706532
706547
706552
706564
706569
706591
706610
706611
706622
706625
706626
706650
706667
706675
706679
706683
706692
706702
706703
706713
706716
706717
706717
706731
706745
706772
706774
706777
706781
706785
706794
706794
706831
706831
706831
706834
706836
706843
706843
706845
706851
706855
706856
706867
706895
706907
706950
706963
706967
706971
706974
706978
706979
706990
707006
707030
707044
707059
707064
707069
707069
707069
707078
707090
707092
707105
707116
707117
707132
707134
707136
707137
707146
707149
707149
707156
707156
707176
707196
707220
707230
707232
707237
707237
707247
707258
707279
707282
707308
707309
707316
707333
707347
707371
707374
707409
707411
707422
707464
707489
707502
707509
707521
707563
707564
707569
707571
707579
707581
707591
707606
707632
707645
707653
707673
707682
707685
707727
707730
707731
707736
707748
707751
707752
707752
707755
707760
707768
707770
707775
707791
707798
707806
707813
707820
707821
707826
707845
707845
707846
707858
707859
707860
707873
707880
707882
707922
707925
707938
707943
707943
707944
707945
707949
707951
707992
708000
708002
708026
708028
708035
708039
708040
708052
708071
708072
708077
708098
708115
708117
708126
708144
708151
708153
708155
708158
708185
708204
708205
708211
708233
708251
708254
708259
708268
708272
708277
708296
708305
708314
708333
708335
708357
708367
708378
708398
708432
708434
708457
708463
708470
708481
708499
708505
708506
708514
708526
708527
708528
708535
708582
708602
708610
708636
708637
708644
708648
708663
708665
708670
708670
708680
708681
708720
708742
708743
708743
708746
708746
708758
708777
708780
708788
708789
708810
708818
708831
708842
708861
708866
708867
708871
708872
708875
708875
708892
708904
708907
708929
708935
708941
708965
708966
708978
708979
708990
708998
709005
709041
709045
709064
709069
709078
709092
709092
709106
709113
709119
709123
709153
709157
709161
709172
709180
709191
709196
709197
709201
709201
709208
709224
709234
709243
709246
709256
709262
709266
709293
709324
709332
709333
709343
709347
709357
709361
709364
709373
709376
709400
709413
709422
709442
709468
709489
709517
709522
709530
709547
709561
709572
709584
709586
709587
709606
709628
709644
709666
709673
709673
709675
709676
709679
709686
709689
709690
709695
709711
709711
709727
709748
709749
709755
709762
709777
709783
709786
709801
709802
709814
709819
709820
709820
709834
709836
709842
709846
709868
709873
709883
709887
709888
709896
709929
709942
709943
709943
709967
709977
709984
709988
709996
709996
709998
710013
710013
710019
710031
710037
710061
710068
710079
710103
710106
710108
710119
710128
710137
710145
710147
710158
710164
710165
710173
710197
710213
710224
710240
710241
710242
710244
710272
710273
710275
710279
710291
710291
710312
710317
710325
710341
710353
710376
710378
710379
710379
710380
710409
710414
710421
710424
710431
710447
710451
710452
710452
710462
710476
710493
710496
710512
710523
710527
710546
710562
710581
710582
710586
710591
710594
710595
710596
710596
710601
710608
710610
710615
710617
710622
710624
710666
710667
710673
710691
710693
710696
710716
710720
710726
710728
710741
710745
710748
710753
710757
710757
710766
710773
710780
710798
710798
710831
710840
710852
710854
710870
710870
710877
710903
710903
710941
710962
710971
710998
711004
711007
711012
711027
711035
711069
711083
711099
711103
711141
711146
711166
711212
711216
711248
711250
711258
711261
711262
711263
711266
711273
711281
711308
711314
711328
711340
711347
711347
711364
711365
711406
711420
711428
711459
711460
711471
711508
711517
711545
711559
711559
711562
711567
711571
711574
711575
711586
711604
711607
711611
711618
711621
711621
711622
711630
711635
711677
711679
711697
711698
711706
711712
711714
711717
711724
711733
711754
711755
711757
711760
711761
711767
711777
711791
711798
711818
711825
711831
711840
711856
711858
711863
711866
711875
711880
711886
711928
711930
711932
711942
711957
711959
711964
711976
711990
711995
711997
712003
712005
712008
712022
712024
712032
712053
712063
712072
712080
712092
712093
712122
712124
712129
712139
712154
712159
712164
712166
712171
712178
712192
712195
712198
712216
712234
712235
712253
712259
712271
712307
712310
712315
712317
712363
712364
712368
712384
712390
712395
712401
712402
712402
712414
712416
712418
712436
712446
712460
712479
712481
712483
712485
712507
712516
712532
712537
712544
712556
712566
712581
712598
712601
712605
712605
712631
712635
712637
712643
712674
712683
712691
712727
712733
712735
712736
712751
712771
712790
712812
712813
712815
712825
712828
712845
712850
712863
712889
712889
712900
712903
712905
712921
712926
712944
712946
712960
713002
713008
713015
713017
713021
713025
713028
713028
713040
713040
713047
713066
713068
713079
713090
713090
713092
713097
713103
713108
713121
713128
713131
713139
713160
713170
713172
713175
713193
713196
713198
713206
713221
713222
713225
713230
713249
713259
713279
713289
713307
713318
713318
713346
713357
713359
713359
713372
713382
713391
713396
713398
713414
713416
713438
713441
713451
713457
713462
713489
713537
713544
713545
713561
713578
713586
713615
713625
713632
713636
713639
713650
713654
713661
713671
713677
713685
713721
713721
713728
713738
713755
713788
713797
713817
713819
713824
713825
713835
713835
713865
713880
713880
713885
713898
713899
713902
713907
713918
713922
713948
713955
713956
713956
713969
713970
713972
713974
713986
713989
713992
713995
714001
714004
714006
714027
714039
714039
714043
714052
714068
714073
714081
714082
714084
714085
714092
714093
714104
714140
714141
714157
714161
714171
714191
714216
714227
714254
714282
714290
714299
714300
714341
714346
714364
714389
714397
714401
714408
714413
714425
714431
714440
714449
714456
714464
714469
714474
714476
714495
714496
714502
714510
714534
714536
714566
714568
714576
714579
714593
714600
714604
714632
714634
714652
714688
714700
714707
714711
714731
714735
714736
714745
714749
714755
714757
714764
714785
714790
714807
714824
714841
714841
714863
714865
714866
714872
714889
714908
714922
714928
714969
714974
714984
714989
714992
715012
715015
715025
715031
715041
715048
715094
715130
715143
715148
715164
715164
715170
715171
715185
715186
715187
715189
715190
715192
715193
715195
715197
715219
715229
715231
715234
715240
715264
715273
715275
715276
715318
715321
715337
715345
715375
715381
715381
715391
715405
715423
715425
715428
715437
715447
715467
715471
715473
715477
715478
715506
715515
715520
715541
715555
715560
715572
715576
715586
715604
715608
715614
715629
715634
715639
715662
715664
715679
715699
715699
715703
715703
715709
715721
715721
715731
715744
715744
715746
715750
715753
715753
715755
715763
715781
715822
715849
715852
715856
715873
715910
715911
715912
715912
715917
715947
715948
715949
715960
715976
715985
715996
716007
716012
716045
716048
716060
716073
716075
716080
716085
716093
716121
716131
716137
716153
716159
716163
716166
716209
716212
716216
716231
716252
716265
716281
716290
716294
716295
716317
716319
716319
716322
716352
716360
716362
716366
716369
716374
716394
716398
716435
716437
716444
716445
716445
716450
716455
716460
716460
716470
716490
716495
716496
716503
716514
716518
716525
716526
716530
716539
716543
716547
716551
716560
716566
716576
716576
716582
716591
716600
716602
716614
716643
716647
716663
716674
716675
716685
716698
716706
716715
716727
716730
716735
716752
716753
716753
716773
716789
716812
716819
716831
716834
716841
716842
716847
716854
716859
716862
716871
716877
716884
716893
716894
716900
716903
716914
716917
716917
716942
716954
716957
716959
716962
716963
716969
716988
716998
717043
717048
717052
717055
717056
717061
717064
717066
717080
717084
717101
717103
717126
717133
717136
717138
717155
717160
717178
717180
717187
717209
717219
717223
717224
717247
717248
717257
717262
717284
717288
717294
717301
717301
717304
717305
717325
717329
717330
717330
717342
717347
717349
717363
717374
717374
717393
717410
717428
717429
717434
717438
717446
717457
717459
717481
717506
717521
717526
717543
717556
717572
717598
717614
717653
717670
717674
717674
717680
717683
717711
717713
717730
717731
717752
717755
717756
717763
717773
717781
717783
717789
717803
717837
717860
717868
717880
717887
717897
717926
717926
717937
717945
717951
717952
717954
717962
717970
717979
717987
718002
718016
718022
718023
718026
718037
718039
718043
718070
718112
718138
718140
718143
718148
718163
718179
718202
718212
718218
718219
718221
718222
718233
718250
718254
718257
718273
718317
718329
718338
718353
718361
718379
718386
718425
718446
718447
718466
718469
718482
718495
718503
718513
718519
718526
718527
718527
718537
718541
718549
718574
718578
718592
718595
718601
718607
718615
718615
718623
718637
718644
718645
718648
718651
718659
718664
718674
718675
718680
718685
718710
718721
718734
718739
718813
718822
718841
718843
718858
718859
718861
718867
718870
718872
718874
718875
718887
718893
718911
718932
718941
718944
718945
718956
718959
718965
718969
718978
718983
718984
718986
718990
719007
719010
719011
719020
719030
719039
719041
719044
719050
719058
719059
719063
719064
719076
719086
719086
719087
719101
719102
719104
719109
719113
719117
719133
719141
719144
719149
719156
719167
719194
719196
719207
719222
719227
719237
719245
719277
719329
719331
719342
719351
719353
719365
719378
719381
719398
719400
719405
719420
719423
719427
719430
719437
719440
719459
719469
719472
719476
719482
719486
719489
719496
719499
719524
719600
719601
719605
719628
719632
719639
719651
719659
719678
719683
719699
719735
719743
719759
719766
719792
719825
719829
719829
719834
719847
719850
719868
719869
719882
719883
719885
719890
719905
719906
719914
719931
719933
719933
719981
719991
720012
720015
720030
720030
720039
720046
720077
720096
720099
720113
720114
720115
720152
720155
720170
720178
720178
720182
720189
720193
720193
720197
720208
720212
720223
720229
720230
720234
720277
720283
720286
720303
720319
720335
720355
720359
720377
720390
720391
720404
720407
720418
720430
720431
720437
720439
720455
720468
720472
720493
720495
720503
720579
720592
720605
720642
720658
720660
720674
720675
720678
720683
720683
720687
720697
720700
720731
720743
720764
720765
720769
720771
720776
720779
720789
720806
720824
720840
720860
720872
720872
720878
720884
720890
720909
720916
720929
720934
720947
720953
720967
720994
721006
721010
721022
721040
721043
721055
721057
721069
721070
721071
721078
721083
721085
721087
721127
721135
721164
721168
721171
721177
721178
721205
721218
721220
721228
721237
721255
721258
721265
721276
721277
721287
721308
721310
721338
721338
721348
721350
721353
721363
721372
721408
721415
721421
721423
721444
721444
721446
721459
721469
721475
721482
721487
721500
721507
721526
721536
721550
721570
721573
721574
721575
721578
721586
721600
721609
721615
721631
721647
721649
721650
721650
721653
721656
721666
721666
721666
721678
721687
721688
721703
721709
721713
721714
721724
721729
721730
721735
721751
721756
721758
721766
721775
721783
721790
721794
721808
721808
721817
721831
721832
721835
721842
721848
721873
721873
721885
721905
721907
721912
721920
721922
721963
721972
721975
721989
722036
722043
722070
722079
722085
722092
722110
722116
722121
722141
722149
722151
722156
722169
722172
722187
722210
722213
722231
722241
722241
722250
722254
722268
722268
722278
722282
722300
722301
722313
722313
722314
722317
722321
722324
722330
722336
722344
722344
722360
722363
722377
722382
722400
722416
722430
722443
722454
722499
722499
722506
722522
722530
722537
722541
722615
722618
722622
722626
722627
722629
722634
722685
722693
722699
722701
722714
722715
722718
722727
722743
722771
722779
722781
722791
722798
722809
722815
722827
722828
722849
722859
722900
722924
722931
722953
722969
722998
722999
723006
723035
723053
723058
723066
723066
723068
723082
723105
723111
723117
723133
723139
723142
723169
723171
723177
723183
723194
723201
723201
723212
723218
723220
723225
723246
723256
723260
723270
723314
723326
723341
723343
723351
723353
723360
723386
723390
723390
723395
723408
723414
723429
723435
723436
723445
723479
723487
723497
723505
723514
723514
723515
723524
723539
723557
723563
723563
723570
723585
723612
723636
723649
723663
723667
723671
723685
723698
723705
723715
723717
723720
723731
723743
723761
723768
723782
723796
723799
723801
723803
723817
723838
723858
723860
723878
723888
723890
723899
723909
723939
723945
723948
723950
723950
723995
723996
724017
724020
724023
724038
724065
724091
724100
724105
724112
724126
724150
724165
724175
724189
724192
724200
724201
724202
724215
724215
724224
724231
724241
724254
724257
724265
724270
724277
724292
724309
724312
724315
724317
724346
724347
724350
724369
724403
724427
724432
724443
724451
724461
724476
724492
724492
724509
724524
724525
724556
724595
724595
724600
724611
724618
724625
724625
724627
724635
724640
724643
724686
724690
724694
724703
724705
724718
724718
724738
724738
724745
724750
724768
724775
724789
724790
724800
724805
724813
724831
724841
724858
724880
724883
724886
724890
724890
724893
724896
724901
724906
724932
724946
724949
724954
724964
724987
724987
724987
724990
724999
725000
725014
725016
725026
725041
725078
725090
725091
725092
725095
725110
725111
725129
725138
725139
725163
725164
725168
725187
725213
725219
725245
725249
725261
725265
725265
725267
725271
725290
725290
725291
725303
725309
725328
725336
725347
725359
725359
725380
725402
725405
725428
725430
725488
725493
725519
725525
725541
725555
725560
725570
725578
725583
725596
725617
725625
725633
725651
725653
725661
725666
725673
725681
725682
725715
725723
725730
725741
725750
725773
725786
725797
725805
725819
725821
725822
725826
725835
725835
725848
725858
725858
725876
725879
725893
725898
725902
725903
725924
725925
725946
725949
725965
725967
725968
725977
725997
725999
726000
726026
726030
726032
726061
726074
726078
726088
726103
726114
726118
726123
726136
726138
726155
726176
726200
726208
726224
726250
726272
726292
726300
726302
726307
726310
726315
726321
726324
726352
726384
726398
726421
726440
726459
726460
726463
726478
726522
726528
726558
726602
726604
726616
726633
726636
726638
726650
726660
726665
726667
726670
726672
726674
726679
726689
726698
726706
726720
726760
726770
726782
726797
726819
726835
726837
726838
726872
726888
726890
726891
726893
726909
726914
726927
726942
726951
726951
726965
726970
726987
726987
726995
726995
727022
727022
727033
727057
727061
727070
727081
727089
727111
727123
727145
727153
727157
727166
727189
727192
727194
727217
727231
727266
727274
727282
727282
727294
727299
727305
727313
727322
727327
727331
727334
727338
727341
727349
727380
727385
727402
727404
727409
727418
727420
727422
727433
727440
727456
727459
727489
727489
727491
727492
727493
727539
727559
727561
727573
727576
727585
727586
727613
727621
727632
727635
727643
727643
727648
727658
727662
727666
727680
727693
727696
727698
727700
727703
727704
727719
727733
727743
727758
727768
727769
727796
727799
727804
727806
727818
727820
727841
727844
727873
727885
727898
727922
727922
727925
727941
727958
727963
727976
727987
727987
727998
728000
728024
728024
728033
728039
728055
728078
728080
728082
728083
728093
728094
728115
728127
728130
728134
728138
728140
728149
728150
728152
728154
728157
728160
728162
728184
728202
728202
728211
728221
728238
728238
728259
728259
728263
728274
728274
728285
728293
728297
728320
728321
728324
728324
728337
728343
728343
728361
728363
728383
728390
728416
728425
728426
728427
728435
728436
728448
728456
728464
728481
728491
728509
728512
728524
728529
728545
728551
728582
728591
728597
728597
728600
728613
728618
728658
728702
728717
728788
728799
728807
728809
728820
728825
728828
728833
728846
728881
728896
728896
728901
728904
728921
728945
728951
728960
728989
728991
728992
729003
729008
729020
729043
729064
729087
729112
729118
729166
729170
729183
729226
729230
729232
729236
729237
729254
729261
729268
729269
729289
729294
729305
729306
729319
729338
729338
729347
729353
729367
729369
729389
729392
729395
729398
729424
729442
729449
729451
729452
729457
729464
729469
729475
729478
729481
729494
729497
729515
729540
729543
729550
729572
729581
729581
729592
729629
729643
729643
729644
729663
729675
729681
729683
729691
729700
729712
729719
729726
729734
729738
729746
729748
729769
729774
729781
729793
729810
729816
729848
729854
729855
729860
729862
729866
729874
729889
729901
729901
729951
729959
729962
729986
729992
730005
730006
730006
730023
730027
730044
730049
730049
730055
730056
730060
730069
730072
730073
730091
730114
730130
730140
730144
730149
730158
730169
730206
730214
730226
730235
730238
730239
730251
730256
730258
730265
730284
730310
730314
730334
730338
730352
730353
730360
730363
730365
730381
730393
730399
730402
730422
730428
730435
730447
730451
730452
730479
730495
730510
730521
730525
730535
730535
730538
730539
730541
730551
730567
730569
730581
730630
730630
730665
730699
730712
730726
730736
730763
730767
730791
730802
730808
730830
730849
730873
730878
730879
730889
730898
730899
730899
730901
730901
730908
730909
730912
730923
730927
730940
730947
730956
730992
730993
730997
730997
730997
731002
731009
731034
731050
731061
731064
731072
731077
731079
731085
731091
731092
731099
731109
731121
731124
731128
731153
731156
731166
731170
731173
731183
731198
731211
731219
731233
731238
731256
731279
731300
731315
731341
731354
731369
731375
731376
731414
731418
731442
731444
731453
731478
731483
731484
731499
731523
731524
731560
731573
731584
731584
731600
731605
731657
731671
731677
731683
731702
731707
731722
731723
731727
731727
731764
731794
731804
731808
731813
731834
731846
731850
731860
731863
731867
731868
731868
731885
731890
731927
731930
731939
731956
731960
731968
731972
731981
731989
731990
731995
732017
732017
732029
732043
732050
732054
732060
732062
732063
732083
732083
732084
732089
732089
732091
732092
732106
732111
732115
732125
732128
732130
732135
732185
732198
732205
732208
732214
732215
732221
732226
732227
732254
732266
732279
732279
732288
732297
732307
732313
732317
732317
732352
732355
732365
732385
732386
732400
732410
732421
732434
732465
732471
732480
732484
732488
732489
732509
732517
732519
732537
732543
732548
732561
732562
732568
732572
732596
732609
732610
732701
732701
732707
732709
732716
732722
732741
732743
732751
732757
732766
732773
732780
732786
732790
732808
732816
732822
732827
732835
732877
732884
732902
732908
732913
732952
732979
733018
733020
733023
733038
733041
733072
733074
733090
733112
733117
733121
733129
733132
733133
733133
733136
733142
733148
733164
733186
733191
733215
733241
733245
733285
733290
733301
733308
733311
733315
733337
733340
733341
733349
733355
733364
733376
733378
733383
733391
733393
733395
733399
733413
733426
733442
733447
733454
733458
733473
733480
733484
733496
733502
733516
733518
733518
733524
733525
733555
733572
733575
733587
733614
733628
733634
733641
733642
733642
733653
733656
733663
733670
733676
733679
733680
733685
733690
733711
733725
733730
733731
733738
733740
733765
733766
733776
733781
733782
733786
733796
733803
733814
733815
733824
733834
733841
733857
733859
733863
733866
733867
733871
733897
733917
733918
733921
733986
733988
734039
734043
734044
734064
734066
734074
734097
734113
734134
734144
734147
734149
734164
734166
734174
734177
734186
734219
734226
734248
734257
734265
734275
734286
734295
734304
734322
734331
734354
734367
734382
734388
734389
734405
734418
734430
734439
734440
734469
734470
734490
734493
734500
734508
734521
734521
734527
734529
734556
734556
734584
734589
734596
734608
734622
734626
734643
734647
734648
734674
734686
734715
734744
734762
734766
734776
734784
734785
734795
734802
734807
734808
734810
734818
734820
734822
734830
734834
734839
734847
734864
734875
734878
734884
734900
734905
734930
734964
735007
735009
735011
735016
735034
735076
735101
735135
735158
735165
735170
735173
735177
735184
735211
735213
735245
735247
735260
735275
735280
735312
735329
735346
735349
735369
735370
735376
735383
735391
735395
735418
735425
735436
735446
735447
735460
735463
735482
735502
735509
735517
735522
735531
735538
735546
735555
735576
735587
735597
735598
735598
735608
735612
735638
735666
735671
735678
735687
735698
735699
735708
735713
735746
735750
735757
735758
735770
735822
735822
735855
735868
735868
735896
735911
735917
735932
735932
735934
735938
735942
735947
735950
735954
735954
735971
735974
735998
736003
736008
736015
736022
736039
736053
736067
736069
736075
736078
736082
736090
736096
736098
736112
736115
736117
736123
736130
736130
736167
736182
736193
736204
736225
736226
736246
736251
736254
736258
736288
736309
736310
736315
736315
736319
736335
736359
736368
736378
736412
736453
736457
736466
736471
736482
736500
736500
736513
736513
736520
736527
736527
736535
736540
736542
736542
736553
736565
736565
736567
736570
736574
736626
736641
736648
736653
736663
736663
736672
736673
736683
736688
736690
736694
736698
736709
736711
736733
736738
736744
736770
736792
736792
736796
736797
736812
736814
736817
736835
736839
736840
736854
736862
736874
736874
736876
736876
736891
736895
736896
736910
736924
736936
736942
736946
736951
736952
736961
736990
736998
737000
737006
737015
737041
737046
737063
737078
737079
737083
737103
737108
737110
737112
737114
737139
737139
737152
737155
737183
737186
737188
737192
737214
737261
737264
737271
737277
737295
737315
737326
737359
737359
737361
737377
737383
737397
737399
737408
737411
737414
737431
737434
737438
737451
737466
737494
737495
737497
737517
737549
737553
737558
737567
737576
737591
737591
737628
737633
737650
737652
737653
737658
737702
737707
737723
737731
737738
737739
737767
737773
737778
737795
737796
737807
737828
737834
737834
737848
737859
737875
737877
737877
737886
737892
737910
737916
737924
737926
737927
737931
737950
737968
737981
737986
737997
738034
738063
738071
738074
738076
738076
738084
738097
738097
738106
738117
738121
738127
738132
738135
738141
738146
738164
738164
738167
738173
738174
738204
738209
738213
738234
738253
738258
738261
738266
738272
738275
738307
738311
738311
738316
738317
738320
738323
738323
738332
738339
738356
738364
738367
738372
738373
738375
738382
738394
738398
738452
738454
738455
738456
738462
738465
738466
738489
738500
738504
738506
738510
738513
738529
738529
738531
738541
738552
738553
738556
738576
738587
738598
738613
738613
738621
738631
738636
738647
738672
738681
738696
738711
738712
738715
738724
738741
738755
738757
738767
738773
738783
738791
738804
738824
738827
738828
738835
738835
738841
738855
738872
738873
738881
738883
738889
738899
738901
738908
738911
738914
738917
738928
738934
738940
738957
738959
738967
738974
738975
738995
739012
739019
739035
739038
739050
739050
739064
739064
739094
739097
739122
739123
739128
739135
739135
739171
739171
739177
739178
739180
739195
739238
739243
739244
739300
739301
739318
739328
739354
739356
739357
739358
739366
739375
739378
739390
739394
739408
739409
739458
739461
739475
739480
739505
739533
739540
739541
739578
739588
739606
739607
739616
739622
739629
739633
739638
739645
739649
739651
739669
739676
739687
739687
739699
739700
739711
739720
739721
739733
739762
739768
739795
739803
739813
739818
739867
739878
739882
739885
739893
739898
739905
739906
739964
739965
739988
739991
740007
740013
740014
740022
740035
740042
740068
740072
740083
740106
740122
740132
740135
740178
740185
740202
740220
740227
740247
740263
740267
740285
740325
740330
740339
740349
740353
740360
740369
740385
740403
740403
740425
740436
740439
740455
740457
740461
740463
740465
740470
740470
740474
740488
740499
740513
740543
740549
740565
740577
740577
740581
740593
740605
740608
740619
740633
740673
740683
740689
740693
740704
740707
740725
740757
740769
740770
740797
740813
740814
740857
740861
740874
740892
740899
740908
740927
740943
740947
740953
740958
740958
740959
740972
740977
740998
740998
741018
741019
741028
741035
741045
741048
741055
741057
741068
741084
741084
741099
741108
741110
741117
741117
741127
741144
741164
741178
741192
741196
741200
741214
741220
741228
741248
741251
741262
741268
741274
741301
741304
741308
741324
741379
741384
741398
741412
741423
741426
741431
741433
741449
741463
741463
741465
741470
741471
741506
741510
741517
741534
741542
741579
741589
741596
741596
741598
741608
741613
741615
741619
741620
741633
741638
741643
741653
741653
741656
741685
741688
741690
741694
741711
741711
741721
741733
741757
741767
741777
741779
741789
741795
741811
741812
741823
741823
741826
741826
741850
741852
741853
741859
741862
741890
741901
741917
741955
741960
741963
741980
741982
741985
741988
741990
742007
742025
742027
742050
742070
742071
742075
742086
742089
742089
742093
742093
742099
742102
742120
742121
742136
742140
742184
742200
742208
742211
742219
742224
742253
742254
742273
742315
742322
742332
742337
742347
742361
742378
742387
742390
742402
742417
742423
742433
742436
742453
742461
742464
742476
742477
742482
742489
742508
742508
742512
742524
742527
742562
742565
742569
742581
742603
742605
742623
742623
742630
742632
742635
742639
742646
742655
742662
742676
742681
742686
742691
742701
742709
742718
742722
742724
742724
742727
742732
742733
742744
742747
742752
742758
742773
742780
742798
742807
742814
742816
742823
742837
742838
742861
742866
742886
742899
742916
742925
742943
742949
742958
742959
742960
742960
743022
743039
743048
743065
743069
743086
743098
743106
743117
743119
743120
743124
743126
743130
743131
743147
743148
743149
743149
743149
743158
743161
743161
743179
743197
743212
743234
743254
743265
743265
743282
743293
743307
743329
743340
743346
743347
743350
743350
743355
743364
743365
743386
743404
743412
743412
743413
743419
743424
743431
743445
743449
743453
743466
743472
743472
743478
743490
743491
743493
743503
743505
743512
743513
743514
743521
743522
743546
743553
743571
743578
743582
743597
743615
743615
743633
743635
743638
743641
743650
743653
743696
743698
743701
743713
743714
743745
743765
743768
743771
743775
743779
743781
743797
743818
743828
743838
743840
743843
743872
743878
743882
743895
743916
743922
743924
743930
743938
743952
743959
743963
743980
743983
743988
744000
744005
744015
744022
744037
744037
744052
744054
744077
744079
744128
744140
744143
744146
744150
744158
744170
744173
744212
744223
744224
744227
744276
744281
744290
744294
744297
744298
744313
744316
744338
744360
744362
744420
744440
744441
744461
744473
744496
744499
744502
744510
744515
744528
744555
744559
744570
744597
744608
744625
744627
744642
744666
744685
744689
744689
744692
744711
744718
744728
744740
744744
744750
744785
744788
744807
744812
744814
744829
744831
744892
744892
744918
744923
744940
744953
744964
744978
744987
744988
744990
745005
745016
745053
745053
745070
745072
745081
745086
745096
745097
745107
745109
745120
745146
745156
745161
745170
745176
745202
745203
745225
745227
745241
745248
745253
745273
745276
745292
745300
745318
745348
745351
745369
745370
745371
745397
745409
745436
745437
745448
745462
745481
745483
745495
745498
745499
745508
745508
745529
745535
745540
745553
745555
745564
745565
745575
745593
745593
745602
745606
745621
745639
745643
745653
745664
745700
745704
745716
745726
745727
745735
745736
745745
745769
745771
745777
745781
745790
745794
745796
745802
745802
745834
745844
745846
745847
745847
745878
745886
745893
745909
745914
745918
745923
745935
745947
745964
745985
745985
745990
746004
746005
746015
746027
746041
746063
746074
746083
746089
746102
746103
746105
746117
746117
746120
746151
746155
746196
746231
746244
746262
746274
746275
746294
746295
746311
746314
746356
746358
746361
746373
746376
746395
746408
746414
746422
746433
746435
746439
746443
746448
746448
746457
746462
746471
746471
746479
746481
746492
746508
746530
746550
746559
746585
746597
746598
746602
746604
746606
746623
746635
746636
746664
746670
746676
746684
746699
746724
746725
746738
746743
746751
746751
746755
746782
746783
746785
746794
746804
746815
746833
746850
746880
746884
746891
746892
746894
746901
746915
746916
746920
746937
746942
746953
746965
746966
746976
746977
746981
746994
747001
747011
747023
747024
747042
747047
747087
747100
747105
747109
747115
747116
747118
747130
747139
747142
747157
747162
747163
747167
747172
747182
747187
747228
747236
747239
747242
747251
747254
747261
747269
747296
747307
747313
747314
747321
747325
747327
747328
747330
747351
747360
747363
747376
747379
747384
747398
747402
747410
747425
747430
747436
747457
747471
747472
747477
747477
747499
747507
747522
747609
747630
747633
747639
747677
747683
747701
747706
747707
747715
747737
747765
747767
747777
747804
747806
747819
747822
747824
747829
747832
747838
747852
747855
747859
747862
747863
747870
747872
747880
747889
747909
747909
747919
747925
747935
747935
747942
747942
747943
747950
747960
748024
748026
748027
748032
748053
748063
748064
748065
748069
748071
748076
748096
748102
748124
748126
748137
748146
748166
748191
748192
748195
748198
748215
748222
748228
748254
748257
748268
748270
748282
748291
748294
748307
748318
748356
748363
748370
748393
748394
748399
748409
748418
748418
748434
748455
748461
748473
748483
748486
748507
748512
748514
748514
748516
748519
748540
748553
748557
748567
748576
748578
748582
748588
748591
748591
748608
748610
748624
748636
748641
748644
748645
748649
748661
748666
748672
748675
748695
748724
748725
748824
748827
748839
748839
748840
748852
748856
748869
748873
748875
748879
748893
748902
748904
748909
748923
748926
748946
748987
748994
748999
749001
749009
749010
749013
749018
749035
749038
749061
749072
749083
749085
749089
749089
749093
749116
749130
749135
749136
749152
749166
749196
749197
749209
749274
749278
749285
749286
749295
749326
749332
749338
749339
749340
749347
749369
749376
749379
749392
749409
749413
749419
749420
749429
749433
749436
749437
749467
749471
749472
749475
749476
749482
749485
749500
749510
749518
749518
749537
749543
749551
749553
749557
749568
749573
749576
749581
749582
749592
749602
749611
749619
749632
749641
749643
749644
749646
749669
749670
749680
749690
749693
749702
749714
749720
749736
749747
749750
749771
749773
749808
749826
749831
749832
749841
749852
749853
749862
749881
749883
749888
749889
749894
749900
749908
749921
749931
749940
749943
749949
749955
749961
749969
749988
749990
749995
749996
750006
750011
750012
750016
750029
750034
750049
750055
750061
750069
750089
750093
750098
750106
750122
750140
750144
750148
750150
750151
750157
750172
750178
750186
750199
750203
750212
750216
750236
750247
750249
750269
750279
750294
750295
750296
750302
750303
750316
750323
750325
750325
750327
750329
750393
750401
750410
750419
750444
750457
750458
750460
750461
750471
750476
750499
750501
750513
750516
750527
750528
750539
750546
750558
750560
750562
750572
750585
750590
750600
750629
750684
750699
750700
750702
750706
750719
750736
750764
750766
750770
750772
750776
750781
750791
750792
750793
750808
750809
750812
750814
750833
750843
750847
750849
750878
750881
750902
750908
750918
750920
750928
750942
750945
750951
750955
750957
750959
750968
750969
750979
750983
750987
750990
750996
750998
751004
751016
751050
751052
751052
751052
751083
751091
751121
751132
751151
751153
751162
751168
751168
751172
751194
751198
751207
751210
751230
751233
751242
751250
751263
751274
751302
751323
751324
751326
751329
751359
751362
751366
751366
751383
751408
751420
751428
751450
751456
751458
751465
751468
751483
751491
751513
751537
751546
751554
751612
751615
751621
751646
751651
751672
751686
751705
751708
751716
751722
751736
751768
751769
751770
751781
751784
751794
751806
751810
751854
751860
751873
751878
751889
751916
751921
751936
751938
751939
751946
751961
751968
751970
751973
751977
751988
751991
751992
751993
751997
751997
751999
752005
752015
752019
752023
752024
752029
752032
752040
752053
752056
752089
752102
752105
752106
752107
752130
752147
752186
752188
752193
752195
752213
752216
752218
752228
752232
752271
752276
752277
752280
752293
752297
752297
752303
752309
752312
752321
752321
752323
752331
752345
752406
752427
752450
752453
752457
752457
752496
752508
752509
752514
752515
752527
752538
752542
752559
752562
752568
752571
752578
752582
752610
752618
752643
752662
752663
752664
752666
752668
752685
752692
752694
752696
752705
752708
752715
752723
752724
752730
752731
752735
752743
752745
752754
752754
752756
752763
752769
752769
752784
752797
752816
752822
752835
752848
752871
752873
752875
752877
752893
752924
752961
752963
752971
752999
753001
753003
753036
753038
753040
753060
753085
753087
753089
753106
753126
753133
753139
753142
753154
753155
753161
753163
753172
753173
753179
753180
753180
753186
753188
753209
753223
753231
753292
753298
753313
753314
753342
753343
753350
753360
753364
753369
753388
753400
753406
753409
753418
753431
753435
753440
753478
753479
753479
753490
753501
753506
753516
753517
753518
753522
753552
753563
753563
753569
753580
753582
753584
753584
753587
753592
753592
753641
753650
753654
753659
753673
753677
753695
753709
753720
753726
753726
753727
753731
753732
753733
753735
753740
753753
753754
753756
753760
753761
753763
753769
753775
753783
753791
753803
753861
753872
753882
753900
753910
753912
753932
753935
753935
753935
753947
753951
753954
753999
754004
754015
754035
754040
754043
754047
754055
754068
754090
754118
754128
754136
754152
754170
754179
754190
754208
754220
754235
754267
754268
754273
754278
754288
754289
754304
754307
754311
754313
754316
754322
754346
754350
754353
754378
754393
754395
754398
754435
754446
754450
754458
754470
754471
754473
754478
754487
754503
754525
754530
754545
754546
754562
754574
754585
754591
754608
754610
754612
754624
754632
754635
754647
754648
754655
754660
754669
754688
754703
754705
754712
754736
754742
754745
754749
754764
754774
754791
754807
754813
754815
754824
754830
754834
754836
754838
754840
754849
754858
754867
754878
754888
754889
754893
754918
754922
754934
754934
754936
754964
754966
754972
754973
754979
754984
754995
755031
755033
755044
755046
755048
755048
755105
755106
755134
755161
755165
755172
755187
755206
755232
755234
755267
755269
755295
755297
755303
755306
755321
755330
755331
755333
755336
755337
755337
755339
755345
755357
755387
755388
755415
755433
755443
755457
755465
755478
755480
755485
755492
755540
755543
755561
755567
755578
755595
755596
755607
755612
755627
755647
755657
755675
755685
755715
755736
755758
755762
755763
755764
755767
755780
755781
755785
755789
755806
755820
755823
755825
755830
755831
755839
755843
755857
755870
755877
755882
755894
755904
755910
755919
755920
755922
755932
755965
755965
755971
755979
756000
756018
756023
756030
756033
756052
756057
756059
756061
756078
756078
756084
756087
756098
756113
756113
756114
756143
756144
756146
756154
756158
756162
756165
756167
756170
756174
756185
756194
756204
756204
756205
756219
756223
756235
756270
756282
756285
756293
756297
756307
756310
756320
756364
756373
756385
756388
756396
756418
756422
756434
756448
756450
756452
756464
756478
756482
756490
756493
756495
756505
756509
756518
756520
756530
756545
756566
756569
756571
756574
756588
756595
756595
756606
756612
756617
756623
756646
756663
756683
756698
756701
756728
756754
756755
756757
756811
756828
756828
756831
756835
756860
756876
756881
756887
756947
756948
756974
756975
756989
756990
756995
756999
757005
757011
757022
757026
757037
757041
757053
757060
757064
757065
757084
757170
757179
757187
757198
757202
757205
757209
757209
757227
757235
757239
757255
757259
757272
757272
757303
757307
757309
757312
757342
757346
757350
757356
757405
757420
757422
757426
757437
757441
757448
757469
757486
757504
757505
757524
757531
757540
757556
757561
757570
757579
757589
757590
757596
757606
757621
757644
757655
757659
757659
757662
757669
757671
757704
757715
757720
757727
757738
757761
757774
757775
757776
757786
757787
757801
757862
757864
757869
757871
757888
757899
757904
757908
757909
757916
757918
757940
757942
757948
757954
757955
757964
757974
757976
757980
757998
758031
758047
758061
758076
758080
758082
758086
758086
758090
758110
758132
758132
758133
758143
758157
758179
758184
758204
758219
758220
758228
758229
758230
758240
758245
758247
758269
758275
758280
758281
758285
758293
758357
758363
758377
758384
758434
758438
758450
758456
758460
758462
758464
758466
758477
758500
758528
758540
758557
758559
758573
758599
758601
758605
758607
758609
758616
758626
758627
758655
758670
758670
758689
758694
758697
758703
758705
758733
758777
758788
758791
758796
758804
758804
758805
758827
758830
758848
758860
758865
758870
758879
758912
758932
758942
758965
758979
758985
758992
758993
758995
759001
759003
759010
759037
759041
759047
759080
759088
759090
759094
759098
759104
759109
759113
759116
759120
759134
759188
759198
759201
759213
759216
759220
759224
759224
759237
759247
759260
759265
759277
759300
759324
759327
759336
759344
759347
759369
759372
759376
759387
759420
759436
759446
759449
759465
759493
759494
759504
759505
759508
759509
759509
759510
759511
759514
759545
759564
759579
759607
759609
759614
759614
759623
759628
759636
759643
759652
759655
759657
759661
759662
759671
759674
759697
759716
759720
759726
759739
759750
759750
759752
759752
759761
759771
759787
759793
759799
759808
759809
759819
759827
759833
759846
759853
759867
759881
759907
759930
759939
759954
759957
759964
759988
760000
760007
760010
760018
760019
760084
760094
760115
760120
760121
760122
760128
760140
760144
760162
760163
760174
760177
760201
760204
760220
760247
760269
760285
760299
760313
760314
760325
760339
760349
760355
760369
760383
760405
760433
760437
760451
760456
760458
760463
760464
760476
760477
760484
760537
760542
760567
760597
760600
760604
760608
760628
760631
760653
760667
760669
760697
760714
760719
760723
760749
760755
760765
760777
760780
760791
760792
760793
760816
760821
760831
760831
760832
760860
760862
760873
760897
760899
760909
760917
760920
760927
760928
760936
760942
760949
760957
760962
760969
760971
760975
761005
761005
761007
761008
761009
761022
761023
761038
761073
761077
761078
761080
761093
761105
761107
761112
761136
761151
761154
761155
761165
761169
761169
761173
761187
761197
761205
761226
761227
761246
761248
761272
761294
761301
761305
761318
761337
761341
761342
761344
761347
761369
761374
761383
761392
761393
761401
761410
761416
761436
761438
761456
761513
761514
761519
761522
761535
761550
761563
761565
761579
761592
761601
761610
761635
761644
761682
761684
761699
761706
761715
761732
761733
761737
761739
761749
761764
761782
761800
761801
761826
761869
761875
761878
761910
761921
761922
761943
761966
761966
761972
761974
761977
761980
761983
762002
762003
762004
762005
762009
762011
762030
762050
762058
762070
762084
762104
762157
762175
762184
762202
762209
762233
762233
762236
762253
762258
762258
762267
762279
762285
762305
762319
762320
762327
762335
762338
762348
762367
762397
762403
762433
762433
762453
762464
762475
762475
762475
762489
762499
762503
762510
762536
762540
762547
762551
762560
762568
762571
762584
762608
762611
762635
762648
762652
762654
762662
762663
762702
762727
762738
762751
762755
762755
762756
762763
762768
762785
762801
762812
762839
762840
762844
762855
762869
762881
762886
762895
762911
762918
762939
762942
762961
762980
762995
763003
763017
763022
763032
763039
763064
763092
763136
763140
763158
763159
763173
763178
763183
763199
763216
763225
763230
763237
763241
763259
763270
763277
763292
763303
763330
763333
763356
763365
763391
763399
763429
763434
763442
763443
763450
763462
763482
763488
763489
763493
763507
763510
763524
763536
763541
763550
763561
763581
763588
763605
763606
763614
763616
763620
763630
763634
763675
763689
763691
763722
763731
763736
763747
763751
763768
763780
763804
763805
763813
763833
763847
763863
763882
763883
763889
763890
763890
763920
763926
763946
763964
763980
763987
763987
763992
763994
764010
764012
764023
764034
764045
764050
764051
764082
764091
764097
764118
764120
764120
764129
764129
764136
764151
764156
764160
764172
764188
764196
764203
764224
764252
764253
764263
764263
764265
764331
764335
764346
764354
764358
764359
764384
764402
764403
764406
764410
764415
764431
764438
764441
764443
764451
764451
764456
764464
764471
764473
764478
764502
764503
764513
764516
764523
764526
764541
764543
764547
764549
764563
764585
764593
764599
764612
764613
764634
764634
764645
764665
764683
764685
764721
764727
764748
764755
764757
764790
764794
764797
764810
764832
764837
764846
764849
764888
764890
764905
764930
764937
764949
764953
764977
765001
765014
765019
765022
765039
765058
765073
765121
765127
765132
765134
765137
765150
765155
765156
765157
765180
765187
765209
765216
765233
765274
765282
765282
765295
765302
765305
765324
765345
765347
765350
765352
765363
765373
765373
765393
765396
765426
765429
765438
765447
765457
765464
765473
765496
765502
765506
765507
765512
765514
765517
765517
765520
765546
765567
765571
765575
765581
765583
765593
765595
765595
765596
765603
765605
765619
765621
765623
765633
765635
765643
765659
765675
765682
765701
765702
765712
765724
765736
765739
765746
765756
765785
765785
765802
765803
765803
765821
765824
765845
765847
765854
765857
765859
765867
765867
765881
765881
765897
765903
765908
765913
765921
765939
765942
765954
765958
765964
765966
765970
765984
765988
765993
765999
766010
766022
766028
766051
766056
766075
766097
766097
766118
766122
766137
766163
766174
766191
766211
766216
766231
766233
766239
766264
766266
766266
766269
766277
766292
766302
766313
766316
766335
766353
766364
766371
766388
766394
766401
766413
766414
766431
766437
766468
766469
766482
766485
766505
766508
766528
766529
766531
766537
766547
766548
766549
766553
766556
766565
766591
766593
766594
766601
766608
766614
766622
766625
766640
766673
766675
766677
766679
766689
766707
766709
766716
766720
766722
766736
766740
766748
766748
766757
766770
766803
766807
766827
766832
766836
766855
766878
766878
766881
766881
766888
766918
766928
766931
766934
766952
766962
766973
766975
766979
766980
766995
767000
767007
767013
767013
767027
767029
767033
767046
767049
767054
767063
767065
767074
767075
767089
767090
767093
767118
767122
767123
767128
767129
767137
767138
767144
767155
767156
767163
767170
767175
767190
767212
767242
767244
767251
767254
767255
767269
767282
767284
767301
767305
767312
767324
767336
767336
767338
767363
767372
767398
767422
767425
767437
767440
767441
767465
767467
767467
767473
767477
767486
767499
767502
767506
767509
767519
767525
767525
767532
767532
767541
767556
767568
767617
767618
767619
767624
767626
767644
767648
767665
767669
767671
767681
767684
767702
767706
767720
767720
767728
767732
767732
767732
767734
767740
767746
767749
767763
767769
767776
767813
767822
767837
767838
767840
767847
767857
767885
767911
767923
767925
767941
767946
767948
767949
767959
767974
767985
767987
767997
768009
768012
768014
768017
768031
768038
768047
768051
768053
768055
768056
768057
768072
768075
768077
768087
768100
768120
768121
768122
768159
768166
768168
768173
768181
768187
768202
768215
768216
768225
768226
768245
768246
768265
768277
768289
768315
768344
768357
768364
768373
768406
768415
768469
768481
768497
768505
768512
768523
768527
768529
768538
768540
768571
768574
768574
768577
768581
768587
768593
768621
768625
768626
768640
768651
768662
768666
768675
768676
768685
768686
768691
768700
768700
768713
768718
768735
768749
768763
768778
768791
768794
768800
768833
768851
768855
768859
768874
768880
768883
768888
768899
768922
768932
768943
768958
768968
769007
769014
769019
769023
769025
769034
769038
769056
769057
769067
769073
769076
769091
769098
769106
769113
769119
769127
769131
769168
769169
769170
769186
769186
769192
769194
769195
769200
769216
769217
769218
769230
769235
769235
769251
769275
769306
769309
769332
769342
769347
769356
769358
769360
769363
769369
769380
769380
769386
769407
769411
769421
769424
769431
769434
769455
769456
769463
769470
769482
769483
769514
769516
769526
769530
769531
769543
769548
769569
769575
769576
769610
769610
769615
769616
769622
769625
769637
769645
769645
769652
769661
769671
769690
769704
769712
769714
769720
769727
769734
769746
769752
769758
769761
769764
769776
769791
769792
769796
769798
769811
769834
769838
769846
769846
769848
769861
769879
769899
769900
769905
769912
769915
769924
769930
769957
769971
769983
769991
770007
770037
770041
770042
770050
770054
770084
770106
770116
770117
770130
770137
770140
770154
770157
770174
770199
770204
770206
770211
770233
770264
770265
770283
770285
770289
770291
770295
770302
770327
770332
770339
770339
770342
770361
770373
770380
770385
770391
770405
770405
770407
770408
770412
770414
770437
770443
770446
770463
770470
770475
770489
770499
770502
770503
770512
770526
770540
770543
770548
770553
770581
770601
770619
770632
770633
770649
770660
770670
770674
770679
770680
770706
770714
770716
770723
770729
770730
770730
770759
770766
770780
770782
770786
770788
770799
770822
770833
770833
770863
770877
770878
770883
770888
770898
770912
770925
770936
770939
770962
770977
770992
770994
771013
771026
771042
771056
771067
771083
771088
771101
771120
771138
771150
771155
771156
771168
771174
771174
771180
771184
771184
771189
771202
771213
771216
771217
771242
771249
771260
771262
771272
771285
771287
771296
771296
771301
771308
771310
771321
771321
771322
771329
771335
771359
771393
771402
771408
771413
771413
771423
771438
771439
771441
771444
771458
771504
771543
771543
771554
771564
771573
771579
771582
771594
771646
771668
771670
771683
771686
771692
771695
771697
771702
771707
771709
771717
771717
771743
771746
771750
771752
771766
771770
771770
771773
771775
771778
771800
771801
771802
771809
771812
771854
771859
771871
771878
771894
771898
771900
771904
771910
771911
771920
771921
771932
771940
771945
771949
771967
771976
771984
771991
771994
771999
772010
772020
772022
772037
772051
772060
772061
772077
772084
772088
772106
772123
772125
772127
772131
772134
772134
772137
772140
772157
772163
772173
772176
772193
772216
772222
772224
772235
772238
772245
772250
772250
772258
772271
772287
772302
772305
772325
772325
772351
772357
772357
772373
772384
772389
772414
772420
772432
772437
772441
772474
772476
772484
772489
772519
772521
772524
772527
772559
772568
772605
772607
772615
772620
772647
772662
772664
772672
772673
772685
772685
772691
772691
772696
772701
772704
772709
772709
772714
772726
772734
772735
772742
772745
772745
772751
772757
772761
772765
772773
772780
772791
772791
772795
772837
772855
772866
772887
772899
772903
772918
772919
772944
772951
772956
772969
772979
772981
773004
773016
773030
773041
773050
773054
773055
773056
773065
773068
773069
773088
773091
773092
773096
773105
773149
773152
773160
773165
773183
773210
773216
773234
773243
773243
773258
773265
773268
773281
773283
773284
773309
773326
773341
773342
773352
773366
773386
773399
773402
773442
773446
773454
773455
773456
773480
773484
773500
773501
773503
773507
773513
773519
773538
773551
773551
773582
773597
773603
773613
773637
773661
773681
773683
773696
773696
773711
773778
773790
773823
773825
773829
773837
773845
773865
773881
773897
773906
773921
773925
773943
773953
773964
773969
773977
773989
773989
773999
774030
774031
774041
774042
774050
774052
774079
774080
774091
774095
774114
774123
774125
774126
774133
774147
774158
774159
774171
774172
774190
774203
774234
774246
774259
774276
774280
774281
774281
774308
774308
774319
774325
774328
774330
774364
774365
774383
774390
774394
774413
774451
774454
774473
774516
774526
774527
774533
774544
774566
774568
774581
774584
774592
774600
774601
774603
774606
774608
774611
774647
774688
774692
774700
774702
774702
774711
774723
774725
774728
774731
774736
774740
774768
774780
774790
774796
774804
774809
774810
774817
774819
774827
774833
774836
774841
774851
774860
774861
774862
774871
774875
774892
774893
774906
774923
774931
774935
774945
774945
774956
774964
774970
774988
775007
775015
775016
775020
775022
775026
775026
775039
775040
775063
775077
775092
775093
775108
775120
775126
775127
775134
775140
775146
775159
775165
775175
775176
775187
775202
775206
775212
775225
775227
775232
775239
775253
775257
775262
775264
775265
775269
775271
775272
775277
775281
775286
775292
775295
775310
775324
775333
775333
775344
775350
775353
775361
775365
775373
775377
775381
775389
775397
775408
775416
775425
775430
775446
775468
775476
775477
775486
775489
775519
775523
775531
775547
775574
775577
775577
775579
775618
775624
775629
775641
775646
775647
775657
775662
775665
775674
775695
775695
775703
775725
775743
775743
775752
775764
775770
775774
775784
775786
775795
775804
775812
775814
775815
775823
775824
775838
775838
775842
775854
775867
775867
775877
775885
775888
775888
775898
775928
775938
775940
775947
775953
775977
775981
775985
775989
776000
776001
776001
776003
776012
776031
776035
776042
776049
776051
776061
776068
776094
776102
776127
776162
776210
776218
776236
776263
776267
776271
776286
776288
776290
776292
776294
776301
776314
776347
776359
776407
776418
776419
776452
776468
776511
776514
776520
776521
776541
776552
776564
776567
776583
776589
776592
776596
776600
776602
776606
776615
776620
776646
776652
776657
776669
776670
776677
776681
776697
776699
776723
776727
776742
776759
776762
776763
776775
776785
776789
776837
776846
776848
776848
776866
776872
776885
776893
776910
776927
776934
776941
776991
776992
777005
777016
777021
777029
777035
777050
777053
777056
777064
777081
777085
777085
777087
777100
777109
777110
777111
777112
777114
777119
777119
777120
777124
777133
777139
777141
777162
777170
777204
777209
777209
777211
777211
777230
777233
777299
777307
777310
777325
777326
777331
777336
777351
777351
777353
777357
777367
777379
777386
777397
777399
777401
777432
777438
777439
777451
777463
777468
777471
777478
777497
777525
777536
777538
777550
777557
777560
777568
777579
777586
777587
777587
777592
777593
777595
777603
777608
777610
777612
777618
777631
777633
777644
777677
777682
777703
777710
777717
777731
777735
777738
777753
777759
777766
777769
777779
777787
777806
777851
777866
777866
777868
777893
777895
777898
777944
777947
777958
777965
777972
777981
777981
778016
778016
778034
778055
778062
778069
778077
778080
778082
778084
778094
778104
778109
778121
778129
778157
778158
778164
778167
778179
778197
778207
778214
778232
778233
778238
778238
778240
778250
778255
778264
778282
778285
778288
778288
778288
778300
778310
778341
778345
778351
778352
778354
778360
778373
778388
778400
778415
778425
778442
778454
778481
778485
778488
778499
778505
778508
778530
778543
778547
778554
778557
778557
778571
778580
778587
778599
778624
778624
778643
778645
778656
778659
778677
778683
778695
778704
778706
778706
778710
778715
778721
778727
778733
778734
778737
778755
778772
778778
778780
778785
778785
778800
778823
778824
778826
778834
778837
778852
778855
778860
778876
778881
778891
778895
778898
778901
778905
778923
778924
778960
778963
778965
778975
778987
779001
779016
779028
779031
779033
779037
779049
779066
779077
779094
779097
779136
779146
779156
779169
779170
779173
779175
779218
779221
779235
779247
779250
779262
779264
779269
779291
779295
779300
779318
779337
779347
779378
779413
779414
779420
779422
779430
779440
779442
779454
779459
779476
779478
779488
779494
779494
779498
779508
779530
779553
779557
779558
779594
779603
779613
779622
779636
779644
779649
779656
779658
779665
779675
779678
779681
779685
779692
779712
779721
779732
779742
779748
779758
779762
779767
779770
779776
779778
779786
779789
779796
779798
779803
779806
779808
779819
779833
779851
779858
779880
779894
779918
779920
779932
779939
779939
779954
779979
779982
779985
779985
779994
779997
780007
780032
780036
780037
780050
780068
780103
780104
780111
780122
780124
780128
780147
780149
780149
780153
780160
780170
780223
780225
780238
780242
780243
780246
780255
780255
780260
780264
780265
780289
780300
780311
780313
780316
780320
780337
780342
780345
780347
780351
780363
780365
780414
780425
780427
780433
780435
780443
780443
780444
780457
780466
780466
780467
780482
780484
780503
780517
780531
780534
780547
780552
780556
780557
780563
780576
780586
780587
780604
780611
780613
780634
780656
780677
780707
780723
780733
780765
780782
780790
780791
780793
780810
780814
780823
780827
780832
780833
780845
780854
780855
780868
780893
780899
780901
780930
780936
780950
780961
780973
780976
780983
780992
780999
780999
781024
781037
781040
781045
781080
781081
781086
781087
781101
781101
781101
781118
781129
781139
781164
781164
781167
781180
781184
781186
781191
781195
781200
781209
781215
781216
781220
781224
781280
781287
781288
781289
781291
781305
781331
781337
781352
781352
781370
781370
781377
781381
781389
781392
781395
781407
781425
781442
781448
781448
781465
781473
781475
781496
781504
781507
781513
781521
781527
781529
781539
781548
781556
781561
781572
781576
781615
781623
781629
781644
781660
781673
781679
781707
781718
781744
781755
781834
781849
781857
781864
781874
781885
781899
781902
781903
781931
781941
781944
781946
781946
781959
781994
782015
782017
782020
782047
782053
782064
782074
782079
782080
782080
782080
782102
782109
782131
782136
782139
782140
782150
782154
782154
782161
782161
782174
782187
782188
782188
782226
782229
782230
782232
782238
782240
782252
782254
782254
782268
782281
782286
782287
782306
782333
782339
782340
782345
782351
782354
782366
782388
782393
782419
782430
782431
782441
782444
782483
782484
782495
782499
782538
782551
782553
782557
782558
782559
782561
782567
782570
782572
782598
782602
782602
782623
782630
782642
782645
782656
782669
782673
782697
782706
782709
782715
782727
782729
782735
782740
782744
782753
782755
782767
782773
782779
782785
782805
782824
782828
782850
782852
782870
782897
782898
782910
782919
782950
782956
782964
782983
782992
783010
783047
783047
783062
783069
783069
783072
783075
783084
783089
783102
783109
783142
783153
783159
783172
783180
783184
783209
783217
783221
783222
783225
783228
783236
783242
783247
783247
783248
783249
783255
783283
783297
783314
783346
783364
783397
783404
783407
783418
783422
783462
783472
783477
783479
783480
783484
783494
783496
783502
783503
783513
783515
783516
783536
783536
783547
783558
783572
783573
783580
783597
783598
783610
783617
783619
783619
783625
783631
783646
783649
783654
783658
783662
783662
783672
783675
783677
783704
783729
783750
783761
783764
783773
783791
783795
783796
783798
783817
783836
783839
783849
783871
783884
783888
783898
783908
783914
783915
783919
783920
783940
783948
783981
783984
783987
783989
783998
784017
784025
784032
784033
784038
784043
784059
784059
784070
784073
784074
784077
784079
784082
784083
784100
784101
784112
784116
784118
784119
784120
784128
784132
784137
784153
784154
784154
784174
784178
784181
784202
784214
784215
784230
784254
784260
784266
784266
784270
784279
784288
784295
784297
784322
784340
784346
784355
784363
784404
784405
784419
784434
784436
784440
784450
784464
784470
784472
784505
784520
784531
784533
784557
784557
784571
784603
784617
784628
784630
784643
784648
784653
784657
784658
784662
784667
784672
784696
784702
784705
784718
784730
784737
784739
784744
784750
784762
784770
784777
784784
784793
784800
784818
784837
784852
784852
784907
784917
784929
784945
784956
784972
784994
785002
785007
785011
785040
785050
785053
785055
785057
785070
785074
785075
785109
785141
785164
785196
785231
785247
785255
785258
785266
785279
785288
785290
785315
785317
785348
785356
785361
785368
785369
785374
785386
785402
785405
785409
785428
785441
785454
785462
785485
785488
785497
785500
785503
785510
785511
785518
785539
785555
785586
785591
785648
785654
785664
785670
785688
785690
785703
785704
785712
785715
785726
785736
785738
785738
785749
785754
785778
785780
785800
785801
785808
785820
785840
785868
785886
785896
785926
785933
785948
785950
785954
785969
785973
785998
786000
786006
786006
786029
786048
786049
786063
786068
786068
786095
786103
786117
786133
786136
786160
786169
786183
786183
786190
786197
786199
786203
786217
786233
786241
786266
786266
786267
786269
786278
786294
786298
786305
786313
786320
786343
786347
786348
786349
786361
786363
786367
786371
786380
786397
786426
786437
786442
786447
786454
786474
786485
786486
786492
786493
786494
786498
786515
786547
786557
786573
786577
786584
786594
786615
786622
786627
786638
786643
786663
786680
786682
786683
786692
786698
786701
786725
786742
786743
786771
786772
786779
786837
786870
786879
786886
786890
786896
786922
786928
786936
786938
786945
786946
786953
786955
786963
786976
786978
786989
786994
787043
787046
787046
787059
787068
787076
787119
787139
787150
787166
787208
787229
787230
787238
787246
787249
787282
787293
787300
787304
787310
787312
787313
787326
787327
787330
787333
787345
787356
787360
787360
787378
787380
787406
787408
787414
787434
787438
787440
787445
787461
787480
787489
787491
787499
787500
787507
787527
787532
787532
787535
787548
787559
787580
787624
787628
787638
787650
787650
787660
787661
787673
787687
787692
787702
787713
787715
787718
787721
787731
787737
787749
787757
787758
787764
787767
787778
787783
787787
787813
787820
787830
787833
787848
787850
787865
787887
787900
787911
787924
787925
787942
787943
787945
787952
787973
787982
787986
787997
787999
788008
788012
788016
788026
788028
788058
788070
788070
788103
788104
788110
788129
788134
788135
788137
788142
788178
788185
788189
788200
788231
788247
788249
788250
788279
788283
788283
788295
788301
788306
788358
788381
788392
788396
788398
788401
788404
788404
788423
788425
788456
788480
788498
788499
788500
788512
788512
788516
788521
788531
788561
788574
788599
788601
788603
788605
788616
788618
788620
788645
788650
788660
788666
788683
788715
788723
788731
788759
788759
788779
788783
788790
788790
788798
788804
788821
788857
788857
788866
788869
788876
788883
788885
788888
788889
788905
788909
788917
788919
788933
788944
788956
788962
788969
788971
789054
789069
789082
789084
789102
789108
789130
789131
789132
789160
789175
789215
789222
789234
789235
789250
789259
789273
789275
789289
789294
789315
789324
789333
789348
789356
789359
789359
789391
789413
789422
789426
789434
789435
789443
789448
789464
789487
789493
789502
789508
789512
789515
789518
789524
789531
789538
789550
789560
789565
789568
789577
789578
789581
789589
789599
789605
789610
789612
789632
789639
789642
789659
789662
789676
789693
789704
789708
789709
789711
789718
789721
789725
789727
789738
789758
789759
789763
789775
789776
789812
789816
789829
789830
789831
789833
789834
789857
789879
789912
789912
789913
789921
789930
789939
789939
789942
789948
789949
789961
789975
789987
790003
790011
790033
790037
790077
790084
790107
790108
790140
790140
790153
790153
790160
790174
790176
790179
790188
790192
790195
790205
790210
790214
790216
790241
790277
790283
790283
790285
790296
790297
790298
790298
790299
790304
790310
790314
790322
790348
790372
790415
790419
790420
790428
790429
790459
790467
790484
790490
790498
790532
790539
790568
790591
790596
790597
790599
790600
790600
790606
790607
790612
790618
790637
790654
790655
790667
790678
790680
790686
790689
790697
790709
790739
790742
790746
790749
790755
790763
790767
790782
790787
790813
790814
790822
790830
790830
790830
790832
790839
790840
790858
790863
790863
790892
790906
790919
790919
790931
790950
790964
790972
790977
790989
790992
790998
791005
791010
791012
791030
791068
791072
791076
791082
791116
791127
791127
791129
791151
791154
791170
791180
791189
791195
791202
791218
791219
791227
791239
791251
791254
791255
791269
791296
791315
791316
791327
791335
791349
791351
791351
791370
791384
791436
791437
791449
791477
791495
791497
791509
791511
791514
791514
791532
791547
791549
791550
791625
791632
791660
791663
791667
791678
791683
791719
791729
791765
791782
791800
791802
791807
791812
791848
791876
791879
791881
791888
791897
791904
791910
791923
791934
791937
791945
791980
791983
791987
791997
792006
792008
792016
792031
792048
792053
792060
792061
792076
792077
792091
792110
792132
792141
792158
792159
792164
792167
792184
792186
792196
792209
792213
792217
792223
792251
792284
792287
792288
792292
792314
792323
792344
792348
792359
792369
792381
792400
792401
792409
792416
792423
792448
792450
792468
792492
792500
792546
792553
792557
792575
792588
792590
792603
792646
792664
792691
792703
792704
792707
792724
792729
792752
792765
792770
792779
792786
792800
792807
792812
792828
792837
792844
792849
792856
792865
792875
792907
792912
792912
792920
792925
792929
792929
792937
792937
792943
792962
792986
792997
793004
793006
793017
793026
793026
793028
793032
793052
793073
793082
793094
793098
793098
793104
793113
793117
793121
793134
793167
793171
793172
793195
793196
793221
793223
793239
793242
793251
793257
793259
793272
793272
793274
793282
793285
793298
793316
793316
793317
793327
793330
793334
793335
793347
793350
793357
793362
793370
793391
793416
793438
793455
793462
793467
793470
793486
793489
793503
793504
793513
793514
793526
793529
793540
793549
793553
793562
793587
793592
793594
793599
793608
793608
793614
793623
793625
793633
793649
793656
793686
793690
793698
793700
793704
793714
793729
793732
793737
793772
793775
793794
793809
793812
793832
793882
793893
793896
793898
793910
793914
793916
793930
793935
793936
793943
793945
793951
793959
793972
793982
793996
794006
794035
794093
794113
794116
794117
794134
794157
794158
794162
794164
794169
794186
794205
794208
794212
794213
794245
794248
794250
794259
794264
794274
794283
794290
794299
794312
794319
794321
794327
794343
794379
794410
794418
794420
794431
794445
794445
794447
794448
794456
794470
794471
794479
794491
794498
794500
794503
794513
794528
794541
794555
794581
794594
794597
794602
794609
794617
794638
794648
794650
794660
794661
794663
794664
794667
794669
794675
794677
794678
794679
794685
794697
794698
794699
794703
794717
794722
794732
794732
794743
794752
794752
794779
794783
794790
794804
794814
794825
794826
794833
794836
794847
794847
794857
794864
794903
794907
794918
794919
794929
794939
794942
794943
794946
794947
794956
794956
794961
794968
794971
794982
794985
794997
795026
795026
795028
795071
795089
795109
795118
795120
795126
795133
795134
795150
795176
795188
795211
795224
795226
795240
795245
795246
795253
795256
795258
795268
795269
795275
795289
795295
795331
795339
795339
795343
795347
795348
795368
795374
795380
795382
795401
795403
795407
795435
795436
795440
795441
795443
795446
795449
795457
795494
795499
795502
795510
795540
795540
795548
795548
795552
795567
795589
795594
795595
795599
795640
795649
795664
795666
795670
795679
795692
795706
795737
795740
795743
795747
795751
795764
795802
795804
795807
795820
795820
795838
795852
795863
795868
795876
795888
795891
795912
795931
795941
795976
795983
795993
795997
796001
796007
796015
796017
796028
796028
796029
796032
796032
796054
796078
796089
796099
796118
796121
796124
796128
796136
796155
796157
796176
796191
796196
796204
796206
796214
796220
796221
796233
796237
796259
796261
796270
796297
796327
796327
796332
796339
796342
796344
796349
796356
796364
796371
796376
796377
796425
796427
796428
796433
796439
796441
796442
796456
796463
796468
796497
796497
796499
796501
796502
796522
796545
796556
796561
796575
796611
796616
796617
796620
796635
796637
796670
796675
796679
796690
796695
796701
796704
796713
796715
796715
796721
796729
796733
796740
796765
796766
796791
796791
796794
796805
796809
796821
796836
796838
796841
796852
796862
796863
796881
796882
796887
796901
796908
796940
796991
797007
797009
797030
797041
797052
797075
797077
797092
797098
797098
797104
797132
797170
797201
797212
797238
797244
797251
797252
797265
797272
797312
797315
797318
797345
797371
797376
797386
797399
797407
797415
797421
797422
797431
797434
797445
797445
797446
797446
797451
797457
797479
797493
797501
797519
797529
797534
797539
797542
797548
797556
797559
797567
797569
797579
797580
797582
797598
797604
797604
797606
797616
797638
797642
797642
797643
797655
797673
797675
797677
797698
797703
797710
797718
797719
797720
797726
797732
797742
797761
797790
797790
797806
797811
797869
797903
797907
797918
797919
797921
797924
797933
797955
797955
797959
797968
797969
797970
797983
797985
798024
798049
798053
798073
798075
798075
798080
798081
798094
798096
798100
798105
798107
798108
798122
798135
798178
798183
798197
798201
798202
798230
798237
798263
798266
798287
798309
798311
798320
798328
798336
798348
798350
798367
798385
798400
798417
798418
798457
798466
798474
798485
798488
798508
798516
798521
798532
798540
798551
798554
798578
798589
798601
798607
798615
798617
798621
798625
798629
798636
798639
798640
798642
798646
798656
798657
798667
798668
798695
798703
798710
798716
798732
798735
798745
798745
798751
798766
798769
798777
798779
798781
798801
798805
798808
798820
798820
798821
798830
798842
798849
798856
798862
798897
798907
798910
798910
798920
798922
798929
798931
798950
798961
798979
798994
798995
799000
799007
799014
799028
799035
799047
799058
799060
799072
799089
799100
799110
799122
799139
799143
799156
799167
799171
799171
799196
799196
799218
799230
799230
799241
799244
799261
799266
799270
799283
799283
799287
799295
799320
799322
799323
799323
799325
799327
799327
799329
799338
799338
799356
799365
799374
799377
799400
799423
799424
799425
799426
799453
799459
799468
799475
799496
799496
799504
799512
799535
799541
799551
799560
799562
799562
799581
799598
799601
799605
799608
799618
799622
799634
799638
799646
799679
799717
799718
799744
799751
799786
799813
799819
799823
799831
799842
799843
799849
799850
799856
799863
799877
799887
799894
799898
799903
799903
799916
799920
799922
799926
799938
799949
799954
799961
799977
800010
800013
800025
800029
800030
800032
800034
800046
800064
800071
800084
800096
800115
800136
800156
800161
800172
800173
800200
800204
800211
800231
800231
800246
800304
800319
800320
800325
800327
800345
800351
800368
800380
800400
800425
800449
800452
800464
800465
800487
800495
800516
800568
800573
800577
800596
800597
800599
800604
800623
800638
800674
800676
800677
800687
800699
800701
800712
800721
800722
800731
800739
800748
800752
800772
800772
800778
800783
800784
800798
800805
800822
800852
800875
800879
800880
800886
800888
800890
800891
800928
800955
800985
800991
800993
801009
801025
801029
801039
801042
801046
801047
801051
801053
801057
801072
801075
801076
801126
801131
801134
801138
801139
801162
801162
801181
801183
801187
801189
801191
801222
801232
801237
801247
801261
801272
801275
801301
801313
801314
801320
801326
801343
801344
801352
801365
801384
801396
801399
801400
801409
801414
801429
801439
801450
801458
801463
801465
801472
801472
801487
801488
801489
801507
801511
801515
801515
801522
801531
801540
801573
801590
801605
801609
801624
801637
801653
801654
801668
801702
801704
801711
801719
801727
801735
801752
801757
801758
801764
801776
801780
801791
801801
801822
801860
801864
801866
801872
801880
801918
801921
801926
801930
801931
801932
801937
801938
802000
802004
802031
802037
802051
802066
802068
802082
802091
802101
802124
802154
802158
802160
802189
802214
802222
802236
802268
802272
802273
802312
802345
802346
802356
802397
802408
802462
802462
802465
802467
802471
802482
802504
802514
802521
802525
802537
802551
802555
802564
802570
802571
802599
802619
802634
802645
802652
802658
802664
802678
802684
802690
802693
802710
802723
802732
802739
802753
802767
802775
802776
802778
802785
802786
802811
802819
802821
802824
802844
802860
802869
802875
802910
802912
802913
802919
802923
802923
802930
802939
802955
802956
802985
802989
802998
803001
803011
803020
803023
803038
803044
803045
803053
803056
803074
803077
803079
803096
803098
803105
803145
803146
803151
803166
803166
803185
803188
803189
803194
803196
803201
803213
803217
803236
803242
803245
803247
803247
803260
803262
803263
803263
803281
803283
803296
803300
803305
803312
803330
803342
803351
803358
803367
803369
803370
803375
803402
803406
803408
803409
803417
803428
803458
803462
803476
803491
803492
803493
803494
803501
803504
803505
803517
803524
803532
803543
803553
803556
803573
803584
803587
803588
803588
803597
803604
803613
803616
803617
803632
803638
803646
803657
803658
803686
803709
803709
803713
803737
803745
803747
803770
803772
803773
803779
803780
803795
803807
803831
803831
803842
803850
803854
803857
803884
803885
803901
803907
803910
803923
803953
803965
804002
804004
804007
804024
804052
804066
804066
804093
804108
804114
804115
804119
804125
804134
804139
804143
804163
804164
804176
804180
804181
804185
804195
804200
804208
804211
804214
804218
804237
804240
804247
804265
804278
804285
804307
804313
804319
804343
804344
804352
804354
804358
804374
804388
804388
804391
804400
804409
804416
804417
804429
804432
804433
804442
804452
804455
804460
804467
804484
804495
804498
804502
804506
804521
804522
804527
804529
804530
804530
804533
804534
804554
804556
804556
804559
804568
804578
804592
804597
804606
804609
804642
804644
804647
804656
804657
804661
804662
804689
804698
804706
804707
804733
804736
804747
804750
804790
804797
804798
804799
804807
804817
804854
804868
804870
804876
804877
804881
804894
804909
804909
804911
804930
804939
804945
804948
804985
804989
804993
805002
805039
805042
805061
805064
805074
805077
805088
805130
805136
805156
805167
805167
805168
805213
805214
805235
805237
805245
805248
805263
805265
805267
805275
805278
805280
805331
805334
805363
805382
805401
805404
805409
805415
805477
805502
805508
805518
805537
805560
805562
805565
805567
805568
805576
805591
805593
805594
805600
805602
805605
805626
805627
805641
805643
805661
805665
805675
805681
805683
805685
805686
805694
805698
805708
805719
805726
805730
805735
805751
805755
805768
805772
805783
805798
805802
805803
805821
805840
805875
805883
805887
805916
805919
805938
805961
805965
805978
805981
805982
805987
805988
805994
806000
806006
806015
806058
806066
806074
806078
806090
806093
806094
806095
806100
806105
806108
806109
806141
806141
806153
806156
806188
806194
806204
806221
806244
806257
806274
806319
806322
806358
806359
806383
806392
806393
806395
806398
806407
806418
806465
806468
806479
806486
806503
806514
806531
806532
806537
806538
806539
806542
806542
806546
806594
806611
806612
806619
806620
806620
806624
806631
806638
806665
806679
806682
806695
806699
806704
806704
806716
806719
806758
806761
806766
806790
806794
806820
806820
806831
806843
806845
806859
806861
806867
806875
806891
806892
806893
806899
806900
806901
806915
806938
806948
806951
806975
806984
806987
806994
806999
807004
807010
807018
807020
807024
807024
807026
807032
807036
807047
807049
807049
807050
807051
807054
807057
807058
807067
807084
807089
807090
807090
807099
807118
807122
807126
807129
807161
807163
807175
807197
807201
807210
807234
807243
807246
807247
807260
807261
807273
807274
807276
807277
807283
807308
807315
807329
807345
807360
807363
807372
807373
807396
807405
807430
807437
807438
807460
807462
807484
807488
807495
807496
807497
807498
807516
807535
807541
807553
807558
807560
807561
807567
807575
807577
807602
807633
807640
807656
807666
807667
807679
807688
807696
807703
807719
807729
807730
807736
807740
807743
807753
807765
807789
807802
807806
807807
807809
807811
807829
807834
807849
807850
807862
807870
807882
807909
807910
807915
807915
807920
807921
807943
807944
807956
807961
807999
808006
808011
808019
808029
808038
808039
808043
808058
808074
808079
808085
808096
808097
808100
808111
808140
808144
808174
808177
808177
808186
808188
808202
808209
808216
808218
808238
808261
808267
808269
808305
808306
808316
808334
808335
808337
808344
808371
808373
808376
808400
808414
808416
808423
808439
808446
808451
808455
808470
808481
808496
808496
808505
808515
808520
808546
808553
808557
808573
808636
808642
808644
808647
808659
808662
808665
808678
808679
808687
808690
808706
808719
808724
808724
808732
808757
808760
808764
808771
808826
808828
808847
808861
808861
808867
808869
808872
808886
808887
808890
808892
808895
808901
808905
808906
808909
808911
808915
808918
808918
808929
808932
808934
808960
808980
808985
808993
809004
809009
809016
809023
809033
809042
809058
809059
809060
809080
809101
809102
809124
809125
809141
809141
809146
809153
809157
809170
809180
809186
809190
809203
809213
809218
809222
809226
809230
809241
809243
809250
809279
809287
809307
809307
809360
809367
809381
809385
809389
809412
809444
809444
809453
809469
809477
809483
809496
809498
809512
809563
809577
809577
809603
809607
809607
809611
809624
809638
809647
809649
809650
809663
809665
809668
809670
809678
809694
809696
809699
809706
809721
809755
809773
809774
809780
809832
809849
809849
809861
809892
809931
809937
809949
809969
809992
809999
810003
810020
810020
810025
810028
810070
810082
810093
810093
810096
810107
810135
810142
810158
810164
810167
810183
810200
810204
810243
810244
810261
810269
810296
810313
810336
810338
810349
810356
810362
810367
810384
810389
810399
810401
810404
810419
810433
810446
810448
810478
810493
810496
810502
810523
810526
810557
810565
810587
810616
810655
810662
810665
810672
810705
810705
810727
810734
810741
810764
810766
810786
810788
810797
810823
810834
810845
810846
810861
810862
810868
810873
810874
810894
810896
810908
810948
810973
810989
811008
811012
811018
811028
811042
811043
811047
811056
811067
811068
811074
811076
811077
811088
811093
811094
811106
811110
811112
811113
811138
811140
811170
811171
811184
811197
811261
811283
811286
811291
811301
811319
811325
811330
811336
811339
811340
811340
811359
811374
811377
811378
811379
811405
811405
811414
811442
811443
811444
811455
811474
811480
811487
811487
811513
811522
811526
811537
811538
811540
811541
811548
811554
811569
811574
811578
811582
811586
811600
811601
811604
811610
811632
811634
811642
811666
811674
811686
811701
811705
811733
811758
811780
811783
811784
811815
811820
811821
811834
811840
811869
811871
811884
811893
811910
811919
811919
811926
811960
811989
812004
812005
812020
812023
812025
812028
812032
812033
812039
812044
812060
812078
812102
812111
812114
812120
812158
812174
812187
812190
812200
812203
812229
812229
812249
812252
812270
812274
812277
812280
812290
812306
812318
812318
812330
812338
812346
812365
812373
812385
812392
812393
812426
812428
812438
812445
812449
812451
812461
812464
812478
812480
812480
812501
812503
812508
812513
812520
812524
812545
812561
812572
812574
812585
812618
812622
812641
812647
812648
812660
812663
812685
812704
812715
812754
812756
812765
812774
812774
812778
812790
812791
812791
812791
812798
812799
812804
812818
812821
812856
812873
812877
812885
812889
812890
812901
812919
812923
812945
812949
812961
812967
812973
812978
812999
813057
813064
813084
813121
813139
813146
813150
813151
813152
813153
813166
813180
813184
813186
813187
813189
813196
813196
813217
813237
813250
813264
813267
813269
813274
813300
813309
813312
813345
813349
813357
813365
813375
813376
813378
813385
813392
813402
813405
813415
813442
813469
813482
813488
813489
813525
813525
813526
813532
813536
813553
813560
813566
813577
813586
813591
813591
813598
813616
813626
813634
813635
813636
813639
813639
813646
813646
813650
813653
813656
813672
813688
813704
813714
813718
813726
813726
813732
813736
813738
813744
813753
813775
813795
813814
813832
813848
813874
813886
813889
813889
813898
813899
813935
813946
813950
813967
813975
813988
813996
814001
814008
814038
814059
814064
814066
814070
814095
814104
814111
814113
814126
814129
814148
814148
814161
814187
814198
814217
814229
814235
814240
814242
814242
814255
814258
814261
814263
814272
814272
814282
814290
814292
814293
814308
814312
814316
814316
814325
814331
814347
814347
814364
814407
814412
814419
814430
814433
814436
814439
814446
814454
814460
814467
814474
814481
814486
814509
814513
814518
814524
814548
814552
814556
814567
814580
814581
814586
814589
814592
814604
814609
814621
814627
814636
814639
814658
814668
814684
814691
814692
814700
814704
814723
814723
814724
814727
814732
814733
814740
814747
814751
814751
814761
814762
814768
814772
814774
814781
814790
814794
814797
814808
814823
814838
814852
814852
814866
814872
814880
814901
814907
814913
814927
814929
814931
814951
814975
814978
814986
815004
815026
815029
815044
815044
815057
815058
815067
815084
815102
815103
815110
815118
815131
815140
815145
815150
815157
815177
815181
815191
815221
815246
815248
815256
815294
815319
815325
815348
815352
815385
815395
815398
815402
815417
815423
815431
815435
815443
815444
815452
815463
815488
815497
815497
815497
815503
815513
815525
815537
815552
815568
815584
815584
815588
815598
815605
815626
815648
815664
815670
815670
815672
815686
815687
815701
815731
815735
815739
815750
815758
815765
815779
815796
815799
815804
815806
815815
815818
815840
815845
815849
815893
815905
815938
815961
815976
815995
816009
816013
816034
816043
816052
816060
816061
816072
816085
816088
816102
816111
816114
816117
816120
816146
816149
816158
816169
816173
816181
816186
816195
816197
816226
816227
816235
816248
816257
816258
816287
816291
816323
816335
816342
816351
816356
816366
816372
816391
816394
816414
816436
816453
816469
816469
816474
816492
816492
816494
816495
816506
816523
816528
816537
816554
816555
816561
816586
816591
816592
816602
816613
816617
816637
816639
816643
816644
816649
816654
816657
816663
816681
816685
816691
816708
816721
816723
816725
816736
816759
816759
816781
816784
816786
816802
816817
816820
816821
816828
816835
816835
816839
816853
816888
816904
816917
816920
816925
816929
816940
816945
816951
816953
816957
816969
816983
816990
816996
816998
817002
817006
817036
817053
817058
817058
817064
817068
817068
817104
817108
817113
817118
817120
817124
817128
817145
817146
817163
817163
817175
817179
817187
817189
817201
817211
817231
817233
817237
817237
817239
817247
817248
817264
817281
817282
817287
817290
817318
817320
817361
817372
817374
817378
817380
817382
817386
817419
817429
817446
817470
817471
817492
817500
817513
817529
817538
817546
817551
817559
817561
817564
817564
817566
817574
817588
817600
817609
817611
817626
817647
817651
817653
817667
817698
817704
817704
817711
817718
817724
817724
817727
817733
817743
817748
817761
817772
817774
817790
817801
817809
817841
817852
817858
817866
817871
817880
817883
817889
817893
817904
817907
817911
817914
817915
817925
817941
817949
817953
817963
817963
817981
817983
817990
817995
818006
818011
818039
818047
818052
818065
818076
818077
818094
818105
818106
818109
818110
818115
818125
818133
818134
818141
818181
818219
818228
818236
818256
818257
818263
818265
818284
818299
818313
818313
818315
818316
818327
818359
818363
818398
818411
818430
818438
818440
818457
818462
818474
818474
818477
818482
818498
818503
818508
818515
818528
818541
818543
818561
818564
818569
818575
818598
818613
818640
818658
818661
818667
818681
818699
818706
818731
818738
818743
818749
818756
818757
818767
818770
818770
818790
818793
818818
818834
818836
818840
818853
818855
818861
818865
818870
818891
818913
818926
818936
818938
818942
818944
818945
818946
818947
818955
818978
818990
818993
819017
819019
819028
819045
819045
819047
819052
819059
819064
819086
819099
819108
819149
819160
819161
819162
819169
819169
819180
819195
819199
819206
819209
819256
819261
819285
819290
819292
819293
819321
819334
819342
819346
819348
819355
819373
819374
819392
819396
819400
819405
819422
819425
819430
819433
819446
819467
819469
819479
819481
819484
819497
819502
819517
819519
819524
819533
819536
819536
819540
819545
819554
819554
819560
819567
819568
819590
819607
819622
819624
819630
819642
819669
819672
819675
819678
819692
819697
819704
819723
819729
819737
819765
819765
819812
819828
819831
819840
819844
819850
819896
819919
819926
819930
819938
819939
819949
819950
819955
819959
819960
819961
819970
819977
819991
819991
819992
820009
820021
820028
820047
820050
820055
820063
820086
820102
820125
820139
820148
820148
820150
820153
820163
820165
820176
820188
820188
820189
820189
820199
820217
820219
820229
820233
820247
820258
820274
820311
820312
820323
820326
820348
820356
820371
820386
820391
820402
820420
820444
820454
820460
820460
820474
820479
820495
820505
820506
820510
820510
820513
820516
820530
820534
820544
820556
820619
820626
820637
820646
820656
820658
820665
820682
820684
820694
820717
820727
820728
820731
820733
820733
820739
820771
820773
820781
820799
820808
820809
820819
820838
820863
820872
820876
820878
820878
820878
820884
820902
820926
820934
820956
820961
820985
820990
820998
821000
821003
821009
821019
821021
821028
821032
821038
821054
821060
821069
821082
821104
821105
821107
821115
821133
821139
821143
821145
821153
821159
821162
821168
821194
821203
821203
821218
821222
821227
821239
821261
821262
821264
821272
821291
821300
821313
821314
821318
821324
821328
821328
821336
821342
821347
821376
821378
821382
821395
821407
821410
821411
821412
821412
821413
821435
821449
821458
821492
821506
821511
821515
821516
821517
821531
821531
821544
821548
821549
821557
821560
821562
821567
821578
821582
821586
821586
821596
821603
821606
821623
821640
821660
821671
821676
821686
821705
821718
821741
821745
821754
821760
821762
821762
821768
821802
821816
821853
821854
821858
821876
821880
821904
821905
821915
821919
821920
821932
821935
821943
821946
821948
821955
821987
822002
822008
822021
822022
822054
822055
822075
822076
822081
822081
822109
822115
822118
822123
822135
822138
822182
822187
822193
822212
822233
822248
822249
822254
822258
822297
822302
822302
822333
822347
822356
822360
822363
822369
822370
822374
822375
822410
822415
822419
822423
822424
822424
822430
822442
822453
822455
822455
822471
822505
822520
822520
822529
822547
822549
822567
822575
822585
822589
822602
822612
822616
822623
822636
822640
822645
822673
822675
822675
822678
822688
822704
822725
822727
822728
822728
822734
822743
822761
822762
822769
822776
822781
822793
822795
822800
822803
822806
822818
822837
822842
822845
822850
822860
822886
822889
822895
822897
822901
822909
822935
822953
822959
822964
822985
822990
822995
822999
823000
823009
823016
823037
823049
823057
823059
823067
823069
823071
823073
823075
823075
823077
823078
823082
823097
823102
823105
823109
823113
823116
823119
823153
823155
823175
823186
823191
823219
823220
823224
823238
823272
823283
823290
823299
823307
823313
823315
823317
823331
823355
823359
823364
823369
823404
823405
823406
823409
823413
823421
823421
823427
823437
823438
823446
823448
823451
823463
823463
823518
823519
823519
823551
823567
823569
823571
823602
823638
823644
823657
823689
823697
823702
823709
823734
823752
823752
823780
823786
823789
823793
823835
823863
823864
823887
823888
823910
823915
823942
823945
823952
823969
823972
824002
824006
824007
824033
824038
824042
824048
824075
824079
824079
824111
824115
824130
824134
824178
824203
824205
824208
824218
824223
824228
824233
824249
824255
824269
824276
824309
824313
824320
824326
824351
824387
824390
824392
824400
824401
824410
824412
824424
824433
824439
824448
824457
824465
824465
824479
824492
824509
824514
824527
824533
824546
824547
824564
824572
824591
824607
824615
824621
824624
824625
824632
824644
824650
824653
824654
824654
824671
824698
824708
824728
824743
824745
824749
824767
824789
824790
824805
824829
824835
824838
824839
824849
824855
824859
824876
824898
824904
824907
824921
824933
824937
824946
824951
824964
824965
824967
824970
824971
824972
824978
825036
825036
825052
825053
825062
825064
825065
825067
825072
825099
825100
825108
825115
825126
825137
825182
825198
825198
825221
825244
825250
825253
825263
825274
825277
825279
825288
825289
825292
825296
825296
825305
825312
825328
825334
825338
825341
825347
825347
825348
825358
825359
825382
825414
825417
825417
825423
825428
825440
825458
825459
825460
825471
825489
825503
825512
825521
825523
825553
825569
825580
825586
825587
825609
825614
825619
825627
825641
825643
825682
825689
825694
825703
825704
825718
825729
825734
825750
825750
825775
825781
825788
825793
825806
825829
825840
825871
825882
825883
825884
825891
825899
825914
825927
825930
825936
825940
825942
825944
825945
825956
825960
825961
825964
825966
825972
825977
825990
825990
825992
825995
825998
826008
826011
826030
826030
826036
826065
826068
826072
826086
826091
826100
826103
826106
826111
826118
826124
826131
826135
826136
826141
826164
826217
826225
826226
826228
826228
826241
826257
826257
826262
826267
826273
826281
826318
826335
826349
826350
826360
826391
826394
826396
826411
826416
826416
826437
826441
826458
826464
826467
826474
826478
826482
826488
826490
826498
826509
826519
826525
826526
826528
826546
826562
826563
826567
826577
826595
826614
826618
826624
826635
826636
826638
826661
826661
826672
826676
826678
826688
826701
826729
826733
826738
826738
826749
826750
826751
826762
826762
826770
826773
826801
826826
826852
826867
826868
826873
826882
826889
826924
826927
826931
826938
826944
826946
826948
826962
826967
826982
826986
826986
826993
827003
827015
827026
827041
827048
827065
827070
827080
827103
827109
827112
827116
827135
827216
827226
827233
827247
827248
827249
827255
827255
827259
827292
827296
827303
827322
827324
827331
827334
827335
827337
827376
827385
827390
827401
827406
827411
827426
827448
827472
827478
827496
827500
827525
827529
827532
827540
827543
827552
827553
827553
827560
827574
827578
827583
827587
827589
827610
827612
827635
827635
827638
827651
827652
827657
827682
827692
827711
827712
827714
827727
827733
827774
827778
827791
827796
827807
827809
827814
827822
827825
827853
827873
827875
827876
827877
827888
827897
827906
827908
827929
827935
827935
827940
827943
827954
827967
827972
827976
827976
827977
827978
828007
828016
828022
828023
828032
828037
828037
828038
828039
828040
828045
828045
828056
828068
828079
828088
828091
828110
828115
828128
828130
828135
828137
828140
828140
828142
828150
828169
828172
828181
828189
828196
828197
828198
828201
828208
828231
828237
828239
828240
828261
828277
828285
828299
828313
828313
828314
828331
828335
828348
828356
828358
828365
828381
828386
828391
828411
828428
828429
828444
828453
828474
828477
828493
828512
828522
828523
828529
828539
828558
828567
828580
828594
828594
828605
828609
828611
828647
828654
828665
828676
828692
828696
828701
828720
828722
828729
828734
828738
828756
828763
828775
828786
828795
828798
828799
828832
828845
828860
828863
828878
828878
828890
828899
828907
828909
828918
828919
828919
828925
828930
828934
828943
828965
828969
828983
828986
828986
828991
829015
829032
829044
829057
829060
829061
829067
829074
829106
829115
829119
829135
829139
829146
829164
829178
829213
829213
829235
829270
829270
829287
829304
829321
829334
829352
829381
829401
829402
829405
829432
829443
829446
829455
829459
829469
829475
829477
829505
829512
829524
829537
829563
829566
829576
829590
829603
829650
829652
829653
829656
829660
829663
829667
829671
829673
829684
829704
829707
829715
829715
829718
829762
829767
829784
829823
829823
829825
829848
829851
829859
829871
829885
829892
829897
829898
829902
829921
829924
829941
829952
829953
829954
829955
829959
829975
829976
829980
829981
829985
830004
830005
830017
830040
830043
830093
830098
830109
830110
830111
830117
830121
830124
830132
830155
830164
830169
830176
830195
830209
830212
830242
830243
830253
830259
830261
830272
830282
830285
830295
830300
830302
830315
830330
830337
830340
830352
830367
830387
830388
830399
830405
830407
830416
830428
830442
830450
830463
830466
830486
830497
830498
830504
830506
830516
830533
830549
830551
830569
830588
830601
830601
830607
830618
830630
830633
830653
830658
830666
830673
830680
830681
830707
830719
830722
830725
830731
830734
830735
830745
830763
830779
830783
830791
830793
830803
830806
830869
830876
830898
830900
830938
830943
830955
830956
830960
831003
831009
831016
831021
831022
831022
831037
831073
831074
831080
831104
831115
831120
831146
831154
831174
831188
831198
831209
831210
831217
831223
831241
831245
831252
831267
831304
831305
831314
831320
831321
831321
831331
831334
831347
831351
831352
831359
831360
831364
831368
831376
831395
831400
831401
831407
831413
831431
831444
831446
831456
831464
831470
831475
831483
831497
831497
831514
831530
831543
831553
831564
831594
831598
831615
831621
831631
831638
831672
831673
831688
831702
831722
831726
831749
831752
831770
831800
831822
831846
831848
831864
831866
831875
831886
831891
831893
831895
831907
831910
831911
831925
831932
831939
831969
831976
831985
831998
832007
832010
832026
832046
832053
832076
832076
832076
832078
832080
832083
832101
832108
832117
832125
832129
832133
832139
832151
832152
832173
832189
832195
832220
832235
832255
832256
832264
832269
832277
832303
832319
832321
832322
832325
832327
832331
832332
832346
832347
832348
832351
832380
832407
832422
832428
832430
832433
832440
832451
832454
832458
832467
832473
832473
832474
832484
832486
832493
832495
832504
832511
832545
832553
832561
832584
832605
832618
832620
832624
832625
832635
832635
832650
832659
832688
832692
832713
832728
832739
832743
832777
832787
832792
832794
832801
832827
832829
832840
832841
832845
832849
832856
832863
832869
832890
832930
832932
832943
832959
832970
832981
832982
832992
832999
833032
833038
833043
833055
833062
833064
833065
833072
833080
833090
833091
833124
833128
833136
833142
833170
833171
833189
833224
833226
833247
833288
833299
833300
833305
833308
833313
833323
833344
833359
833378
833378
833382
833383
833385
833391
833391
833394
833399
833419
833438
833439
833458
833464
833472
833478
833483
833513
833520
833534
833534
833543
833544
833547
833549
833559
833566
833572
833578
833597
833601
833615
833627
833644
833650
833655
833657
833661
833668
833668
833677
833682
833694
833695
833696
833696
833719
833725
833751
833759
833764
833768
833775
833782
833783
833794
833799
833811
833867
833867
833867
833887
833889
833895
833914
833926
833933
833935
833938
833940
833977
833980
833984
833984
834003
834012
834015
834030
834069
834070
834076
834080
834082
834104
834114
834119
834134
834149
834155
834199
834201
834205
834205
834209
834223
834225
834236
834245
834255
834258
834268
834282
834292
834301
834315
834321
834324
834327
834340
834346
834346
834361
834361
834381
834391
834399
834400
834410
834411
834420
834435
834437
834453
834456
834457
834460
834466
834470
834489
834504
834525
834529
834532
834569
834575
834576
834598
834621
834629
834636
834639
834646
834653
834655
834657
834657
834661
834676
834685
834690
834707
834713
834721
834732
834750
834752
834769
834777
834784
834807
834812
834814
834820
834835
834840
834842
834854
834856
834863
834866
834867
834869
834870
834880
834880
834887
834911
834924
834926
834950
834950
834970
834994
835023
835032
835034
835038
835042
835057
835063
835072
835075
835089
835090
835091
835104
835104
835120
835134
835198
835200
835221
835223
835224
835227
835232
835240
835241
835248
835257
835258
835261
835269
835276
835285
835288
835291
835291
835294
835310
835325
835330
835349
835355
835356
835371
835376
835385
835387
835399
835407
835417
835427
835428
835430
835432
835442
835457
835494
835513
835531
835537
835554
835559
835592
835624
835676
835677
835690
835701
835722
835729
835737
835738
835738
835807
835809
835814
835815
835828
835829
835839
835847
835859
835859
835877
835913
835916
835918
835930
835939
835939
835957
835959
835961
835964
835984
836011
836024
836043
836052
836060
836083
836083
836085
836108
836110
836128
836161
836174
836175
836179
836180
836216
836242
836263
836270
836281
836288
836292
836305
836318
836318
836333
836342
836351
836356
836358
836378
836383
836384
836388
836393
836407
836408
836416
836452
836461
836462
836475
836485
836487
836497
836504
836530
836542
836554
836582
836591
836592
836600
836606
836629
836655
836657
836674
836696
836711
836757
836770
836774
836780
836781
836801
836804
836806
836809
836809
836815
836822
836832
836837
836839
836858
836887
836889
836909
836911
836923
836945
836951
836952
836966
836981
836984
836987
836989
837016
837019
837020
837032
837054
837076
837084
837089
837096
837101
837114
837122
837136
837138
837146
837150
837151
837165
837177
837205
837209
837220
837261
837267
837274
837280
837281
837304
837307
837310
837312
837331
837343
837350
837385
837393
837393
837402
837425
837428
837450
837471
837473
837474
837514
837533
837533
837546
837561
837569
837576
837583
837586
837594
837596
837597
837601
837623
837624
837636
837642
837649
837653
837668
837673
837685
837688
837689
837699
837704
837709
837713
837749
837751
837770
837776
837777
837785
837789
837800
837821
837831
837833
837859
837880
837898
837898
837907
837953
837955
837961
837972
837979
837987
838010
838013
838019
838020
838028
838030
838030
838033
838042
838053
838054
838057
838065
838077
838080
838080
838083
838094
838096
838097
838110
838114
838123
838125
838127
838132
838141
838143
838146
838150
838157
838162
838203
838207
838216
838230
838241
838250
838259
838264
838268
838271
838275
838318
838319
838321
838341
838345
838355
838368
838408
838416
838420
838424
838428
838452
838459
838467
838476
838478
838484
838488
838520
838530
838531
838534
838537
838541
838557
838562
838581
838586
838590
838591
838599
838611
838617
838627
838652
838657
838673
838687
838704
838706
838713
838722
838728
838748
838783
838789
838790
838796
838798
838804
838824
838825
838830
838837
838837
838839
838844
838851
838859
838872
838873
838884
838887
838899
838901
838927
838935
838937
838948
838955
838978
838988
839003
839005
839017
839071
839077
839093
839110
839112
839118
839128
839140
839141
839143
839145
839174
839184
839209
839217
839231
839232
839232
839234
839256
839256
839274
839277
839284
839296
839305
839307
839307
839314
839318
839319
839354
839357
839377
839389
839396
839435
839436
839442
839458
839460
839477
839479
839491
839504
839513
839516
839521
839522
839529
839538
839553
839555
839555
839561
839567
839572
839575
839576
839579
839580
839584
839587
839617
839622
839645
839661
839662
839670
839673
839683
839697
839698
839713
839714
839714
839719
839719
839731
839751
839756
839761
839762
839769
839770
839774
839777
839780
839781
839782
839792
839803
839807
839808
839826
839829
839838
839841
839846
839858
839859
839862
839867
839871
839877
839880
839880
839903
839906
839911
839913
839934
839937
839941
839979
840012
840027
840029
840032
840035
840041
840046
840047
840087
840090
840117
840129
840129
840155
840161
840176
840200
840213
840228
840229
840233
840239
840260
840278
840295
840298
840301
840304
840347
840349
840354
840360
840368
840382
840390
840396
840417
840428
840449
840493
840498
840504
840507
840530
840533
840552
840581
840587
840589
840592
840592
840597
840598
840612
840617
840620
840620
840629
840658
840664
840667
840668
840677
840677
840680
840688
840693
840694
840719
840726
840761
840770
840788
840802
840814
840818
840818
840841
840851
840867
840892
840901
840901
840921
840928
840937
840938
840940
840958
840964
840964
840965
840971
840990
840999
841020
841029
841031
841036
841036
841050
841059
841074
841090
841144
841150
841150
841172
841195
841198
841217
841229
841233
841249
841271
841279
841284
841287
841301
841307
841316
841330
841331
841333
841337
841352
841355
841355
841384
841392
841393
841393
841395
841400
841467
841471
841484
841484
841501
841505
841515
841523
841555
841556
841559
841584
841587
841644
841657
841659
841661
841664
841672
841685
841686
841687
841712
841718
841748
841753
841759
841761
841767
841777
841778
841787
841806
841807
841810
841816
841817
841831
841857
841867
841870
841875
841896
841910
841912
841921
841942
841944
841946
841959
841978
841985
841996
842000
842006
842026
842069
842086
842098
842104
842109
842123
842125
842134
842139
842149
842159
842173
842179
842189
842222
842234
842250
842250
842265
842276
842281
842286
842298
842299
842317
842325
842339
842341
842347
842348
842372
842392
842423
842425
842431
842431
842434
842434
842450
842451
842453
842466
842469
842490
842524
842533
842539
842567
842590
842591
842601
842623
842634
842666
842688
842695
842704
842711
842716
842746
842755
842800
842804
842838
842848
842850
842867
842878
842884
842889
842891
842897
842897
842903
842905
842938
842955
842962
842982
842996
842999
843001
843041
843045
843065
843074
843084
843085
843098
843103
843143
843179
843196
843208
843218
843234
843235
843243
843253
843255
843257
843282
843290
843294
843319
843320
843325
843343
843352
843362
843372
843379
843390
843395
843423
843423
843431
843440
843444
843454
843455
843492
843493
843499
843506
843508
843511
843528
843529
843539
843540
843542
843545
843548
843555
843572
843573
843579
843585
843585
843594
843610
843614
843618
843625
843626
843626
843632
843637
843650
843661
843666
843672
843704
843740
843758
843760
843763
843793
843794
843868
843871
843871
843885
843896
843914
843946
843956
843980
843982
843992
843994
843997
844005
844008
844019
844038
844060
844064
844064
844092
844132
844135
844138
844142
844152
844165
844167
844167
844172
844184
844199
844207
844208
844216
844219
844233
844246
844255
844257
844260
844261
844264
844280
844287
844289
844292
844307
844309
844313
844317
844323
844332
844343
844343
844344
844348
844371
844376
844387
844398
844406
844423
844424
844429
844450
844455
844459
844461
844479
844492
844495
844498
844506
844507
844509
844517
844519
844519
844522
844526
844537
844563
844583
844586
844588
844614
844619
844625
844636
844641
844645
844654
844665
844672
844681
844696
844698
844707
844707
844714
844721
844738
844759
844772
844773
844776
844778
844780
844792
844793
844801
844819
844826
844829
844849
844854
844866
844896
844897
844905
844907
844926
844937
844954
844962
844985
845007
845007
845012
845024
845035
845036
845041
845056
845069
845071
845092
845109
845125
845132
845135
845135
845135
845143
845143
845166
845173
845197
845203
845208
845235
845239
845249
845263
845265
845267
845267
845269
845296
845310
845313
845314
845321
845330
845348
845356
845366
845367
845376
845381
845383
845393
845399
845400
845467
845493
845506
845509
845519
845524
845528
845537
845542
845553
845557
845560
845563
845581
845588
845590
845606
845612
845638
845644
845647
845655
845656
845675
845686
845688
845689
845689
845695
845696
845713
845747
845784
845799
845803
845816
845819
845843
845846
845848
845880
845880
845912
845918
845928
845931
845958
845968
845970
845980
845992
846003
846012
846012
846013
846033
846054
846061
846068
846081
846082
846098
846101
846112
846132
846156
846164
846164
846184
846188
846195
846204
846208
846230
846243
846248
846249
846252
846268
846273
846289
846294
846298
846299
846329
846350
846365
846374
846385
846402
846406
846408
846412
846431
846438
846438
846458
846481
846483
846487
846490
846506
846506
846509
846511
846513
846515
846527
846533
846537
846549
846553
846558
846576
846581
846591
846600
846604
846627
846650
846660
846667
846669
846669
846672
846679
846684
846690
846691
846706
846727
846752
846752
846753
846757
846764
846766
846766
846777
846812
846857
846880
846881
846885
846887
846899
846914
846916
846918
846927
846937
846938
846941
846952
846961
846961
846961
846977
846992
846998
847002
847026
847053
847055
847083
847102
847114
847115
847128
847130
847137
847150
847151
847166
847171
847172
847177
847189
847193
847203
847214
847232
847253
847279
847285
847287
847294
847307
847324
847332
847333
847341
847345
847350
847351
847357
847364
847365
847376
847376
847403
847404
847408
847411
847412
847429
847429
847437
847451
847460
847470
847473
847510
847511
847515
847528
847540
847547
847550
847550
847553
847556
847569
847595
847617
847626
847631
847635
847682
847688
847693
847720
847721
847725
847734
847763
847766
847772
847781
847811
847814
847817
847817
847827
847844
847853
847868
847878
847894
847896
847900
847903
847905
847908
847908
847912
847920
847924
847948
847950
847950
847953
847957
847957
847982
847983
847997
847998
848006
848006
848011
848012
848023
848024
848040
848060
848064
848069
848070
848074
848077
848079
848083
848089
848113
848132
848145
848146
848149
848149
848163
848168
848175
848175
848180
848186
848190
848206
848209
848212
848216
848220
848230
848233
848242
848271
848293
848297
848307
848307
848310
848317
848324
848329
848332
848349
848371
848390
848393
848412
848425
848428
848429
848431
848431
848471
848474
848476
848476
848488
848496
848498
848515
848521
848526
848532
848534
848538
848554
848561
848573
848587
848594
848594
848606
848614
848616
848639
848640
848646
848649
848663
848672
848680
848681
848689
848696
848733
848747
848770
848778
848780
848782
848782
848783
848790
848796
848797
848804
848812
848820
848828
848842
848848
848864
848870
848872
848890
848891
848911
848912
848917
848920
848922
848923
848924
848930
848965
848990
849030
849043
849075
849076
849080
849081
849087
849100
849102
849107
849129
849135
849136
849169
849170
849178
849179
849181
849196
849198
849215
849218
849226
849229
849250
849256
849280
849291
849299
849303
849312
849349
849371
849372
849396
849399
849400
849415
849421
849425
849425
849425
849427
849436
849441
849447
849456
849460
849467
849469
849488
849518
849519
849522
849534
849550
849551
849565
849568
849580
849582
849596
849598
849607
849632
849632
849635
849651
849659
849666
849669
849669
849736
849737
849740
849743
849748
849752
849763
849766
849774
849780
849794
849801
849803
849809
849814
849822
849828
849838
849853
849867
849870
849875
849879
849887
849898
849900
849921
849930
849931
849945
849963
849997
850000
850013
850018
850028
850036
850046
850087
850090
850096
850107
850114
850126
850135
850142
850145
850154
850158
850172
850176
850183
850188
850190
850191
850211
850239
850246
850251
850252
850266
850285
850287
850315
850320
850325
850337
850357
850363
850383
850386
850395
850403
850407
850415
850421
850422
850422
850424
850445
850460
850483
850487
850495
850508
850515
850533
850535
850539
850574
850581
850589
850595
850620
850620
850630
850636
850653
850658
850660
850670
850671
850685
850689
850692
850706
850712
850713
850714
850725
850726
850726
850736
850740
850769
850774
850788
850794
850808
850808
850837
850838
850858
850881
850900
850901
850910
850911
850923
850930
850931
850941
850952
850956
850964
850965
850968
850968
850971
850980
850990
850994
851003
851007
851025
851062
851070
851071
851087
851090
851108
851111
851121
851126
851127
851130
851133
851170
851188
851188
851190
851193
851195
851196
851200
851201
851203
851207
851224
851247
851263
851263
851267
851273
851275
851282
851309
851316
851326
851336
851337
851340
851352
851356
851359
851365
851365
851370
851375
851400
851400
851415
851424
851457
851467
851525
851528
851539
851554
851595
851595
851625
851630
851646
851669
851673
851674
851674
851686
851690
851700
851707
851711
851729
851740
851747
851755
851761
851776
851791
851804
851853
851904
851914
851929
851934
851956
852001
852010
852040
852048
852049
852080
852090
852103
852110
852131
852144
852152
852161
852166
852173
852182
852185
852188
852206
852220
852222
852254
852255
852264
852274
852275
852279
852331
852332
852335
852337
852342
852362
852363
852372
852383
852385
852390
852391
852400
852411
852415
852427
852430
852437
852438
852443
852466
852469
852508
852508
852532
852537
852539
852557
852560
852563
852566
852571
852574
852586
852595
852595
852598
852606
852615
852623
852628
852639
852656
852668
852669
852688
852748
852749
852771
852781
852799
852804
852814
852837
852865
852869
852888
852900
852901
852904
852922
852926
852927
852934
852935
852958
852964
852964
852985
852988
852993
853027
853033
853036
853040
853042
853044
853045
853061
853063
853065
853100
853103
853119
853121
853134
853152
853157
853170
853180
853198
853214
853215
853215
853218
853235
853239
853255
853258
853259
853263
853267
853287
853294
853298
853302
853313
853313
853315
853320
853340
853349
853390
853395
853412
853444
853448
853448
853454
853472
853490
853497
853500
853506
853508
853517
853521
853527
853542
853546
853555
853555
853599
853603
853623
853633
853636
853640
853641
853658
853689
853712
853716
853727
853743
853751
853782
853786
853804
853847
853850
853885
853894
853900
853905
853906
853908
853912
853913
853922
853930
853932
853944
853967
853973
853983
853986
853987
853994
854001
854002
854003
854018
854022
854025
854057
854058
854068
854076
854077
854093
854113
854115
854122
854126
854141
854150
854151
854156
854175
854178
854187
854193
854209
854229
854239
854246
854272
854279
854309
854318
854338
854347
854363
854381
854385
854385
854387
854405
854410
854413
854447
854469
854489
854500
854504
854536
854538
854539
854541
854553
854584
854588
854599
854625
854630
854644
854647
854677
854693
854703
854704
854714
854721
854723
854742
854745
854760
854775
854777
854782
854796
854800
854818
854821
854832
854841
854859
854879
854882
854883
854897
854902
854903
854921
854935
854942
854952
855007
855011
855015
855021
855022
855028
855031
855034
855034
855059
855064
855071
855072
855085
855087
855121
855124
855126
855126
855131
855132
855155
855157
855168
855177
855178
855188
855196
855202
855207
855242
855257
855266
855269
855269
855271
855272
855275
855282
855294
855313
855342
855360
855379
855379
855380
855381
855384
855394
855398
855400
855403
855405
855410
855414
855423
855429
855432
855462
855465
855471
855516
855529
855537
855539
855551
855553
855560
855570
855574
855580
855591
855609
855627
855627
855630
855644
855652
855661
855665
855667
855675
855676
855683
855698
855699
855707
855754
855778
855807
855813
855835
855848
855854
855857
855863
855864
855887
855890
855897
855910
855922
855933
855940
855950
855950
855952
855959
855964
855993
856015
856024
856025
856032
856039
856071
856080
856126
856138
856140
856142
856154
856158
856178
856188
856205
856216
856217
856218
856226
856234
856259
856265
856273
856280
856288
856298
856301
856318
856336
856339
856339
856341
856350
856358
856384
856384
856397
856448
856450
856451
856456
856456
856461
856467
856469
856484
856529
856536
856541
856542
856543
856546
856553
856560
856568
856574
856585
856607
856609
856612
856612
856614
856632
856635
856639
856639
856652
856662
856671
856678
856688
856693
856696
856720
856721
856723
856726
856746
856750
856766
856773
856779
856799
856803
856831
856848
856851
856852
856869
856884
856889
856897
856908
856927
856927
856951
856965
856970
856981
856994
857004
857010
857017
857019
857019
857037
857056
857080
857100
857106
857130
857136
857138
857160
857175
857183
857185
857230
857259
857273
857302
857303
857334
857337
857356
857363
857375
857381
857382
857398
857414
857423
857435
857496
857507
857514
857534
857535
857547
857557
857589
857590
857609
857615
857624
857626
857636
857637
857641
857644
857652
857663
857668
857717
857727
857731
857738
857745
857776
857790
857791
857793
857817
857820
857837
857843
857847
857852
857853
857882
857886
857888
857891
857900
857906
857907
857909
857913
857918
857924
857931
857946
857946
857954
857989
857991
858004
858004
858011
858013
858014
858030
858033
858078
858082
858083
858099
858130
858162
858163
858169
858187
858208
858217
858218
858243
858248
858260
858263
858270
858277
858277
858299
858319
858325
858338
858346
858353
858364
858367
858372
858390
858399
858399
858433
858440
858460
858475
858511
858513
858519
858528
858542
858555
858594
858595
858606
858611
858682
858693
858703
858704
858705
858724
858724
858728
858741
858745
858752
858757
858758
858772
858784
858795
858805
858809
858821
858824
858832
858836
858854
858862
858869
858875
858883
858883
858889
858890
858894
858923
858926
858941
858951
858968
858968
858992
859014
859019
859043
859051
859055
859061
859073
859093
859097
859105
859125
859141
859147
859148
859150
859224
859234
859244
859260
859281
859293
859303
859308
859310
859321
859335
859354
859356
859365
859376
859377
859395
859400
859402
859414
859414
859418
859418
859422
859424
859445
859454
859464
859478
859484
859487
859500
859507
859509
859524
859534
859545
859557
859557
859588
859590
859609
859610
859625
859636
859646
859667
859669
859671
859696
859698
859701
859711
859717
859724
859724
859730
859756
859779
859790
859791
859800
859801
859833
859844
859847
859849
859868
859870
859904
859930
859931
859931
859935
859990
859991
859995
860004
860013
860029
860041
860061
860065
860067
860072
860091
860095
860118
860143
860152
860160
860162
860177
860223
860224
860242
860281
860284
860303
860323
860351
860365
860369
860381
860388
860397
860398
860399
860406
860412
860431
860444
860459
860459
860467
860475
860495
860507
860539
860543
860546
860570
860571
860583
860590
860615
860625
860651
860655
860662
860663
860670
860687
860691
860696
860707
860711
860720
860731
860747
860758
860810
860811
860835
860871
860874
860885
860894
860899
860916
860921
860921
860922
860929
860936
860965
860975
860986
860989
860991
861022
861042
861060
861062
861088
861132
861143
861148
861164
861185
861185
861188
861196
861198
861208
861213
861215
861226
861227
861228
861231
861233
861234
861241
861245
861255
861265
861276
861277
861278
861288
861318
861336
861338
861353
861375
861394
861396
861404
861406
861414
861416
861433
861450
861454
861475
861485
861502
861506
861523
861528
861534
861536
861539
861543
861562
861577
861579
861580
861585
861597
861598
861599
861600
861605
861617
861625
861631
861661
861664
861683
861684
861687
861703
861710
861719
861735
861744
861757
861770
861773
861781
861802
861809
861816
861816
861841
861842
861852
861863
861869
861891
861919
861922
861936
861957
861978
861985
861998
862009
862020
862021
862029
862047
862074
862075
862093
862096
862119
862121
862127
862145
862146
862154
862166
862173
862181
862196
862201
862210
862211
862214
862216
862220
862220
862230
862252
862259
862266
862268
862286
862294
862302
862309
862310
862322
862322
862325
862345
862356
862363
862372
862383
862394
862397
862398
862404
862412
862416
862418
862420
862460
862469
862473
862476
862479
862483
862496
862503
862504
862521
862523
862525
862550
862559
862567
862579
862612
862612
862614
862614
862619
862641
862643
862647
862656
862656
862709
862709
862710
862725
862734
862742
862746
862769
862774
862813
862815
862828
862829
862829
862850
862876
862896
862900
862909
862929
862931
862932
862940
862971
862983
862986
862991
862993
863006
863007
863007
863024
863025
863033
863036
863044
863047
863050
863051
863056
863084
863091
863111
863147
863147
863158
863164
863175
863175
863201
863204
863211
863214
863232
863245
863268
863271
863272
863282
863287
863293
863301
863303
863311
863323
863339
863341
863346
863363
863380
863414
863418
863428
863443
863446
863465
863467
863467
863468
863484
863487
863494
863507
863517
863531
863554
863559
863564
863570
863590
863601
863623
863636
863638
863651
863676
863682
863699
863714
863718
863720
863723
863727
863730
863736
863752
863755
863756
863764
863770
863779
863784
863805
863822
863831
863849
863853
863879
863885
863897
863903
863903
863922
863925
863943
863950
863950
863964
863979
863980
863983
864001
864016
864021
864054
864088
864089
864106
864106
864108
864111
864119
864160
864166
864188
864195
864203
864212
864220
864222
864224
864233
864262
864271
864272
864312
864330
864336
864368
864370
864399
864413
864414
864450
864457
864463
864481
864488
864489
864495
864495
864499
864504
864506
864526
864534
864549
864588
864604
864608
864636
864649
864664
864685
864689
864692
864734
864734
864743
864785
864795
864799
864831
864837
864839
864848
864856
864856
864861
864864
864875
864876
864884
864891
864907
864909
864909
864921
864925
864946
864956
864977
864999
865006
865026
865042
865044
865050
865099
865101
865107
865118
865158
865214
865230
865243
865247
865247
865255
865262
865265
865288
865300
865302
865305
865318
865346
865356
865370
865373
865373
865379
865386
865403
865416
865418
865424
865425
865480
865484
865487
865511
865519
865519
865531
865539
865543
865553
865560
865560
865571
865574
865581
865585
865592
865604
865607
865611
865614
865617
865628
865635
865636
865638
865642
865645
865651
865667
865680
865691
865694
865699
865701
865703
865704
865724
865738
865742
865754
865755
865763
865769
865771
865774
865775
865777
865778
865797
865800
865805
865811
865814
865816
865827
865853
865922
865953
865965
865966
865975
866009
866010
866015
866029
866031
866044
866051
866052
866059
866059
866061
866070
866076
866082
866083
866096
866103
866117
866133
866143
866160
866193
866205
866208
866215
866218
866225
866243
866245
866265
866275
866276
866276
866289
866289
866298
866300
866302
866307
866346
866350
866352
866353
866355
866373
866376
866378
866391
866394
866408
866415
866418
866436
866460
866473
866474
866481
866493
866497
866501
866517
866530
866547
866555
866556
866562
866566
866578
866583
866595
866607
866616
866632
866633
866637
866650
866659
866662
866686
866695
866710
866713
866717
866720
866721
866748
866754
866772
866776
866777
866795
866803
866810
866822
866830
866841
866843
866843
866852
866861
866861
866862
866864
866872
866893
866895
866909
866913
866921
866938
866944
866949
866956
866978
866981
866990
866992
866993
866994
866996
867022
867025
867028
867039
867044
867063
867065
867066
867067
867111
867139
867152
867173
867173
867184
867194
867195
867205
867210
867224
867232
867234
867236
867247
867284
867286
867289
867295
867320
867320
867330
867334
867345
867359
867363
867369
867393
867395
867398
867402
867407
867425
867426
867426
867433
867436
867439
867450
867457
867460
867468
867481
867482
867489
867493
867496
867503
867528
867558
867564
867567
867569
867571
867600
867628
867639
867641
867657
867658
867667
867691
867694
867711
867749
867782
867791
867811
867834
867836
867845
867846
867852
867889
867889
867909
867913
867914
867915
867928
867929
867932
867940
867949
867965
867966
867969
867972
867974
868015
868017
868017
868023
868024
868032
868037
868077
868079
868088
868096
868115
868122
868138
868138
868173
868195
868222
868244
868251
868266
868281
868287
868302
868327
868333
868349
868355
868356
868364
868369
868369
868370
868370
868371
868386
868386
868386
868391
868394
868405
868408
868424
868436
868460
868472
868472
868479
868492
868495
868513
868534
868534
868546
868559
868591
868591
868598
868599
868617
868620
868635
868635
868643
868659
868673
868682
868706
868716
868737
868764
868770
868796
868800
868813
868830
868834
868834
868834
868838
868839
868841
868854
868875
868884
868916
868919
868925
868929
868930
868939
868941
868941
868941
868971
868974
868991
868997
868997
869015
869015
869044
869057
869060
869066
869071
869080
869083
869090
869093
869093
869137
869142
869145
869152
869154
869155
869167
869174
869180
869191
869196
869214
869239
869240
869240
869244
869246
869250
869254
869277
869285
869290
869297
869320
869324
869324
869330
869341
869348
869351
869356
869368
869381
869405
869406
869410
869416
869418
869475
869490
869495
869497
869497
869508
869511
869513
869520
869528
869529
869545
869550
869573
869605
869624
869649
869649
869654
869680
869687
869694
869698
869716
869716
869726
869727
869742
869742
869749
869774
869791
869793
869795
869801
869805
869805
869807
869807
869811
869817
869830
869834
869844
869852
869857
869891
869895
869910
869923
869943
869962
869974
869992
869999
870006
870017
870029
870038
870047
870065
870091
870102
870120
870130
870152
870154
870177
870182
870186
870199
870205
870210
870237
870264
870264
870268
870281
870282
870301
870305
870309
870310
870322
870329
870330
870332
870337
870342
870347
870349
870364
870366
870390
870411
870413
870429
870438
870454
870459
870465
870474
870476
870495
870498
870499
870503
870525
870536
870547
870553
870553
870560
870569
870589
870590
870601
870619
870630
870635
870642
870648
870653
870657
870658
870664
870674
870678
870682
870688
870689
870691
870695
870700
870714
870722
870725
870731
870736
870788
870788
870811
870824
870832
870850
870851
870863
870885
870899
870917
870920
870922
870923
870924
870929
870945
870946
870951
870961
870971
870972
870986
870989
870992
870997
871008
871018
871039
871040
871050
871063
871066
871086
871107
871107
871113
871126
871147
871151
871168
871200
871201
871205
871220
871231
871231
871245
871251
871252
871256
871257
871259
871269
871275
871286
871288
871292
871309
871314
871319
871322
871323
871326
871335
871351
871399
871415
871437
871450
871450
871454
871456
871463
871464
871467
871473
871490
871492
871494
871496
871506
871512
871513
871514
871524
871525
871528
871552
871557
871566
871635
871642
871657
871660
871704
871730
871760
871764
871793
871802
871803
871810
871820
871831
871845
871846
871857
871859
871870
871897
871898
871900
871909
871934
871938
871945
871945
871960
871970
871972
871987
871995
871997
872002
872029
872041
872051
872051
872053
872070
872109
872120
872130
872136
872144
872181
872183
872189
872202
872220
872236
872250
872251
872266
872283
872288
872321
872323
872324
872336
872350
872370
872390
872392
872400
872402
872414
872422
872435
872439
872445
872451
872458
872459
872459
872460
872468
872469
872481
872527
872530
872530
872543
872544
872546
872566
872569
872574
872579
872593
872607
872608
872615
872637
872638
872642
872653
872656
872663
872683
872686
872697
872710
872749
872761
872770
872790
872806
872816
872839
872854
872901
872919
872923
872927
872929
872937
872937
872951
872963
872968
872988
873021
873044
873076
873103
873116
873117
873125
873134
873136
873141
873146
873167
873168
873171
873173
873191
873191
873197
873200
873208
873224
873232
873242
873244
873272
873296
873308
873315
873343
873345
873348
873354
873361
873367
873367
873377
873379
873387
873389
873391
873393
873393
873413
873423
873449
873467
873482
873506
873516
873524
873532
873544
873546
873551
873562
873578
873585
873605
873610
873614
873646
873658
873677
873681
873698
873699
873711
873719
873721
873735
873738
873739
873739
873742
873747
873787
873788
873795
873808
873808
873830
873844
873846
873864
873868
873899
873914
873926
873947
873958
873958
873984
873998
874001
874011
874014
874034
874044
874045
874058
874069
874076
874082
874085
874089
874094
874095
874097
874103
874106
874118
874141
874143
874143
874151
874155
874171
874174
874191
874207
874237
874237
874258
874280
874282
874312
874314
874314
874336
874343
874350
874355
874358
874372
874380
874381
874388
874399
874440
874445
874454
874459
874460
874466
874472
874475
874476
874477
874478
874482
874486
874486
874492
874497
874526
874534
874548
874552
874555
874561
874587
874592
874601
874605
874625
874631
874659
874662
874698
874741
874778
874781
874786
874805
874831
874833
874869
874881
874883
874887
874913
874922
874923
874939
874959
874961
874978
874979
874993
874997
875007
875015
875020
875026
875036
875037
875045
875073
875088
875092
875095
875101
875108
875132
875149
875162
875165
875192
875200
875200
875214
875217
875228
875235
875242
875248
875266
875294
875296
875315
875328
875329
875331
875335
875339
875368
875370
875379
875385
875386
875397
875413
875433
875445
875451
875454
875456
875457
875462
875465
875491
875492
875493
875496
875501
875517
875545
875550
875556
875558
875571
875579
875589
875629
875630
875654
875659
875660
875673
875685
875687
875692
875704
875709
875727
875728
875732
875732
875764
875765
875766
875769
875780
875809
875810
875810
875848
875856
875867
875891
875905
875908
875927
875931
875938
875943
875945
875954
875984
875985
875990
876002
876012
876012
876012
876013
876015
876020
876031
876035
876049
876061
876067
876082
876094
876095
876102
876103
876104
876110
876124
876134
876134
876139
876146
876164
876176
876184
876196
876197
876206
876211
876213
876222
876240
876251
876257
876260
876263
876268
876276
876281
876282
876304
876304
876307
876320
876329
876330
876344
876351
876353
876354
876357
876361
876362
876382
876394
876401
876408
876408
876411
876431
876446
876451
876471
876488
876510
876525
876536
876554
876575
876576
876581
876599
876603
876653
876676
876688
876688
876694
876700
876701
876702
876703
876716
876720
876733
876738
876747
876755
876770
876776
876776
876785
876788
876790
876810
876813
876825
876825
876829
876836
876857
876859
876865
876873
876880
876882
876888
876902
876907
876910
876925
876940
876943
876956
876960
876979
876985
876985
876998
877000
877047
877051
877095
877102
877128
877139
877150
877157
877166
877173
877208
877215
877230
877252
877256
877266
877272
877283
877287
877305
877309
877310
877314
877315
877320
877321
877333
877363
877373
877377
877396
877405
877410
877413
877433
877447
877450
877456
877457
877468
877480
877495
877496
877500
877506
877508
877510
877521
877522
877527
877560
877571
877576
877582
877600
877606
877612
877613
877625
877632
877638
877653
877678
877684
877693
877719
877728
877732
877740
877741
877745
877749
877763
877766
877774
877784
877797
877803
877807
877828
877829
877831
877833
877834
877841
877849
877849
877863
877866
877872
877873
877874
877882
877886
877893
877912
877916
877919
877928
877950
877953
877956
877960
877960
877981
877992
878003
878003
878008
878010
878043
878049
878054
878063
878084
878087
878127
878130
878134
878139
878152
878163
878181
878187
878201
878204
878208
878219
878233
878238
878240
878257
878278
878295
878297
878298
878324
878329
878352
878352
878409
878410
878412
878441
878451
878462
878471
878499
878501
878510
878518
878531
878531
878533
878549
878558
878588
878595
878604
878626
878632
878634
878645
878654
878661
878666
878671
878689
878692
878694
878704
878719
878720
878727
878735
878740
878764
878784
878792
878808
878825
878834
878848
878858
878858
878882
878884
878889
878895
878898
878901
878906
878958
878985
879003
879007
879025
879036
879060
879070
879076
879080
879091
879094
879101
879103
879112
879114
879115
879119
879129
879133
879138
879142
879146
879168
879190
879200
879214
879225
879232
879241
879245
879260
879263
879272
879283
879284
879295
879296
879299
879305
879309
879317
879323
879333
879339
879362
879399
879411
879419
879426
879447
879458
879473
879478
879488
879490
879495
879527
879535
879538
879541
879544
879545
879555
879558
879594
879613
879625
879629
879636
879640
879655
879659
879677
879687
879693
879703
879730
879731
879742
879746
879747
879761
879776
879797
879798
879800
879803
879804
879805
879819
879837
879853
879867
879867
879869
879885
879918
879949
879956
879972
879977
879980
879983
879992
880003
880010
880013
880017
880019
880032
880034
880041
880041
880051
880057
880074
880093
880097
880107
880107
880108
880118
880125
880134
880139
880144
880153
880157
880169
880202
880207
880220
880225
880246
880250
880254
880277
880281
880286
880288
880289
880292
880295
880300
880306
880306
880318
880323
880333
880341
880355
880361
880365
880369
880373
880374
880382
880389
880405
880418
880420
880436
880439
880457
880469
880470
880473
880477
880494
880494
880504
880517
880522
880524
880529
880544
880559
880574
880599
880608
880621
880621
880628
880638
880649
880652
880662
880725
880734
880737
880770
880773
880785
880785
880792
880795
880797
880806
880809
880825
880827
880837
880857
880858
880859
880861
880886
880891
880911
880922
880960
880963
880994
881006
881011
881011
881016
881026
881041
881044
881052
881052
881054
881060
881071
881097
881101
881129
881129
881136
881142
881142
881148
881157
881162
881177
881179
881181
881193
881194
881202
881210
881216
881229
881233
881235
881239
881242
881263
881268
881284
881301
881313
881319
881331
881338
881341
881346
881347
881376
881393
881396
881412
881414
881439
881442
881475
881484
881490
881496
881499
881504
881506
881515
881522
881532
881533
881536
881536
881568
881570
881595
881597
881600
881609
881627
881681
881691
881694
881706
881714
881718
881727
881729
881736
881760
881761
881768
881771
881779
881793
881799
881801
881822
881840
881850
881851
881860
881863
881866
881867
881869
881871
881893
881895
881907
881915
881918
881918
881938
881941
881949
881951
881953
881963
881967
881971
881973
881996
881998
882004
882017
882018
882025
882029
882030
882035
882049
882050
882059
882060
882071
882079
882090
882100
882105
882119
882125
882131
882132
882141
882158
882160
882166
882167
882167
882171
882174
882180
882192
882227
882235
882245
882256
882260
882260
882282
882293
882299
882301
882311
882318
882353
882362
882368
882387
882396
882403
882419
882423
882434
882440
882447
882450
882456
882460
882466
882472
882476
882478
882479
882493
882496
882510
882522
882524
882531
882541
882561
882567
882570
882592
882617
882619
882621
882621
882626
882642
882671
882683
882699
882704
882705
882711
882715
882752
882756
882757
882793
882806
882814
882820
882845
882868
882869
882876
882877
882907
882910
882922
882927
882928
882949
882953
882957
882960
882966
882997
883022
883025
883049
883050
883059
883061
883063
883063
883065
883101
883105
883106
883116
883116
883122
883127
883130
883144
883146
883153
883154
883157
883164
883177
883190
883229
883230
883230
883243
883251
883252
883265
883285
883289
883296
883298
883308
883312
883313
883321
883327
883364
883370
883387
883399
883428
883430
883432
883451
883464
883467
883477
883481
883482
883486
883490
883527
883560
883572
883578
883618
883631
883633
883640
883641
883643
883648
883653
883655
883663
883677
883679
883679
883680
883687
883689
883691
883696
883706
883719
883729
883746
883749
883750
883776
883782
883792
883799
883817
883825
883829
883843
883844
883846
883853
883862
883867
883868
883892
883907
883914
883965
883970
883991
883997
884000
884007
884019
884019
884031
884034
884040
884044
884048
884061
884078
884084
884104
884135
884137
884144
884146
884148
884171
884185
884196
884204
884219
884227
884241
884241
884263
884288
884295
884306
884312
884321
884322
884381
884388
884407
884410
884431
884439
884440
884442
884458
884465
884483
884491
884502
884528
884547
884548
884554
884571
884575
884579
884591
884604
884612
884624
884625
884625
884638
884670
884671
884672
884673
884680
884685
884698
884701
884702
884705
884710
884716
884724
884727
884730
884736
884745
884750
884762
884763
884767
884768
884773
884777
884781
884827
884833
884844
884885
884886
884889
884890
884909
884923
884936
884937
884948
884960
884989
885004
885018
885060
885092
885102
885104
885109
885115
885144
885154
885162
885176
885193
885205
885233
885242
885262
885270
885277
885296
885301
885304
885307
885315
885320
885331
885351
885355
885357
885364
885368
885380
885385
885394
885395
885400
885410
885412
885416
885417
885418
885418
885436
885436
885441
885453
885456
885464
885469
885477
885482
885484
885485
885491
885497
885508
885509
885514
885528
885530
885534
885535
885536
885536
885545
885551
885553
885556
885564
885580
885587
885594
885618
885627
885642
885659
885661
885686
885687
885694
885702
885704
885714
885715
885724
885727
885731
885743
885758
885759
885764
885779
885786
885800
885801
885814
885817
885844
885846
885858
885876
885881
885882
885888
885905
885930
885940
885950
885956
885987
885995
886000
886029
886055
886062
886069
886102
886124
886134
886139
886157
886161
886164
886165
886165
886171
886190
886200
886200
886202
886207
886227
886232
886238
886245
886249
886253
886263
886264
886282
886290
886305
886306
886316
886322
886325
886326
886333
886340
886347
886363
886368
886371
886381
886387
886397
886402
886406
886477
886514
886514
886518
886555
886556
886557
886567
886590
886602
886605
886610
886611
886611
886612
886644
886663
886669
886677
886677
886682
886697
886705
886714
886715
886723
886732
886738
886740
886758
886802
886805
886817
886826
886833
886856
886866
886868
886869
886873
886883
886900
886910
886912
886914
886956
886966
886979
886985
886996
887005
887018
887029
887032
887038
887051
887061
887066
887087
887106
887112
887144
887147
887151
887160
887162
887175
887197
887214
887219
887219
887220
887231
887257
887258
887259
887296
887297
887309
887318
887325
887334
887338
887365
887378
887393
887394
887400
887415
887430
887434
887438
887471
887493
887505
887516
887518
887522
887523
887531
887547
887554
887555
887586
887587
887588
887593
887602
887604
887613
887615
887626
887631
887631
887639
887656
887657
887663
887668
887675
887681
887690
887714
887722
887743
887744
887750
887751
887754
887755
887760
887778
887788
887796
887807
887809
887819
887827
887844
887845
887876
887876
887877
887878
887911
887911
887913
887918
887918
887931
887952
887954
887987
888016
888035
888046
888047
888056
888057
888066
888083
888097
888110
888112
888121
888143
888155
888167
888170
888170
888182
888185
888187
888187
888199
888203
888217
888240
888241
888241
888242
888243
888244
888260
888263
888266
888278
888279
888288
888296
888300
888310
888326
888328
888329
888334
888336
888338
888346
888365
888368
888388
888389
888403
888413
888413
888413
888426
888430
888444
888449
888450
888458
888459
888462
888524
888532
888533
888546
888555
888573
888586
888591
888606
888612
888616
888622
888631
888632
888633
888639
888650
888650
888667
888670
888693
888742
888755
888762
888767
888795
888795
888806
888836
888887
888911
888936
888941
888952
888974
888997
889001
889003
889028
889038
889041
889084
889086
889087
889089
889094
889115
889117
889117
889120
889133
889133
889134
889136
889142
889142
889147
889147
889158
889161
889170
889189
889224
889230
889265
889268
889274
889287
889301
889327
889330
889336
889341
889341
889369
889376
889377
889378
889387
889392
889397
889404
889410
889415
889419
889434
889442
889443
889445
889449
889451
889464
889472
889489
889496
889514
889542
889553
889557
889566
889574
889588
889588
889600
889601
889606
889607
889638
889645
889670
889694
889701
889732
889733
889743
889747
889747
889759
889763
889782
889785
889819
889825
889826
889827
889837
889851
889877
889878
889889
889908
889910
889913
889913
889922
889937
889940
889967
889971
889978
889998
890003
890004
890012
890012
890028
890030
890050
890061
890073
890079
890100
890106
890110
890111
890126
890128
890129
890131
890134
890139
890150
890158
890187
890199
890210
890225
890227
890231
890237
890266
890283
890284
890309
890317
890318
890330
890334
890346
890368
890372
890373
890374
890380
890383
890384
890409
890423
890423
890431
890449
890450
890463
890483
890502
890508
890510
890510
890511
890514
890515
890550
890567
890574
890583
890584
890597
890620
890625
890633
890637
890638
890643
890644
890651
890656
890658
890685
890709
890711
890715
890719
890726
890742
890789
890789
890793
890807
890812
890817
890835
890855
890861
890861
890864
890865
890876
890891
890895
890960
890998
891004
891007
891013
891021
891022
891028
891029
891049
891055
891065
891076
891087
891094
891097
891102
891124
891155
891155
891155
891156
891158
891186
891188
891203
891209
891219
891222
891227
891255
891264
891266
891273
891278
891291
891302
891302
891303
891305
891312
891313
891321
891341
891353
891365
891365
891369
891375
891377
891387
891404
891418
891423
891424
891425
891430
891440
891455
891457
891479
891482
891493
891500
891502
891510
891517
891523
891529
891532
891535
891538
891540
891555
891556
891560
891573
891576
891577
891612
891631
891635
891637
891664
891708
891718
891718
891737
891737
891746
891753
891768
891771
891782
891793
891818
891826
891834
891836
891872
891884
891886
891886
891910
891917
891926
891931
891943
891965
891990
891997
892038
892066
892077
892078
892088
892097
892105
892118
892125
892135
892140
892141
892146
892165
892178
892179
892180
892195
892229
892235
892260
892261
892264
892295
892299
892306
892306
892318
892326
892330
892345
892348
892353
892353
892354
892354
892357
892367
892370
892376
892382
892385
892389
892397
892412
892461
892462
892466
892480
892497
892498
892505
892510
892515
892517
892519
892520
892534
892541
892549
892553
892567
892567
892578
892580
892581
892586
892592
892618
892620
892634
892635
892639
892644
892659
892663
892668
892669
892672
892674
892675
892693
892699
892700
892705
892717
892727
892737
892740
892763
892777
892792
892795
892800
892804
892829
892833
892834
892839
892857
892860
892861
892867
892890
892896
892900
892907
892912
892919
892941
892954
892979
892986
893010
893016
893018
893030
893055
893056
893093
893104
893121
893123
893125
893126
893135
893139
893139
893154
893171
893174
893177
893193
893203
893230
893249
893256
893256
893257
893260
893262
893266
893277
893287
893292
893299
893300
893304
893316
893320
893334
893337
893347
893395
893409
893425
893431
893436
893438
893451
893457
893481
893486
893487
893497
893503
893510
893516
893529
893541
893550
893562
893573
893582
893584
893594
893601
893635
893639
893647
893664
893668
893683
893690
893693
893705
893719
893723
893729
893731
893746
893754
893771
893785
893803
893803
893806
893807
893814
893836
893853
893861
893862
893863
893872
893877
893890
893919
893921
893925
893929
893937
893946
893970
893981
894006
894020
894059
894061
894067
894079
894080
894086
894095
894095
894103
894107
894170
894183
894197
894224
894227
894229
894245
894281
894285
894300
894320
894324
894334
894340
894346
894348
894350
894352
894357
894397
894420
894427
894448
894457
894462
894484
894485
894491
894507
894508
894517
894520
894544
894546
894558
894563
894565
894569
894574
894593
894607
894624
894639
894660
894661
894667
894683
894690
894694
894712
894718
894734
894739
894749
894766
894785
894789
894808
894812
894816
894828
894834
894837
894839
894879
894902
894903
894904
894906
894909
894917
894923
894926
894929
894945
894952
894960
894967
894975
894986
894996
894998
895021
895023
895028
895052
895063
895098
895113
895118
895130
895157
895162
895178
895199
895202
895203
895224
895252
895259
895265
895287
895293
895294
895323
895331
895332
895333
895333
895351
895358
895391
895394
895395
895397
895408
895419
895446
895446
895448
895464
895489
895494
895519
895535
895549
895550
895554
895556
895562
895564
895586
895594
895611
895630
895631
895635
895660
895665
895666
895666
895671
895700
895700
895710
895719
895726
895728
895731
895735
895737
895737
895738
895739
895759
895760
895762
895767
895772
895776
895779
895797
895802
895807
895807
895818
895827
895830
895837
895856
895876
895878
895884
895889
895891
895893
895900
895905
895921
895926
895943
895966
895971
895985
895987
895993
896013
896015
896017
896021
896023
896026
896030
896038
896044
896050
896051
896051
896068
896077
896091
896115
896118
896126
896169
896173
896185
896189
896192
896232
896241
896245
896263
896264
896272
896304
896310
896313
896314
896315
896320
896327
896330
896360
896372
896400
896403
896411
896412
896415
896428
896440
896441
896454
896456
896459
896477
896533
896535
896540
896543
896548
896562
896571
896571
896583
896584
896604
896608
896612
896613
896623
896637
896639
896640
896651
896662
896683
896692
896697
896700
896708
896716
896722
896724
896728
896735
896751
896753
896758
896763
896770
896776
896781
896790
896800
896804
896814
896815
896821
896841
896847
896856
896865
896868
896872
896872
896873
896885
896889
896890
896891
896901
896906
896907
896922
896927
896929
896942
896942
896987
897006
897015
897028
897031
897032
897043
897052
897061
897065
897074
897091
897103
897106
897113
897113
897114
897120
897122
897133
897134
897180
897184
897184
897185
897189
897192
897194
897202
897203
897206
897212
897226
897229
897233
897239
897239
897244
897254
897255
897269
897279
897282
897284
897284
897288
897293
897309
897318
897322
897343
897343
897350
897355
897365
897378
897388
897394
897398
897419
897424
897432
897433
897434
897442
897462
897469
897478
897504
897517
897535
897538
897553
897564
897569
897583
897593
897617
897642
897664
897682
897698
897703
897715
897734
897740
897740
897741
897758
897783
897788
897792
897812
897819
897820
897842
897870
897877
897900
897921
897922
897953
897960
897960
897970
897989
897990
897993
898008
898013
898035
898043
898053
898061
898086
898108
898108
898113
898128
898129
898140
898151
898159
898165
898171
898179
898196
898210
898211
898215
898231
898232
898237
898255
898262
898265
898270
898280
898291
898295
898308
898336
898372
898398
898404
898410
898410
898437
898450
898463
898473
898480
898480
898491
898496
898532
898538
898549
898564
898573
898594
898602
898607
898624
898640
898642
898661
898673
898703
898726
898726
898726
898746
898750
898774
898786
898801
898843
898852
898856
898858
898881
898884
898894
898922
898946
898947
898948
898957
898962
898963
898964
898998
899002
899004
899011
899024
899033
899082
899083
899106
899132
899148
899152
899164
899166
899171
899183
899214
899218
899226
899241
899246
899254
899262
899266
899278
899284
899286
899292
899297
899329
899341
899369
899372
899379
899383
899389
899405
899406
899410
899448
899449
899451
899452
899476
899492
899495
899499
899507
899576
899584
899593
899606
899664
899668
899747
899750
899758
899783
899789
899798
899806
899823
899824
899840
899850
899860
899876
899884
899888
899903
899906
899907
899909
899935
899940
899947
899948
899951
899958
899959
899960
899985
899991
899992
900005
900009
900012
900029
900031
900050
900050
900052
900088
900094
900097
900109
900118
900118
900119
900123
900136
900148
900150
900155
900161
900161
900176
900186
900205
900238
900242
900254
900255
900263
900274
900277
900277
900281
900299
900307
900329
900375
900393
900399
900426
900431
900436
900438
900448
900450
900463
900470
900485
900510
900512
900514
900539
900584
900595
900604
900604
900614
900632
900642
900645
900650
900653
900663
900668
900695
900705
900709
900719
900730
900732
900733
900741
900773
900787
900797
900804
900814
900820
900835
900845
900847
900850
900853
900876
900897
900917
900927
900941
900942
900953
900982
900992
901005
901005
901033
901062
901069
901072
901078
901091
901091
901096
901104
901111
901115
901124
901207
901228
901240
901242
901243
901253
901256
901281
901284
901297
901343
901353
901354
901370
901373
901382
901398
901417
901420
901422
901424
901439
901450
901469
901509
901527
901538
901575
901577
901582
901600
901607
901633
901639
901640
901641
901644
901650
901681
901688
901695
901721
901721
901746
901751
901755
901757
901766
901786
901807
901817
901839
901862
901865
901866
901869
901895
901924
901947
901953
901979
901988
901991
902007
902012
902027
902030
902032
902044
902060
902071
902071
902074
902077
902079
902089
902098
902114
902124
902128
902135
902146
902148
902167
902216
902234
902242
902244
902268
902270
902272
902290
902310
902312
902316
902326
902333
902337
902344
902352
902354
902381
902394
902400
902409
902411
902427
902436
902436
902448
902456
902464
902465
902475
902486
902494
902499
902506
902526
902532
902540
902541
902548
902548
902550
902557
902586
902602
902604
902604
902608
902617
902623
902628
902640
902647
902684
902688
902696
902697
902697
902699
902711
902727
902745
902747
902758
902760
902777
902782
902805
902806
902816
902824
902825
902828
902836
902874
902880
902888
902890
902904
902914
902926
902944
902944
902955
902959
902960
902969
902982
902983
902986
903000
903016
903029
903030
903042
903053
903062
903067
903069
903083
903083
903092
903101
903105
903117
903127
903166
903190
903194
903195
903196
903198
903234
903237
903244
903269
903282
903283
903302
903304
903318
903319
903333
903341
903344
903353
903363
903366
903369
903381
903385
903389
903390
903391
903407
903413
903442
903451
903451
903454
903485
903490
903497
903507
903525
903531
903558
903575
903611
903646
903648
903657
903670
903671
903673
903674
903686
903696
903701
903702
903706
903718
903729
903732
903735
903746
903749
903750
903751
903765
903775
903776
903783
903786
903798
903823
903824
903827
903839
903840
903849
903866
903870
903884
903928
903933
903940
903941
903951
903994
904042
904060
904065
904069
904073
904074
904088
904089
904090
904112
904122
904129
904131
904187
904194
904226
904227
904228
904231
904236
904241
904255
904275
904285
904304
904311
904313
904314
904316
904343
904347
904347
904348
904351
904390
904403
904405
904406
904407
904415
904416
904423
904435
904451
904464
904472
904485
904503
904508
904527
904530
904542
904543
904545
904561
904577
904582
904597
904601
904610
904611
904612
904636
904640
904675
904677
904685
904707
904718
904720
904723
904736
904749
904758
904766
904771
904771
904780
904782
904789
904796
904802
904802
904804
904831
904833
904849
904854
904868
904870
904911
904913
904920
904925
904932
904932
904933
904938
904938
904940
904953
904977
904989
904995
905003
905018
905040
905047
905050
905060
905099
905104
905109
905110
905111
905115
905132
905147
905182
905196
905218
905228
905237
905237
905240
905262
905264
905265
905268
905294
905330
905337
905349
905352
905355
905356
905366
905368
905382
905394
905401
905402
905402
905408
905419
905420
905427
905431
905431
905463
905480
905490
905509
905512
905550
905562
905566
905569
905576
905585
905587
905599
905638
905657
905665
905670
905692
905696
905696
905702
905702
905707
905712
905724
905733
905733
905740
905740
905768
905768
905771
905772
905785
905796
905800
905812
905824
905836
905843
905852
905860
905873
905883
905894
905894
905897
905903
905911
905915
905928
905931
905932
905936
905945
905947
905956
905968
905973
905993
905995
905997
905999
906000
906006
906012
906016
906038
906044
906065
906068
906087
906095
906114
906124
906127
906128
906131
906136
906141
906141
906158
906171
906186
906188
906202
906202
906204
906209
906233
906237
906245
906246
906255
906266
906274
906275
906289
906295
906304
906322
906325
906326
906355
906357
906374
906419
906422
906436
906440
906451
906515
906525
906527
906534
906543
906544
906544
906555
906565
906580
906586
906605
906608
906615
906636
906639
906640
906645
906648
906675
906677
906693
906703
906720
906734
906737
906745
906755
906758
906764
906765
906769
906771
906795
906803
906808
906814
906859
906882
906883
906889
906903
906906
906911
906948
906959
906972
906977
907033
907036
907045
907046
907048
907054
907054
907067
907074
907083
907084
907092
907107
907139
907193
907198
907217
907231
907231
907235
907256
907257
907263
907270
907283
907287
907290
907301
907302
907306
907317
907319
907326
907330
907331
907334
907343
907356
907359
907370
907372
907375
907390
907407
907412
907422
907423
907425
907427
907433
907443
907460
907467
907487
907490
907494
907501
907525
907546
907582
907593
907622
907628
907631
907638
907644
907689
907695
907703
907715
907719
907742
907747
907755
907757
907767
907772
907796
907802
907806
907811
907833
907842
907856
907877
907890
907890
907909
907920
907922
907931
907956
907961
907970
907985
907991
908008
908019
908028
908030
908038
908039
908045
908054
908054
908066
908066
908072
908073
908118
908125
908138
908142
908149
908153
908168
908173
908178
908180
908186
908187
908202
908205
908210
908214
908219
908220
908222
908235
908245
908252
908253
908269
908277
908291
908296
908316
908317
908321
908321
908323
908326
908352
908352
908365
908370
908373
908374
908384
908384
908388
908392
908398
908404
908410
908421
908444
908448
908463
908484
908490
908498
908524
908537
908544
908585
908586
908589
908589
908621
908634
908652
908654
908656
908660
908669
908676
908677
908694
908695
908704
908705
908710
908718
908745
908753
908759
908770
908783
908787
908787
908798
908813
908819
908855
908866
908883
908892
908895
908902
908907
908918
908921
908923
908930
908943
908944
908953
908970
908988
908997
909027
909039
909048
909070
909078
909087
909094
909098
909103
909166
909169
909175
909180
909183
909192
909197
909200
909202
909217
909226
909228
909232
909245
909249
909249
909259
909271
909273
909296
909309
909337
909346
909347
909354
909397
909405
909447
909462
909463
909465
909466
909474
909478
909498
909545
909554
909566
909582
909583
909588
909593
909594
909601
909603
909617
909625
909659
909660
909663
909665
909684
909684
909690
909701
909713
909720
909720
909730
909731
909744
909749
909750
909755
909756
909778
909790
909793
909809
909815
909830
909833
909846
909850
909877
909913
909917
909919
909925
909935
909937
909941
909942
909946
909947
909954
909960
909968
909970
909974
909980
909980
909992
910005
910014
910035
910046
910049
910064
910077
910099
910106
910121
910137
910146
910154
910171
910187
910196
910203
910223
910227
910231
910265
910277
910285
910299
910309
910333
910344
910348
910364
910365
910366
910367
910370
910372
910373
910375
910397
910406
910407
910407
910416
910427
910439
910443
910448
910450
910465
910476
910505
910525
910534
910562
910568
910572
910599
910622
910653
910661
910663
910665
910673
910677
910678
910679
910716
910729
910730
910736
910737
910746
910751
910764
910771
910771
910783
910789
910803
910819
910821
910860
910875
910875
910881
910883
910901
910902
910903
910909
910925
910933
910951
910953
910971
910974
910989
910995
911007
911009
911009
911027
911031
911032
911034
911045
911046
911059
911061
911067
911068
911071
911091
911095
911100
911105
911111
911112
911116
911132
911137
911153
911154
911156
911158
911183
911204
911205
911205
911205
911206
911208
911227
911228
911231
911260
911270
911291
911293
911301
911307
911310
911320
911328
911328
911334
911337
911340
911340
911341
911343
911347
911360
911371
911390
911393
911398
911402
911439
911467
911484
911502
911502
911509
911509
911511
911542
911543
911562
911574
911579
911595
911597
911620
911634
911653
911668
911673
911676
911681
911683
911693
911706
911715
911728
911729
911732
911739
911741
911759
911760
911765
911765
911768
911774
911776
911781
911797
911799
911799
911802
911817
911832
911842
911845
911847
911849
911877
911883
911904
911907
911909
911927
911941
911943
911947
911955
911962
911963
911972
911979
911988
911989
912024
912036
912047
912062
912064
912066
912068
912076
912079
912083
912087
912089
912102
912120
912130
912131
912135
912162
912163
912177
912185
912188
912199
912220
912221
912225
912232
912234
912244
912247
912298
912310
912340
912356
912358
912366
912370
912385
912400
912403
912418
912428
912429
912447
912464
912466
912481
912483
912485
912494
912497
912497
912498
912502
912508
912509
912516
912520
912537
912540
912550
912555
912557
912561
912585
912586
912598
912599
912615
912641
912642
912646
912648
912661
912678
912690
912714
912715
912721
912739
912775
912795
912824
912839
912845
912874
912892
912904
912909
912914
912926
912935
912942
912958
912960
912972
912973
912987
912999
913017
913023
913031
913038
913044
913059
913075
913107
913136
913146
913149
913186
913215
913222
913225
913240
913264
913265
913276
913278
913293
913325
913348
913353
913354
913368
913370
913372
913380
913410
913412
913419
913426
913430
913438
913444
913461
913505
913516
913523
913528
913556
913587
913593
913600
913627
913646
913659
913667
913682
913694
913706
913719
913734
913761
913774
913776
913789
913794
913808
913815
913818
913820
913835
913845
913846
913848
913862
913893
913906
913914
913919
913921
913946
913951
913973
913983
913985
913989
913990
914004
914006
914011
914054
914077
914082
914097
914109
914144
914172
914185
914208
914233
914236
914236
914247
914265
914278
914285
914292
914300
914301
914302
914306
914306
914314
914319
914320
914333
914338
914343
914358
914361
914369
914370
914371
914377
914378
914386
914390
914397
914406
914407
914418
914427
914436
914453
914459
914461
914462
914467
914470
914484
914488
914494
914495
914526
914528
914529
914541
914543
914545
914549
914563
914565
914582
914582
914583
914614
914615
914627
914649
914653
914655
914658
914684
914684
914689
914707
914709
914730
914738
914745
914759
914767
914803
914815
914819
914833
914837
914855
914867
914874
914876
914883
914884
914914
914951
914952
914985
915001
915008
915018
915024
915031
915032
915032
915037
915039
915073
915078
915080
915082
915085
915086
915122
915130
915133
915140
915141
915164
915170
915177
915180
915188
915213
915231
915231
915234
915252
915324
915375
915377
915406
915411
915415
915421
915432
915433
915437
915440
915471
915472
915473
915485
915514
915515
915523
915540
915552
915557
915563
915566
915566
915568
915571
915583
915584
915587
915600
915632
915655
915658
915671
915714
915757
915766
915770
915773
915783
915788
915790
915798
915803
915807
915816
915817
915821
915862
915864
915866
915890
915892
915932
915936
915938
915940
915941
915958
915965
915976
915983
916003
916017
916023
916023
916034
916044
916084
916100
916100
916110
916131
916143
916144
916147
916154
916165
916167
916168
916196
916199
916212
916223
916242
916253
916270
916272
916275
916299
916299
916303
916303
916304
916321
916326
916328
916337
916344
916362
916377
916411
916413
916414
916431
916448
916450
916453
916462
916467
916482
916488
916490
916512
916517
916525
916547
916562
916568
916570
916587
916608
916616
916617
916618
916630
916634
916639
916641
916675
916678
916688
916701
916717
916726
916731
916735
916738
916749
916755
916798
916810
916830
916850
916854
916873
916882
916915
916931
916954
916966
916983
916986
916990
916991
916998
916998
917003
917004
917019
917040
917042
917051
917059
917075
917077
917080
917081
917082
917145
917155
917161
917165
917167
917174
917201
917207
917221
917245
917259
917262
917269
917277
917309
917315
917320
917347
917353
917355
917355
917368
917369
917371
917373
917376
917377
917378
917400
917411
917435
917436
917453
917462
917473
917485
917493
917499
917500
917501
917505
917509
917526
917531
917534
917538
917550
917574
917577
917605
917608
917608
917611
917613
917622
917625
917634
917648
917653
917684
917706
917714
917721
917738
917742
917747
917750
917755
917772
917777
917802
917809
917824
917828
917830
917832
917838
917870
917878
917878
917896
917897
917921
917921
917928
917931
917942
917956
917962
917964
917975
917988
917990
918001
918002
918005
918035
918037
918043
918057
918060
918062
918068
918070
918086
918087
918092
918104
918117
918132
918137
918153
918159
918161
918180
918190
918192
918196
918197
918201
918201
918202
918216
918223
918237
918243
918244
918244
918250
918251
918265
918266
918266
918282
918288
918288
918295
918296
918306
918319
918327
918329
918332
918341
918341
918344
918345
918351
918357
918370
918372
918383
918436
918456
918458
918472
918479
918481
918482
918506
918508
918531
918533
918538
918542
918557
918591
918601
918612
918619
918624
918653
918663
918665
918677
918707
918710
918738
918741
918772
918778
918787
918788
918806
918824
918854
918866
918874
918918
918930
918931
918934
918947
918952
918957
918990
919015
919043
919046
919054
919061
919072
919082
919098
919100
919129
919132
919139
919178
919199
919221
919227
919232
919239
919256
919257
919258
919267
919287
919294
919302
919303
919306
919308
919311
919322
919325
919334
919338
919343
919346
919350
919360
919365
919365
919375
919408
919412
919412
919444
919451
919465
919488
919488
919498
919502
919515
919516
919521
919555
919562
919563
919588
919596
919606
919611
919632
919655
919661
919662
919673
919697
919701
919705
919710
919728
919730
919737
919749
919771
919774
919777
919783
919804
919806
919819
919843
919850
919854
919864
919892
919897
919898
919925
919936
919943
919957
919988
920013
920018
920046
920049
920054
920054
920057
920072
920078
920098
920146
920154
920154
920182
920198
920209
920227
920233
920251
920260
920272
920283
920283
920297
920301
920323
920338
920361
920365
920368
920369
920377
920388
920389
920393
920397
920405
920413
920415
920426
920435
920443
920458
920477
920482
920493
920496
920497
920506
920510
920519
920535
920590
920604
920614
920618
920620
920622
920628
920633
920637
920648
920649
920667
920668
920696
920701
920710
920737
920746
920746
920746
920750
920762
920765
920771
920778
920782
920792
920809
920811
920813
920815
920820
920825
920839
920844
920847
920853
920886
920891
920894
920897
920909
920918
920928
920945
921007
921012
921016
921028
921030
921035
921035
921036
921072
921073
921084
921109
921112
921137
921178
921183
921184
921191
921193
921213
921214
921218
921231
921239
921265
921266
921269
921275
921275
921294
921301
921311
921324
921336
921341
921343
921343
921350
921361
921381
921384
921385
921387
921396
921403
921411
921415
921423
921425
921449
921456
921462
921467
921469
921470
921475
921497
921524
921530
921531
921531
921533
921537
921542
921550
921564
921573
921592
921595
921603
921611
921623
921652
921658
921670
921671
921685
921696
921716
921717
921727
921728
921731
921737
921740
921754
921757
921761
921770
921771
921777
921778
921781
921783
921784
921792
921801
921806
921808
921812
921844
921846
921855
921861
921868
921896
921914
921927
921929
921935
921950
921961
921965
921967
921986
921989
921992
921998
922013
922028
922031
922034
922046
922052
922062
922064
922066
922066
922068
922070
922093
922097
922102
922109
922126
922129
922134
922138
922142
922147
922151
922152
922163
922164
922166
922194
922205
922209
922220
922228
922244
922266
922273
922281
922291
922311
922330
922339
922366
922387
922388
922406
922408
922409
922411
922429
922440
922446
922454
922462
922472
922485
922486
922486
922489
922499
922501
922507
922509
922513
922544
922563
922570
922585
922589
922591
922623
922634
922645
922655
922672
922676
922694
922705
922713
922726
922749
922770
922781
922782
922791
922814
922823
922850
922858
922860
922872
922878
922886
922890
922936
922941
922958
922961
922985
922996
922996
923000
923009
923036
923049
923051
923059
923069
923074
923084
923087
923087
923096
923109
923111
923115
923118
923118
923138
923144
923158
923172
923179
923200
923203
923224
923224
923228
923240
923244
923244
923253
923263
923263
923267
923270
923315
923316
923316
923342
923345
923402
923402
923403
923430
923433
923439
923448
923449
923450
923451
923471
923479
923491
923507
923517
923518
923525
923528
923548
923582
923588
923588
923611
923617
923619
923624
923641
923658
923662
923667
923695
923721
923728
923748
923753
923788
923789
923798
923801
923822
923832
923833
923849
923858
923876
923890
923920
923927
923935
923947
923949
923953
923982
923990
924002
924017
924038
924041
924047
924055
924074
924081
924087
924142
924143
924145
924154
924158
924164
924169
924173
924180
924209
924222
924259
924263
924267
924271
924278
924278
924293
924295
924295
924318
924321
924327
924329
924330
924348
924355
924368
924377
924378
924414
924416
924443
924445
924452
924454
924476
924477
924484
924501
924510
924511
924514
924515
924521
924530
924543
924576
924576
924580
924586
924593
924594
924608
924612
924618
924619
924622
924632
924649
924654
924679
924685
924688
924768
924773
924775
924782
924791
924797
924798
924807
924841
924842
924845
924864
924865
924867
924868
924891
924931
924952
924963
924971
925020
925021
925023
925025
925034
925039
925041
925049
925050
925067
925089
925128
925129
925142
925155
925169
925172
925190
925198
925212
925214
925222
925223
925233
925235
925249
925249
925249
925258
925260
925288
925292
925303
925306
925307
925312
925313
925319
925341
925357
925366
925366
925371
925372
925372
925379
925382
925393
925395
925398
925421
925429
925435
925435
925436
925439
925449
925453
925453
925457
925458
925466
925468
925469
925482
925485
925490
925493
925504
925516
925533
925536
925546
925549
925559
925575
925591
925596
925612
925633
925652
925656
925681
925681
925683
925693
925702
925712
925725
925726
925745
925747
925747
925768
925780
925782
925789
925804
925812
925814
925815
925819
925831
925835
925841
925842
925865
925871
925913
925926
925927
925940
925940
925952
925963
925968
925974
925980
925992
925993
925995
925997
926002
926008
926008
926010
926010
926011
926014
926014
926015
926017
926034
926047
926049
926051
926053
926054
926057
926059
926060
926115
926148
926160
926165
926168
926172
926179
926183
926216
926216
926218
926218
926245
926259
926264
926271
926274
926279
926330
926330
926342
926353
926357
926362
926370
926372
926378
926388
926389
926392
926399
926402
926403
926407
926408
926410
926415
926418
926423
926437
926438
926442
926452
926453
926457
926460
926475
926485
926496
926509
926521
926526
926558
926566
926568
926576
926580
926581
926582
926582
926595
926617
926636
926653
926665
926681
926692
926713
926725
926730
926733
926736
926748
926754
926756
926757
926758
926781
926784
926789
926793
926798
926806
926807
926809
926814
926852
926868
926868
926878
926879
926881
926892
926902
926928
926945
926959
926966
926984
927000
927004
927010
927012
927019
927022
927054
927062
927084
927118
927120
927122
927136
927139
927143
927155
927171
927176
927187
927208
927214
927219
927220
927238
927263
927295
927323
927353
927355
927358
927359
927360
927372
927390
927399
927400
927406
927414
927422
927435
927446
927453
927463
927472
927474
927485
927506
927520
927531
927540
927543
927545
927545
927565
927581
927607
927628
927638
927641
927643
927652
927653
927662
927667
927671
927671
927676
927684
927697
927707
927715
927733
927737
927738
927744
927782
927791
927802
927804
927805
927814
927855
927861
927896
927909
927910
927917
927920
927931
927941
927944
927976
927993
928007
928024
928039
928044
928045
928047
928061
928063
928065
928076
928078
928109
928127
928134
928157
928172
928175
928193
928199
928242
928245
928274
928298
928309
928319
928337
928353
928363
928365
928373
928376
928382
928385
928390
928404
928406
928407
928412
928420
928439
928441
928446
928457
928468
928472
928484
928501
928522
928539
928579
928600
928629
928635
928642
928657
928668
928673
928675
928677
928679
928685
928703
928709
928724
928732
928733
928751
928752
928759
928772
928775
928800
928802
928802
928803
928805
928808
928827
928836
928860
928878
928885
928899
928900
928915
928924
928935
928954
928955
928967
928971
928976
928978
928993
928995
928998
929000
929001
929008
929029
929041
929042
929069
929081
929082
929090
929096
929098
929110
929110
929132
929139
929147
929181
929183
929191
929191
929192
929195
929209
929213
929214
929262
929269
929269
929283
929304
929306
929309
929312
929319
929346
929365
929377
929378
929416
929418
929425
929426
929445
929462
929474
929484
929487
929491
929509
929531
929534
929549
929552
929555
929569
929578
929585
929594
929598
929650
929663
929678
929680
929682
929695
929707
929707
929709
929711
929716
929716
929721
929726
929759
929763
929774
929777
929790
929804
929827
929830
929831
929849
929863
929947
929952
929952
929968
929972
929973
929981
930011
930025
930040
930053
930053
930064
930066
930070
930094
930101
930110
930129
930132
930152
930165
930169
930175
930195
930204
930230
930247
930249
930266
930268
930299
930301
930328
930331
930352
930360
930361
930361
930365
930376
930388
930390
930396
930423
930427
930438
930443
930454
930460
930493
930497
930500
930501
930512
930529
930535
930543
930565
930576
930590
930594
930612
930625
930634
930643
930648
930651
930662
930666
930671
930689
930706
930740
930752
930756
930757
930779
930798
930813
930836
930848
930855
930862
930888
930903
930930
930931
930932
930940
930942
930945
930950
930950
930958
930965
930970
930975
930978
930990
931003
931014
931016
931016
931020
931028
931028
931038
931042
931049
931074
931091
931095
931098
931142
931142
931146
931150
931175
931186
931195
931206
931209
931216
931224
931236
931262
931268
931313
931318
931340
931348
931368
931373
931388
931392
931410
931411
931417
931426
931440
931442
931444
931446
931449
931454
931493
931494
931527
931561
931575
931613
931623
931623
931629
931630
931656
931671
931672
931679
931692
931695
931697
931719
931724
931738
931743
931762
931764
931783
931785
931797
931815
931833
931836
931838
931845
931847
931849
931852
931858
931860
931861
931902
931924
931927
931941
931963
931985
931987
931992
932015
932026
932031
932036
932075
932076
932079
932081
932094
932096
932100
932127
932149
932190
932190
932196
932201
932217
932221
932236
932237
932240
932249
932251
932261
932301
932317
932319
932328
932333
932347
932359
932367
932378
932397
932415
932421
932425
932432
932433
932447
932457
932474
932480
932488
932488
932498
932500
932505
932509
932530
932562
932569
932587
932591
932594
932596
932608
932629
932631
932632
932634
932665
932667
932695
932702
932714
932715
932715
932715
932717
932730
932771
932799
932799
932802
932821
932834
932850
932851
932857
932858
932864
932872
932874
932875
932879
932888
932897
932934
932934
932943
932948
932951
932957
932958
932996
932999
933007
933016
933038
933059
933083
933105
933112
933128
933152
933178
933179
933230
933237
933246
933249
933254
933269
933272
933273
933280
933282
933287
933288
933330
933335
933348
933362
933371
933374
933394
933400
933402
933409
933415
933422
933440
933445
933450
933454
933472
933475
933477
933492
933518
933523
933530
933551
933554
933570
933572
933594
933599
933609
933613
933630
933642
933656
933658
933659
933685
933692
933700
933715
933716
933744
933751
933775
933783
933791
933830
933867
933871
933874
933884
933904
933913
933932
933937
933952
934002
934006
934012
934014
934025
934043
934061
934070
934071
934074
934077
934078
934087
934088
934109
934124
934128
934146
934167
934170
934182
934188
934190
934206
934210
934222
934228
934237
934243
934244
934251
934270
934298
934308
934314
934335
934347
934351
934359
934410
934426
934430
934432
934441
934448
934477
934504
934557
934569
934574
934583
934608
934613
934620
934627
934644
934656
934657
934657
934675
934686
934691
934696
934700
934705
934716
934741
934745
934746
934769
934805
934827
934830
934833
934840
934864
934869
934872
934872
934885
934896
934896
934908
934909
934912
934937
934937
934940
934949
934950
934951
934953
934961
934969
934984
934989
934999
935004
935013
935013
935017
935022
935035
935044
935057
935070
935076
935078
935107
935119
935126
935137
935144
935219
935220
935233
935245
935255
935260
935262
935264
935273
935287
935292
935306
935332
935342
935370
935381
935399
935402
935412
935423
935431
935440
935441
935473
935477
935478
935483
935487
935520
935526
935527
935542
935553
935577
935592
935592
935596
935621
935623
935633
935635
935640
935646
935651
935669
935676
935718
935727
935727
935729
935748
935750
935754
935758
935761
935772
935780
935781
935782
935787
935792
935799
935811
935821
935829
935854
935859
935864
935868
935874
935882
935889
935894
935895
935899
935921
935938
935942
935946
935951
935955
935955
935957
935959
935980
935986
935987
936009
936054
936084
936092
936109
936115
936115
936128
936151
936152
936170
936174
936179
936188
936192
936201
936207
936224
936244
936251
936268
936290
936303
936305
936306
936312
936314
936318
936334
936344
936346
936349
936354
936372
936377
936406
936422
936424
936436
936439
936457
936466
936486
936493
936501
936502
936505
936519
936527
936531
936533
936579
936598
936600
936604
936626
936638
936678
936691
936696
936698
936713
936748
936749
936758
936777
936781
936792
936793
936794
936809
936823
936833
936838
936840
936842
936848
936849
936854
936863
936872
936885
936897
936912
936921
936921
936937
936956
936963
936964
936985
936999
937023
937031
937058
937074
937086
937091
937104
937106
937107
937109
937112
937122
937185
937185
937191
937198
937201
937231
937241
937255
937259
937260
937264
937271
937273
937287
937305
937315
937317
937339
937346
937374
937382
937384
937389
937393
937396
937398
937398
937424
937432
937440
937445
937456
937464
937477
937477
937480
937484
937492
937492
937495
937519
937522
937538
937539
937552
937556
937566
937568
937587
937599
937602
937614
937629
937667
937674
937687
937733
937751
937757
937774
937787
937795
937796
937805
937806
937806
937817
937820
937843
937844
937857
937875
937879
937883
937887
937893
937917
937928
937938
937941
937949
937953
937971
937978
937982
937990
937990
938003
938004
938008
938012
938023
938032
938038
938048
938080
938096
938098
938098
938106
938116
938120
938126
938129
938155
938194
938209
938216
938223
938243
938252
938256
938264
938267
938269
938294
938297
938298
938314
938315
938316
938321
938321
938334
938379
938394
938395
938416
938423
938425
938427
938431
938451
938455
938457
938467
938468
938504
938505
938529
938531
938534
938549
938568
938578
938579
938581
938582
938592
938597
938610
938621
938631
938641
938665
938676
938678
938683
938683
938697
938710
938723
938726
938726
938729
938737
938748
938758
938767
938783
938785
938791
938798
938803
938819
938820
938828
938829
938838
938850
938852
938853
938868
938874
938891
938897
938901
938924
938925
938931
938936
938957
938981
939014
939016
939018
939020
939029
939029
939048
939075
939091
939100
939111
939119
939124
939129
939132
939135
939162
939174
939183
939185
939203
939204
939214
939219
939225
939235
939266
939296
939305
939307
939318
939318
939321
939335
939347
939353
939353
939373
939378
939383
939384
939393
939396
939403
939421
939453
939457
939471
939472
939532
939550
939556
939567
939575
939580
939581
939582
939586
939590
939592
939596
939619
939629
939642
939643
939664
939669
939685
939686
939713
939734
939792
939802
939806
939814
939816
939839
939841
939847
939849
939863
939867
939904
939931
939945
939961
939967
939979
939980
939998
940006
940006
940017
940024
940032
940041
940047
940054
940066
940070
940071
940077
940077
940080
940082
940084
940097
940121
940124
940131
940147
940166
940176
940205
940214
940218
940232
940243
940262
940280
940295
940299
940344
940385
940387
940389
940427
940428
940428
940451
940462
940473
940488
940496
940499
940503
940520
940523
940524
940526
940533
940539
940548
940556
940560
940571
940601
940605
940605
940614
940639
940640
940660
940668
940670
940672
940691
940696
940699
940712
940719
940724
940732
940747
940756
940759
940786
940791
940811
940813
940817
940829
940839
940849
940859
940869
940894
940895
940902
940918
940919
940920
940941
940953
940955
940963
940977
940989
940990
940994
940995
941008
941019
941030
941033
941034
941051
941052
941064
941067
941086
941100
941103
941113
941114
941115
941117
941129
941135
941161
941201
941205
941215
941237
941239
941242
941247
941265
941267
941279
941279
941282
941287
941291
941314
941319
941325
941326
941335
941339
941340
941391
941402
941408
941411
941419
941436
941455
941458
941466
941471
941487
941494
941495
941514
941520
941536
941572
941582
941584
941588
941597
941608
941618
941622
941627
941672
941676
941700
941701
941703
941704
941705
941705
941706
941706
941721
941724
941731
941741
941751
941757
941768
941774
941788
941817
941819
941826
941828
941846
941847
941857
941879
941883
941893
941893
941895
941911
941918
941920
941928
941929
941934
941942
941960
941977
941987
941992
941993
942001
942011
942020
942024
942025
942042
942043
942045
942051
942068
942069
942073
942087
942111
942111
942124
942124
942135
942140
942145
942150
942155
942183
942217
942222
942224
942236
942248
942251
942261
942267
942282
942292
942307
942312
942321
942325
942325
942345
942346
942370
942373
942373
942395
942403
942428
942436
942437
942453
942461
942462
942466
942475
942483
942487
942501
942510
942513
942520
942522
942524
942540
942573
942593
942615
942632
942651
942652
942661
942675
942675
942676
942684
942687
942694
942694
942705
942719
942724
942729
942734
942735
942746
942754
942757
942764
942767
942785
942788
942789
942802
942808
942824
942828
942833
942841
942846
942865
942870
942878
942882
942892
942892
942897
942926
942946
942948
942961
942968
942970
942971
942978
942982
942999
943004
943021
943021
943029
943051
943053
943054
943058
943068
943082
943083
943084
943110
943110
943134
943150
943151
943184
943188
943211
943225
943225
943231
943232
943237
943247
943255
943270
943276
943295
943308
943310
943310
943312
943331
943331
943335
943345
943372
943378
943378
943380
943386
943387
943390
943402
943410
943415
943417
943453
943458
943460
943497
943515
943526
943535
943540
943546
943553
943565
943566
943576
943585
943590
943602
943639
943654
943686
943711
943729
943747
943775
943795
943807
943813
943820
943821
943840
943844
943846
943847
943849
943865
943873
943884
943951
943954
943967
944004
944012
944023
944042
944043
944055
944059
944059
944061
944065
944076
944078
944080
944087
944108
944115
944124
944158
944183
944185
944191
944198
944218
944230
944250
944282
944315
944318
944366
944394
944398
944406
944420
944422
944432
944437
944450
944458
944458
944460
944476
944483
944484
944491
944496
944497
944527
944542
944542
944553
944556
944562
944562
944567
944569
944570
944595
944611
944618
944623
944651
944659
944677
944684
944687
944700
944700
944706
944708
944713
944726
944739
944744
944759
944779
944791
944793
944807
944812
944816
944837
944866
944883
944884
944885
944891
944905
944917
944924
944932
944932
944940
944961
944968
944989
944992
944994
945016
945017
945019
945024
945027
945040
945063
945074
945079
945083
945085
945089
945126
945142
945148
945159
945163
945169
945169
945176
945191
945192
945221
945225
945245
945247
945262
945270
945277
945277
945278
945289
945293
945293
945314
945316
945334
945360
945363
945378
945386
945403
945408
945418
945431
945445
945451
945465
945466
945472
945476
945484
945487
945510
945519
945524
945540
945541
945558
945566
945567
945573
945573
945588
945588
945608
945626
945635
945646
945666
945687
945699
945714
945718
945721
945726
945744
945755
945757
945767
945770
945783
945785
945789
945790
945809
945817
945822
945835
945840
945841
945841
945849
945860
945868
945896
945897
945927
945929
945933
945942
945952
945969
945973
945974
945983
945984
945986
945991
946003
946062
946064
946083
946085
946096
946109
946119
946127
946136
946137
946144
946155
946166
946168
946174
946175
946188
946201
946269
946296
946297
946325
946336
946347
946349
946361
946369
946371
946373
946380
946381
946382
946389
946393
946404
946426
946427
946435
946438
946440
946453
946460
946475
946494
946512
946514
946531
946537
946544
946552
946565
946568
946570
946574
946582
946594
946600
946606
946609
946617
946618
946621
946657
946669
946691
946694
946699
946706
946711
946715
946751
946764
946765
946779
946783
946784
946789
946833
946837
946841
946841
946852
946856
946872
946890
946891
946921
946926
946937
946947
946965
946988
946989
946995
947000
947002
947007
947022
947023
947046
947046
947051
947073
947087
947099
947106
947115
947124
947141
947143
947148
947164
947173
947176
947196
947207
947221
947225
947245
947247
947274
947284
947307
947318
947330
947332
947338
947354
947361
947368
947369
947380
947381
947386
947392
947399
947429
947440
947449
947451
947453
947469
947481
947486
947499
947511
947533
947537
947541
947555
947561
947574
947592
947595
947596
947607
947629
947637
947644
947657
947661
947665
947667
947683
947691
947692
947706
947711
947730
947732
947740
947763
947780
947790
947803
947805
947818
947822
947828
947839
947858
947861
947878
947885
947897
947903
947905
947907
947908
947911
947922
947933
947938
947943
947959
947975
947975
947978
947979
948003
948021
948032
948042
948043
948059
948081
948155
948155
948163
948166
948173
948183
948197
948209
948211
948212
948217
948218
948218
948227
948228
948231
948238
948248
948265
948266
948278
948302
948304
948304
948310
948352
948394
948403
948426
948429
948432
948454
948458
948459
948463
948473
948488
948491
948543
948552
948563
948567
948575
948600
948620
948620
948634
948639
948645
948652
948652
948667
948674
948676
948681
948699
948719
948726
948730
948748
948748
948748
948755
948761
948769
948790
948804
948821
948828
948831
948849
948851
948852
948856
948857
948858
948863
948867
948873
948875
948899
948911
948924
948924
948927
948928
948932
948933
948934
948935
948941
948955
948973
948974
948985
948995
948999
949021
949029
949033
949041
949058
949059
949065
949109
949121
949124
949132
949133
949153
949179
949187
949219
949222
949230
949249
949249
949250
949253
949260
949265
949266
949276
949294
949300
949307
949333
949333
949340
949346
949383
949392
949401
949404
949405
949405
949411
949415
949423
949423
949433
949438
949448
949459
949462
949467
949481
949493
949506
949518
949547
949552
949556
949559
949576
949578
949580
949606
949615
949620
949630
949657
949668
949670
949672
949690
949694
949698
949700
949705
949728
949756
949767
949772
949785
949820
949833
949833
949837
949849
949857
949868
949870
949891
949910
949910
949910
949911
949920
949920
949923
949942
949942
949945
949955
949982
949992
949999
950006
950012
950029
950029
950043
950076
950077
950082
950082
950091
950097
950148
950159
950204
950210
950214
950215
950230
950241
950250
950257
950261
950270
950284
950318
950328
950349
950352
950402
950461
950461
950472
950514
950526
950542
950546
950549
950552
950560
950579
950587
950592
950607
950627
950633
950643
950647
950649
950651
950659
950669
950674
950677
950685
950687
950695
950704
950711
950713
950730
950731
950731
950739
950762
950785
950832
950833
950847
950875
950876
950878
950879
950883
950889
950892
950894
950895
950902
950936
950943
950949
950971
950972
950995
951006
951009
951031
951033
951038
951042
951056
951057
951057
951065
951084
951113
951145
951167
951181
951191
951195
951216
951217
951224
951226
951237
951249
951252
951265
951271
951281
951281
951287
951289
951302
951352
951357
951359
951381
951392
951400
951421
951421
951444
951473
951477
951477
951479
951489
951490
951502
951514
951520
951521
951564
951569
951583
951587
951594
951612
951625
951646
951668
951678
951680
951691
951695
951707
951715
951720
951729
951729
951773
951789
951802
951827
951831
951838
951842
951848
951854
951857
951859
951859
951879
951887
951897
951903
951909
951911
951914
951916
951917
951925
951930
951946
951956
951961
951966
951969
951975
951983
951994
952014
952016
952027
952038
952066
952072
952078
952083
952087
952091
952120
952132
952162
952181
952181
952185
952195
952210
952231
952236
952238
952238
952248
952248
952253
952271
952273
952289
952293
952297
952301
952301
952309
952311
952321
952324
952339
952356
952391
952397
952419
952425
952429
952431
952435
952440
952457
952478
952483
952487
952488
952506
952528
952539
952555
952559
952560
952564
952568
952574
952585
952598
952609
952617
952649
952651
952655
952657
952660
952683
952687
952690
952703
952703
952706
952720
952731
952767
952787
952836
952853
952872
952894
952899
952906
952921
952921
952922
952922
952928
952938
952945
952966
952969
952978
952981
952989
953006
953008
953015
953018
953029
953074
953078
953079
953093
953094
953112
953117
953117
953124
953127
953136
953151
953153
953163
953163
953172
953179
953198
953200
953214
953231
953236
953246
953247
953259
953260
953262
953278
953289
953290
953291
953293
953312
953317
953328
953333
953335
953338
953344
953344
953347
953354
953373
953384
953391
953399
953402
953402
953413
953414
953415
953423
953447
953449
953450
953460
953460
953463
953469
953475
953486
953495
953498
953522
953525
953535
953538
953539
953567
953569
953582
953585
953615
953619
953644
953651
953653
953656
953667
953682
953684
953685
953698
953725
953731
953732
953762
953769
953771
953778
953779
953796
953796
953811
953825
953842
953843
953849
953854
953861
953863
953888
953892
953916
953918
953920
953927
953940
953946
953950
953962
953971
953971
953976
953981
953988
953988
954000
954026
954026
954028
954030
954046
954056
954064
954065
954070
954084
954085
954099
954105
954116
954140
954150
954165
954167
954173
954222
954243
954286
954290
954317
954318
954323
954326
954332
954342
954344
954350
954410
954414
954415
954443
954443
954445
954449
954452
954462
954464
954494
954507
954519
954523
954526
954531
954540
954540
954575
954575
954579
954592
954595
954605
954617
954617
954628
954637
954680
954688
954698
954710
954735
954737
954745
954769
954775
954801
954811
954812
954818
954818
954852
954856
954860
954871
954875
954895
954895
954903
954917
954927
954946
954960
954970
954981
954990
955004
955011
955015
955035
955042
955057
955065
955088
955104
955109
955118
955131
955137
955141
955142
955145
955163
955168
955203
955215
955243
955294
955305
955306
955318
955325
955325
955326
955328
955328
955365
955371
955380
955381
955388
955391
955434
955441
955458
955471
955472
955476
955479
955499
955502
955504
955506
955530
955531
955562
955563
955566
955575
955591
955592
955592
955596
955596
955601
955609
955611
955620
955640
955653
955658
955659
955669
955678
955692
955711
955715
955719
955733
955749
955755
955773
955788
955792
955810
955825
955828
955831
955848
955852
955860
955867
955871
955874
955875
955886
955890
955896
955907
955911
955914
955919
955936
955936
955941
955942
955965
955970
955978
955989
955990
955995
956025
956025
956038
956046
956056
956075
956076
956083
956089
956103
956118
956123
956128
956135
956141
956148
956155
956156
956158
956165
956172
956195
956203
956211
956218
956219
956243
956262
956262
956274
956276
956289
956309
956311
956312
956322
956326
956327
956340
956341
956342
956379
956384
956391
956418
956450
956456
956475
956475
956505
956510
956540
956541
956549
956567
956567
956569
956586
956592
956605
956628
956632
956657
956663
956686
956702
956741
956750
956751
956756
956760
956774
956776
956778
956796
956813
956817
956826
956834
956835
956836
956841
956843
956856
956869
956870
956908
956910
956942
956969
956974
956974
956984
956996
957014
957023
957029
957031
957036
957044
957049
957053
957061
957063
957094
957096
957105
957112
957131
957137
957141
957143
957155
957157
957160
957170
957183
957189
957196
957222
957234
957243
957260
957284
957287
957297
957312
957332
957333
957339
957346
957350
957374
957386
957389
957399
957401
957409
957422
957425
957443
957443
957452
957467
957475
957494
957494
957495
957509
957521
957545
957549
957555
957563
957567
957568
957574
957585
957586
957591
957610
957623
957627
957630
957640
957657
957671
957676
957694
957697
957699
957701
957702
957722
957759
957771
957773
957790
957809
957809
957819
957822
957834
957837
957838
957873
957878
957884
957905
957909
957913
957932
957944
957944
957966
957969
957973
957979
957981
957983
958015
958026
958038
958055
958065
958068
958073
958088
958092
958093
958098
958101
958106
958123
958131
958155
958158
958166
958182
958192
958197
958207
958216
958241
958265
958266
958281
958285
958297
958313
958350
958356
958363
958366
958379
958384
958388
958390
958393
958404
958408
958409
958414
958434
958465
958468
958470
958480
958480
958483
958519
958528
958531
958537
958566
958574
958575
958581
958582
958583
958588
958591
958596
958599
958637
958657
958663
958674
958674
958675
958684
958689
958704
958714
958719
958720
958736
958743
958755
958756
958761
958796
958805
958812
958826
958830
958831
958840
958850
958851
958852
958852
958864
958867
958873
958874
958883
958887
958889
958893
958912
958920
958924
958925
958926
958928
958981
958985
958994
958996
959020
959032
959053
959068
959099
959138
959146
959152
959155
959163
959176
959194
959202
959202
959224
959224
959229
959273
959313
959324
959327
959328
959334
959345
959346
959353
959361
959389
959398
959406
959414
959415
959418
959429
959441
959442
959477
959495
959500
959508
959523
959527
959533
959545
959591
959591
959609
959612
959621
959629
959632
959632
959657
959677
959707
959723
959729
959757
959760
959765
959765
959776
959778
959787
959828
959838
959852
959895
959896
959898
959905
959925
959930
959932
959938
959941
959957
959962
959981
959998
959999
960034
960035
960037
960061
960061
960064
960064
960064
960080
960100
960103
960110
960121
960126
960130
960143
960184
960185
960187
960190
960204
960213
960213
960221
960223
960226
960250
960250
960258
960260
960265
960275
960285
960294
960296
960299
960304
960315
960315
960321
960337
960354
960384
960393
960397
960407
960407
960409
960428
960454
960487
960489
960498
960506
960533
960556
960569
960580
960592
960615
960628
960637
960655
960657
960662
960667
960690
960694
960707
960707
960712
960728
960732
960735
960736
960751
960753
960784
960786
960800
960801
960802
960802
960805
960806
960823
960835
960840
960853
960872
960877
960881
960889
960902
960911
960925
960925
960943
960951
960951
960957
960957
960961
960966
960967
960969
960974
960979
960988
961010
961013
961046
961051
961052
961069
961079
961083
961093
961095
961120
961120
961135
961149
961159
961198
961202
961203
961207
961211
961218
961219
961224
961240
961246
961249
961266
961285
961290
961295
961314
961349
961361
961366
961378
961381
961384
961390
961391
961396
961397
961406
961407
961416
961417
961422
961468
961478
961513
961527
961529
961532
961534
961536
961540
961558
961560
961565
961577
961588
961592
961594
961598
961613
961628
961628
961630
961638
961654
961654
961659
961661
961668
961683
961691
961744
961779
961801
961804
961808
961827
961828
961849
961858
961870
961874
961932
961946
961948
961961
961966
961983
961995
962001
962018
962041
962052
962056
962066
962082
962084
962094
962101
962119
962124
962133
962134
962134
962173
962183
962195
962207
962235
962261
962269
962297
962312
962325
962332
962356
962357
962363
962375
962381
962384
962398
962402
962414
962417
962426
962431
962432
962433
962461
962493
962507
962514
962515
962524
962527
962528
962528
962531
962566
962572
962586
962587
962587
962587
962588
962599
962605
962614
962614
962620
962624
962635
962635
962640
962674
962677
962678
962679
962689
962718
962729
962762
962765
962767
962770
962773
962785
962792
962798
962809
962815
962835
962840
962851
962858
962863
962875
962879
962919
962920
962924
962938
962949
962955
962955
962972
962974
962980
962985
963050
963071
963076
963085
963088
963099
963106
963108
963118
963156
963156
963158
963184
963185
963206
963224
963230
963237
963254
963276
963279
963306
963307
963317
963320
963367
963406
963410
963411
963422
963436
963450
963474
963477
963494
963509
963528
963533
963535
963592
963607
963618
963624
963626
963651
963655
963669
963672
963683
963684
963687
963689
963702
963711
963711
963718
963721
963731
963732
963739
963754
963768
963784
963788
963793
963796
963801
963801
963810
963811
963815
963819
963849
963860
963883
963888
963888
963901
963914
963915
963916
963918
963918
963931
963939
963978
963991
964009
964020
964028
964039
964043
964087
964098
964102
964104
964114
964120
964152
964155
964167
964176
964177
964208
964208
964208
964209
964212
964214
964222
964228
964244
964253
964264
964272
964276
964286
964327
964348
964361
964362
964366
964373
964389
964431
964433
964439
964457
964462
964465
964468
964474
964478
964483
964517
964518
964519
964563
964564
964580
964581
964592
964593
964609
964619
964629
964636
964642
964642
964659
964676
964681
964686
964699
964701
964707
964711
964712
964724
964727
964737
964738
964772
964793
964801
964813
964814
964815
964819
964821
964822
964831
964850
964869
964882
964894
964897
964899
964913
964915
964916
964931
964951
964974
964981
964990
964991
964993
964993
965007
965013
965037
965038
965045
965068
965068
965090
965093
965123
965140
965153
965169
965182
965182
965186
965196
965202
965205
965207
965208
965220
965256
965285
965290
965290
965311
965319
965346
965350
965362
965380
965391
965393
965399
965402
965406
965416
965427
965432
965432
965444
965449
965454
965465
965467
965475
965493
965495
965496
965506
965534
965538
965551
965557
965562
965572
965575
965578
965581
965587
965609
965614
965615
965622
965628
965639
965643
965645
965649
965661
965662
965666
965668
965672
965686
965695
965700
965715
965719
965733
965737
965737
965737
965783
965803
965811
965817
965820
965834
965844
965855
965858
965867
965873
965888
965888
965889
965891
965904
965912
965913
965921
965924
965926
965927
965930
965930
965936
965944
965948
965960
965962
965974
965980
965986
966001
966018
966062
966085
966096
966126
966138
966177
966187
966188
966218
966249
966254
966271
966276
966283
966285
966286
966314
966341
966347
966349
966352
966364
966367
966375
966378
966381
966384
966386
966390
966393
966404
966409
966409
966417
966422
966422
966444
966448
966455
966461
966470
966470
966491
966492
966507
966539
966539
966551
966562
966582
966583
966591
966605
966634
966682
966723
966737
966752
966767
966781
966789
966797
966803
966810
966816
966832
966845
966875
966891
966899
966903
966905
966913
966914
966915
966919
966956
966969
966971
966978
966983
967004
967014
967016
967017
967021
967026
967055
967063
967067
967068
967068
967078
967100
967114
967115
967124
967148
967157
967165
967172
967176
967205
967210
967211
967212
967229
967235
967236
967257
967263
967265
967269
967286
967313
967325
967331
967350
967357
967384
967387
967388
967391
967392
967396
967432
967445
967470
967489
967514
967520
967524
967525
967537
967541
967556
967614
967619
967622
967647
967657
967661
967666
967685
967702
967714
967720
967727
967728
967729
967731
967736
967737
967747
967750
967755
967763
967777
967789
967790
967794
967808
967830
967842
967868
967879
967889
967900
967912
967921
967929
967937
967951
967951
967951
967973
967973
967981
967983
967987
967993
967999
968012
968022
968037
968050
968051
968058
968080
968080
968109
968113
968115
968120
968122
968137
968146
968148
968160
968163
968165
968165
968172
968182
968186
968217
968237
968244
968261
968269
968273
968279
968287
968294
968299
968301
968315
968315
968320
968321
968323
968325
968341
968360
968364
968372
968372
968375
968386
968394
968416
968423
968426
968459
968464
968464
968467
968467
968481
968486
968489
968510
968511
968521
968521
968530
968534
968537
968538
968540
968544
968545
968547
968559
968560
968561
968564
968573
968616
968619
968633
968674
968675
968676
968677
968694
968715
968718
968723
968739
968742
968744
968745
968778
968793
968794
968797
968801
968805
968809
968821
968823
968824
968825
968847
968850
968859
968868
968869
968876
968879
968881
968894
968895
968903
968908
968946
968950
968952
968953
968957
968983
968990
969008
969010
969018
969019
969048
969049
969050
969062
969070
969071
969108
969109
969115
969130
969147
969150
969169
969178
969191
969199
969219
969252
969269
969288
969293
969294
969296
969297
969310
969311
969321
969331
969333
969336
969339
969347
969351
969385
969400
969404
969406
969429
969430
969442
969487
969489
969493
969500
969519
969521
969522
969533
969551
969586
969607
969661
969663
969674
969686
969695
969738
969777
969788
969806
969815
969823
969835
969836
969840
969859
969863
969890
969892
969894
969903
969904
969928
969940
969999
970012
970026
970031
970040
970052
970053
970072
970073
970078
970116
970123
970132
970143
970146
970149
970150
970170
970174
970182
970191
970213
970249
970254
970259
970287
970289
970289
970290
970304
970305
970312
970314
970337
970347
970347
970349
970359
970368
970382
970389
970390
970400
970428
970430
970445
970463
970465
970472
970486
970523
970545
970546
970551
970553
970565
970572
970589
970599
970612
970620
970640
970641
970643
970645
970674
970680
970684
970691
970697
970731
970734
970738
970745
970758
970797
970814
970821
970823
970832
970848
970864
970896
970898
970936
970944
970950
970950
970977
970980
971002
971005
971029
971031
971036
971037
971040
971046
971049
971054
971075
971085
971085
971089
971094
971095
971099
971130
971130
971135
971172
971190
971198
971205
971222
971234
971239
971242
971253
971263
971283
971304
971306
971312
971318
971319
971323
971323
971342
971359
971382
971415
971422
971426
971435
971448
971448
971468
971483
971485
971505
971513
971530
971534
971556
971570
971582
971591
971592
971601
971608
971626
971633
971647
971651
971661
971675
971678
971681
971700
971701
971706
971749
971776
971792
971798
971799
971807
971809
971825
971833
971838
971841
971847
971849
971865
971873
971873
971896
971901
971915
971923
971927
971930
971946
971988
971991
972024
972030
972041
972046
972049
972087
972090
972091
972099
972102
972113
972115
972126
972126
972135
972138
972150
972151
972157
972206
972219
972228
972237
972244
972280
972295
972300
972300
972302
972304
972306
972312
972313
972325
972327
972328
972357
972364
972368
972391
972398
972408
972416
972417
972417
972455
972461
972470
972473
972495
972508
972509
972520
972546
972551
972568
972575
972578
972580
972585
972594
972603
972604
972624
972630
972645
972672
972674
972675
972686
972686
972689
972700
972706
972713
972714
972714
972736
972747
972751
972755
972765
972787
972794
972796
972799
972805
972821
972835
972860
972870
972876
972894
972896
972897
972903
972904
972905
972913
972940
972941
972961
973017
973024
973030
973034
973038
973053
973074
973090
973097
973097
973104
973104
973118
973121
973139
973150
973155
973155
973157
973163
973170
973189
973192
973193
973206
973220
973221
973233
973243
973246
973249
973253
973264
973267
973267
973272
973276
973286
973295
973308
973311
973315
973332
973339
973347
973352
973353
973367
973412
973418
973422
973451
973474
973477
973481
973487
973489
973495
973498
973536
973538
973540
973550
973556
973559
973568
973580
973585
973609
973611
973617
973623
973628
973637
973653
973657
973658
973672
973685
973696
973703
973711
973711
973733
973733
973742
973746
973750
973790
973827
973840
973846
973855
973856
973873
973884
973906
973924
973953
973955
973971
973973
973974
973982
973984
973986
974014
974040
974057
974063
974075
974081
974092
974097
974108
974108
974110
974114
974114
974116
974139
974144
974153
974157
974180
974191
974205
974215
974216
974226
974257
974267
974271
974277
974286
974288
974305
974348
974354
974356
974376
974380
974388
974389
974406
974414
974424
974435
974442
974450
974451
974465
974494
974512
974516
974520
974540
974542
974555
974556
974563
974571
974579
974580
974592
974610
974612
974614
974614
974624
974638
974642
974645
974652
974664
974668
974677
974678
974684
974688
974689
974690
974698
974713
974739
974755
974765
974767
974782
974815
974816
974826
974830
974832
974833
974833
974837
974884
974897
974899
974932
974935
974938
974944
974954
974959
974966
974969
974975
974976
974988
974988
974989
974995
975001
975005
975008
975031
975034
975049
975058
975064
975076
975100
975101
975110
975111
975115
975121
975121
975121
975133
975138
975141
975165
975210
975210
975216
975219
975222
975232
975233
975252
975254
975269
975280
975291
975310
975311
975327
975329
975331
975348
975350
975357
975361
975380
975388
975405
975417
975421
975426
975427
975433
975437
975459
975481
975490
975491
975532
975539
975545
975549
975555
975583
975584
975585
975590
975611
975618
975625
975627
975630
975641
975643
975664
975673
975693
975703
975727
975731
975735
975773
975788
975799
975801
975803
975807
975810
975815
975819
975825
975834
975838
975860
975863
975869
975878
975887
975893
975900
975906
975910
975916
975961
975989
975996
975996
976003
976003
976008
976026
976027
976027
976029
976033
976045
976046
976057
976110
976139
976168
976169
976177
976177
976180
976182
976196
976213
976223
976228
976238
976238
976249
976249
976269
976279
976280
976286
976286
976286
976324
976329
976342
976345
976355
976359
976361
976370
976379
976384
976389
976401
976401
976403
976410
976416
976447
976465
976473
976475
976475
976489
976490
976496
976505
976511
976538
976550
976550
976557
976564
976608
976613
976615
976624
976657
976661
976663
976663
976665
976665
976666
976667
976674
976678
976686
976688
976694
976707
976709
976710
976712
976732
976740
976747
976759
976768
976784
976807
976809
976812
976814
976823
976828
976828
976837
976841
976850
976856
976873
976887
976905
976925
976930
976944
976956
976961
976972
977003
977007
977009
977013
977017
977023
977028
977031
977043
977046
977071
977095
977099
977103
977109
977114
977118
977121
977125
977132
977132
977138
977145
977153
977167
977184
977186
977190
977196
977200
977206
977222
977223
977224
977231
977234
977243
977255
977258
977276
977281
977283
977291
977293
977300
977308
977309
977310
977322
977332
977345
977350
977377
977380
977389
977390
977401
977411
977414
977428
977458
977471
977484
977513
977517
977547
977565
977566
977590
977595
977598
977640
977683
977684
977703
977712
977721
977725
977745
977760
977776
977778
977802
977821
977824
977828
977829
977836
977851
977864
977867
977867
977868
977897
977897
977971
977978
977979
978040
978041
978056
978058
978065
978078
978110
978111
978111
978139
978140
978145
978153
978155
978161
978164
978178
978203
978210
978222
978224
978246
978271
978285
978303
978308
978316
978319
978329
978347
978347
978367
978390
978396
978416
978426
978429
978446
978471
978491
978508
978510
978514
978517
978521
978531
978537
978548
978549
978549
978552
978562
978568
978593
978600
978607
978611
978626
978643
978650
978650
978658
978666
978673
978690
978694
978701
978706
978713
978720
978730
978736
978739
978754
978767
978774
978781
978783
978785
978796
978798
978824
978839
978842
978846
978847
978874
978880
978893
978908
978910
978929
978941
978944
978966
978983
978997
979022
979026
979027
979028
979088
979093
979121
979123
979123
979134
979146
979154
979180
979195
979212
979213
979217
979218
979234
979235
979257
979258
979267
979292
979295
979307
979313
979324
979326
979331
979334
979341
979347
979350
979382
979395
979409
979414
979421
979421
979450
979450
979454
979459
979461
979479
979480
979488
979495
979498
979516
979523
979547
979552
979566
979566
979567
979587
979591
979626
979626
979633
979635
979645
979646
979646
979660
979669
979680
979693
979704
979709
979710
979732
979738
979748
979753
979756
979757
979779
979782
979784
979793
979796
979814
979820
979844
979847
979849
979880
979897
979905
979917
979918
979921
979937
979954
979961
979962
979962
979978
979984
979985
979999
980004
980015
980049
980051
980053
980060
980080
980106
980120
980126
980140
980141
980149
980165
980198
980213
980242
980245
980261
980268
980279
980280
980286
980286
980302
980310
980333
980334
980339
980348
980355
980373
980375
980393
980399
980426
980436
980447
980460
980470
980474
980479
980487
980497
980508
980528
980537
980538
980538
980551
980562
980565
980573
980573
980574
980576
980617
980639
980649
980661
980670
980680
980684
980701
980704
980709
980723
980727
980735
980737
980742
980746
980747
980790
980790
980801
980804
980805
980806
980827
980835
980836
980861
980876
980910
980944
980954
980958
980960
980962
980969
980987
980989
981000
981005
981007
981009
981017
981028
981036
981061
981062
981095
981104
981108
981115
981128
981135
981149
981166
981169
981171
981175
981202
981204
981204
981221
981225
981231
981244
981259
981277
981289
981290
981305
981324
981378
981387
981411
981429
981432
981433
981466
981469
981472
981483
981503
981504
981522
981529
981537
981558
981563
981576
981596
981603
981607
981608
981611
981635
981637
981639
981642
981645
981655
981689
981699
981700
981723
981752
981769
981835
981853
981862
981873
981889
981889
981894
981902
981909
981911
981918
981933
981948
981956
981965
981967
981972
981977
982007
982033
982043
982048
982056
982085
982087
982087
982090
982104
982107
982116
982122
982129
982184
982184
982206
982209
982210
982213
982225
982230
982235
982242
982247
982263
982264
982266
982276
982288
982289
982290
982290
982349
982352
982361
982415
982420
982423
982423
982455
982459
982463
982498
982508
982522
982525
982527
982547
982557
982562
982570
982584
982587
982594
982597
982599
982602
982627
982630
982648
982652
982653
982657
982659
982678
982680
982687
982689
982692
982711
982712
982728
982729
982741
982793
982796
982835
982856
982865
982905
982909
982927
982930
982944
982948
982959
982997
983021
983025
983030
983032
983067
983071
983075
983083
983091
983098
983101
983104
983115
983117
983135
983140
983152
983156
983157
983177
983185
983192
983193
983214
983225
983228
983250
983308
983355
983359
983380
983381
983382
983386
983403
983408
983412
983413
983438
983441
983451
983467
983474
983484
983484
983484
983499
983507
983511
983516
983520
983545
983549
983553
983556
983582
983588
983600
983604
983630
983630
983637
983652
983681
983704
983706
983722
983729
983741
983768
983778
983800
983803
983804
983806
983813
983839
983859
983882
983884
983887
983935
983952
983960
983973
983987
983989
983991
983997
983998
984002
984017
984049
984051
984057
984057
984060
984060
984060
984061
984066
984082
984093
984094
984100
984104
984107
984136
984150
984161
984170
984179
984180
984184
984185
984193
984195
984209
984209
984210
984212
984234
984263
984268
984274
984285
984288
984307
984320
984323
984335
984335
984343
984351
984366
984379
984382
984387
984389
984406
984410
984417
984432
984436
984467
984486
984511
984529
984534
984540
984542
984545
984545
984575
984579
984580
984605
984608
984609
984617
984622
984636
984637
984637
984642
984645
984652
984654
984663
984679
984684
984685
984698
984705
984706
984716
984738
984744
984757
984768
984769
984773
984773
984819
984820
984833
984836
984856
984856
984865
984865
984867
984879
984880
984881
984924
984924
984934
984949
984952
984963
984967
984969
984972
984977
984989
984989
985000
985001
985035
985044
985052
985062
985069
985084
985105
985134
985143
985144
985152
985176
985183
985186
985186
985188
985198
985232
985240
985245
985248
985255
985262
985262
985275
985286
985289
985306
985328
985351
985358
985373
985374
985378
985392
985392
985470
985515
985541
985591
985600
985606
985608
985619
985625
985649
985662
985667
985672
985676
985684
985685
985686
985696
985708
985710
985714
985716
985730
985759
985765
985770
985776
985779
985784
985796
985803
985807
985811
985852
985904
985909
985924
985931
985934
985940
985962
985968
985974
985982
985991
986003
986009
986017
986020
986032
986032
986037
986048
986059
986064
986065
986067
986075
986078
986079
986087
986095
986100
986100
986108
986114
986127
986135
986140
986156
986192
986193
986198
986215
986234
986244
986262
986268
986270
986278
986281
986316
986316
986323
986324
986333
986335
986338
986350
986364
986376
986390
986400
986407
986410
986411
986416
986418
986437
986442
986452
986468
986478
986494
986516
986531
986537
986555
986566
986572
986576
986578
986579
986582
986586
986586
986594
986594
986602
986610
986619
986636
986641
986651
986654
986662
986666
986673
986695
986717
986723
986725
986746
986760
986779
986788
986791
986798
986832
986841
986852
986863
986870
986876
986887
986895
986902
986904
986908
986940
986942
986946
986954
986974
986976
986982
986987
986998
987018
987043
987047
987060
987065
987073
987100
987109
987114
987143
987146
987148
987178
987184
987206
987216
987227
987240
987251
987258
987270
987276
987285
987294
987298
987310
987322
987337
987355
987365
987366
987373
987382
987385
987397
987398
987400
987404
987405
987412
987422
987438
987454
987455
987468
987468
987471
987481
987483
987494
987539
987563
987579
987603
987605
987609
987609
987624
987632
987633
987656
987678
987685
987694
987695
987728
987729
987733
987749
987751
987756
987757
987768
987772
987785
987790
987798
987802
987808
987819
987830
987850
987852
987853
987865
987890
987903
987910
987947
987961
987971
987987
987999
988008
988008
988009
988012
988023
988028
988038
988041
988060
988060
988072
988074
988075
988088
988106
988108
988117
988119
988132
988136
988163
988167
988168
988210
988213
988213
988237
988257
988273
988293
988296
988305
988313
988319
988319
988320
988322
988323
988335
988365
988374
988375
988376
988381
988384
988392
988421
988421
988426
988440
988453
988468
988471
988472
988481
988485
988491
988493
988521
988537
988558
988564
988578
988583
988610
988629
988630
988630
988636
988645
988682
988689
988701
988704
988724
988747
988752
988758
988776
988789
988801
988804
988804
988806
988855
988859
988859
988862
988875
988875
988880
988889
988898
988933
988950
988962
988963
988963
988964
988965
988965
988971
988972
988976
988989
988991
989003
989013
989027
989042
989042
989045
989052
989063
989072
989116
989118
989124
989136
989148
989149
989163
989165
989167
989193
989197
989207
989233
989241
989256
989282
989286
989291
989298
989302
989306
989309
989316
989319
989341
989345
989347
989364
989367
989369
989379
989387
989430
989446
989475
989481
989488
989501
989501
989508
989538
989565
989567
989572
989586
989587
989609
989612
989631
989644
989650
989702
989704
989709
989715
989715
989727
989743
989755
989765
989789
989789
989798
989829
989830
989837
989838
989843
989862
989869
989887
989888
989927
989934
989936
989952
989954
989957
989958
989986
989996
990016
990017
990035
990045
990047
990059
990063
990065
990071
990076
990081
990082
990093
990123
990137
990151
990158
990171
990180
990184
990189
990198
990200
990212
990212
990213
990213
990223
990237
990239
990262
990264
990280
990284
990287
990292
990302
990303
990304
990305
990318
990320
990320
990322
990339
990373
990377
990379
990385
990387
990397
990417
990463
990489
990492
990493
990496
990500
990509
990546
990549
990564
990565
990568
990572
990613
990617
990628
990633
990633
990674
990678
990687
990690
990696
990699
990707
990724
990733
990737
990739
990743
990750
990757
990794
990798
990819
990820
990827
990843
990852
990862
990876
990900
990905
990907
990944
990963
990967
990970
990997
991008
991010
991010
991014
991028
991054
991061
991063
991066
991072
991084
991102
991104
991111
991116
991136
991141
991160
991160
991162
991174
991199
991221
991227
991232
991234
991237
991239
991240
991247
991248
991256
991286
991287
991288
991296
991308
991330
991331
991338
991352
991361
991372
991375
991384
991384
991385
991391
991393
991394
991394
991399
991415
991416
991502
991504
991522
991537
991539
991562
991572
991576
991582
991598
991617
991621
991626
991627
991633
991673
991674
991721
991724
991731
991753
991755
991762
991792
991808
991811
991818
991821
991842
991843
991871
991892
991894
991898
991915
991915
991920
991932
991934
991939
991970
991972
991976
991977
992003
992007
992010
992011
992015
992032
992035
992045
992053
992060
992063
992067
992072
992075
992094
992109
992116
992116
992133
992135
992160
992180
992184
992193
992203
992206
992212
992244
992245
992251
992279
992317
992318
992320
992323
992370
992385
992389
992430
992436
992436
992443
992453
992454
992456
992476
992477
992488
992502
992519
992527
992549
992553
992563
992569
992579
992580
992585
992596
992598
992611
992618
992640
992656
992670
992674
992725
992736
992743
992744
992750
992754
992759
992765
992776
992780
992782
992786
992789
992789
992814
992814
992826
992856
992861
992866
992876
992887
992892
992903
992920
992922
992933
992949
992952
992973
992981
992985
992986
992991
993011
993013
993015
993022
993026
993046
993048
993050
993055
993058
993059
993062
993076
993084
993094
993094
993106
993121
993128
993129
993132
993137
993140
993141
993167
993196
993223
993226
993233
993251
993254
993257
993265
993276
993279
993284
993304
993304
993347
993354
993371
993383
993395
993400
993410
993414
993420
993421
993445
993455
993457
993469
993477
993484
993499
993523
993531
993548
993553
993563
993579
993586
993589
993594
993629
993664
993669
993676
993677
993680
993702
993723
993742
993753
993753
993768
993808
993819
993830
993843
993845
993846
993856
993870
993872
993878
993901
993910
993913
993917
993928
993965
993973
993974
993978
993994
993996
993997
993998
994005
994026
994035
994037
994044
994044
994051
994063
994068
994079
994096
994106
994120
994141
994164
994172
994173
994199
994199
994222
994242
994246
994258
994258
994263
994268
994268
994285
994297
994315
994329
994330
994331
994350
994350
994386
994390
994391
994415
994432
994449
994452
994455
994457
994461
994470
994477
994490
994515
994522
994524
994530
994531
994557
994562
994564
994573
994585
994596
994613
994628
994638
994682
994693
994714
994716
994717
994723
994740
994742
994745
994767
994779
994779
994782
994794
994812
994841
994842
994853
994855
994858
994862
994868
994914
994915
994921
994941
994946
994965
994975
994988
994992
994995
994997
995035
995039
995040
995042
995051
995081
995088
995098
995138
995151
995154
995155
995183
995187
995193
995195
995202
995208
995219
995226
995238
995256
995257
995265
995269
995279
995282
995282
995291
995309
995310
995337
995344
995347
995363
995378
995384
995404
995404
995408
995418
995422
995423
995425
995425
995433
995434
995440
995444
995448
995464
995506
995513
995522
995547
995554
995577
995592
995601
995632
995635
995661
995671
995677
995682
995716
995731
995739
995747
995753
995774
995783
995789
995793
995830
995838
995847
995850
995857
995866
995866
995883
995897
995913
995920
995934
995943
995948
995976
995981
996016
996036
996039
996053
996054
996055
996067
996086
996091
996091
996102
996125
996140
996159
996171
996171
996194
996209
996214
996225
996239
996241
996260
996271
996279
996279
996280
996292
996306
996349
996358
996374
996384
996405
996433
996444
996444
996453
996466
996473
996475
996481
996517
996519
996531
996538
996557
996557
996561
996574
996584
996594
996595
996601
996613
996633
996638
996661
996664
996665
996694
996708
996714
996723
996729
996731
996733
996734
996755
996755
996758
996771
996772
996793
996799
996812
996843
996860
996872
996897
996917
996930
996931
996938
996953
996981
996997
997002
997010
997035
997037
997047
997055
997060
997096
997099
997102
997110
997122
997130
997132
997135
997152
997154
997155
997158
997187
997192
997200
997204
997213
997222
997238
997267
997302
997313
997315
997347
997364
997367
997383
997398
997402
997404
997411
997412
997415
997434
997437
997466
997473
997479
997485
997493
997525
997531
997580
997580
997582
997601
997602
997618
997626
997635
997652
997668
997674
997674
997684
997692
997696
997716
997723
997725
997726
997732
997733
997734
997751
997770
997782
997783
997784
997796
997807
997826
997836
997845
997847
997854
997862
997873
997889
997907
997908
997941
997945
997952
997959
997959
997963
997978
997982
997992
997993
998006
998008
998027
998041
998074
998074
998080
998082
998084
998093
998123
998174
998238
998247
998248
998249
998268
998272
998272
998273
998275
998278
998299
998305
998313
998319
998327
998355
998373
998376
998410
998422
998423
998437
998481
998482
998504
998506
998515
998529
998531
998537
998544
998546
998562
998567
998578
998583
998589
998592
998611
998619
998624
998637
998641
998645
998651
998663
998667
998682
998709
998719
998756
998760
998781
998782
998791
998795
998800
998867
998869
998871
998885
998889
998896
998907
998921
998922
998956
998957
998967
998969
998987
998989
998999
999004
999025
999057
999057
999063
999065
999076
999097
999098
999099
999109
999116
999134
999157
999160
999168
999176
999177
999178
999182
999189
999203
999204
999208
999208
999212
999214
999217
999228
999231
999266
999309
999311
999318
999319
999322
999332
999342
999349
999354
999377
999392
999410
999422
999422
999430
999441
999453
999457
999469
999469
999479
999482
999485
999488
999490
999497
999502
999570
999588
999609
999618
999630
999636
999637
999640
999649
999650
999686
999688
999694
999700
999724
999737
999747
999760
999762
999763
999778
999785
999799
999803
999814
999815
999830
999839
999843
999846
999853
999899
999901
999918
999931
999936
999942
999948
999992
