903765
507821
610743
631297
808088
154774
160926
417721
241661
394538
729825
717166
798336
793981
175665
13726
69461
10012
769078
528657
462881
587440
282329
645091
491173
665531
417450
745773
1314
732311
838961
260225
977714
805230
363984
901957
301097
457731
141111
146107
654253
257822
945563
300152
343440
280989
139945
483038
76197
449922
297251
656199
602544
203135
383158
825467
279714
167630
87387
42473
266872
817194
291852
543279
258760
557561
723801
243561
159067
834932
224185
373965
526333
132286
986616
658391
157640
697077
602107
433954
140395
647356
766157
37839
121138
503332
718291
649718
804268
667928
702594
269290
536952
114511
576216
500427
665896
885069
572143
123071
183201
340111
56640
501915
842498
888252
751336
636478
372827
338079
50580
514574
149195
191609
558055
882553
779550
653496
405807
711036
484437
524073
334246
98392
121124
551615
760359
987014
53563
711436
577339
572570
593610
599182
416979
388464
331714
519867
931653
719206
169693
33337
67005
247168
517705
489550
956065
800915
10587
560342
386956
632132
507461
981502
818532
62398
555493
176041
801781
826937
736124
544285
563239
215187
702170
438773
104016
385488
131676
525921
47106
727834
423373
503126
387760
531500
142022
776523
776096
319935
150259
51689
19884
996772
945398
145393
863906
613767
274953
60587
775520
373055
333434
194061
621618
692
287345
46685
344347
412524
956686
412127
689886
216339
247373
447383
649876
457472
569535
934760
773573
995157
913411
837902
841174
166984
239568
944153
382427
564492
201250
884380
554097
994777
220398
16092
983725
98211
575176
964782
606908
263885
502156
980475
161607
473153
600293
989620
169103
358872
129022
362400
664852
392493
443627
626938
964481
478112
649392
843674
460104
334527
655854
999608
15368
598157
995816
304216
580903
453987
10383
341885
796879
882863
960732
134657
920850
758372
11793
343543
155521
444220
697434
363435
503664
617175
168675
96323
431993
892259
843182
443831
333858
367249
978182
205887
955249
965073
436755
867982
466531
647448
921735
729550
738684
542287
419309
959752
167719
267144
866565
359536
175927
476842
835211
143701
359367
681077
568451
616929
612286
442345
839741
201164
140340
355762
372199
519
701966
467330
457527
76381
443443
955988
229664
559848
366719
587198
25023
835680
669140
976294
726265
537288
985274
780308
171863
378150
323580
564221
220046
214782
530284
50706
425663
822537
726906
471040
53765
491848
504422
113117
901800
409329
955279
525047
849624
609193
366067
274594
211074
597420
985016
728942
530040
936145
882031
308585
908152
69105
529111
810431
292686
599057
395965
360859
526426
920089
7712
72296
872389
348251
294608
667581
893856
37269
877251
686282
338231
285359
680713
513531
53354
237771
115360
774498
64451
933009
391501
665347
977232
653080
467733
518374
385753
871297
285994
4347
748042
773764
781326
366263
870844
603948
479317
256196
199220
283156
507599
998578
780489
901640
356860
272463
110669
610869
163179
491162
343861
311837
928602
82679
871243
313280
684408
211596
453596
103663
205318
398156
801119
801931
238348
194368
796914
43138
975865
469065
536356
970462
754849
268272
407289
629118
833039
487553
574854
526051
939396
177925
905329
817640
891746
157449
83238
401768
258562
444768
664663
933572
533308
459622
998973
475865
525122
656520
19220
589890
558486
444641
190658
238078
683013
970982
779926
884014
173380
413811
536975
820895
683394
373415
583815
570681
320197
198399
491250
840668
468048
824377
283308
111802
680792
952090
417251
779121
680141
921343
843020
818468
548035
127198
927591
323518
577487
939736
729931
34102
746434
148461
198457
343431
699205
305968
881843
908300
821378
650823
378710
260452
409989
301480
410386
618458
597260
301727
947552
380752
596653
49783
146510
478309
389831
499011
998605
37315
226932
165229
874368
792086
657638
956163
932818
768319
924199
542939
299217
56107
296163
276739
970359
363770
63862
764485
397577
770305
331661
276811
704464
394624
347324
648945
626215
538212
679942
74515
6284
879822
23155
488643
172705
967587
159042
153050
404277
941292
554669
880499
511574
72616
968324
214815
810158
310233
422342
837278
601570
13776
5951
874255
845476
235941
717549
666942
701210
565455
425110
440476
644085
930987
126700
506710
559154
196449
33733
481222
420539
278536
493026
686259
350909
420550
44227
47339
931129
685675
551104
364452
776827
860504
137202
48556
281209
927563
826800
261623
596574
26902
33820
71029
291058
189767
663515
266494
611426
911200
30656
797081
396857
561010
20751
790042
870299
439536
367902
710255
628112
980580
494422
995878
457533
561458
135098
38581
364320
637859
45752
230225
222332
534626
686742
542131
902969
452560
867554
64555
374503
465269
4805
384512
783388
440688
942086
535919
633827
187973
486185
784387
232781
846447
736594
355767
76958
798363
667376
903542
188004
604722
766864
86846
48655
707926
295738
512150
342540
998241
547647
73078
466317
708362
957554
456439
303216
32854
97432
540397
481675
456711
676629
726786
463540
682469
271213
947361
808147
566358
560928
245750
412453
737793
893916
16307
260046
680452
470103
934791
892279
372629
635563
214757
526595
669029
527824
214101
139361
824604
473727
544667
324945
907016
183336
862207
210174
689379
172153
778719
61971
404623
91344
559253
914646
449857
99702
809030
336815
326506
307646
82267
171972
330901
987912
770864
584960
722330
696111
421750
822189
178535
798570
724007
333671
732698
626476
363253
255468
87299
961564
803961
204257
230042
329677
333084
653840
455280
178562
755044
644662
904566
84665
320712
504371
785631
897914
545647
903216
876304
6720
372168
766567
4038
454202
340212
304167
943080
360423
840699
370433
917459
778311
158302
352171
986595
180134
681109
977101
279526
649557
804086
832079
24359
346403
702902
292741
830682
528924
810637
213281
724405
471877
807878
744231
412221
180841
587744
464232
17399
225364
294640
63943
892190
767276
368718
831617
3425
104166
541943
18139
604107
359493
689848
445668
560096
434263
619202
318794
201422
652709
788663
491849
891209
561774
506269
609965
752763
907357
433426
246473
248434
573718
140695
864369
616836
703774
514841
769925
470575
985929
56980
31342
191428
717775
613956
689338
618127
663232
710524
300147
922804
267019
192716
596791
474760
691522
181228
630712
648513
260428
235448
919693
46674
928122
377117
178655
978681
130165
837930
668603
530191
717329
194112
461717
404050
148992
89976
58475
910353
328257
447797
902533
144098
906947
987878
978146
785776
72521
161962
498889
500175
968153
290743
540565
791058
275517
484537
811780
301049
544693
595248
422610
656051
908720
503318
39311
877353
532317
381552
826733
948434
147122
300423
921014
428292
381069
551449
703077
122922
811693
276715
244687
185914
25314
992912
554833
748819
319605
731664
477634
703765
45200
819088
736286
215484
731974
796129
897678
898763
689734
166658
821458
999532
436660
981468
267013
388344
837230
467132
343587
774460
963478
740473
325363
712445
594459
513355
876930
49704
517868
235630
314658
853253
975625
970761
653467
503778
752843
965128
326075
803164
996396
533850
925378
931421
112799
463361
31434
277556
589700
898482
236597
510248
110159
240172
110477
246108
13186
987676
797240
880855
156289
575985
632194
97160
33036
940291
990881
380953
326118
294704
438479
336719
436504
685598
328925
220346
605605
169014
118938
343179
679714
636428
269082
87735
431485
31116
802715
295598
117618
137434
65760
525561
135414
516396
347086
771819
212684
945109
412154
234406
355747
474251
128967
871013
78844
446359
399011
644296
570814
796831
603419
692776
396724
654732
967952
731469
390641
372075
764848
378937
319114
968786
822986
279825
890103
959371
588184
211262
658474
778682
671786
777803
658345
677633
536868
700317
465201
758489
928765
238315
315124
790169
561926
369455
8953
349702
325811
547346
843243
370652
52782
409279
686435
255768
307466
327363
410923
479339
714359
253255
978559
198215
550199
84864
858972
858626
150758
790612
238785
87966
688475
181265
753299
410958
810199
10823
599230
449251
113311
853708
45051
610592
913004
66773
352069
262393
522727
844216
61788
375329
358129
169423
617443
932421
591647
499673
755183
985776
615593
356245
460487
682807
837039
693288
790388
282819
269272
504628
494535
574518
426406
183148
295403
888132
486505
700193
805732
245604
404554
928352
243754
257004
21915
789224
371760
872294
126738
46162
603416
430354
537259
668
869754
640963
20556
756969
210393
702790
767641
3970
268640
794716
613550
427028
266054
359001
348184
416119
451891
308938
305558
621757
854608
445761
629930
246265
296078
904015
861569
693849
443871
109773
472850
340624
724158
605831
185465
26621
661720
47906
19710
597423
294112
928436
569668
652060
984048
421652
644479
188665
995075
274436
591312
244206
804524
75137
631127
910499
65720
941743
569334
346887
621222
924079
36419
934933
656462
88925
955178
605631
496956
668313
417745
396745
331287
601739
662546
867630
525897
722780
130118
228290
845629
189366
584289
402452
282916
867228
85090
551591
380929
290959
425310
729016
603900
150930
125904
152010
233663
668099
754299
752614
2313
217908
301714
388845
237187
112220
102709
916253
795136
324798
180310
917766
576821
181282
10797
616929
770665
506125
614546
820468
148329
657043
410382
427025
945363
3929
68039
385616
922282
722639
870390
301327
563743
222184
754240
762235
718380
295765
882862
993182
132083
750612
913696
889815
678288
564161
412832
308997
946180
205096
688772
979238
372228
645772
41699
479607
187977
173389
37807
307055
135366
247808
90082
598817
642086
194181
508958
341774
941885
923377
901907
356074
990790
700203
791128
138187
160753
463956
55686
780784
603259
995250
491378
443733
315506
379341
418428
994063
715669
942763
515414
600474
723364
293815
103926
551325
350918
428844
314756
52134
510714
481416
457005
810115
754032
724323
115205
638486
942971
420361
880798
898876
364262
266266
263291
966422
849797
805614
946239
183243
693376
755070
875028
384994
347406
120954
302479
34542
183211
644351
657480
818426
942679
243737
4747
685733
997440
882102
437264
101844
219541
978490
50635
957879
61129
177698
963504
353265
306864
628907
261760
918999
267385
535843
216255
881690
491224
487902
747176
944934
977441
53363
789649
143838
251081
675358
708122
762260
632229
345685
414274
241590
982452
264571
812846
664069
609335
129572
547130
12864
829204
867850
152796
514791
361021
746474
463191
427460
976633
368514
473089
224184
707290
250124
628174
405470
176805
292496
340548
378640
229562
721430
639624
191079
523206
22026
651829
165639
228710
69861
383687
31215
368593
359819
890822
347516
797598
180619
855058
613106
835141
61582
773470
153817
253163
667738
579660
758413
227343
391883
149998
709627
177066
261927
67365
85059
354965
892905
959570
520348
809454
268272
987961
673746
438191
249762
355441
128083
848161
879487
772523
955116
62667
698548
742170
630406
993449
285903
242733
119217
168750
71901
659415
993995
333660
668272
395485
958527
641547
305402
717061
991004
348714
813382
72127
739273
308907
965390
749766
347082
120322
453437
127781
74044
985465
257967
400850
231149
169920
599504
576876
963649
957459
256998
344116
131076
457090
629351
721658
455414
184438
7868
623602
584620
105845
979722
719930
135731
247698
125409
454047
395857
521314
586376
951541
242542
86413
783754
978810
661377
396250
698302
55753
415461
398418
432932
351261
258411
544351
374867
963902
781390
748585
633178
621039
82953
327158
241917
287736
741446
259875
147441
276390
980939
118418
925625
587755
428001
819724
114250
582455
366340
54399
759755
901496
68067
164172
74904
322927
57872
893617
361275
862482
340305
85718
152666
292185
731555
857519
66040
472130
423883
964079
252
322757
683202
303134
859027
356962
604503
646312
385077
425131
30847
950870
619242
570140
915512
334755
813641
158480
618753
648159
507453
401606
48499
492751
335133
808411
13579
765172
669397
914811
760721
569123
379758
160094
800963
837394
612341
657297
112627
260266
877441
21156
219640
690676
423220
623290
876543
767837
764461
859770
800172
803883
365853
944628
478799
441952
241208
888403
573688
88463
632635
757323
469015
49203
818841
494499
40439
292237
881805
387929
376979
860808
684504
655202
718016
427781
252417
253175
426099
960848
331944
877745
70214
783355
399151
8431
272677
185890
900916
619510
130952
579366
736412
964932
600211
838575
528668
766451
908429
335025
927317
938062
321222
334046
73115
199733
910058
613950
206035
913243
188253
490969
333486
903986
901589
350378
772242
852015
372474
226035
169814
531001
302705
351118
405287
760679
406060
133493
67846
633761
179286
471905
383710
232436
59816
59621
416247
271887
738251
845833
612800
100872
872145
755182
411932
10744
134935
696061
69336
669775
349745
723609
174268
279116
333658
245259
611231
80011
668307
874014
386180
166654
522364
381427
373833
369032
542728
80017
568563
67519
544617
695820
189630
804461
647183
243311
180549
854645
383894
440570
490138
279798
928923
356855
489726
682672
195690
811087
313335
552785
80968
274880
825750
297627
931565
538043
164032
738774
218581
884051
67297
442596
826444
627849
168817
582874
504528
982618
510329
586012
429427
312074
560559
444923
551295
874669
712122
241340
818784
756241
872841
283696
758248
662603
780652
985181
572724
768461
241374
845414
242196
508658
917380
685591
384504
579508
609027
193350
365017
736910
417170
720466
751557
996242
335232
42454
2294
43761
724984
601073
765193
83991
80271
409541
505348
717898
44291
90659
889781
438141
704747
903209
414477
905990
502327
167004
80033
403317
467741
32331
564859
464749
64263
269601
252334
461885
307862
155379
981762
974350
540991
102341
838504
535161
934769
148656
551442
514375
696161
76043
59877
414389
73876
618053
200010
496083
398502
448041
484445
151377
242977
120313
644973
751298
758862
31866
866182
605224
568591
378529
808291
465938
709829
137471
561800
350647
736094
398711
23599
944237
586788
799398
578469
790641
908735
587308
914521
868324
928720
766380
9800
97117
747959
208905
82983
702713
590157
334955
679516
698759
172612
426616
851066
268961
301833
816051
296528
967871
506675
924303
943465
588018
184194
697691
30638
427057
316877
349974
636344
791065
353855
108040
893335
989092
379824
839726
44175
420196
235065
606633
432403
634813
330677
366357
601695
373916
264810
210561
509120
496969
676247
410195
230786
349325
724857
861655
934849
392920
865878
458153
54142
31929
224173
440766
178898
45491
742148
885549
717010
370709
971362
479070
860270
375853
134878
31775
5876
14034
720904
162760
379365
979688
585088
428768
422556
149863
949530
748796
565905
17283
466866
109968
354320
29197
598401
215288
887771
489925
6128
969420
374064
490535
481192
473643
821075
209617
593101
230853
218716
770586
961042
613450
344138
372156
314220
429422
922933
317933
514419
131193
364419
183606
567950
507332
583116
831937
805753
817722
842246
152362
262882
644186
923889
584647
938448
454273
752080
782842
758896
143345
119249
411903
141782
618273
978586
160583
417850
215822
402767
655579
758938
972278
840652
210188
691793
696911
853377
255904
856470
460507
602761
65245
322231
885169
363958
820207
749328
825985
247386
861010
165662
418084
30832
334067
485657
449948
478248
210496
670231
921621
391329
433433
205623
11576
421423
218940
526752
218705
80952
618983
778410
558353
213316
524625
966906
568097
252310
437293
491152
308163
328530
888741
401709
183392
24477
721537
871753
46571
690190
838352
297016
953443
787995
414806
779699
923879
390945
531157
150979
125001
948453
34386
272712
287164
883347
591505
510258
664733
481435
683329
210434
203527
629145
368119
900424
912656
796763
426773
167940
797775
834330
992974
236701
450405
205122
965747
673514
707732
646969
219696
399328
967771
700198
726562
402082
45975
234681
278021
136238
654575
662953
652528
225315
721980
795016
130631
302679
961836
126430
640646
266922
905393
371179
762187
460062
288407
335852
72903
105076
961005
23698
752205
468710
977555
653975
562009
251368
838374
990051
236565
492825
169012
240745
484367
896898
480837
282431
619618
174668
914982
91340
150129
1018
434747
502270
200712
934899
410975
319919
690852
113910
436346
284441
790229
201459
228874
832463
762360
834872
540300
691155
600735
565093
94583
391862
588219
365082
109843
105965
409577
676201
396361
442208
920636
293618
256021
124328
548955
930712
384175
793711
658324
154329
135968
601598
777341
935697
258834
780651
960143
842
72747
534635
158411
737865
970030
54049
819681
592775
467185
13231
680889
838274
257829
506570
993339
259903
313111
346748
693234
234563
209351
738815
25455
485029
911431
506202
833807
164667
676009
32982
148330
581522
707654
118505
226797
961944
830009
241674
364211
156933
711414
241329
555364
598222
799057
538821
655179
431463
984797
342186
254687
489602
183247
680727
283895
796726
571696
179350
607502
596102
200464
213279
342217
300167
294638
108411
328718
587598
302769
464901
283495
899836
616666
149418
707529
114328
972689
984719
657973
78871
647955
386575
112263
129737
278297
797396
241107
753386
914908
883484
710406
124230
161864
467686
851279
530552
444100
687578
94975
378999
713096
478413
91000
591957
115687
202991
365983
167814
407357
14733
872724
622830
112102
482268
940758
710429
931344
513502
130059
553616
389076
435905
185807
746598
91445
788794
145454
217349
266264
960033
115315
30157
542022
905120
264447
501427
595089
456596
367450
122244
214487
677560
255162
923713
243309
42755
489378
375345
352678
383598
870036
154188
358537
854985
838701
896283
703083
15104
91005
538564
512952
564100
834804
653302
258953
636477
667889
624289
563263
753120
61083
914385
159435
730188
727455
434796
183488
356262
213831
98968
995455
314979
808966
998750
585816
906993
128360
14732
633922
264207
365395
616784
236430
725807
436784
134033
629031
395199
201477
957798
950865
535397
523375
719683
60883
779569
899086
546744
25618
258314
741377
391738
16973
217652
532241
929465
125887
276529
91899
489288
643572
298466
258344
1750
594587
671804
322712
135915
218208
608763
19728
10537
920586
73023
91085
848197
481249
227610
151341
893310
878753
947997
110469
938637
584262
565974
607236
277295
163304
871594
581912
973472
51703
620737
288158
544434
946346
399970
315416
878965
761236
77128
188101
614472
42030
12741
293386
50595
449864
720734
702100
440849
636650
415763
812095
283994
484680
95534
151080
783247
773877
540618
714426
878586
380985
208274
965062
584400
652199
375983
861398
606531
591242
794231
4912
530927
150439
430504
457045
518807
197138
766013
691453
512159
503652
868328
152306
997927
672772
566765
185267
284966
492609
440687
523867
981177
137462
12102
935347
431284
737026
402814
864555
967590
82266
778500
62615
940553
581623
446107
510607
830691
525838
596941
650337
163664
298081
836019
880771
843464
458538
543221
484350
948195
371395
406203
546521
377501
43069
106352
443976
905140
799132
99975
798851
316363
807387
528133
932479
311144
186365
527162
96107
383723
37396
25908
185710
625466
268851
392145
429081
410875
813609
384274
182972
681835
407423
619228
954154
790314
46072
893642
261774
665867
576983
549998
590101
915763
776955
326262
654114
599125
432456
918847
880828
361075
940074
999748
141801
452169
765729
236035
829258
898596
112795
942079
138988
693810
959834
662814
867345
378126
999278
179806
187913
731186
39941
619450
959446
759028
640430
940285
470308
384302
264670
308166
166175
155799
812863
910366
378270
507146
673335
600746
258350
88718
622293
340208
664232
670603
605620
578125
273976
847872
309981
875307
326506
735019
389190
896864
454270
555821
731211
721020
521157
284550
583192
219838
724020
341444
158732
651254
187331
171910
720634
435541
862862
634037
563698
271111
302485
116316
470934
703263
165221
437745
512693
884919
14764
338777
347008
985290
168401
51835
607337
449688
471272
677632
772503
702439
143695
982433
41549
262483
19591
887485
149831
109388
732381
354510
262668
119259
936373
785170
964470
989505
314657
508673
96039
209270
404131
429880
34467
249150
25529
377705
838863
904624
585660
512080
700616
356712
747073
785379
172187
978136
951478
774706
234774
173451
193029
685219
730191
564192
644052
430154
706413
322596
337836
743599
722093
749817
901620
377007
950258
639160
695555
137813
98013
388959
237603
260720
778110
83654
231761
392963
268201
542231
158708
646364
821548
553934
846598
315894
185902
955141
496572
261641
627258
494730
147204
348501
57475
49943
468311
435480
161271
266208
106709
708949
127486
142292
379116
85562
228225
353743
126961
391263
8861
454799
245707
215021
528068
289099
470910
222444
202029
394251
952386
853332
870632
218241
929487
402762
420049
786023
409838
54967
94131
736388
413375
108315
521604
407395
264771
367784
136969
394444
481707
148398
94115
303315
925765
901735
703889
228883
450951
595783
157337
622185
61508
311482
718151
865734
933795
970272
927205
412082
976452
793607
846850
775626
13305
253126
727892
127598
520798
536180
8423
619002
150319
555391
406589
563687
952401
14608
555923
516647
428710
225222
35933
641154
180106
406843
879495
854342
191963
119644
601936
948030
117233
194019
143690
973224
155920
194206
942995
868100
786645
70932
878455
847485
764577
265084
644730
280904
749706
68451
521228
503349
870040
766955
489343
147758
652655
51806
382737
266428
422557
24240
20525
206489
736163
850319
194
827317
304672
824075
410000
186891
628514
687505
292573
29412
234027
438234
109366
789787
611016
246195
850357
532672
935198
11749
708356
254279
280294
47294
832929
999587
118417
547557
520270
542942
461149
635772
752464
5525
265053
228274
232323
150299
261568
462123
127542
162392
40505
184025
459714
909897
800758
774932
50869
645677
346533
456846
981349
737209
756411
204751
905215
35715
309916
766094
294487
126233
880965
349429
819004
351141
958543
517193
51902
502186
652662
788151
272169
220376
565440
554930
102718
621448
702417
824917
640801
477615
593202
498185
81351
654896
85711
485915
722332
830241
68733
226979
227328
732946
675402
333436
451642
789898
50428
294648
407454
388982
704530
24290
219669
784050
831200
446297
274821
267649
305880
263930
940699
218905
258787
45238
548583
135134
379411
216257
922134
362346
697236
322589
92940
1898
352579
609905
922916
923709
847712
724893
839151
225008
669758
133290
169964
336605
17806
251276
228417
338672
525544
621877
423669
393245
941751
762247
869948
863665
944004
314270
902490
611114
683632
307526
632841
310622
591414
972423
178841
113384
134711
747486
705464
241515
535057
677581
550615
890129
772053
563490
624992
597767
374307
265945
343577
282209
927748
42778
139689
453787
224590
189657
731414
452181
266703
17114
693288
348745
58007
844262
896965
563818
495788
508227
637970
733667
122980
561031
742403
378165
575726
562604
564756
444126
709236
917468
199567
726573
197582
778743
971379
575944
228324
578940
709493
98208
133477
287726
356468
244066
547901
67197
375801
910432
467839
637687
751783
684429
418956
993867
265846
903248
119561
862969
222707
162917
949180
262303
961743
489168
565120
584011
666051
250600
603953
926471
454169
673033
514807
654781
309637
843787
409478
858674
924460
545690
642391
680727
62878
155050
110718
302039
484095
437470
605945
775005
777310
476081
65801
347606
594614
482173
576874
374809
856010
416015
379646
437513
300132
50369
437380
905230
919571
858773
142127
357235
619693
293582
773401
693965
553924
171533
974505
941414
544604
109460
664542
673175
434937
365476
806017
917327
752963
879532
783857
502991
945187
786907
68174
866612
119665
210495
721941
238675
967006
417818
941579
514529
485221
364340
295119
591293
580676
865437
666522
199754
469197
592479
835961
932519
673218
190403
668772
768071
102245
732151
610576
286028
86051
396742
303983
458139
35643
365573
41105
43214
321584
494267
327798
585928
341674
966748
976613
489061
995061
889092
471714
523869
982492
686370
735296
764165
371593
442518
564704
737917
134576
658943
576767
593766
205457
673718
376382
539226
203995
424575
395015
810179
528803
492959
383392
662480
487584
427
781600
190089
120817
709174
707909
957753
235482
549341
255805
297303
424503
485241
542574
196959
431219
314769
63563
257380
643204
131090
965334
745189
68339
856824
169578
359024
498040
521819
339034
747194
577667
726347
821916
993858
764960
158340
678568
145537
902179
175733
582197
842880
238426
873163
893290
51123
738554
346749
675905
792753
596340
910231
624753
744872
221628
300380
845871
483343
856875
466675
153316
50392
823175
970371
640459
259685
218684
376929
365710
620382
779816
847612
363498
404174
462665
491820
985860
773769
154388
51542
980294
896563
406167
83052
743904
295750
416119
482271
155143
222228
871846
567456
138443
973849
522851
146576
316904
609816
169833
432685
390223
723908
463046
894283
965040
300302
417857
659152
99874
522369
649897
774590
677426
900229
403443
907123
265165
241963
326099
356681
106148
615112
792233
930556
678723
384625
225074
645545
589482
366180
133862
930973
799356
300418
967369
519821
406991
195204
303518
945965
804573
711288
489784
107272
802303
365786
584933
443096
512721
763118
991027
848746
752769
730128
448434
885915
782033
341879
447497
134224
481660
468929
709959
822904
70147
125281
340401
963389
993987
147118
535385
453649
595313
855891
864676
332438
932813
810408
646147
633709
7651
508610
337813
123634
145482
930727
459548
152877
313104
134448
72987
742764
53369
333736
333173
576140
107626
376954
714107
520101
234187
201290
343825
165054
707307
64757
754757
545107
150155
602005
355097
440993
265174
668523
793871
427627
359841
357384
969654
545526
167731
422123
711419
107279
119553
116091
225971
460381
609606
650221
916778
129457
717951
955273
832109
699155
927065
816636
846794
822118
825685
9349
365218
571919
748948
462402
895403
520815
6754
937234
174912
95840
217314
528461
735442
503444
982236
635211
371886
385776
721344
362888
64485
228656
261806
89184
125762
616392
186359
558216
926502
124130
750850
40608
608246
497667
888784
614066
535626
102085
188114
498971
418168
885277
632179
875033
191520
331121
838639
808578
431328
758555
296368
676897
545921
179895
538240
307484
916194
166301
189068
462285
58417
263086
918205
95226
679343
685854
857590
158277
778339
53105
992426
772929
796595
950304
161093
17628
92846
332684
227369
868679
53205
683415
280301
129800
592558
286809
470396
127884
37174
32173
623162
744402
763728
502359
569897
570909
703726
860825
130990
558549
99758
236346
469588
418158
753913
429775
679865
15113
120400
862163
457119
841748
798467
254416
121153
905173
233529
806043
424408
791529
872826
316797
157419
644749
81746
748704
100273
804174
55558
60800
898556
631565
560112
79719
749040
738272
234446
391450
652749
187298
624213
685865
811868
226018
16037
802207
88507
740841
103473
737589
45670
585542
225482
952245
281619
491302
24657
209710
759668
253836
988548
638367
4696
426799
742549
513977
910902
577408
898347
542244
78942
324624
198473
278492
158271
142285
580663
978538
628969
431442
666306
375135
258827
863513
439774
95297
244306
475774
374144
411625
698814
849927
655935
833070
366161
926165
775990
546514
357506
383583
507721
394642
349444
989608
117158
842425
854052
737162
701963
845036
151722
622270
640550
81218
579271
746141
149096
56207
724255
458926
96422
550419
382360
34190
326153
13123
499376
263515
264106
769327
195894
171375
92553
15080
454689
550156
931653
833122
462977
731744
803294
757217
319826
377278
492363
929014
173024
441586
114887
3738
204568
489239
504380
691827
388058
812707
90210
235774
428661
827595
382670
213056
665398
988051
323671
20899
77371
717640
138392
449278
228551
246579
945946
561718
445157
615572
157788
859666
598898
15420
132516
369189
394082
123202
617292
213323
768761
100231
211320
999889
211985
780273
17927
454704
45335
14536
190034
341727
270124
24599
491896
13125
268690
35486
967786
768329
704402
691167
121623
996924
982526
950237
221986
503316
741798
289252
684748
695928
311599
524659
407189
704598
715639
74856
104397
418779
356076
538993
424698
309843
795458
945905
49568
62513
128123
146491
791629
993651
313202
55576
306469
489285
205427
248545
803055
891499
657390
223798
337774
204181
87590
654648
318665
509552
811316
124711
975374
203289
675005
375043
549664
992197
370196
35038
182761
333696
390382
154276
50397
809786
765279
20208
257857
824109
73134
969158
209293
967434
637489
366181
209771
855508
127535
459727
291870
944872
438524
753792
498114
822575
487702
518844
580906
636805
750921
572950
199760
235969
287689
760919
6865
120419
1508
91830
797632
355990
834918
693487
759185
467493
255247
540440
885490
631543
321958
444350
847576
149615
790388
334625
92783
60555
432408
489816
758440
813718
11020
372627
472286
36536
727255
501692
369328
285250
667613
282467
281727
820040
584827
919411
97620
698717
41228
924782
815293
34689
250205
682660
569209
788517
894042
734266
161774
138101
131297
644040
530256
525227
287190
378567
568948
799770
254010
487670
304413
340381
960257
579615
850174
582676
838342
741649
577864
73680
582223
147170
765759
49960
669997
878002
188743
680536
242763
525050
139923
724780
713585
645671
993139
50957
734291
47832
579765
210769
984070
187781
287353
148957
54770
232630
936382
609517
347319
793588
895295
601287
771778
789876
925430
979244
267671
650248
597038
754922
927692
495443
602259
237050
198264
63896
74522
78218
817557
102256
836993
962149
773680
445618
413987
995236
239533
473830
287588
45159
188604
94802
940181
251800
53030
100448
1967
545892
362773
999170
828226
869919
326995
963303
102370
994045
98097
797035
889314
236042
694498
93285
109595
777983
505039
800093
955187
64569
845796
621071
391238
42728
712264
639278
845242
238178
71901
44368
57083
686406
195678
520803
774960
769580
876485
627924
393894
393917
377686
995177
208580
879151
351832
724357
433281
697114
642803
1468
281806
476454
735621
509119
121900
930916
581959
231718
404489
124106
131265
219904
210876
691049
618463
976149
474472
992015
224993
60694
790257
928775
706009
129407
653853
622114
585254
977519
662415
539127
159272
204943
399556
490125
500325
812035
128995
931192
449831
460239
512492
86310
257927
727462
277847
844631
744414
548135
272818
609902
337570
197328
393741
575040
77505
772518
945175
999101
764789
219369
302540
566097
720496
759456
77612
970129
899372
288354
532128
637922
90730
926685
525216
775229
71986
975910
559645
510771
866152
950586
368603
683933
303592
529192
222709
456771
585250
125362
971988
954797
540575
730318
171828
315380
683900
368865
206005
486566
313158
357305
576883
494233
454020
653787
719603
31302
860994
542364
810073
257170
77911
528789
47264
594022
175846
325926
733366
185220
624704
358595
263225
189080
988054
123100
620619
573759
441702
734622
540112
970323
44238
579938
144859
469911
47016
312020
598387
760477
529652
267288
510702
963939
276101
620773
297682
797245
971869
891043
435397
422847
449407
14447
484308
529932
949085
941240
766375
569906
587245
672446
33962
70627
856616
656202
401817
493556
821159
795500
552092
948869
337189
15628
465366
318118
659303
879899
881046
551723
464546
24089
913156
91476
739574
515431
163272
728485
765683
259942
904326
269968
171198
25542
509872
560433
850723
190703
666076
718367
991509
842131
279893
843829
157385
612331
78589
768184
592136
402593
187042
14826
978668
625623
230965
702168
895757
627147
780412
613386
147513
267367
420881
407406
868128
234898
356204
493644
687444
478508
209336
739302
278971
265713
932319
765387
22070
243464
181251
100280
246190
676511
136935
732340
640231
301460
893911
91954
300311
343032
140381
385662
257186
426676
932245
678847
202137
484878
580151
125018
229269
363104
86014
234833
585021
207370
727870
598097
165765
678126
952552
655235
48308
712276
466719
221573
743135
287154
706160
964559
622197
158975
56068
421595
954587
476978
347286
260649
918041
919225
774089
152692
866311
94659
281877
247851
59055
16261
752452
408146
969805
514380
813144
39012
383653
317207
494685
112583
796131
522716
760240
995982
658549
343247
824327
605351
106148
688349
168999
975719
574946
284047
355562
222152
707171
974628
286226
803532
654162
524254
157889
579429
495221
581281
367347
14498
667373
170193
762336
440747
722177
611718
784842
982668
917689
466362
683285
12786
386680
228958
389741
113499
293200
799890
494200
236429
395702
706908
86530
240784
134679
161972
740296
93069
899857
832010
698112
961498
223474
850762
772606
13874
332388
265461
796346
98837
517280
592048
420606
862263
782052
68013
554082
13940
77046
150640
49535
607570
363739
87952
987267
66136
76203
133476
156515
558577
96715
94536
887618
516341
357094
53616
423699
869485
646452
922500
111821
732920
438326
116159
108774
941955
80538
419298
804939
562222
323616
139032
546803
382130
572190
802703
615093
516222
234559
231205
168310
843077
994339
436790
58437
885551
399634
83114
871541
235037
467448
330432
785699
545081
871938
613755
279165
897985
364453
987062
922531
888808
185515
40253
235409
372921
431902
848222
38996
86458
828393
640233
817728
668285
701183
50941
937180
214499
283361
81997
554999
643005
491716
443076
690850
11837
369912
272769
57962
452037
674451
226575
933286
350966
302137
728436
288022
383836
725921
215771
666329
897161
69986
246959
693113
902670
265259
506906
808681
67069
372023
283536
210089
100747
483373
671900
625976
813165
633357
760360
399914
715755
277555
47141
58305
92885
157931
75109
756681
305465
981384
132620
140503
941112
554128
61627
186261
181643
106945
44508
300311
763635
152375
864917
387645
606413
966664
970236
522879
636796
227375
896016
63721
75323
805142
294165
235191
568177
889528
770396
313080
955854
892508
233160
959690
368512
171619
125481
135646
241903
282680
277825
49313
56562
186945
840702
806342
634274
599953
571918
42895
708007
249114
400338
753338
792022
358984
628436
132631
128898
634343
393589
972695
799553
72396
934203
442118
120273
850700
614652
295786
633003
503939
91197
618890
601112
679658
485696
643964
845607
454411
480486
858910
724271
150685
599148
417617
476583
629921
581230
758173
276217
382628
612848
412445
220262
987972
681517
791404
301735
643962
359452
548038
421288
5569
374532
345902
85089
683563
398569
487167
728236
272167
878864
922910
904369
610718
872709
416388
442246
284542
774960
250197
444002
845298
963601
696642
159872
895576
787150
298143
231945
372165
487449
593955
738245
603625
757599
140568
77567
814624
840145
284039
820946
739945
335860
601665
574875
724701
682499
267177
833196
855316
941512
486523
563894
924804
37374
451528
840988
81430
934756
36942
574633
721723
953964
653899
598569
787529
801225
889916
501285
105101
367737
964397
856626
148709
125434
881612
979703
12490
750806
681993
423817
798318
215929
250361
903083
880675
895607
479356
604997
221417
139347
496547
165293
580956
963735
280755
496847
653050
601398
985241
500762
266231
321161
62180
677884
287022
654844
333170
30100
59453
785067
641637
843226
32247
881452
808813
112670
578291
164806
21102
72763
42665
723828
908340
207692
494025
361220
895014
68946
373238
50098
190299
826781
750508
969509
837377
333763
827142
680715
40332
587214
252726
607979
468492
910490
702613
945192
484783
319684
568428
642584
66233
347859
460309
283060
269501
679145
776320
512104
155890
291705
29942
135343
375951
962096
388045
460512
161075
95177
225968
408110
617193
157993
317083
313846
75767
980079
575955
806428
876767
59691
824626
659949
830986
466670
187996
431425
260884
315936
295442
369779
355180
426985
861384
736674
906789
173685
596468
537757
800032
72848
873739
504983
551456
928972
748249
763269
527858
646020
54999
939003
927105
784545
871446
862696
579832
106165
884871
517862
488148
149959
606124
954498
677690
939242
70895
347645
818751
750442
573594
629594
169140
138751
54572
961469
608270
182504
819271
28734
131794
839134
550480
921263
829737
294546
300745
345597
683921
752309
206658
293882
798129
211661
422430
382677
606060
637135
115615
987791
323160
801463
379277
119733
798709
10219
463033
922391
35852
715968
305792
107372
383795
209388
167937
474447
174001
170885
39148
658416
303378
867924
795632
284431
189333
684247
368050
588906
114743
562142
532369
40300
265381
54997
275938
790324
318540
139697
144288
451383
443274
716389
990248
208363
569152
475915
510017
755412
903616
415014
760966
987900
679653
38622
493437
841551
132849
517496
552517
64344
166540
696688
314705
871259
858266
676767
613499
197245
845414
338694
21684
63617
331925
385357
595834
832851
765463
496249
247045
605245
402784
695941
311390
917733
814617
559764
879466
688263
660773
823427
644139
707682
535594
772811
58472
166338
744070
181938
521357
379037
473281
146966
735917
906120
888622
809736
701621
122356
26697
580002
581683
783076
249006
805659
119672
967290
461680
899374
343331
476789
973968
638180
172469
744973
570942
10984
379016
470140
759089
686491
893360
195333
73015
931575
336845
500036
407897
726043
480922
827237
129778
279086
226711
214337
358389
230574
657923
419037
33723
250229
719685
86445
382333
575842
723132
646309
768990
614528
698239
274387
199977
544751
284585
365175
308011
46861
140053
431599
19522
294448
522769
768173
699424
180390
268777
251691
757723
828144
208400
144579
783992
57653
419683
83952
135988
638264
324267
69620
443229
471649
259337
771235
37121
397278
876040
997343
511791
383303
409450
650814
929573
497947
360433
930651
15490
827820
855226
173318
431343
36071
29357
811598
83404
467073
732075
164317
315758
61580
909194
990877
446485
729532
655623
302766
638940
871401
27837
365701
960993
974023
481028
461654
847724
913118
192479
743932
608472
6259
376668
846566
559628
278238
759907
268658
447552
453970
49309
856083
696569
592040
66633
301077
651185
575057
941539
296851
928671
889740
356508
136532
739554
972304
292025
611176
809848
544271
198928
609738
317026
963365
194269
396769
389069
837944
834682
903354
149238
916628
624533
605224
514938
325917
733348
858805
992182
478201
718389
395766
780362
82369
868811
42629
419208
722946
858733
30650
167372
347204
595197
392511
242245
627627
664523
702608
325
79491
53668
498177
845099
271008
845401
20753
7250
460458
316879
306116
412183
828346
924702
142775
359886
325686
753706
180816
715572
502153
36434
350745
800240
132845
25618
143403
391608
670610
496103
374010
679231
591349
582810
163516
637549
224303
393613
961822
415676
302115
14772
967860
36998
843615
131306
249801
799078
697319
304173
846631
790044
96608
218886
952407
552912
618996
277023
325653
322323
414917
521372
480490
379914
482504
185056
477817
710315
970504
952832
102938
55276
170025
613731
686545
103922
653189
291359
755535
527214
785809
583707
473583
969277
339699
86739
206674
707698
344839
74735
499563
982138
793131
44669
711564
289926
570778
991584
334927
314164
107022
171832
221798
842252
206165
490278
809272
356189
702410
953303
423744
353710
267967
237501
887196
285302
433536
402713
403023
616023
874058
495175
568936
681975
749879
981995
619240
118750
313489
371194
77199
183868
349264
633027
420859
931702
787237
779954
765200
401590
393746
443241
926664
819253
63281
494791
617280
744217
665324
288135
789095
52112
524883
568549
310242
9669
776528
88593
327203
641814
137275
149024
109738
8259
373662
551856
292229
333142
190658
27670
580683
748612
193077
418318
777939
352384
124358
689120
980608
534236
150684
206239
125057
205024
681793
405298
921661
479614
458184
766986
198256
269361
327459
312802
718516
90165
472963
350007
582874
717141
898562
230332
526224
79301
603097
938933
220690
775439
289339
15264
847899
915447
147812
235475
174134
634161
125927
364251
124955
803520
499687
653554
849961
308269
876369
530240
290001
170934
48187
817206
149206
501158
22160
950202
535384
726097
803437
29083
415888
397934
727817
353574
95139
219153
995516
84413
105659
320440
990464
779887
419409
6560
113249
897672
408118
415970
845268
258500
123240
344445
9105
361679
964539
830474
991136
396041
514217
353932
981690
896679
562841
111604
583818
745249
351490
756382
668543
194340
426586
31718
406311
517957
751637
598945
770146
331506
587179
738756
5325
136460
698666
798562
965691
416979
220732
383714
629120
455569
890115
291277
480886
182136
91523
771326
375560
367135
480443
372913
410628
972480
422179
615844
143678
826343
477602
329160
549731
174098
524571
438479
519284
342270
702367
429489
589854
770809
9756
969141
853651
711240
879354
911312
950650
168428
340231
182340
230421
756483
852135
15105
672588
455549
441909
266047
631479
737436
318853
775143
70957
776948
635372
785289
660816
455077
162011
771923
656757
578745
173291
148652
781504
284582
74646
311952
393742
416422
601865
559878
235086
81251
506388
718357
428066
540522
197964
179635
531166
586820
88812
752398
982228
635425
432958
529660
144164
926765
319196
386371
627714
484260
128224
616618
76368
403188
578006
370733
719296
957971
862068
192647
430813
694926
153849
911379
412421
225954
717593
495205
321646
126910
939643
692485
126327
700788
40624
807627
484299
45457
165430
51063
381811
553648
911780
872763
933687
794951
234972
442732
193359
26522
301616
85946
480242
415121
251876
152857
394791
89033
358696
130387
175416
679793
526947
115913
859668
313289
854947
771526
668840
18448
961942
734056
105074
608254
354918
841148
948854
271382
60532
773915
157376
371681
341023
538228
491928
53819
677683
188205
718304
1814
62254
175912
638275
726407
933807
503412
746252
562065
856862
654419
464544
24848
370922
990340
643916
780102
774986
412818
515418
490932
839427
641460
99678
456143
935520
27393
1191
915891
550837
953151
291687
485057
625019
946883
34048
644230
351974
581028
742745
383541
121642
799617
788273
413149
662357
834487
735739
726936
659609
637792
726093
489039
514984
845555
355587
252559
201819
273159
621537
382500
567797
360659
563710
929559
28715
616209
805917
497227
17452
874408
284333
366509
74029
596327
722971
613031
181475
257005
296895
523063
47099
796574
979755
259593
971014
397430
640520
427006
159278
417738
60404
39022
326658
19869
573149
408975
575085
493449
995277
744255
351282
500301
943526
252908
897273
773816
711376
578595
780036
344213
626904
889428
556776
563638
47315
136700
153659
497650
407267
906054
754301
648211
171126
18229
15936
709088
418946
239684
141251
170455
44177
522156
823795
419974
294285
766909
180321
381975
395873
870286
140397
866319
837541
906375
263720
412493
828773
318938
166687
748569
518791
841696
925364
261654
92127
950032
167049
355134
393013
545174
442299
703946
629711
384454
387974
798292
111434
371597
440692
698265
974138
416697
797060
372050
443129
201212
366703
136984
277910
858488
567850
734325
463886
847060
178410
503384
308407
780596
339200
301203
228291
914854
739420
458039
149607
346996
691397
978402
647552
477469
30271
126711
762746
868595
193214
939749
99840
818573
874223
126679
865171
203417
422262
262741
29116
207699
110899
810663
534706
726746
446416
80969
410800
680106
215271
804944
177398
3803
116038
77433
237291
845790
561249
198342
960013
488254
236860
354739
690611
923758
724765
23521
960447
432090
460174
332651
217496
510216
142361
612336
846987
552833
414892
568875
932053
427710
237613
531906
593170
836906
857275
726313
215511
310898
208097
749100
528744
729385
303293
998110
593344
204482
118981
729375
337407
898578
401700
726843
353913
16483
221177
975990
358313
6947
845242
574624
194565
236365
712651
692454
415116
32392
324355
391653
367749
721352
942805
169208
651749
996152
250329
965846
814918
838241
345777
241225
550793
621362
932097
711164
864783
140801
282042
473085
979412
61369
957754
674331
215754
83386
132945
957735
403544
161688
537215
541355
409445
656849
771931
768204
336367
590344
994752
530358
492898
705466
446718
761235
247097
716651
365106
636472
555448
655594
644620
663899
178726
673036
961243
117932
176636
315648
683415
729081
175634
812266
561444
265286
298044
875091
598145
823480
907934
512239
257202
272307
6650
693408
235630
274861
65476
140007
117323
323902
487014
545237
482061
273676
729043
885611
487968
431581
200082
395574
17290
806355
2635
622590
63117
358678
542185
676131
670405
986402
251072
203473
983264
428584
884467
606269
29045
75934
817385
243343
399978
456254
869391
866246
708669
960121
736960
785232
798394
186698
350515
719902
856632
766578
158783
850193
419868
428105
880153
342535
855352
766015
474020
46689
41596
60464
366874
478984
439012
249602
475848
431476
834727
682975
683846
27527
716185
890246
840341
324257
443
2413
113196
558627
755305
888316
176099
104215
712168
260142
201702
780655
120466
748247
796251
18193
548325
563160
224112
422006
449603
81705
53958
907699
774770
36723
46813
938611
67934
654245
953166
485516
867242
535179
491348
782246
398238
310996
249070
963345
626265
775395
55421
642443
864358
209232
601115
140290
749738
429862
82717
535359
34863
868431
706355
516041
674221
55165
450468
683483
629635
623287
563878
799648
179219
963479
906093
852044
676213
304321
663225
742541
129868
535778
522462
989203
947234
179675
156751
950309
216694
995476
263789
689959
454739
655187
204103
295910
622533
284425
110800
629822
394269
401280
567062
76081
429305
949487
824506
329450
393329
615458
68489
832439
155206
328953
310616
702786
375138
63563
474946
607138
644487
181344
332573
896559
858215
73725
614289
492608
324965
9735
780911
929480
581016
521045
43117
406600
585522
619036
207546
427715
966456
12120
891768
676814
423253
497496
793209
544219
62161
92654
795442
619543
707768
854263
559488
698230
151656
303260
175716
557492
469336
963872
947259
334849
408377
819804
952414
871683
300113
658663
537206
506700
924758
797175
778543
786097
517362
484479
86466
488850
732442
534930
940641
176820
341861
890223
694185
252258
273950
788261
842579
372991
43637
138380
543593
826963
495356
313867
675368
830409
325133
970678
50950
529
814049
503997
942818
352633
432674
230326
69471
560539
384778
792631
376373
631912
87424
864751
291936
995554
87197
740929
798681
302693
831119
223470
345820
887812
742649
716276
947473
181292
497249
307569
45209
475232
349593
167268
413707
560501
831041
957438
615403
261107
150333
683145
657256
914172
193428
116567
788488
659494
332287
219487
439306
679498
365958
526400
88534
612398
758007
467318
231849
721167
687144
118391
826104
10064
290704
791849
417338
877190
59679
147723
11323
898684
578480
929249
601429
687817
525799
203681
263267
650080
393851
649350
94721
974802
797524
967727
929082
850914
5926
71328
295653
44702
467162
281994
171522
263345
788119
249718
107045
97299
860335
89957
855591
550645
765684
849524
424743
463338
987834
468051
537842
288479
574654
288997
78235
861459
283591
432447
712184
667336
123077
297239
486010
780179
803054
400233
141875
900065
734417
672053
762997
154735
787349
30943
634595
318941
861829
642317
78030
211798
450742
394212
261180
965114
52565
994590
528629
337160
679448
886359
239681
748920
257414
451927
142077
345250
293902
734101
38434
8963
751581
161842
579539
560846
167618
140273
699201
355689
715489
895791
729561
289043
316969
755429
700566
35548
188133
616187
39297
665591
890326
954831
618865
617747
937861
412639
732375
717606
90084
837528
944229
859380
708672
502292
73583
170040
780934
748650
858178
765117
411205
479790
110014
666432
368251
582916
843089
739783
669834
108869
648479
571232
400772
728328
819862
957210
228212
771541
643975
546400
76184
873941
571679
66162
61132
953102
102209
580783
618414
981446
680231
400051
34680
425582
628413
573832
124482
262741
882998
645749
401073
31559
374222
99336
267983
335505
118080
807467
984748
993901
49816
152752
704296
721117
787702
675272
37158
896644
32414
422629
242439
546741
439747
70940
802384
54023
904729
960504
789029
19186
416170
633449
484711
26531
144044
532872
754867
788961
113611
305145
537364
408233
312827
38619
428346
736169
787538
343402
483493
699775
605144
377414
678589
567989
558419
226370
209331
530349
450884
591534
445048
394937
63431
781617
102145
734900
907051
617020
370917
10973
506142
601835
628002
38393
780248
91527
778119
896188
426955
851253
814265
968553
327455
667210
710748
70442
395906
115039
944513
926955
516363
676493
760353
245536
762959
450174
893759
61040
178881
169806
223358
452318
999002
818799
683673
904662
763634
202045
563286
959856
119233
923651
288333
673465
315459
361571
998186
664335
583261
416852
44767
420722
781829
491687
433959
552546
937161
346325
399152
846723
244073
995442
457557
311801
248057
514200
99922
120325
368256
262631
877947
782691
379319
55419
992361
33091
692787
765636
322672
415514
551803
525789
198966
447454
150002
321630
563303
248270
940204
182879
348595
65768
203952
745202
901857
144207
840358
335259
572477
925617
541405
895400
383509
563060
381167
940089
78332
932902
930086
978404
592581
586494
681047
735835
885841
348148
171273
866865
59841
194554
84948
929617
328550
128625
957075
280919
324109
75006
296308
615470
637699
937439
986167
706532
948930
558015
496860
36916
940721
260072
772105
694138
718770
329778
107334
11164
741469
818185
871049
974550
492669
24136
793189
888993
41658
150381
231225
182167
106808
780361
486255
713035
711680
409185
806147
379831
847761
567157
879257
248890
794184
421502
137434
791274
737246
725304
865736
622436
639519
880899
886397
87194
629605
767641
358788
425877
671065
247185
720968
747726
776035
279317
993546
2655
973995
203357
972896
696354
885743
876427
804887
664078
947146
285482
387995
403609
601028
164624
267644
623394
34380
573852
463077
626147
14145
30340
876325
297846
362206
625381
113632
703786
45591
813609
34580
977195
844731
243465
183240
541854
600951
461237
279476
800590
493897
271633
770730
756586
251578
100221
670462
85180
525997
384807
971828
464984
495672
169832
874817
867990
739235
850470
151810
476504
688664
294104
270568
598895
949203
174010
202676
502148
442251
719255
364773
146500
639060
931590
376513
237395
424590
848190
650801
258414
920830
344089
985255
391139
359301
686915
395145
421819
790207
970548
218404
116599
336170
844172
521661
322344
531357
186908
357948
853164
887203
757302
194428
883016
691505
428729
364465
550434
771690
941488
436204
130737
300096
784118
256561
116026
588449
513131
605500
276831
346034
289273
931503
895372
599173
9180
819936
395996
204972
654067
453697
229529
882203
677361
689446
61537
484851
232720
478356
28109
491091
33176
940464
508678
524947
334020
806347
124619
608023
88138
23889
396902
13675
586279
799936
812827
253483
961614
28399
244715
313076
107204
951202
209924
200172
165104
956269
859266
857747
659621
607777
795290
842915
641191
255665
724951
514323
125764
218749
50487
554701
229608
525321
546266
968210
444409
395217
324368
844534
245404
983962
258782
562054
860113
947681
41896
908532
915511
175744
508375
732967
405498
192210
377500
427807
944120
939621
948856
282813
977103
507357
760090
394136
803544
574949
533241
439114
891605
950781
362250
281504
994402
580859
520487
45200
82217
793449
657446
840513
522357
951593
79736
753840
678000
166721
320433
229785
598180
164966
79275
224158
199679
477311
476982
318529
791749
152206
604317
371541
541428
127484
672052
196504
449133
281028
729410
890677
832728
411244
242157
455785
550484
380202
408483
528420
296972
510827
964690
515843
493227
301731
202127
624565
262476
438283
849836
843023
779141
694341
194269
769007
8929
322936
76700
817062
865813
914519
184403
820164
316538
208155
595605
436043
118685
677920
335391
388493
955159
472362
593456
948477
245584
806705
718320
785139
44816
124554
230385
537294
462212
5822
851346
506229
480330
798964
315815
43943
184715
706649
58102
826275
871672
896275
394558
702691
259149
7096
588985
818259
184915
219445
393068
695780
550419
321635
945224
257508
904046
344724
561264
861775
915874
536673
101167
641352
538016
540336
39973
182361
927365
78959
794814
310005
573371
956765
162162
89833
648780
590477
8067
753087
691650
512009
110548
28552
502892
477521
310795
436888
862991
633339
322339
461335
399733
835369
740188
544820
497398
663578
930714
394078
226430
625377
915106
892874
693108
688936
445488
175038
534982
219353
88958
388466
809676
214930
925814
651230
389156
659542
54555
295175
210465
342134
57679
304523
514147
936668
515969
583613
119156
672851
60220
805265
798356
77016
481233
298370
697685
542577
694253
356183
73953
522865
335512
85673
803811
370987
192966
3885
58997
945608
514700
992358
253470
142818
998432
536809
870039
150158
294564
787571
215838
618042
141993
365547
547187
627777
613069
525837
147626
237033
163684
224165
679707
607993
424671
735060
646742
715852
120273
831722
414927
78911
941948
319769
145367
888481
546745
779961
842277
291303
242432
685926
172795
279115
620846
598580
400291
510601
719980
46761
195442
386293
128375
30132
674231
417516
204727
50627
278505
47867
274692
855716
27792
542638
977349
648246
567998
128088
668830
373199
893612
267821
106138
446883
909297
68874
882516
847588
824996
420681
491993
229066
786017
514098
762532
303614
83863
934850
275792
501588
850656
429263
166344
183405
643449
836593
302582
58385
477896
71780
147679
597907
610226
572513
101875
620518
757170
388165
775197
144045
151260
676781
580624
457156
510629
408199
802927
909653
958246
325258
32115
896627
464086
202522
30457
844823
970843
3944
928011
532923
347799
905479
18932
282226
771594
872005
728031
924560
519689
174912
375699
476492
863586
673768
785493
714371
368642
653204
549314
722723
332842
860721
656740
611149
563661
46156
483540
530934
140558
183404
774362
944525
972785
371064
627548
732676
450346
84123
712723
478552
354307
716156
286779
109526
585442
774159
738720
998069
713757
756973
208953
796854
810116
416373
796409
432759
669972
637569
524069
220101
902246
719150
985563
279493
602283
272583
711280
912109
968149
824901
686962
876158
650990
239038
708986
312941
377429
786643
361538
741583
580416
567056
537492
385713
323137
216728
408938
642608
96806
753210
917823
617285
153677
679537
278896
164226
582422
678963
289275
611704
598697
389527
656017
208303
502650
115061
963657
901177
971059
56795
979880
505606
539409
993246
603910
675517
462936
876533
570038
549943
20983
881297
511892
244559
982636
829255
760104
993522
716459
898155
663903
87779
811343
633008
62943
349930
295325
293274
896119
785493
305843
741523
132241
979395
895483
599322
753219
486849
747808
259589
49616
311271
560798
724305
77165
578142
448983
610513
325803
259693
428966
349831
508518
844395
45638
763292
721989
767632
745106
85048
95515
687874
718490
357370
25944
316400
201277
277418
686137
536874
384238
1652
350688
996243
36026
191148
382191
221197
352819
986761
484880
576166
534513
386594
274797
695399
810049
27599
190087
395816
340922
174728
190882
22289
469720
449682
55779
304428
859315
531594
750307
384420
271551
532441
424617
241293
647436
641585
925163
768210
725504
270830
611203
85279
854657
360387
540259
498216
849154
468402
624748
492365
204768
941423
644415
684067
91223
631202
993279
874255
68990
55836
559545
455640
800011
969525
538489
507653
309946
745503
421389
391704
604269
836863
917628
336629
812367
306769
386072
772224
872845
55967
716716
750674
639691
47041
138872
248819
545342
278337
933534
858995
18681
735196
775955
951966
95037
96623
914206
11298
75069
181056
61211
964991
912100
128135
75380
271890
723330
200019
407257
595737
931965
162816
76493
672191
999349
785457
973290
870417
26739
670208
950634
609941
258257
883896
16956
385150
369748
573717
700353
610644
592207
348353
239168
725192
687169
141430
690021
34072
33745
360767
896833
290750
528034
599055
769897
222843
623112
221337
825806
596029
551594
943725
18635
179845
79098
773286
249249
425953
488931
701817
601470
518447
810718
861083
339518
662624
846054
830813
471131
27626
13115
269715
793859
53014
43613
630839
943082
187426
933566
820058
783421
59711
4491
828964
351752
906087
991431
430000
616502
75267
567692
522967
999332
568248
350973
46970
374674
713608
240168
739600
777399
172659
195560
244529
804286
681608
748629
13130
253196
932482
8188
436527
36454
551280
785927
899855
639894
331503
828283
63403
81964
568203
585461
622348
354915
956220
296872
319948
143019
244818
125304
238870
783727
927409
114191
701414
119562
353470
561
507096
800106
847531
968197
997084
832133
298182
395495
510441
828806
743223
825809
586197
600387
755742
944005
23787
605065
233770
608918
782244
542222
777282
602947
184540
92533
337370
191719
695097
40670
992114
528558
728143
867549
992132
595642
60720
387040
666558
327967
76655
582494
250398
372380
999335
283078
176655
742455
923480
970012
96210
25106
365587
116893
155904
982394
969415
412299
170415
83859
106083
659007
681737
338272
868840
270310
301659
566613
116171
562136
375184
728256
184411
663056
697994
616516
221543
161877
692484
374435
906242
475310
137150
714165
360164
926400
888885
30484
464458
673244
396413
157084
873910
996865
769339
227074
404494
228151
309722
577177
47717
107290
672421
299629
798794
459320
767098
923355
70974
788852
248620
21661
703972
238015
932892
925712
459714
93008
633337
327855
133038
651880
638636
988670
967089
959149
50551
841896
622084
217042
229113
375652
489020
275736
469788
520946
119769
161195
665812
753349
640183
424403
936547
316912
614483
400316
186018
357262
799572
601019
309422
704794
191833
245812
886293
824341
810927
286040
74782
95181
398931
222391
287998
945690
450831
620554
199835
65525
803469
105349
479426
323199
87833
924088
29538
668644
535145
381834
570401
895417
271130
670155
738744
985715
938458
447907
151171
117615
886529
942947
462624
276730
421915
280854
728252
809608
176600
504758
220741
991510
559803
399811
969081
209408
682129
562885
267444
883861
997245
319898
608518
673998
779074
235258
666127
901445
12279
957122
474605
601250
411355
671972
282283
242246
192536
196435
895313
935815
975300
917254
278709
983077
453759
904768
666288
832376
444994
553765
305697
402041
243373
367176
481868
678406
768874
761313
228922
918570
365609
996703
310173
815744
629353
873811
419318
401470
839769
141689
741245
633260
624642
246798
787831
63044
709063
68103
572467
197286
354860
562015
367505
411830
422854
53302
147572
615602
351772
492731
309012
966837
734612
2484
472737
316990
826102
795461
994781
928883
631986
587920
271951
698190
793772
659850
434322
945357
173221
486735
961841
495495
122972
292900
87074
593387
53627
688852
87212
505935
294047
229749
868922
898066
822881
154882
706852
319529
346706
91503
528084
414642
644991
754009
675415
156251
824990
235611
225216
616532
813861
171745
508182
934623
162208
725787
979257
922005
675897
835414
274434
101842
522146
889160
929666
57333
907503
705490
244335
918371
979029
737125
80125
784410
228744
514019
707988
800565
15885
136527
15425
225550
69625
898889
434622
420349
798354
769667
933450
312385
47872
659238
9185
972482
986606
561067
952999
673365
282394
328481
414201
374523
713298
290554
653849
646116
30678
790953
313389
583118
742272
649257
719834
299956
686779
296129
566651
539617
575
820678
241699
979967
811987
19288
876634
360876
235125
885828
461613
213633
22602
68277
309665
857391
388944
386576
136029
561149
372213
730869
960591
917372
811243
82893
783940
774520
41997
734844
397507
778489
84691
725553
172104
217235
692451
220
37330
337937
601584
946474
533262
348117
622884
306264
530908
380130
14683
987600
172500
200401
272167
72082
965632
458817
526803
579233
341149
953868
385523
399509
931846
280207
375359
956508
4978
186044
156420
347616
820153
305639
70399
909282
463640
143363
268862
73752
678957
111647
811834
407371
598996
70647
232863
503156
206169
86597
666611
253007
755921
656507
993249
228420
75620
18615
447204
161211
971434
163428
653104
674197
572515
37397
154235
746371
529123
693494
560713
363927
210542
20613
551323
481900
629403
649911
566131
448235
97680
541508
917735
749058
578794
998723
646641
3932
429712
221577
59980
451742
12091
237375
241629
338761
25213
40922
144035
283899
127976
63537
933627
426284
630506
844903
826227
92218
753952
57057
77502
574390
588175
767254
984023
159595
281057
109010
379793
745301
448945
365584
187418
953580
974350
775468
798981
492511
135928
685484
689887
853830
573196
297157
916096
515046
539359
924221
177407
903770
794320
591951
478642
362318
824581
186167
877865
903767
997342
200661
998090
85500
760488
408650
857637
813644
726483
964495
78478
471028
610067
771974
667520
195409
356098
532534
591278
652916
946944
251985
727681
543554
785969
678936
621767
212939
523273
519939
14038
987542
744515
836620
107870
763481
157726
939530
413275
964393
439261
939599
898918
221506
217135
750532
704105
126212
431510
485954
287288
648910
874036
437366
138653
944785
74774
871370
363340
956499
157566
831682
237298
367541
589290
88594
724908
796871
930288
192563
236609
880809
229754
499191
74663
999904
669793
297676
728317
408683
293505
155051
91853
451946
285370
996593
868522
725773
132537
155152
661044
211532
357616
43244
777940
216683
440315
917288
130423
413261
121544
662173
226125
741180
50101
786223
178989
165174
235166
894605
678998
222833
875544
716039
933084
91219
341048
291876
319902
342652
618832
674737
800588
472644
41731
478731
142452
87677
895054
133085
933352
319708
473034
285814
374539
429755
66639
964407
233089
803657
413809
673404
940891
601035
963474
185714
630852
413961
347178
370732
736291
994627
163538
761814
385727
61494
510919
380465
444439
806869
23018
255970
979233
237064
529387
249235
21192
534985
378500
290364
773862
154466
779904
651274
750342
461362
87680
20002
943759
288302
911382
620519
432926
507495
265667
983488
393409
930649
450863
121485
395792
761685
363049
973908
71468
746917
878278
409025
818021
546949
265152
932124
322130
472996
893367
393487
391606
173744
44577
828239
699799
923863
916133
538792
42679
999097
562846
610226
555699
841476
257015
855488
557847
352196
512098
154047
470913
702853
294524
248293
776826
543741
184310
632557
259720
333250
846405
557254
524256
983829
545263
835761
933757
928540
481419
465141
634476
979163
43808
176710
826867
939689
338484
367813
600358
80632
543146
56037
780793
614995
417191
309462
637494
908104
63926
152101
465753
452968
809066
212168
415640
133562
233125
623304
517041
197766
896556
875638
292710
915336
355659
211798
828908
521620
276179
224003
734350
991528
989047
359556
764355
317294
726513
492663
94026
725780
175426
631639
461311
556014
566730
973318
394299
809361
228601
260503
801467
593456
207873
127534
494822
700598
994793
499991
490882
178429
167232
648605
106805
921091
304808
560655
197720
372151
290138
216820
419577
954483
563243
471951
231274
882921
297010
160057
647347
757297
916117
573680
208132
461541
397371
458067
643633
716597
635643
404538
427218
243285
395221
419180
977643
839532
463197
199768
578579
568785
576060
13227
94549
519131
217929
804719
67974
510531
812431
253922
526332
609492
308550
495582
921753
636451
582004
119966
206230
885453
716199
3081
66979
68958
790874
107838
435801
109644
588388
703857
126887
284123
794339
185395
948493
273156
253109
329616
800295
759830
839263
803707
402105
749132
594293
705850
218457
893987
387948
859325
629248
602857
451139
838890
617674
236649
147473
50631
342672
637490
25637
705836
141819
389463
965267
232960
392958
237612
392551
474320
357191
832154
86578
763085
152248
966138
91497
570682
296939
347206
392409
549800
81087
708244
412536
772178
829243
550106
926277
873852
844774
2517
455420
921745
691720
329285
791225
724489
153704
761165
357250
693266
437753
149643
317968
412127
469161
812865
435943
901321
914404
317860
92215
951213
24682
925915
224987
738083
247126
215534
536809
854147
989734
145556
804009
51528
50680
715607
567345
11352
781412
974486
946602
828591
546800
919226
318697
503038
443390
581875
6015
151944
610844
75613
497207
138161
996851
466857
375789
586878
43178
16221
15168
189227
184726
437601
576050
151798
34867
532342
749228
295353
304293
551475
411462
756987
450322
670919
977774
144835
888816
626642
59968
891923
982161
85544
680972
828785
967877
563304
395627
52804
990889
294361
842849
793045
459729
317230
124294
316714
873501
279987
548566
364701
497955
746188
86627
224484
581287
976628
893858
172257
603103
533736
371535
788360
780884
77674
729305
767802
356374
679044
602596
180233
34019
402711
677707
908224
214150
940154
428045
61907
960453
251775
507365
823866
244450
507557
251883
732827
782784
972928
870268
175385
42150
208112
241784
683566
94868
336175
856274
976455
747254
141251
602213
952576
621656
906454
899796
846050
211067
611370
786383
494674
925933
637658
879219
269630
300920
53336
843640
452347
666093
758419
525696
823408
632437
981560
469280
219044
62975
724650
126001
55511
290714
501353
645363
637146
455849
484481
826890
292881
733489
430267
816725
147496
330182
225992
477164
410552
246249
905520
340382
30933
247450
997611
137720
427589
577681
650233
757465
945006
466684
640908
648961
538531
998060
445696
822261
297108
109329
677644
204176
299981
235633
926895
861986
953962
262860
960866
333891
266812
200204
957954
602941
875622
772151
200334
889543
863818
944983
507360
34925
370131
582261
950101
613398
32570
124144
91254
456703
830733
495658
228669
852270
610567
479351
834713
223918
154505
349799
236184
401590
199699
792603
518717
36411
437639
344081
472783
626715
85514
552024
760887
851862
327351
702179
415732
470552
612436
763635
414852
706641
43829
431722
82346
166020
343757
56926
41459
782513
296606
390731
172282
820437
219066
215506
574427
442538
349353
249953
134899
577473
678424
353697
771027
259356
168668
764306
582262
746516
823805
591662
229589
308435
130459
777876
931450
800488
625391
401504
358616
549599
695892
598815
726578
181618
402653
131680
227244
891821
642429
601978
875812
469204
292820
673420
886783
563105
139759
47137
38588
342169
555385
532256
54282
344535
775243
20600
25725
581800
798137
696998
844175
549886
690399
371597
603407
586390
759251
833749
803615
279008
821889
33330
942334
113431
202548
475348
858820
59242
386275
194898
291198
8191
909861
953029
216520
57251
924428
49153
346450
249494
490429
299587
713957
834696
802252
994336
553791
803407
591576
210473
47152
377399
683571
641789
106033
301333
227218
861207
99600
272019
925629
657273
968708
92859
484742
399229
790810
934869
565931
886594
501291
105321
793654
908118
156616
943385
293669
393700
32197
1290
43224
836110
898542
11717
455391
389723
266747
508700
147245
70369
37180
500070
535344
797543
832198
783604
277234
523471
192806
121604
691850
165404
858629
62786
199340
211668
562939
38521
381098
141739
142087
913163
762110
78544
644030
855683
76224
2862
587493
327374
83145
289858
334974
638027
750839
874451
130494
978988
28887
123551
362695
989030
309896
778161
615501
113295
348637
154663
812675
430378
983947
75619
324689
32966
669425
926188
699849
32206
987885
991263
591920
424831
306679
93212
424403
69388
199410
709054
563753
948826
725117
313905
818745
823440
337757
366052
154012
204929
480957
188112
842410
610139
387151
717302
472387
172223
879669
35916
301513
488921
825957
341121
886173
554320
755040
40279
139175
530049
614444
354285
883683
505921
948085
149450
823984
400678
863146
329699
815045
849938
933734
8740
845092
308390
411676
293305
408034
32740
323690
481548
975229
848191
413902
155552
630249
318202
719575
690062
772145
979806
392155
54540
667786
268421
18188
868082
624507
85266
592308
69513
156979
664716
424044
338760
363206
42048
79740
666492
804908
241950
74976
767881
18818
972070
417136
961965
77213
558993
793594
448279
491196
539801
841972
565040
551801
11285
682272
430602
268110
340049
793172
387646
575726
403884
138345
238373
197976
669220
918882
508989
456024
729538
435623
113167
159986
661207
821923
785159
363765
224957
942952
185241
989616
399844
613687
430158
713369
287054
722040
677462
529993
739947
734749
42427
452166
584850
452192
1112
214996
429717
912697
497705
579255
304167
189053
31161
969353
565366
487335
674459
712988
349456
537024
446239
285241
557477
369157
369233
838918
158435
782572
380336
772992
394297
119585
588925
152670
704260
733680
228327
928835
85639
254317
603027
457255
769254
243320
486622
307334
870153
924077
828280
352706
152167
56109
269215
370705
166530
309574
802450
22719
359949
361298
326608
324917
911817
263334
87440
263979
937345
112476
402006
501917
312224
38464
268531
26382
790672
230894
161568
874687
729084
645209
755933
582720
433400
654513
392144
559463
718601
831570
93729
650324
225608
221349
564734
218102
550386
628758
875741
985690
949426
343751
140920
180970
399128
616252
615850
665675
921666
310291
289152
597806
220267
372584
462552
202601
265514
18585
205411
329335
139373
613966
67350
805933
80421
877897
704711
162944
467604
657328
231979
968371
947445
80067
838334
173468
143785
883675
105691
528521
393099
605711
12033
169682
429546
565838
650722
195528
62278
163976
731483
972967
472919
449717
545403
753246
890643
54506
71080
468339
287349
994376
396327
143005
60805
783482
791515
229296
490703
852384
958325
477829
658773
490061
827935
158392
390827
231690
582639
923360
883879
837960
512117
644818
281857
949569
60831
252237
626942
131029
902224
124372
71047
336583
746351
466981
657850
733726
940342
906550
463449
596226
973155
961932
765918
241924
308225
201321
757188
464103
505624
315210
507227
142112
869671
547102
976363
185612
682343
203755
512677
680814
988147
642844
761292
972415
554977
814751
982343
586575
77229
686958
758617
943723
392350
298168
948465
659478
255531
956397
594120
644738
560377
691288
165737
211669
739938
123586
139555
82048
619518
906156
736976
3652
670669
417944
607222
537771
150185
654357
840074
11834
791939
688839
430619
713142
576258
973148
190312
175226
489541
140231
62738
552733
100643
92945
639601
803216
668353
806194
876317
763190
387690
675373
688612
282672
742127
334441
209888
936320
896930
870394
59445
187314
119193
558492
414266
908692
501974
869038
199037
437151
356837
434814
401780
771350
354793
625297
427942
280850
854702
642238
93639
419444
540575
588696
486516
138707
629371
157615
892425
475685
415267
320922
253758
160218
222041
675830
967149
510658
512569
105350
663523
803626
824454
729689
291222
389107
62089
774402
155917
624683
606949
846111
628171
175712
619323
347761
633096
855966
830721
743415
422943
235151
320655
940798
765332
379545
99462
876999
754473
794720
864695
780973
715061
370053
780765
874835
871524
887663
150060
257208
990059
74484
894456
192489
588661
538432
645483
189638
734846
315437
967319
41519
289430
859648
825008
222160
622227
259881
432836
166989
575265
800145
743143
45852
95721
348398
868217
935034
333328
832374
775726
67051
322222
439865
791311
612479
873057
935097
643273
332953
23823
391626
952175
808804
838022
571914
926114
623758
732794
318967
167339
580316
591246
182511
999670
20390
528595
770042
961333
568797
353367
597659
886261
314222
222441
526399
284088
307215
654870
389447
78048
414883
746056
418869
711145
709437
305868
466444
511015
994539
934151
4917
662768
238622
400658
455687
431155
833018
829866
161393
828231
541484
592608
316065
637294
976724
664986
331691
592167
304153
189792
824171
784630
326537
956536
26901
563954
67041
737968
300994
523084
174935
820830
194138
640478
853745
164483
838219
434864
400092
182369
909612
476652
794674
378550
33557
998908
719776
408109
389881
103095
681388
504548
289697
89322
743362
790794
247246
721057
388584
502941
642279
236489
545334
669244
116123
734800
766125
148535
895650
580119
631
327340
445331
758857
828679
517862
870281
782507
454287
507722
216410
589558
629312
607517
391023
296887
27497
837296
638155
184226
747580
756007
963336
70116
392912
490161
30009
242621
350659
460078
55439
105396
760952
191831
115038
978721
250319
914864
667690
585934
993953
305129
159828
899256
539083
595200
979982
497108
970720
888321
585921
769383
869957
643659
461484
112044
131125
113296
631122
957110
303726
912712
983748
144250
97013
985092
400882
497425
705979
354083
345861
933176
645620
894566
902498
893910
764037
536183
394846
401141
866916
771249
264007
482587
310848
541481
401611
783272
854663
746083
699095
654635
408007
54437
496233
726028
952999
792461
942594
11614
998058
743012
210598
154285
67488
55855
98372
705786
422743
308209
856575
902152
347568
97682
632555
368088
473561
74418
322433
535766
631662
280397
978167
526591
759827
663170
1888
73703
347883
749638
50305
142065
312012
861802
454741
542246
909005
324571
609448
488653
707378
353549
977605
747046
810754
999343
704606
72202
475230
554888
272412
250634
107358
7060
109523
331613
400202
42367
176828
677927
5314
313437
19589
670033
894337
949444
146961
29889
598950
810564
244741
439016
733796
157808
588710
198824
408702
341054
611707
850488
130097
565074
115176
647724
923703
334441
432485
980400
678915
340055
708872
338755
229326
470775
448280
614571
90910
359896
812011
566480
304595
449453
214353
225364
329486
941216
925819
953523
646660
77631
777645
768537
330754
382292
79535
134252
124311
605834
765198
609026
747723
291191
986698
730588
788062
201173
353697
751722
917088
268484
177627
908279
275386
593926
801628
965890
907232
932397
377583
842655
62729
74358
651728
208770
424424
526726
854648
218785
633603
757693
621620
860384
112103
735273
185083
704990
797347
745223
846849
80061
811229
640500
422436
27981
974577
45052
144054
569330
27222
412462
532554
85846
887218
225962
32470
246550
587048
762211
77058
730843
967206
386572
378106
463483
406412
246475
996050
614340
597995
534130
297819
952429
115561
488441
514691
219736
774334
162284
70193
109082
639714
438668
91498
566833
451417
929172
378638
497497
31812
140902
904467
499668
564013
103096
730927
970183
785836
290854
824417
597920
920017
905761
128372
915030
270512
714151
387799
949862
891152
289611
987115
770255
822923
639760
851723
431041
449784
885659
957661
292284
125245
309936
436718
985176
186098
123753
827572
740792
996006
350841
579851
849224
13579
543161
718615
632442
729854
130670
173215
155818
758646
115963
710716
499303
234032
628983
927641
265000
311195
861605
665146
140583
750037
609584
769772
957926
650125
98147
762354
16718
417878
360613
559681
656195
118578
350412
80598
192286
266979
572607
422934
101934
691343
382910
228202
602010
12534
909208
747191
717734
968390
31206
396760
158137
740211
87929
810061
715451
217325
341367
331617
567698
373524
633811
569033
322339
167181
26745
933691
11604
217395
29136
769091
611840
902373
537933
797235
203638
465994
929440
229284
541235
460464
418503
880006
166947
550984
342970
546675
170865
795280
797623
270424
699976
604761
380116
874912
93975
120626
449775
378832
435810
427411
85387
924481
18109
542562
251965
490350
886078
702582
490615
570619
960610
823628
923546
696367
446481
586911
19053
736789
300335
494015
14393
642592
199718
171058
906493
293248
43116
158291
687684
740887
110615
764903
472126
622535
949347
309664
765630
620021
918951
484417
618489
635573
10354
511038
733546
918733
422153
245309
242316
830445
688905
575486
659453
449819
351096
260747
139620
546499
801749
989465
958787
738990
291078
895348
723291
416921
920568
211423
788592
868798
770514
164585
270822
358447
646529
935456
426655
645947
299940
296132
367370
295281
784169
642091
562092
125073
601532
322416
381858
565798
423648
837480
563870
306364
265608
289134
698518
832783
645984
298442
806503
47474
712325
581577
789536
673570
455099
489169
371006
444067
146453
814681
800584
169436
479128
25282
989591
974528
485382
654372
550723
257059
559370
963937
883446
104658
825695
860477
668672
675267
110913
103018
539322
877465
175124
526124
759600
37051
376627
803313
68368
894170
713322
767332
900715
958224
888411
934141
958227
982655
102533
56611
724928
938242
296851
817222
937382
96095
867407
614400
168170
558158
287833
487630
106199
853766
844744
328346
723088
280465
538295
173252
795189
889096
990253
251142
218495
117388
797078
501572
417920
811004
541959
532983
543885
126820
617590
735871
538456
779886
608414
774665
770291
598911
624176
905180
200055
913334
536748
929854
655769
558857
490230
956356
976854
55290
45813
619167
829733
660682
524436
124536
36554
766687
734623
192261
52183
797997
294962
718558
405767
273518
717399
432812
578228
582595
30704
121567
145249
744634
365728
488123
886643
402319
304666
383052
273695
757296
8534
116532
327189
529137
845152
301911
127815
196667
668182
176152
462532
38109
10291
75578
527970
45852
498141
439553
969200
955169
350464
435428
165904
361729
872490
129559
758582
926527
25836
348997
168790
792434
543702
297166
815202
577663
476646
120515
431634
515666
358626
30260
75765
242303
450342
382733
468583
247375
181684
762025
688742
247567
684240
401725
765750
802592
556658
355886
717754
180282
400358
137856
949154
510074
686770
350166
210418
899799
583020
40316
995507
769671
338929
34165
540854
357359
779748
241020
951123
707302
298363
359983
446392
138339
315409
535498
39659
816062
16607
547141
765509
576188
784999
59213
820045
147836
673535
592392
764658
470468
820853
543690
986895
365703
690981
170185
161804
463762
974382
432290
834780
504793
269553
863843
770721
342008
848796
434664
547103
855348
219240
880930
648953
531220
343362
352409
951758
76420
30031
92333
226418
928997
323448
698504
520964
689987
801011
453954
10555
760752
508756
502113
978389
311096
491286
131993
212338
884085
684963
578654
987212
853602
789385
65964
904127
741544
89460
125839
302387
180499
48915
319079
61839
304913
83745
537087
301048
538295
110904
622674
67271
193054
876316
440676
637405
230372
206547
552224
509551
423900
440527
665035
701720
872767
496928
561285
561461
196672
832061
559695
145441
160611
571316
357311
191433
466108
807044
492344
582650
999107
806840
163811
940059
980477
782776
860429
156734
614991
259535
241427
975648
576800
542325
459210
895401
268806
688488
243767
579573
317315
981119
821514
25647
673373
980971
228433
938236
129021
289028
816466
850162
171224
73764
7523
412929
379692
580339
884861
277733
828874
870633
88446
909634
454739
123575
468909
516511
963237
354601
143927
955356
875932
755696
405293
404567
619171
298876
14218
78621
974014
391186
136001
536292
604465
976520
942474
661864
513439
466601
517435
234645
954637
184812
115771
499779
880407
324325
950776
320418
929127
555593
667267
558891
494837
165689
144346
203846
649823
314432
340400
911484
568445
167800
706136
601067
800023
5654
120287
143795
941291
855481
313703
86453
956671
286407
462293
213883
955323
604697
222481
874812
133023
583446
972130
749315
559570
747705
496131
367003
701667
548754
403182
649112
482510
543895
289658
195953
222789
535060
453502
99715
459217
396018
630145
51491
265892
742577
630390
756992
158602
829754
911933
370755
986275
868627
841461
15626
456880
216091
25623
935920
470848
93851
798
228346
286999
479071
567984
893509
73150
360115
121924
503616
675422
170918
297009
599841
752425
315907
259867
771615
154710
525798
176335
54504
143304
950334
597657
318724
981791
830737
718083
794978
121065
657867
8128
731013
700363
454955
821201
417006
138544
213254
457536
183937
530516
78948
970752
20859
130963
436865
432386
788969
778678
75861
181295
701210
588313
95843
382588
162541
962859
92473
166113
689641
92695
425399
688824
624997
21162
132908
824752
475833
835559
668839
840154
946645
570388
931071
776493
172407
876418
387133
836499
478075
670286
202612
249349
850448
285094
233606
39691
376978
594310
545448
141922
646743
383787
252064
322734
636860
98949
828594
44603
768299
139521
30644
566032
343571
846925
427507
717449
284818
398918
127989
161453
337100
537499
112281
881547
887048
196105
531449
753154
1620
302897
198872
87168
827754
937221
85853
399359
363496
981730
555225
122191
745297
14500
522774
845329
325234
783060
429809
135168
114411
889833
299528
943308
779102
211707
459407
886767
907319
109373
438391
89448
58037
338008
525682
741842
216281
9309
468599
279201
125181
125432
640806
203432
468741
865477
512185
508983
997062
64530
375625
795482
770464
956003
925001
793245
328979
984544
998513
524392
268210
301260
809168
965066
993412
193961
598700
383966
329406
575466
311688
950104
943793
893897
47873
299814
169850
429679
655366
324227
164518
569784
895509
857209
660514
62712
496841
331608
245721
227866
156528
6772
51756
104896
199771
335452
304295
225752
909308
738496
493632
719960
174490
461327
18838
294545
171177
288567
681168
171949
363104
855151
649206
362873
473338
242516
101847
300906
200536
342656
351582
382133
91140
636799
688998
357199
221136
202323
262590
918406
446113
251934
682709
658994
461753
140509
305243
763388
372806
558586
949038
310051
689968
445608
949275
671160
751466
13909
150789
56924
526191
783271
390499
610257
984547
110257
302380
894866
105852
156675
142893
2917
884164
976293
23462
387617
418174
781350
700354
131799
233848
177757
86665
121024
228942
216537
307771
615703
616585
776991
239663
469916
672217
978985
957055
953815
209901
985564
942840
792496
672287
40947
605698
113648
416868
237993
658684
879638
620683
648603
451884
806477
716358
982597
56310
163491
810559
675117
50386
328365
518953
162470
556311
90369
900979
623678
64110
22806
213165
366939
341348
60306
876435
342832
183322
737955
917339
474325
442676
101595
506318
214017
712601
150073
130156
53530
805714
565851
181363
460779
522339
166269
461052
755494
840357
380996
434196
580500
437766
798361
416215
240958
227405
338532
114509
789642
475801
987407
730245
399658
407124
59174
672399
631671
355723
552779
626979
228333
914520
234637
36551
880791
339486
505890
181639
162153
66170
212030
231766
364863
168830
943891
530402
279350
86477
171776
570169
595440
424801
111378
575934
131593
518360
669074
89385
8655
742823
871965
962271
901157
502606
755230
38111
601444
695139
786800
517897
120662
556845
80399
772807
189111
154748
411468
763823
69379
553179
262521
839150
521657
721135
341276
749260
465947
785847
484677
911293
380869
212001
292463
572998
171608
880351
284203
887087
168359
15305
671216
652048
419454
215903
432847
852622
728430
692235
268097
222733
832849
46849
199126
169034
84678
71677
703182
964515
448824
884688
283597
611872
216236
99189
554329
993776
806185
542014
737986
136300
481444
563842
581285
85541
531349
318114
51947
264846
609886
699378
201252
671656
997420
1860
763865
394936
960919
377884
273685
711212
343617
818499
754899
378997
30984
747821
160957
588050
463632
549894
325871
873266
820633
673494
223179
559903
958507
179687
503563
172990
186582
182275
416767
703421
161852
911351
737412
999134
333205
735432
694335
128328
875171
591708
321781
199085
456398
275849
866470
210120
840910
25755
781930
743040
826706
477690
354228
561739
380752
981346
810833
849924
645812
468203
20560
469897
38546
939274
781295
615685
527844
780270
163981
640923
389793
140957
472797
916145
608682
692683
891879
635068
196972
555896
797513
152457
332753
593724
245475
707809
921118
401713
616079
265239
206602
66063
78793
550143
557499
744086
887957
179058
232734
159109
481187
747125
792083
295136
938362
300742
368951
241199
784099
225497
815844
586195
422129
981611
562391
1195
446407
11348
382837
894299
17725
552416
237983
223814
761630
501682
594993
736539
205064
191946
531925
830953
63812
687562
661049
893566
129457
859123
574931
338048
365485
218416
719214
750959
818534
202118
211833
795017
29440
966459
494567
223561
339122
119263
995209
254959
663237
797852
154352
629311
895541
788325
986594
641356
897921
328954
139905
907863
35595
84770
445244
282737
505715
188848
453082
394666
851744
404328
63093
97603
329807
26613
103681
202882
805884
160312
143639
437338
615457
153349
125202
55322
851364
146442
390325
293209
57065
382775
422272
213786
576071
710236
905204
280714
248003
50866
401553
901601
371774
75097
164274
532887
118683
71257
537492
906586
375147
181102
793808
135651
20968
701223
90541
928201
748444
853799
303071
401164
449049
876948
672775
2586
119628
701474
34347
960567
456151
729118
995376
517553
684153
592131
6379
360072
423153
591491
316949
437352
331591
195450
844377
611232
853667
424004
619887
864294
656049
512524
338026
635477
354299
63482
683479
728005
183561
516641
977299
792224
600046
726951
774826
86523
989134
831904
593647
27829
432665
266111
19583
153616
869290
159230
505311
677734
359139
70730
261527
710875
906509
332211
476622
433419
73997
912342
290821
137371
233297
287097
248943
623117
612353
327427
856594
717573
833374
623372
500429
690395
801189
748332
827963
938064
164431
342341
895665
160104
685770
209658
277420
351649
452348
663276
339514
120095
465379
965011
470253
830729
636774
301926
528569
258306
632221
727066
975275
587968
951771
993827
29349
818678
181913
635266
143938
896691
37535
214282
75467
610083
265497
199644
89327
333105
787244
762061
414033
741217
814414
560214
253662
829248
287105
437370
931107
308193
234597
522886
971813
731888
577211
106206
229599
82301
528174
805819
641845
597003
218803
200390
626762
879853
182470
667939
411355
652741
718115
398644
886500
245436
184288
265724
777466
830755
282837
290198
750896
773811
787215
814234
413931
883574
195922
296815
605945
783379
470360
574071
432844
663571
144131
79492
46074
471320
666209
886668
143653
516303
401619
731149
207882
102602
266217
539723
9174
935930
111965
484216
574373
317007
10047
462262
320041
330495
76791
917095
648741
349153
1558
23791
237684
836676
400220
440211
976742
703291
828407
284514
555462
715043
42012
682564
603415
459308
754532
451976
254768
394387
951947
685744
84113
484427
791238
448771
238151
220449
840283
611201
937049
591270
856054
16570
600247
709561
857587
616497
817708
505735
428102
507995
919777
513072
207632
224835
506183
627160
499095
19423
303242
452228
167461
945667
172681
139665
938098
511106
66440
254861
639303
777206
65732
149972
496269
799887
947276
150108
834709
297755
579463
604591
270674
422287
936069
662868
183507
987792
143885
219093
947539
352078
517227
670107
458227
809386
344690
241334
146615
439307
555241
899791
356003
83017
572838
294029
990716
733815
1350
854916
600476
775072
957725
814273
454308
988678
506183
864824
380906
981377
563362
875701
3808
856093
134245
300341
447726
687712
637861
363803
726682
173827
535381
673625
387143
803155
916876
516301
605220
630980
133394
660816
766953
493073
285755
682167
177741
992907
526084
646120
501365
367773
19782
725321
602009
864119
90563
740713
789756
798052
531026
173647
904925
302312
169946
542728
628133
239183
957973
766863
237893
654272
907032
577476
88338
703178
71255
258451
48822
198913
31666
377924
670793
453352
216354
560395
876818
480453
971924
810151
419219
508867
817127
242376
456568
641861
679397
86216
156762
691952
880940
976141
713784
588427
975402
267615
241964
255734
98053
787235
194957
612668
852007
349317
185631
830092
338638
775501
218767
114961
647158
486772
494367
752695
789209
596625
495369
849468
504145
724228
21440
230802
523836
870835
927354
687418
621764
32573
980270
442262
50562
175020
743087
830891
379478
330495
49261
164205
503893
917513
134678
745428
814985
519483
897254
663853
695158
85457
445491
520795
836714
899978
9553
587898
782931
469970
647171
281427
618543
676858
999033
298362
417613
25729
856698
716664
83153
338206
96200
20642
727874
866972
287669
19463
885164
165437
715241
6368
252024
759246
406835
345812
802007
463609
464957
181338
686349
881939
834868
213835
923588
952796
793113
797243
108825
786971
771872
556316
480926
443925
879195
474693
762019
414499
322240
255710
633285
774298
210724
859863
54883
81562
2131
766605
292310
709327
787329
359741
594388
611750
192705
663933
736299
949951
281440
468279
641415
540271
776115
597306
482344
235546
67310
22370
338402
831057
676610
909930
985580
127222
92405
760495
203349
14226
261623
145196
274523
548718
203318
26997
888231
556394
55917
214300
243511
207685
678130
320727
607441
312110
955172
132857
419904
96632
141440
593872
383282
554230
502010
146548
936737
802946
122301
614498
653022
499891
920997
8289
927125
925559
518189
999937
486919
162986
47885
210218
502042
516756
846612
454045
677010
88847
558872
124311
377139
6217
235686
912191
586547
555513
381795
635843
381527
716962
727635
684709
379948
261926
950778
195094
410413
40219
135031
236942
332663
326270
92882
475357
149351
581770
817532
508305
677363
343593
453242
331226
611997
247411
519244
458174
160623
13851
635003
410978
344787
837897
939307
902555
56803
898206
85784
152570
398674
459878
892834
858033
247732
917929
868035
535964
125403
967378
553904
130333
264079
183534
923928
194757
236551
68922
437746
904366
467822
553160
170280
419839
176483
981063
64667
590626
911759
786450
653150
338061
891017
293993
967053
315225
81600
405238
838617
128931
257488
647068
170149
614273
735658
979400
930613
609096
538459
361432
166473
58625
896349
806279
758982
666273
666297
61188
261397
641977
21480
654758
648831
383461
139280
330699
496318
720381
47816
505002
223539
207497
927071
258126
651087
298838
182108
172494
626070
672208
271419
181467
306620
966189
85379
905371
666183
539611
388903
956086
731725
83704
300433
714158
168345
587773
794
769491
613054
211980
167864
315684
366161
326616
920311
158398
383438
534626
765404
593631
928446
345002
472921
75009
826943
740333
493574
519101
424628
455107
143278
175213
198631
529211
327891
3464
659370
465126
661959
478759
239071
810218
808888
749056
701266
589156
280244
259033
929637
390854
910748
771559
202629
564597
392423
614051
718660
527297
713170
321772
26579
881217
729873
137508
26530
911727
798392
311640
797468
606805
927903
205625
253655
691638
855291
217806
228515
158593
136266
153495
999105
79424
875890
523418
280359
654601
51533
166406
479257
755211
211301
24025
411448
106078
825288
718700
787501
932737
84012
158059
98952
376046
432302
201463
840080
714573
293118
969570
963985
589229
768828
806127
668599
921138
998841
885959
788370
793432
374272
667541
713058
742092
59677
715342
101530
19460
883746
443043
517705
915007
728786
191049
378727
61379
247621
459736
137009
180340
671892
827133
669098
705248
867363
711682
296240
176524
77545
889611
581800
86759
838650
962928
873809
740931
608812
198196
469972
444348
887623
701777
193207
762683
3289
791745
940582
454498
587011
750137
770049
422420
636626
955355
383644
460029
64579
438473
45626
973630
190647
358841
204872
142014
254490
443753
348115
936783
918990
10837
693157
541447
796467
455652
521244
99187
190260
131629
470290
758251
462059
166431
549275
536146
435399
223533
2191
910569
938419
939910
41738
287503
953379
27592
198109
897883
814241
13368
819321
600234
74701
565429
560510
331914
890018
251337
144678
859914
985218
421978
478126
50434
854716
58000
502850
837758
703545
435607
141949
926987
577664
813993
225405
579701
289152
596489
560375
346980
340661
910367
834296
296745
907576
389633
497699
141098
242256
795959
193390
357797
379809
514668
626109
272689
858432
103072
893694
860341
582144
946437
537573
44715
5976
306678
576886
42537
416994
492109
818264
131870
981515
960514
821336
518044
42787
771801
872539
65003
238193
197144
58304
630452
743187
608633
805765
246767
490594
460701
596373
706159
166073
141443
631506
481765
660335
498385
23087
214440
799033
91405
776123
548376
594979
275528
12135
954401
484231
75474
565152
854359
725012
763413
11967
494344
764557
432653
890413
411359
761487
890277
652703
442607
35123
705217
255185
413537
731887
422955
625663
664956
318602
840492
282674
244081
51064
687728
757932
67816
406282
543588
430040
785894
602230
962437
429725
736219
913195
54188
74122
519226
285547
588229
177647
344291
451606
142087
215304
503778
670927
704615
698724
315159
167736
874239
646423
302194
230874
99171
293958
156523
638769
768239
108399
464535
409522
809872
838190
528761
849229
77642
344836
895790
342905
312435
229557
427742
219699
785595
380917
434379
183579
848354
713412
980002
167127
188267
198602
744056
183337
937243
736092
860714
111984
27860
553279
927083
843370
224706
840666
917530
322235
752877
744580
629516
394947
580713
202294
526126
178046
23761
795231
382127
399754
553167
778879
122467
984844
379567
884503
23815
188085
780294
437065
132299
848227
466088
805531
302649
144983
540000
32872
119584
845493
84473
296160
175147
350547
485982
651045
467193
364411
318605
156549
739960
948374
622971
829581
665911
915818
900960
790969
4230
70256
145981
272331
972997
514001
604714
781557
986998
949874
223366
940174
259112
550
978348
857280
28863
397379
44305
447818
64885
165452
450348
193589
849118
777832
384501
281897
765685
259758
710487
687716
586316
972572
517937
234840
914782
188809
791241
322169
458320
78165
467785
448655
111753
625405
832957
936543
956653
532825
429184
218489
100116
700476
420450
764127
258210
566142
204594
797668
280528
507658
217004
417227
53793
228289
745813
232534
168962
148137
843689
626807
527385
320928
32789
623657
296575
780110
865133
85573
226826
795310
29414
56530
628649
886908
171107
531187
223298
186040
550176
185221
524531
608616
739961
736113
374405
833909
228161
711873
174115
4476
235192
131008
979707
421016
515234
306887
990397
31084
522287
290349
564471
405197
168732
395776
392242
200739
347200
601721
550977
380835
430158
453798
278536
514266
325697
723580
183217
958745
612528
65578
166005
878374
4843
833923
368573
26206
468690
839527
828232
472861
742850
954617
266640
153539
285552
331210
963713
898566
811877
349
980527
489985
685746
600817
170083
20125
562325
715195
283932
338074
472777
79660
154787
403151
99762
807278
274901
464440
682725
633215
48032
392742
366248
362512
388941
615555
900199
697294
172644
77733
623191
146564
529910
392573
326867
346546
32075
106473
265861
670400
347680
111998
942446
482182
277371
400093
497337
873629
148925
662240
29845
657431
432388
529613
519312
146272
243420
592005
751121
645944
267686
256715
831989
289211
371515
70798
384693
631340
27325
922395
218837
525184
104491
394287
73273
724006
108763
49120
384113
672029
302744
450580
528868
572472
159245
491708
610865
511200
97989
577768
709086
351368
763146
142889
289215
677098
634039
491024
743847
131950
299060
343922
640704
267964
460739
245253
312510
461881
676324
591930
293211
883265
895016
913018
591320
337386
234247
497509
365462
682896
956616
708827
306706
886349
443799
527681
325903
949913
237382
636127
911970
761323
735501
163862
12937
710654
568567
27395
425354
479466
104017
125209
488091
202975
156637
383460
756756
725208
885269
894921
317358
550646
695121
253067
682913
392963
750462
959967
242823
246498
314642
466758
149118
882628
401408
867912
368317
325400
496193
201780
488116
291142
736267
420323
80638
186514
444453
14617
345018
551303
493259
234118
388426
582545
200511
463217
808578
853194
281803
79927
795585
838778
451387
813318
34854
254366
261232
764205
255162
259269
494328
446894
516207
676576
724151
377047
187280
864499
759639
504637
950687
308232
261629
946894
578120
515743
692325
185637
436386
807590
679023
989997
870434
503582
528153
804027
769843
554865
575549
19044
50299
247313
32826
288416
790518
786050
546061
721936
516668
265315
861612
850906
613009
745390
91961
248771
542046
274558
2455
673555
483763
312972
429052
702358
988176
64491
398265
670548
509409
58697
511198
185110
999113
568098
84211
474092
189723
497100
631778
770510
483666
446071
144211
553292
993247
911596
975537
679636
548213
669139
620361
894598
405819
989082
124115
900796
232825
603453
325302
754434
711172
375958
126833
509243
675650
18580
475097
481938
607919
368248
16532
32243
278128
175466
397537
769023
995688
574382
33886
719842
631245
875608
523477
309918
27372
972527
308913
228878
551265
465413
188434
860322
857116
733579
261638
388565
455291
434488
968097
421018
742421
102958
854087
754779
197288
69217
346635
392392
682924
375741
779478
292016
319036
949526
107624
303501
224134
709740
441827
539504
688013
550212
580519
208719
830235
798185
902186
120285
202101
816661
611052
656760
637820
384613
547923
120717
953954
48211
272760
233791
345234
562968
827902
780045
985841
862502
215991
330045
710374
572615
653675
385853
428144
616124
776225
663298
77117
609682
311188
753290
573786
383653
170723
883027
220565
427710
981600
484362
45666
28315
382921
996354
559809
841773
975026
995654
170658
920717
920958
304075
569240
365270
432558
728587
455342
359313
689443
86764
933332
678705
529980
77299
630741
9468
475763
708509
488425
837728
303984
832741
584835
366085
303118
927774
208067
576621
814872
182033
39350
631195
148589
229498
939726
243764
453037
552609
173805
883578
833309
168784
98670
553874
715717
39106
104663
45433
194601
430965
414329
171877
571378
280715
8593
730364
525558
90296
355418
624753
411517
825420
69686
491806
36401
226277
345013
916304
669378
669962
204030
225445
982637
797153
983379
129931
788337
112833
87774
286009
26505
170378
855783
622608
290937
600491
74021
861666
377129
207769
303368
84787
87875
467451
557502
813473
647370
462864
411979
152912
142974
660153
39141
27731
175483
182076
152888
145572
104739
88992
181535
54006
986021
41957
883611
842396
565047
24603
924881
907851
474086
871211
294717
535013
773289
439159
81880
633987
91691
496721
622353
802137
863025
795399
483500
468428
549300
119094
293142
571739
965784
121165
672445
176197
962800
847283
419971
6025
128183
610853
663506
360269
737328
392864
588288
211516
121824
393625
320137
283743
471322
757656
661152
886294
826979
12080
946753
914707
999274
68170
690981
221749
538415
101084
314088
461941
761292
754485
372766
557937
693406
244707
928626
463420
457263
423800
974428
849958
350126
562748
752942
301127
1070
679789
280254
605726
801670
141186
861823
143828
150673
510477
454303
744637
94500
275480
519210
866355
67778
849854
183758
493020
655679
817809
653073
368541
749494
132078
948196
461956
965133
55914
621053
467406
981613
244386
938724
309468
855932
564703
732898
952316
670480
1022
789439
264535
477984
376615
260345
57969
322558
86293
514272
713869
426227
885916
516638
898833
528277
322802
428238
413404
975253
941741
755194
157730
73110
889902
715018
783866
995748
855657
63953
875342
478829
7968
390425
887316
936167
383949
273742
91627
508621
561581
185411
645956
368575
951515
312379
192709
737641
125549
48585
265646
433240
413294
950428
31
758358
986300
2714
127895
952682
435393
991029
824105
192705
848177
11183
575218
995163
968681
902629
956128
536683
806186
573148
237463
548138
692698
864387
848211
307453
859796
93041
909410
51308
186863
11684
531372
609200
2331
574491
788078
512916
637305
77362
807569
589423
885758
875279
841151
97095
177774
946806
987753
753836
466408
664946
919048
325197
938026
935370
271328
772098
813669
690211
979494
504219
949427
111845
606529
190575
572436
461517
389911
817679
235163
264941
397733
726407
59210
892263
633001
40033
62555
828527
753639
823818
901749
293844
233405
70390
327119
423408
639680
70469
794717
531633
212730
843142
997105
654191
300173
893444
477082
432129
944217
993622
274278
631877
273266
511161
910643
787590
473205
269623
883669
242085
174553
763679
359820
47199
210013
456537
975358
272386
732532
240236
47252
153482
339940
910818
851954
611925
696760
463384
21655
836204
84484
114573
247545
985837
367849
663908
265914
843310
374380
929190
782450
113904
212880
234063
319305
891953
614846
259418
474213
582857
536354
462858
977581
11318
350636
16642
606872
557548
577748
876643
599156
626462
914084
333489
767497
656000
733962
590787
972120
829911
97744
941472
573895
340084
330968
598392
176400
724175
995624
769112
396095
262670
482509
16343
747893
653659
164581
778217
444144
232457
723697
956983
291521
318015
830322
500238
700978
294594
587352
236028
524704
450304
393346
88144
320774
21953
193559
995513
751240
582338
637717
46802
551968
672699
633810
518424
49053
417178
135429
138970
373319
837960
647252
124971
544295
225778
101609
720856
717483
22976
314224
433657
884956
167844
255557
635839
895590
340477
73903
822932
887376
938720
218549
314826
950770
500776
462451
825713
897000
665650
31343
604540
796545
631483
94103
225533
739303
418648
591877
813133
721425
143046
139941
491658
153970
203483
966158
359908
231038
767524
251815
123360
874724
421662
761324
195599
682724
203653
448101
699039
698605
793547
437919
206542
804345
961223
77184
544756
266879
19666
84546
958753
52130
966832
332676
682133
895391
825530
492911
189711
968163
760783
224460
102222
774556
447247
714800
314495
42459
604047
975729
569734
364097
505382
45583
754930
778114
241126
833029
855508
609266
234614
702260
745172
323653
271666
558587
957681
689609
64991
576221
406588
918382
551999
363639
295721
475354
751582
174693
561486
946181
293268
800102
616992
878229
63717
906451
485570
381527
693093
609240
109133
759793
967200
727185
429671
966973
720631
697064
137344
536345
116853
69968
330752
826888
7090
141931
115347
515989
953665
699464
408377
376405
520097
597000
333400
531839
647338
415066
100698
654266
371486
959971
33456
788393
262680
257199
55488
9873
127257
218012
567132
740557
502114
766390
936120
32239
86944
174890
553575
572597
314833
267116
114137
893532
921827
380091
8139
551350
103431
573438
108426
616099
561037
768352
349131
7188
123215
253721
347751
386611
199859
562523
881402
193889
129608
232586
267155
131904
870266
349962
465325
126487
786637
317628
133446
788395
705346
760093
160803
30325
587923
774219
454743
823245
68669
892298
49217
318510
512828
981601
1001
659612
169957
378852
276657
232480
211898
115241
91479
293843
433020
799278
342534
999988
515596
97713
816644
764726
92506
953596
683759
450587
330378
604112
672695
582853
454629
500269
726290
700053
91695
708979
615130
355224
317576
889919
491433
773314
508420
348553
223864
258499
17734
341368
420898
476816
482221
209119
422766
202006
849861
477966
585025
311972
829270
939014
647795
391664
983589
597099
25990
853538
359120
716857
257175
434520
147471
757421
986504
149287
850155
28518
81724
543523
990896
337931
149835
321747
726981
181301
733208
582254
772822
976076
224501
321865
612808
945817
303179
782683
112973
673300
493934
240948
314405
550838
524852
211466
645364
370943
284773
996784
31837
827010
639331
348349
367692
968329
867808
895188
884861
304439
179946
174797
307539
573101
313381
204812
936301
207358
461319
26054
966716
549979
442440
663067
123764
197878
491878
232543
416350
779981
860694
497305
781975
737452
817758
437940
286579
722310
39576
568018
222746
254106
269395
676338
202062
746694
890149
403635
96195
785014
124988
669008
525781
529183
964773
90952
551134
927169
150834
632602
492836
895973
469544
176349
544624
972497
941671
113336
136716
141511
39986
66554
386149
248900
114557
78263
992902
305890
842152
75655
306512
454750
194792
896146
58677
517774
66082
328555
662473
113811
583154
253259
366488
69622
556505
789499
542393
844090
516800
39893
148326
569416
682268
296164
849474
14701
843901
356552
30571
1092
456691
794167
669559
83288
890389
567640
383581
437437
25839
917497
830598
259390
300941
831630
331069
533370
119348
235041
440122
36210
344832
512435
593103
908893
696223
149923
299060
3232
50909
134785
881478
381730
135547
262284
742048
93984
232187
826054
399884
543591
640528
189605
654252
222022
146013
734559
987312
430817
218249
808258
517303
114467
444316
8352
130372
892523
102028
379162
246649
911896
566019
908458
463885
448911
773821
987687
893608
309057
182539
76903
123567
993459
631164
394958
613926
649349
42566
998748
170878
103910
349172
213614
414306
803819
615865
44456
907512
540023
451178
808638
5286
597027
929621
862437
858890
153697
313560
565387
355932
549914
475643
15428
97164
145241
218375
313435
580223
127558
6771
952768
370870
578805
233189
916774
109099
148679
758979
111907
258310
587600
567418
563405
587273
839768
856210
335210
950202
468684
228598
502914
589226
48837
4157
277353
587143
492939
234674
83068
712497
181672
461319
526006
34881
171770
738167
180199
933386
394107
828442
897098
342838
329178
969701
642983
254945
727220
254698
88935
967574
309984
462769
469837
883078
634247
538164
289977
447016
596444
154317
507677
192565
137474
254841
486654
240473
463078
451520
327526
825028
434846
409758
664743
489039
199126
637843
615539
880914
495692
346947
867781
701257
586759
803358
92332
272858
709331
927622
56213
198129
869934
505489
670275
676304
158796
817810
370754
495792
532540
817414
757766
666543
225487
922478
828855
392593
49837
448074
533470
637306
67247
897730
904114
899401
349639
106403
135478
803386
121973
635044
343944
538411
885260
38540
406542
174187
34357
322827
759305
126930
778367
550256
300340
484889
885397
182710
389320
762481
209539
433083
749814
387286
977363
573642
592287
124736
717259
81369
209867
621205
471033
704295
282599
128755
620419
781821
29306
341998
815164
37725
17216
887008
71306
572868
185462
651120
465761
568257
627599
311780
972347
252037
129891
289957
150940
855599
543062
249289
547195
201024
814300
359587
530709
291914
181527
879854
52800
713463
875227
167655
304962
406445
680921
654030
200112
473569
335757
400650
821002
736501
552712
692877
212660
92813
849979
524460
645976
246730
855599
639603
459869
379643
365364
918640
766555
971138
147853
462918
21631
953531
887595
697419
815212
616597
628648
544102
621219
265933
309769
637307
739727
751960
783923
350169
910635
528863
989799
29176
890106
30495
288428
318102
404997
890188
734367
25762
762989
985518
437537
881571
589626
314488
965199
195615
638512
321450
857294
842521
256359
367006
267749
272562
64782
235735
827472
157818
217928
86937
862359
6482
65583
516844
460639
967880
374692
315810
568497
350425
195073
489669
657670
928020
18786
409284
312857
351497
449194
443729
742896
545585
460314
35481
952303
24432
24237
751626
700218
363393
377676
232366
997968
161724
932376
370834
541194
850956
15947
755763
382781
593638
732173
836638
335757
126393
774615
990423
371990
317868
605684
239673
426147
875486
895763
818907
1567
595845
460787
219189
521799
723363
836920
302208
151701
439593
152510
204610
182309
216557
73081
645205
201041
907334
570962
98392
916598
944656
431911
990834
184892
441658
13339
298216
217463
677922
262054
753292
583496
326912
213777
857389
928680
733056
663889
521484
689035
826923
450616
65026
871273
290803
731488
348602
867036
346398
248116
842549
236689
748471
437230
902149
399637
279840
325536
468715
396832
263024
482658
413880
493980
138328
655707
696702
977187
829534
534602
388293
504942
205356
509916
282455
360160
610019
955675
447374
442314
513874
593090
716949
403858
307072
138416
317906
383887
966345
561443
642041
159435
266715
39551
640320
414773
111570
43016
725121
781799
881783
698613
550101
901034
932407
608766
277493
186748
738663
915644
255893
35042
650773
493510
787184
487098
162480
764170
723157
902498
220633
957555
881078
141044
72448
307751
36971
867970
34877
555243
304083
241533
443942
860328
632474
546380
474872
85400
637053
966332
70828
827542
537584
993795
573639
367216
980202
223191
494298
705314
816334
201715
15914
193216
44180
969839
606224
960520
842393
157819
652682
21413
307079
312766
860569
856071
180050
339607
472365
573327
531866
162580
771021
186336
771570
901681
463546
836179
385130
630813
836598
829052
773445
877501
441853
997415
199338
13980
840315
329512
317887
773371
116422
316554
50681
864765
829718
738579
628075
71079
565152
147734
915029
49026
801167
313047
228554
407356
178610
147996
622799
291849
195342
651256
356197
979625
510268
865221
980691
282491
185955
583528
89069
447820
559426
684137
978545
323929
217840
653001
885576
78
618168
632
375019
432569
790663
302507
452275
138856
552585
50349
444492
84248
687996
919645
821836
838385
230773
171943
448296
365440
522520
761742
258228
62602
526784
74094
566697
728010
78082
965563
136841
593482
287697
527257
854174
673306
258156
346440
973946
248181
351227
519929
162846
78674
228348
921018
834924
544102
510076
152387
341196
900687
698298
414064
327869
152043
999865
744466
771769
934610
278586
207491
339999
687695
582657
985187
225834
312218
283180
510981
452639
369019
848428
126367
607824
904720
267956
501032
546082
288921
553110
9473
853660
11090
890843
439915
351396
389989
720832
823148
578256
734017
958708
768273
568097
595651
544691
55370
823021
208496
413148
819760
116181
825361
290531
710189
648374
951649
195525
458716
832265
991545
451681
628962
809835
734119
547724
484903
833240
338892
547640
604432
576686
987611
244114
408531
84484
620720
556900
655331
33705
90169
857726
229197
485256
226602
815992
685695
834231
774902
228550
156827
491576
618793
641796
111673
270720
317837
28382
432512
706591
524308
57272
912418
334067
579365
844746
202261
739509
240611
180240
276620
476375
697735
682658
683839
72328
963179
490873
221144
329552
815206
777546
877292
203684
369929
194006
252510
553736
955372
304942
273426
957716
282954
956882
73454
630303
916420
398598
178873
43029
223512
243873
787570
332581
834843
199877
537372
687727
499720
306138
621916
838914
678925
939708
871721
29903
264982
769916
861194
808739
121954
805383
953663
352226
561894
422458
300834
161027
862452
384818
940416
682719
555083
241448
591808
78617
119200
486841
626615
768720
293264
435384
781908
180618
848342
468970
881800
905777
57659
57555
147457
956606
898748
779748
256279
824770
639665
758148
148764
708109
753764
107093
752549
434375
858921
686451
159528
677197
57530
488303
392377
789199
634629
956048
930128
259247
765455
634519
144028
753713
848052
427059
755321
864208
260339
36756
82921
199953
828114
6852
273135
89228
865813
324548
341143
198303
814456
495333
5852
655125
478889
822920
235626
127105
189153
938308
191174
278129
632714
870970
359749
369932
392979
155374
608843
75899
688753
367742
795533
104870
576961
775802
463616
156532
575052
52184
797448
36501
328344
564757
594343
96951
629584
5168
528042
304445
497362
163530
978386
518507
673700
456372
114354
515777
759174
114778
289317
502848
233893
373815
966353
351749
353417
664734
470117
341469
487423
719501
519019
224534
395988
50433
875599
824090
788755
946163
331127
662225
253909
460897
332886
881934
369450
438069
177373
579536
962706
793820
347829
493877
140742
676001
709832
854452
257299
941697
970562
440560
11232
331695
59983
18126
452331
403493
996556
552776
879231
412074
709282
907958
490035
360229
235541
238684
284194
531883
345632
319379
768291
972411
580489
63790
600499
490770
110148
992208
353462
574688
825048
300835
930588
669986
954915
848979
837643
336414
659773
20562
331412
995854
171877
550281
411812
723731
557209
743029
442488
432126
266310
586538
26924
439032
305404
917856
151298
292883
538204
780266
288179
47492
324789
4278
774646
147018
475202
9525
334416
736666
223906
753632
973681
694269
167124
395417
454763
510046
886953
779898
601330
938647
668382
462931
489312
115250
429115
346173
503901
862998
793836
674718
138516
148568
819230
510170
107125
234929
76889
545191
38227
778595
468929
250021
785988
867798
660460
28806
366480
868332
293097
755487
374478
947736
325357
49858
238235
530426
69052
949647
543895
467883
113478
519450
334558
531506
142397
329765
468626
659023
930394
609313
276529
227303
174395
839735
951364
352447
110785
459102
69802
657193
646744
493709
761520
159174
641929
967625
474039
191514
742043
707845
923848
110656
525922
510917
826746
235497
562933
236573
798094
164779
707771
908342
251356
191665
36985
826501
640373
217787
122629
371539
802535
872727
266035
56207
221870
433826
411655
289777
681815
835146
202834
664132
969378
423229
316164
345401
105876
19646
226524
6653
376950
346013
148073
327621
224244
856373
424825
619033
107649
873416
516815
793776
789879
414073
455939
898857
508732
990796
592327
149327
238278
395830
346081
712572
846797
543128
98879
202028
903403
266347
526445
58997
309300
55240
403540
756210
385325
54271
999960
127546
667334
535942
96074
46390
176072
343259
164250
495483
964382
782173
79201
671688
54368
918750
841845
814648
877843
441508
876425
397277
29042
361075
793908
4332
383837
253766
121620
323265
515849
333865
271781
203601
512416
972858
318658
137860
150421
858859
432422
757236
62518
432828
476812
506094
662979
184175
53302
801031
831683
298470
384609
657806
281865
159044
64991
496156
856727
191001
474159
602747
150906
463839
153542
680292
899783
86853
326364
643199
420504
356952
481465
713963
601643
963461
844020
637476
611783
885787
851323
77205
413059
394299
792028
311420
184866
825326
767999
51091
141213
170374
403309
255400
676717
103339
679295
698401
987385
719814
590930
843285
452824
406817
169432
317943
417016
924120
321177
904703
905767
145036
403479
662750
385382
556082
772048
846145
67039
815072
706317
524860
274113
828077
159044
306307
315481
495087
97221
703885
45524
77635
409053
5914
186000
500813
188450
267653
508361
658171
878422
781918
963953
47651
138015
518572
78934
512813
787263
664382
457265
179119
420780
217153
39399
477502
755900
784492
75597
711442
375777
840184
78820
231633
920617
380162
606956
948386
155724
796479
4601
936450
791777
360393
98020
861607
649672
86707
211142
276476
763536
294336
873262
204027
836742
628927
767958
357643
989024
527231
10181
862813
136446
109368
697400
927770
967614
741639
802432
409971
52731
668764
695772
121814
952387
113450
163826
357693
421489
541799
489081
668436
495668
159806
622604
529620
348130
4672
744586
9897
101388
817383
413103
272797
319517
878682
285002
273659
787608
904120
395442
291306
62213
775762
601910
406178
409466
92177
80700
974114
400788
922858
998598
551662
105054
226962
476874
897164
339476
818699
527275
619666
918813
237259
865732
907926
407710
140504
69535
66957
154623
767940
994892
530151
739673
815499
162177
787258
466359
427137
116255
936435
613325
920267
442026
799945
39540
303809
892963
310287
569397
662285
287228
1729
188253
174467
402542
359794
825109
144378
527255
82749
207967
975587
658444
479340
820014
604684
767953
893671
846858
180883
724079
939786
44511
397122
725149
839243
535574
484953
154130
742886
174741
327952
504793
804348
97971
746943
807074
982318
469130
830036
940163
737842
826247
395735
246006
733712
191586
127705
144979
76179
327658
280407
686504
561783
487939
885404
516598
270218
966524
949953
820428
689027
555969
847089
270321
3635
787413
610357
956493
588619
840563
921663
289471
298381
329560
108167
320061
381453
417929
246631
996665
332943
227567
974837
690788
937200
854557
923203
209172
910295
591875
982434
948
656086
201915
155160
262000
764171
485142
470220
732577
383586
225918
203516
832084
151327
975782
212065
707643
504672
691218
209379
37791
676545
292695
526171
346070
946842
69424
395858
429094
712364
356423
58815
581064
14763
810239
673243
248660
275702
643655
160531
888742
170015
582067
447787
822108
844938
306588
800984
118367
46229
665610
815878
338845
416104
411413
76875
65118
352836
785121
329507
384937
143572
366252
96298
302514
453279
247835
730117
837633
452213
893260
403956
934236
508653
874204
933502
427668
982163
727299
827101
439472
731616
747350
96394
75582
361444
987061
296400
490997
194133
471288
512390
182738
807963
667767
424799
664660
818651
172368
138935
697752
797353
434000
54958
758201
63694
866325
251672
898231
116847
813353
122776
46491
440459
103979
72850
855443
334024
510036
150398
843236
585386
670347
223817
946338
612762
903660
323461
53926
101240
675229
990356
152680
883995
685940
7655
349460
957972
35324
92394
283609
308722
143496
867538
198697
533430
433851
23744
348962
178251
752633
974962
529163
61053
456968
663160
352129
899781
122460
754876
587806
846585
148959
919172
35050
226501
434910
645865
515375
848957
861591
79368
3266
25879
620994
560700
88059
977067
11051
285780
427097
875516
879523
165656
464753
832265
829323
918898
371884
229971
859227
834200
476183
795505
55949
695544
763293
713656
37086
260797
304284
286392
567599
422200
492997
256684
996681
867748
465718
529617
312368
328930
728274
680569
673007
826794
762585
96660
222767
329430
982340
578960
83036
523502
785991
630599
459819
480537
490778
92325
886929
365162
842241
343692
513800
303981
625168
286060
569454
278003
116059
656118
292486
683256
586988
113361
302629
6507
75716
967519
467649
135814
836656
575719
602043
559057
314147
78227
897671
178051
460061
579126
427618
168457
668425
543503
649381
929898
912513
90821
279723
518273
865564
355758
869414
133907
742229
654678
63056
35350
182361
674646
418072
956972
83666
314104
885735
632104
859781
686134
733451
985432
798290
532248
73468
634916
35779
105681
72429
726872
555115
782150
141376
787216
984454
68885
82200
49588
147973
292255
306796
84766
800365
278553
523787
298219
94838
295661
718854
429405
335912
896494
863002
869758
959143
19651
248262
766311
616921
55795
956866
69655
969800
626799
747224
679922
944272
258480
281942
283479
689709
721192
66646
775397
630083
807187
765421
16323
76919
731591
367674
226198
726733
732898
901886
594328
809720
954518
500401
798205
848858
398689
903059
115069
317140
38006
719917
468528
727598
128344
395476
894429
726802
837511
485723
686343
791379
948159
915148
778573
297470
677997
779162
394220
703291
685291
609755
183860
530479
673340
637625
769971
949199
604614
693264
330506
9497
14482
655000
118092
26715
858693
220803
719729
836755
276828
964055
613710
490938
239876
528368
36710
583431
144601
420168
927149
543919
852852
565889
932813
666995
410108
69572
330353
940514
881676
764845
294295
594745
246287
875147
417538
591727
566424
431233
964147
919573
843148
834955
971562
823827
792065
241508
724335
93867
221315
372574
519919
461188
775917
365605
191916
794319
236587
921160
280521
810536
902114
428633
560214
883888
422614
604461
783966
145801
631189
444798
370207
915092
914730
148828
760569
97231
885084
466848
595728
181203
587494
110289
337020
582626
12200
199478
26760
430967
595175
789472
814827
796922
6490
460263
729103
301607
457320
702285
68967
454480
889799
531193
57090
838188
289023
519814
841233
83100
588656
271512
755461
714845
410316
882957
479524
370546
536130
565688
286456
153301
93938
394810
164528
423454
720266
595419
234380
273375
862472
351397
845583
543932
797969
148559
64065
990076
286600
86442
946678
676741
480532
382130
167190
942124
408698
756839
162694
709431
586043
828515
994445
807004
835644
421710
898394
771057
777038
910424
930963
905223
987383
738178
385160
79013
615092
235867
808054
47252
453387
825193
995197
222415
180916
103077
185158
44946
410941
491449
172586
644135
205789
879102
782019
992870
974644
201497
334687
65647
456238
9041
918673
572406
316337
34354
767270
831363
102306
373135
713953
96521
17623
973066
402212
2778
94291
537470
597577
443410
206768
201917
170531
177945
754630
467239
504496
342854
800653
61810
425209
255453
708701
738862
234848
711314
96250
141897
345652
301199
871588
442817
894919
303459
622368
724658
619219
578343
479278
774146
635242
584127
283932
278579
421736
172700
693177
653867
777223
740317
662779
686521
119149
16783
938435
104441
853916
477984
153240
107775
203516
704802
691227
71733
187309
191958
799240
318164
729673
924041
499544
809453
650474
340027
671308
123179
188678
915105
594080
543644
628274
221871
459329
59283
842066
448854
158912
772329
171871
719217
989766
453944
160749
314509
172373
348192
306349
564752
513717
763931
377913
80189
170841
508333
223812
462879
621973
839590
394795
249383
111349
315704
436582
927443
112126
148857
372645
28044
185259
177382
192438
778758
479569
216124
578240
57371
845051
595938
428399
263816
407311
171340
330544
916374
3006
379808
976014
320223
360900
121913
391665
780891
892566
204430
376289
985873
856612
344609
853685
489147
752910
905542
130857
262227
831063
432638
881591
855386
822611
442712
907702
30501
916692
211049
888350
963796
157639
317491
184767
291680
432776
297064
33962
830270
601846
392875
290540
108190
977246
165213
284725
572751
631093
869665
151668
50497
324666
947452
105748
104946
663502
289710
372462
471572
981448
541217
241280
578680
27888
145218
261248
577838
625470
802547
450569
364032
714660
170612
936776
200257
379507
196655
809874
15273
516779
12134
191202
163432
628643
510965
915342
817736
117573
752598
687200
220601
186449
805835
398487
219707
924812
684884
834724
301616
61766
326214
410013
888384
834846
771465
556368
337250
238532
353175
847630
194295
896357
148411
511347
227290
609982
98069
660013
66077
269925
412770
807864
52388
112850
874188
871409
313472
801479
66980
593003
312596
628950
289596
977648
317450
279494
331560
977117
406419
614854
36277
796559
936719
155305
527972
893457
63627
767395
431723
167652
103878
917214
963406
177896
526599
342223
55852
187126
24582
309133
665604
596395
217561
872060
202683
488223
277072
158284
586521
201855
486873
86161
140965
122302
914804
988570
833297
564699
386167
110050
526319
853486
553061
991731
410536
753544
286624
320984
969528
613237
465293
966112
304268
945628
73267
906663
420930
981780
515069
308535
283953
260422
670111
503910
629786
696652
613155
50065
870083
930452
50164
646192
480249
456458
521767
472736
633256
902237
881118
534688
564399
92275
663920
818733
318135
944608
60251
538152
934027
102791
487931
319878
916213
37979
545882
982571
493398
887802
705904
538910
674821
382126
77415
711107
255975
563546
576474
567753
624104
813613
995382
29557
149712
808212
150904
515647
950823
393644
592916
413487
289292
454082
607356
653108
97008
217357
289664
229344
740643
110498
568147
348448
354319
65937
800436
391138
34734
709933
698776
84369
892519
665674
286410
541485
175107
959249
614415
887144
600875
673113
492694
792006
125605
630428
527809
189541
145461
371385
24413
851532
580931
62787
699250
530315
815578
176289
551976
28695
425310
932058
724656
235185
834166
568042
233629
253233
734912
467521
207832
132973
480420
264160
597645
407795
390751
779200
528995
780011
380976
38605
73676
817084
778650
111846
527963
138368
278674
233034
102981
681001
48092
64166
438478
615044
743929
587659
977932
90603
720310
456679
472165
691978
648221
666604
987526
37707
58498
991213
916998
134743
377832
390606
159917
6060
210947
321128
139034
102111
261850
782061
874013
653267
999252
69843
760523
933059
128037
933494
713608
467769
530922
394149
453220
690774
385276
493428
7370
363330
201106
162693
355222
278302
611076
787569
642672
254779
565885
655687
236165
679724
338992
30739
217140
881837
445491
560664
104826
587538
534830
326423
150729
576340
438039
82740
994762
719735
436087
837334
874999
930692
99972
165457
343325
535654
342087
200950
422423
815957
3617
385299
725433
431127
307326
3631
302146
530715
406499
857574
166441
328358
103982
91902
532206
283507
627543
750289
17804
377211
302462
586924
719008
690692
922917
167780
748727
943297
962040
387071
622140
932387
636443
746527
503010
426158
653423
415058
130198
926138
883300
717887
517825
730520
527122
238597
431584
190866
994824
580388
369219
423085
75501
373447
361100
547338
16530
909632
493519
193429
518946
98645
581946
256120
525151
433573
143148
762320
594776
421454
376014
396495
153611
981454
470258
248405
874936
727578
110067
895010
644580
805854
648224
831021
117913
857835
620611
35998
706250
570666
21410
298249
902775
443650
189128
812764
286060
792504
382645
987923
526212
255199
471046
172906
597448
574516
653190
829472
50357
273093
788247
803981
474864
347525
581044
53649
391787
319054
690920
82878
494451
521919
895380
678177
950342
665102
786364
396018
613183
808634
636789
936468
134859
2790
689175
201095
785935
503114
966348
390012
493152
644671
531191
224271
93387
347459
478268
757218
534147
305664
73163
545674
878272
874054
817284
367535
529736
852472
436231
737010
813245
352626
234467
182356
990406
447127
828393
974880
104917
433963
569391
910037
475358
708189
939724
802370
845269
529165
419946
58723
126897
809976
47226
747138
795206
112984
669672
586252
859369
793796
939084
692771
38111
32932
600194
602420
11671
385355
731698
978140
39165
708745
166296
764005
64017
219746
343792
301295
94612
122407
175889
775641
844660
706785
682191
242342
469120
580493
907139
917457
612542
534130
122800
985287
501702
734385
338338
424392
427354
1710
910083
743483
663607
833286
910769
741013
209557
579620
496000
277888
143785
645763
960625
689053
559074
920933
752149
260172
565273
550903
146688
668277
159423
848872
816613
60534
858338
380435
906266
85827
453899
477236
725670
184886
211864
47762
29401
557322
307719
136810
225639
407234
601768
886675
955284
318500
259838
486114
696557
547464
554975
53482
75420
896944
608485
4139
906841
840777
803141
960245
896574
533750
654937
519940
4607
171987
645919
285014
768221
659791
720782
449711
687006
437304
177178
54508
25726
78103
124451
897997
736267
505181
645385
172280
479544
777431
709480
955776
740306
278507
163397
154928
711933
497064
309805
926365
806952
339018
622585
293531
468749
947003
418277
129610
11543
778714
957583
396081
410241
617948
883017
474028
582510
3007
540158
501842
886282
848048
663524
299121
624485
382148
740967
622287
541085
31127
406691
536772
43022
478475
715517
879844
631647
779689
621064
447266
964199
83448
446653
93613
513611
794883
70524
599211
728199
516986
194347
26803
335372
969350
326485
503744
321700
408264
556581
62447
182237
515926
160024
220383
935016
344095
774120
857858
34325
291369
133428
665621
735149
921817
899273
195361
169434
610182
89694
121814
611628
57894
778843
155893
707092
309197
216136
926983
162192
441221
439893
603316
155170
674753
985819
604397
517583
617390
103443
136308
677014
674953
252284
673798
23175
402449
913502
243910
99304
830328
764837
941930
607407
893130
827846
395181
209481
376580
122269
597035
40598
864220
875223
122873
937505
105972
79304
617019
166471
602790
783619
356398
580174
218205
931550
26250
214492
451851
402119
724906
221604
184607
170735
740806
665701
352622
605659
421473
135946
995069
630982
267703
503739
126281
240478
370526
195979
524495
262028
872643
129694
379386
477010
689868
196190
930971
408475
664712
471447
626947
183898
620631
904287
695661
70872
669099
988527
75848
862283
360797
920075
602488
399163
255775
94996
908533
576479
593747
373248
175530
212406
18899
629630
210446
882598
805310
516165
294543
495844
782127
514950
677402
247015
697282
635498
303325
632526
833073
666785
478106
329102
536541
499524
706782
764131
72320
937756
37986
852383
83787
372131
923736
748889
470137
218444
113638
598162
515804
952127
761955
574170
367301
540086
700206
304613
604763
460989
995056
308188
538566
752900
537934
683852
749002
664905
456669
433000
792050
476420
659646
568854
88088
294932
1366
372221
34511
494612
357659
140482
531592
977517
176376
659982
490128
748290
419823
191905
617977
890796
843922
999925
895211
638641
653199
420116
424477
663290
293595
744758
981693
870752
283928
37919
849692
184789
580426
39976
401820
384630
357012
116516
372865
301846
299909
591600
564497
33981
121354
337941
35237
925682
201348
159829
123984
966573
506903
91454
858813
880246
967153
455789
292373
429644
138378
386820
835537
26427
348919
609032
70093
252601
960236
157484
868970
731899
532023
679297
581539
633015
658649
330307
821397
936482
381224
632639
753163
977129
443484
65905
674645
948527
756991
326073
846438
681725
129534
784940
218976
197559
834545
894747
199197
709454
99939
524993
219333
211581
766870
226704
413016
291455
39817
860876
363142
239932
502336
454868
645181
116951
283889
727793
597534
422858
601243
384559
875426
388568
415561
1321
403696
120524
86400
636084
542272
371183
138463
726131
494392
85745
332898
483838
216052
48912
398338
332386
13597
444066
217375
692801
749709
103704
223198
628023
514030
49829
448710
612607
646033
66323
748110
248818
364910
535647
862239
31314
536176
260187
68574
672170
622788
785729
558470
426650
69354
418554
742378
199807
651206
650987
274450
581106
552259
328622
872446
368126
949793
489781
172
411068
913782
26705
185467
602199
310615
119242
646058
785809
217971
489227
585937
94380
363074
475571
341670
517488
430685
152942
177562
411417
271253
627371
225670
816106
501917
59345
118119
832302
411077
845676
929732
648641
134042
490718
152218
282570
940962
904264
288714
388693
881740
925299
857717
739759
523588
121983
640405
62745
596940
190468
251125
211168
384217
115935
193713
216574
273843
370035
227901
658880
954116
874181
384270
218591
54914
520051
596894
141429
510050
275406
492008
305947
480
596296
98012
505209
292755
968877
363548
483740
581638
986085
399303
644659
589155
869330
896871
432689
167934
216042
722716
474577
996424
350605
630934
172292
748040
947673
916325
202880
465554
55130
774550
45362
70009
566937
708810
714455
312378
132789
525060
143854
916262
40302
513486
62880
775833
231903
339513
758116
666899
997166
611474
365008
479761
750147
481332
787689
513952
104314
234252
593259
983422
396013
211768
912512
420890
751533
941482
431208
457192
439155
943559
500736
695008
556230
917788
292855
746837
801307
358442
477547
541804
386289
715653
961936
663922
320064
899838
398716
956802
482772
492542
260205
713490
367057
217359
586845
533377
862664
10697
994382
307506
664354
298485
709196
566289
890285
690969
131201
228721
81517
113509
405613
598028
730714
547404
785508
211697
988549
214599
845370
560959
292554
114680
158950
892027
570893
681980
449737
483351
733788
659594
299726
808702
854932
497822
710651
898445
950782
682981
953184
662145
678331
161309
264626
491935
852304
268292
49399
92408
413296
647426
604783
363575
245983
163522
486836
26846
691380
494963
291496
691858
987185
326227
365632
366102
482906
721059
207828
178737
832108
359906
756339
893314
534912
863907
404061
614286
54205
987821
703303
287059
941897
960388
853622
27487
36956
492831
557296
525216
976872
363137
791726
354135
163963
501806
695479
115789
335168
126814
532707
193731
797962
377921
712763
945296
267264
830901
609180
162802
969694
977404
988196
740087
294167
601270
491172
560284
852658
164271
7121
411043
126313
55737
923573
796034
279339
825800
11606
257382
631086
533711
81101
745451
76473
202627
309001
705335
762104
861931
483272
426288
490760
794901
922520
547966
23106
480789
711262
318331
742365
858436
333070
469673
548083
426342
163506
652456
938507
578832
721967
464911
841827
965390
390192
444850
781806
946306
73799
859203
746681
253697
655754
935544
36350
766720
758553
694945
105475
563478
894298
921439
673608
217394
873965
663647
327104
434069
482417
589261
114669
72695
370318
802870
151460
44100
158671
279533
79712
778588
462986
556762
288505
617035
121836
571812
737600
325546
657035
989705
837653
591215
320735
683256
818354
451593
311801
986901
302218
167158
914449
240693
705511
549338
348480
367937
16635
256895
150386
551126
421942
717318
369694
250946
527969
245629
355169
542605
454923
48875
560758
164524
800337
618112
339734
421713
10261
922500
178304
407792
932430
667573
601834
411498
534753
726848
891706
174903
798042
964888
799840
309552
634884
947880
830622
825894
389642
151232
678350
480573
95814
398605
96863
777039
337035
167221
222339
427122
654547
532915
222735
407082
705712
970862
755433
98427
750986
193795
41677
545419
65224
217581
343721
989533
715140
920887
848888
274305
862344
605036
366802
636857
451435
403072
601921
523154
954333
993460
217087
993219
300281
66915
533646
151928
38769
657926
743610
67537
554170
312594
816597
670656
201411
966595
246660
643290
535894
748957
760154
198183
399966
415616
328343
711248
576881
757844
55777
891017
634738
34333
623901
169629
748687
359941
904008
807082
244343
209483
657936
973389
665442
34905
567788
277562
440345
758583
773936
733900
703535
828651
166578
336206
5370
382167
953900
535677
693393
239419
53238
296890
157255
252214
450755
700192
271311
605602
404824
478615
438459
284149
544540
336146
231147
339157
899259
274464
225014
922839
928132
712620
125936
695113
596117
57451
973889
220644
805235
410070
732079
176595
114569
159052
126692
37508
583339
141269
141819
502966
560569
451137
414882
11486
824266
984064
577550
901537
543340
784153
311052
355719
111415
496715
875592
402372
280622
414285
951934
466170
954982
530944
772267
429169
511791
938916
46228
470198
458396
145485
661426
956994
774672
707461
651215
122686
512035
52804
942138
78955
638492
179040
905753
100096
477973
369651
964351
385056
934910
516117
236083
978501
692877
589072
39235
951294
468715
900485
64864
722798
89666
780639
487685
304270
714071
59173
704010
838760
232205
84969
949877
130899
105674
866372
539915
220218
967935
391622
798129
568506
895713
795820
168131
519630
402845
254170
503464
912370
326333
802107
931214
472216
847436
205997
134930
463856
178373
750465
527430
929388
855237
803119
32870
499322
575573
42998
828008
944660
632097
393471
296488
696835
187683
730716
895100
958332
582536
853972
307141
396299
959018
143608
104639
630479
559180
419470
793483
405717
559295
844818
36852
252415
360327
393457
471943
476837
660526
694234
690164
151981
759355
719571
938731
771970
689581
74371
817001
527617
364637
729063
890697
364617
785152
451974
101491
509760
698452
174917
675272
502744
21892
1543
617866
62360
619262
792110
821084
244590
780972
559377
457850
837028
589250
896827
579988
384848
875827
962169
206771
301181
462149
215984
716507
269797
976399
574244
33136
50376
173313
212479
45709
415463
764124
827971
32852
608537
542001
88962
765983
668791
914274
165458
642014
57296
984712
273314
558537
928848
176348
508419
688745
895491
603270
479626
697902
859668
145439
249990
238707
477515
895702
819282
851368
675960
584593
283243
535010
899415
845236
24083
573043
177861
900491
664713
123472
34362
151082
4786
837536
700564
489724
895498
880253
381708
231755
498493
88013
390247
891021
82932
468423
377658
449530
629324
720071
584396
424238
168468
142418
575619
366967
239262
96618
186314
990724
646214
142460
682415
396955
193142
603059
471146
772980
428617
120595
198881
762746
51969
185500
77323
191021
454730
921347
619415
782446
11346
138789
987801
768466
297691
422696
303592
141601
263118
557851
915159
659081
247159
77626
862361
142837
200909
214963
946588
858642
652937
42058
435292
937210
419379
364108
137148
743079
898172
21301
651416
159465
538611
945816
37541
203178
336407
930331
324158
798176
851682
607785
57316
709050
623420
129331
247925
74595
601677
1939
531506
854359
549632
833769
614778
344981
940550
412155
42485
670481
158748
111698
629096
25121
570299
717741
425850
578067
420102
37038
496808
893525
625341
238737
737725
636104
299170
864653
982616
21830
25398
747757
645093
134242
605863
173588
487662
416429
682514
621268
635006
953003
582231
266229
160440
470013
228273
663657
246394
69485
260161
215301
620117
414809
289421
267114
754766
897051
436454
617541
624096
140873
964246
156122
419052
163861
257971
343080
620228
703789
149392
421804
356630
682456
705763
24778
940055
527096
140104
989138
951309
611592
399204
808409
600602
562677
761961
731044
489932
509943
567873
784482
666230
845635
683271
797769
463746
290046
219575
992661
341971
961131
200537
718629
454196
319125
45459
181144
857905
88967
575644
683942
982597
555067
692819
68950
542222
352617
889923
456277
590881
199738
927369
72988
952461
491120
264932
656399
36231
226485
764375
298938
385778
491643
7834
658345
294476
630242
147754
612248
442557
601684
592889
920295
104646
716485
398586
787506
707956
766247
44549
970503
923507
70392
199193
997105
143476
924716
274566
611200
177389
8429
448163
126260
495516
34181
809112
478169
791450
666351
836305
990586
775058
208023
424302
866756
167520
870024
675015
646366
153503
97964
534093
540171
909339
69933
975511
223810
402358
385846
721778
972243
969624
474974
710501
424904
101971
33811
916963
164008
255526
345895
811130
604997
622521
928035
486832
267317
981375
687494
382465
36679
400909
203754
667219
906887
13117
796554
329324
828839
998504
117388
276593
922591
326722
989946
638922
256891
593948
879846
61377
810344
399845
659837
188435
598721
253257
19333
319476
329890
610379
270870
179651
341307
435484
265874
17003
820529
104011
669306
896839
34681
431882
31069
92097
777653
901231
663620
593793
602004
712816
336666
397527
313320
484044
698421
6171
449128
758021
359395
585580
736343
695711
272214
698742
939706
345089
542603
836979
980223
585168
935041
314845
592080
347167
502742
417983
276431
810470
642155
930154
759138
709526
153333
757113
753781
460365
966200
16305
75230
776938
196672
46543
956846
133713
339133
152049
674606
855050
477387
639076
744351
122352
221640
969620
92920
684322
271411
217465
239340
526835
828440
420273
217520
657778
103400
150667
239877
540394
556983
100216
191355
469028
488621
40670
950686
250509
510889
595285
218672
48782
430617
967804
510475
583587
799569
17982
475551
401750
690096
462611
237748
114060
398130
265013
641942
657176
793072
659935
381023
401715
240932
646153
925120
242943
875604
515541
105783
396914
448981
540729
862945
820972
704513
449991
176183
769676
984071
143731
554891
736325
278427
650899
665308
560746
902077
962581
50912
17037
338811
538154
274386
213687
465690
168966
2372
148359
529748
474130
601671
928313
357888
121397
826388
875495
597717
953360
168600
159787
348680
365359
39709
122417
690594
733327
753615
72426
461254
427132
960568
259793
433178
123259
197806
810263
937724
239410
965718
424050
373304
562898
99378
431524
23846
566928
83575
380917
145178
345379
764964
439787
271171
693268
806867
748614
580714
259276
748180
176115
425013
881427
640235
601331
921172
865039
997408
29688
262346
347128
324143
484697
395913
140676
810813
975381
730632
576077
572232
606392
364362
90475
296236
722553
691617
130143
703528
603266
791700
105229
500542
391666
42906
478020
215476
36524
533961
175976
109858
491636
231594
480504
142459
848299
898580
682611
605626
458192
739493
780628
408457
149649
769453
588672
482303
255112
825440
966646
700699
701059
965386
626085
324864
764882
991246
291582
980823
230755
948063
941931
522776
17539
677211
204441
375071
593786
552206
495956
495524
199432
235562
208078
734528
34979
192352
563116
235345
757941
809503
324900
241599
260954
48190
321792
812762
529694
396467
625507
503362
141074
869020
397945
990436
348605
402622
494203
547863
130574
609471
285480
639047
573897
204678
702357
173357
236777
162906
983800
902179
267021
91372
541028
309956
361830
808961
791110
648243
721781
313662
952570
12887
858959
291700
483803
581849
176379
492734
963046
96390
191314
329919
59068
678358
596415
518707
82686
164009
446683
294464
683390
929906
838484
980786
291718
903402
155776
664189
108886
172008
404270
164051
148733
848236
921764
572901
209049
368445
775539
550592
381490
610993
916078
47287
142754
602598
823929
292916
533607
894831
43527
587984
693286
921203
491448
562965
48016
613833
629743
524104
474710
521775
661381
426763
450767
358817
670591
430221
647429
698611
459948
353710
960712
171281
160558
533937
739692
994020
47746
747789
835982
484671
972063
866304
882987
774250
678319
120877
847322
177137
927789
826623
166186
840049
907038
263938
962180
783279
293329
410265
375309
883972
163258
56321
478086
656659
139269
947531
393806
323997
815540
634167
653484
207064
375833
643123
529520
145873
769360
874355
49066
746301
409154
195010
690618
339941
184680
175794
74782
766206
379559
649325
980135
746848
841180
196568
206183
750672
180589
565180
312619
404369
237327
242360
314658
947936
854452
412838
660408
442334
800332
925784
582953
202982
645115
904537
609524
372245
811291
230004
877752
921899
376364
132103
735351
294867
365054
660020
355726
382602
909222
706920
69448
359555
670702
864090
409161
929204
296606
515770
843128
752697
194129
573090
16589
346594
378368
785779
768539
536322
275161
249928
572325
818871
478054
479983
251540
83672
548149
909860
120436
544714
555493
854761
232405
231904
259097
584918
137515
255810
34306
251740
332057
124980
352411
457740
472136
468762
933430
44128
556092
603827
726022
433477
288316
676979
775819
432610
389630
564852
903699
243844
773993
630551
752028
5834
691182
889577
668621
791035
496594
800808
871633
331281
381690
966291
739433
503673
877437
712588
259302
105147
397339
983295
827385
280118
618947
368063
474767
400715
483342
45929
51826
880594
656594
492590
303852
660534
257221
790405
147782
369659
486163
803749
603853
542719
952940
519162
580117
432371
700873
943929
664260
495412
299965
667056
959502
925297
721426
213563
435620
815052
479565
728249
11143
175743
721384
943081
36120
415056
434462
443692
11391
673859
659486
435815
603128
37287
939226
721023
678718
350432
178288
554657
343348
760126
322589
498008
329606
713125
224124
861734
736832
223765
209004
768607
675841
103465
584464
120604
33702
127367
561022
957355
724458
871316
680534
664897
346195
496566
186869
228797
428191
165274
13404
307123
988202
953643
904900
997080
758941
438517
920715
88908
702195
527521
123898
226526
284641
686545
515962
924690
354896
662706
547136
128586
909797
477554
5889
100944
700676
603652
428802
616789
157149
571999
102129
943179
355464
37747
313379
299510
270154
318008
275713
132428
762772
799295
810462
746257
537919
580467
373237
376776
740303
157837
759639
235924
283126
627865
286862
669880
761500
206364
120775
894288
95259
317865
838666
566826
149289
510473
667708
573925
81495
690864
47207
89143
372393
743001
818183
652055
270259
901037
80828
780463
413341
782983
368765
252225
970512
247096
878275
975839
37356
258132
29165
762561
128220
886863
720998
683532
42233
664335
399989
701099
611868
696643
921955
524794
291060
407026
263506
211650
14912
38654
770361
81075
721567
71513
530520
948300
827433
768691
754097
651633
430232
539605
380999
988764
679131
745274
268918
838395
225092
19029
517326
912955
772653
189837
174098
589973
303242
402083
247730
362238
122592
925502
686585
773302
691364
817140
609403
758154
448011
255844
642911
310861
414773
561844
968239
935513
105581
355271
952029
149596
901659
317909
81970
458307
173668
642603
144718
806265
888732
68980
568992
621832
426710
709684
282270
417367
396954
610396
466521
416873
151642
872811
606811
752391
855199
918024
251462
975950
597787
896667
891044
444340
648777
545780
274221
923924
813054
470953
500364
963387
378289
452743
72122
834581
512450
524748
213365
460259
992008
521391
187533
61420
388081
910627
625994
965746
931638
277787
727314
289262
319938
192211
443926
895273
293775
319941
898609
473786
534991
785617
675724
859474
230785
599464
691220
739201
389425
91077
935907
585833
224842
18698
465887
960241
583904
20718
259213
667882
659698
111291
76284
233809
189738
194495
519584
234457
198945
606822
483157
446870
77255
956606
883074
24291
728928
789426
917096
232451
220534
232182
918655
685731
283955
204092
696711
218854
133809
567178
514620
682052
26212
471472
465570
797302
926538
957940
774383
73726
173701
924498
839105
652697
712404
23806
565806
339430
494056
488538
649796
944151
486048
146365
300141
371439
734100
346409
29249
850797
197867
951757
333472
182571
822933
382795
248795
709088
944609
752275
638692
903632
368118
611737
305645
829346
118318
464613
955225
229377
535251
918585
953427
641199
567754
610904
790702
66680
533129
80126
421694
75462
570992
900475
613737
583768
922155
31604
172061
597590
311602
825415
687
993634
641106
916202
290420
249048
444796
612626
167198
354481
753597
283426
427029
12337
979087
280758
33823
939458
424480
273176
374794
647006
34303
850057
379135
206503
72030
97017
676659
748433
395895
761573
657394
928042
777206
209108
376032
382060
473501
793829
528701
635639
510227
176814
167593
613015
108459
755239
689232
202513
821431
904956
421939
323837
373428
152529
631092
713082
426225
749871
407863
826988
923
701268
767777
211223
810412
606975
434614
617687
918083
249146
533469
711846
444996
992418
173143
923566
660727
851328
798224
211230
565998
816088
598376
972504
847831
981511
569914
251270
858151
217138
397017
478233
986417
208280
268281
115648
66713
643456
984968
970860
259956
6796
586772
53444
226014
926335
893007
235378
919812
239672
571951
579673
865093
106835
662532
462338
63730
507273
941693
334523
862529
119020
404186
79517
18014
135420
962936
475498
792547
512684
742794
899298
129103
942931
597961
421804
410386
47233
747538
775414
40919
736143
217139
513433
510714
584633
657404
63970
690889
700562
399961
163903
927589
324778
66911
896767
326325
515941
102967
333191
229032
960973
827663
534292
944209
819347
111590
782083
699061
783174
79521
107278
713585
648381
676559
385877
108392
177481
255814
702817
646989
454214
887544
5253
605809
43450
106724
835185
366032
159380
413901
136762
812153
725552
450341
856017
987998
931509
247560
432783
914619
423200
603063
79731
834030
628389
366350
301776
454519
922516
625347
565206
33344
605942
14631
2727
468820
445248
997862
120244
972281
727169
811296
547869
452345
490121
932817
555385
607239
145139
486534
856606
346940
993984
225144
313309
799343
807237
326300
633900
591166
990085
74328
321502
531712
311199
296162
38446
173801
474399
611422
271233
796266
160128
645425
477799
953550
982932
818880
178856
731941
93596
295312
567930
523848
43063
971462
495389
370069
145527
783778
425933
543091
527504
106762
469007
275368
246399
523119
490789
814995
8993
336303
658769
123952
96439
530955
908397
148657
931991
781209
843490
500092
916574
15099
626193
210305
668562
577684
489182
629624
572200
125450
407937
608231
129247
550036
770550
77989
352391
668471
912676
610316
597425
226138
669165
589810
679600
575148
274166
999329
536806
181742
653170
605475
45441
25035
283986
109722
661596
289029
742609
100121
866589
729292
346837
558501
628078
477772
940439
393383
459645
565641
199441
458952
619577
441381
179808
576421
515651
688930
5376
881979
686796
473771
57748
196047
424922
738824
722042
726537
754095
809933
332975
305019
900234
319853
395805
854214
183179
831966
144655
981585
328152
294392
335026
127683
93264
209892
290564
109597
704793
213770
312290
134318
659754
209365
268853
100182
342126
474553
402691
21969
648148
375892
839159
792286
383389
786331
269128
630137
521272
296345
558681
738252
867822
511177
785645
588641
830519
193576
56172
98004
413503
598646
411990
914315
167021
119058
286521
291801
968554
762198
841479
807955
347125
412867
131678
303658
358166
545928
858065
647189
638185
462100
811086
368275
84920
338433
603083
860533
600429
448484
48351
665510
764105
537907
933383
729175
565850
225905
963180
176326
187526
199154
661610
242307
279283
362237
145034
825956
518398
542058
195911
597161
35314
692249
426650
705406
636270
77190
727930
152832
815212
312491
906997
927252
937557
440573
915284
118000
808083
865181
639705
992658
285520
806921
340226
780893
628357
82465
926884
496633
602045
123904
731075
256930
137071
94651
326451
786513
992805
704666
288085
624532
99092
768638
556098
304741
186273
252997
182300
105660
911573
505561
717637
494737
303008
258541
767510
117149
945344
156959
803701
166276
376516
598996
438621
790117
647583
983412
912442
904397
402225
172204
593861
489068
432990
875665
618295
2828
539051
623784
448809
56079
793165
680148
945230
889372
505351
560607
740319
614168
980689
638657
269966
967962
483201
922337
40691
26890
109511
229088
251193
539401
784595
140803
871497
831329
428345
970757
773092
636259
92570
285163
985903
607411
279872
666832
488387
716022
174421
268408
200609
313155
928634
863108
559336
715621
358529
765573
233154
678653
871654
671271
523903
121480
597934
730624
990662
959409
683212
837801
119385
45469
464828
420393
739700
27761
752482
583416
813042
144111
223131
190789
586505
738893
607970
420415
656517
824573
947524
941708
702506
645608
132776
407910
258945
829387
494719
970607
693818
244924
857374
605176
458430
794186
745736
997244
867125
31197
238430
511760
412553
642504
688266
295112
357675
896439
671409
429592
268082
543380
513454
216112
21059
950897
437470
870471
628094
886152
443350
906910
237792
847438
768990
634479
759682
245207
521292
661297
541783
794182
986637
426166
547584
114483
339863
495053
440654
326373
206640
370982
881924
540446
281022
487876
933067
87435
429349
777047
448974
841469
326221
588953
257703
301561
816972
651645
843213
945666
866086
745457
170191
898048
996805
352702
360292
723068
955480
113075
361687
843098
197805
475580
136080
386833
877863
530184
127191
540729
8902
184841
843799
659573
416670
488123
496749
537277
551281
897510
460607
141837
598833
664393
954111
657016
308665
907439
831770
128116
296477
78432
946311
138939
714355
833475
375590
457068
398098
75797
63065
898126
306443
60924
321300
177839
213027
475857
688996
191555
712886
326648
658324
942968
772971
796105
968258
374557
137212
350223
282244
389403
665936
42191
289274
422224
104657
444658
436521
515179
271163
151443
501608
356839
131781
585535
621579
723128
713244
626646
613206
949040
571620
627470
437176
134448
997134
823278
893372
586956
904890
988202
426440
525307
629668
9934
703175
884679
346151
791654
605664
476069
433080
377917
858730
62546
380725
728306
578632
620707
13613
330608
969786
899113
84180
825948
608977
24959
865400
984513
860218
782100
857740
878078
277834
883298
379417
720570
77907
756629
985382
195488
247644
153821
769047
284918
407884
922144
207327
828576
150676
698067
366204
784304
547247
152020
977274
229465
546913
160046
426465
656632
51403
631321
694346
925006
976320
422776
456530
370477
657888
942250
72910
984382
75090
987356
631606
241045
84440
758920
969713
490241
295829
307490
280274
563573
424123
623729
561490
583734
776260
484199
225587
945124
896346
961425
80562
305224
749644
771710
567858
113787
374129
404851
901078
524913
839254
589376
791883
295764
424080
106900
676009
834509
918684
883371
857638
257163
787766
667517
969023
808279
985270
133459
228034
409649
497176
528750
10322
286339
522276
738571
411466
419705
526880
172531
165856
284924
583199
664457
815930
687764
470898
541680
1524
422963
913021
145564
34624
749572
142313
526149
983439
136623
846516
941461
423334
45050
957124
173132
593293
843781
769000
473697
713638
590812
282088
710302
639471
741840
717794
136271
448190
159563
109127
81324
589525
529275
524062
889355
376093
235726
612555
132715
900109
896032
30712
971149
55544
448092
177786
505967
175825
987334
713107
970363
209117
322778
588654
236383
276128
171678
344516
98928
224061
803618
59002
953859
816159
39320
694876
81316
844673
238007
577698
681757
671277
585061
579884
541474
707569
372945
914919
126844
317527
430500
323864
831082
391924
615034
688911
954035
931968
131664
420410
877353
389756
900016
488363
371919
498827
243896
340337
616695
653733
583978
638008
140640
931136
990853
386255
129894
563960
100569
696643
775172
373598
885858
969718
506365
926211
915838
520304
263967
733505
438752
943482
848760
7098
676091
988891
272790
806848
123457
275921
791345
755138
444767
420573
852613
870327
319120
747726
378843
359830
158127
414127
728401
717854
11368
760307
239663
980563
488210
375226
968152
587939
1151
470504
89933
648063
654418
822809
533437
40175
311506
691757
492489
162207
75531
494956
815502
584645
126525
322379
974171
651104
51678
914021
870131
577037
982604
127612
739781
175116
961947
320319
299459
622559
689495
888027
821823
784849
439516
211531
872813
509729
847970
888174
860893
365518
748222
736933
407756
745039
826761
170097
823288
65421
221565
401647
509878
841231
650771
403965
34994
850339
83311
271981
767169
21173
512055
569762
757288
46038
93601
580314
242353
512114
86243
34149
622275
714886
83312
801121
14379
645776
871656
813931
816951
372062
526243
590124
66790
672552
654641
474082
639205
834365
553407
184217
447955
546568
115902
798667
521152
260951
245705
135540
888967
533732
688914
815389
761726
847998
995787
670980
453234
135189
631225
490826
268790
196169
853334
111441
982185
640207
324636
533235
680658
656746
185019
82076
764960
477973
813834
848402
42886
555940
952639
400612
667678
703758
98262
32402
86918
494749
68523
552621
79700
586851
467576
164657
357502
122198
663365
312918
236220
971658
757029
771747
659309
147102
946382
51461
792391
168388
286186
303202
255959
907574
723525
422191
412362
541421
918990
13238
863240
191205
652541
406852
810503
298964
279316
88316
310002
103706
61080
366986
962147
776955
547082
130796
494431
422560
517686
222084
451183
204606
180990
932832
573887
126746
212931
816973
215908
305136
354454
241146
387579
615878
129353
100179
297634
740108
330643
705830
535727
955073
390457
588598
102586
613364
875226
940815
266444
646896
347723
447803
672899
602908
431815
904546
605641
707667
84651
972367
548998
993944
685507
826073
154470
350362
588468
922868
299131
910878
104156
124704
355844
227916
715551
812521
852377
155155
106122
838356
380534
13609
708284
214369
417365
442574
761945
548136
810756
167632
535285
154983
165962
480692
165040
793719
369974
955181
457147
807485
897775
772742
584881
293743
89974
341083
833525
937745
669822
494157
97379
331112
879808
131597
616139
555104
178492
54458
696509
927767
816263
752115
295015
284816
942815
632622
508816
222655
190587
541103
578005
688330
892903
480818
90912
481204
705165
352746
938341
521892
306898
804630
945437
978977
554393
718854
113913
302100
470389
545236
908428
162626
169640
57261
613732
909511
572437
499041
362675
307000
629294
23879
710132
5223
867395
712715
26403
207716
563608
508023
120520
976229
301448
819047
485671
431555
637303
892564
918089
387188
916379
427931
411184
906025
433493
340404
829061
335419
763713
992778
910371
718935
110446
539587
759680
683077
172270
930306
854256
668753
996463
258529
200121
82831
785634
247647
143940
613413
59054
228966
361089
366108
436187
328109
511820
418655
270746
137184
249768
4929
35971
176420
689048
636532
554432
435698
85373
114721
934217
902285
884159
277164
577876
967493
856000
370519
838001
762633
899729
24037
878808
888059
148555
316557
478749
468715
396512
292303
877943
914398
93436
562548
752186
203793
696171
117665
431400
378767
985034
772638
63156
43065
835562
770911
453207
7369
292765
155560
417919
749685
833221
711955
974507
88419
98693
287044
802450
170542
525004
394015
984685
431253
681656
318904
891443
509478
867848
422081
372515
459661
184059
868871
907395
548299
712542
314783
781063
122186
47177
392920
474704
621089
721397
356386
665503
153735
749862
613610
146806
201764
272926
295990
499914
115820
284470
931549
642154
747608
546445
376183
224314
634391
990581
300572
534250
594799
892129
867428
434565
548608
272763
230790
507442
758511
631672
908886
936004
591174
895525
367658
269679
46593
301232
371995
408112
682065
152312
993561
698947
786537
376093
450901
914254
239658
270109
733726
625924
980898
967441
770995
588383
994912
231840
64867
504858
427911
205889
169577
201103
466417
68887
714301
883518
42505
909946
155947
619859
96971
338433
609370
25005
760620
192566
652524
537058
701248
60321
204105
468851
63649
230717
427668
389268
759847
771827
162278
728265
921917
101017
193964
182107
823337
957613
236459
276337
514402
620278
23656
67118
366385
568278
366040
965274
574235
189090
728868
956490
403877
284817
533160
326901
638026
534494
998317
799250
720233
60257
937030
624556
795036
691837
628920
455912
302157
644247
825682
234571
462213
704244
189690
270252
51878
97911
987591
776733
664476
297280
850244
723844
923501
625300
433229
851508
337017
940042
804669
950287
389619
864083
596496
813471
620630
11525
92611
817397
20160
957187
193942
896119
738440
901432
780691
327640
495627
77760
784991
404613
531738
933474
240843
186064
391537
377664
986011
270151
573258
805292
958739
242235
954917
740831
967448
868751
8120
673774
648787
863514
415640
130014
343904
194804
430610
15443
596042
888574
278316
190016
249204
520463
947312
876417
379260
137189
804864
181995
792428
744705
978584
572654
589786
525205
449632
153482
939914
522942
873936
500753
782100
254812
400390
53520
53710
690268
403822
588573
667886
971075
607038
436226
556700
216345
27059
623194
149595
692789
412333
313384
433698
262840
299936
842966
57772
403265
345895
26092
27635
135495
503070
900049
74027
664051
202737
123681
896469
788536
529333
449360
305992
974440
411225
814309
686268
258642
149357
883613
533289
919400
738013
863095
625808
502003
35834
319293
151690
41900
468730
750516
453769
770465
199742
229491
493822
18493
372008
338571
171108
834599
642420
576693
332819
181227
726668
547589
461457
286397
789726
115583
568948
282717
404642
823433
996221
957782
330218
864050
291606
47700
381517
257984
911642
742937
997675
679866
289866
923247
270833
887721
452963
540784
528701
708485
578836
444296
882912
68119
783622
203414
539853
995013
174552
731014
424017
436593
480570
218257
612864
188862
397717
934704
43667
180517
821676
139124
763801
187064
875608
575438
266551
829994
580581
580655
468881
482096
645781
628682
794084
467757
255087
911891
500786
809427
515258
329926
999640
840338
826355
688350
305903
412169
960343
156933
405531
725736
159021
882768
146425
782291
838696
765470
293556
759265
519491
562816
27452
816891
74320
28290
963907
773920
322946
761568
357816
757559
924150
25345
990877
955246
700723
722938
537021
569377
809948
589529
250202
984977
935600
532692
983159
622275
185333
132595
27089
80122
284771
243379
749705
821868
700629
435025
175548
17554
227389
488923
170042
110694
267065
435181
680968
882655
923281
719254
346244
245878
884805
867042
601211
296772
597445
265397
208230
831532
956033
570855
63300
767483
501653
508943
142080
166512
779943
805400
501533
746764
359660
593720
141535
541514
205251
106507
250336
194739
989133
793618
201097
976157
770297
826655
904641
189439
361500
27701
644579
712580
90779
596893
459264
313378
914334
736770
499837
112339
222182
881858
170692
482547
778398
769549
805796
281442
214624
900226
794721
864271
969737
264568
855136
952868
217536
210028
840272
946786
166558
624426
785596
455765
695830
263445
709874
152131
623995
681900
227601
818091
256981
493603
819874
825002
789410
786197
150491
92673
450143
256232
294247
518988
70505
557857
955107
141390
416290
498569
993190
155633
491527
21600
190392
93224
833116
429343
955902
681757
290781
839189
640712
787495
349109
236642
775359
681183
329222
829692
831060
490020
836635
353115
777901
147327
5864
274940
971386
748554
829427
388254
610326
314069
162178
846406
257545
147125
643549
161739
381102
795553
799445
629662
738093
678769
193169
562750
899193
258889
44435
888000
237673
210792
398973
570922
195035
699105
640113
548472
960649
876818
152907
719049
289097
639966
315816
17341
419992
642069
123205
687523
908078
341778
997369
440285
589292
827266
86385
817164
85208
170288
951954
429435
64670
863396
374161
468114
422473
606034
698014
919023
330000
970087
844150
423681
260630
32263
464795
833585
670961
421454
467206
884842
514938
399050
547725
464699
899084
105392
649634
244406
365774
891946
740550
940678
512477
443579
808633
943303
604464
24166
943211
228937
710406
821333
372270
413977
397174
939112
108516
732610
845551
489085
405520
241928
573303
925678
838605
336570
726380
593484
511834
892030
761250
547535
669200
997098
175222
648135
973189
229195
895407
604188
565935
787905
229010
197741
383838
603870
450040
940500
719394
248596
829594
843533
188237
803784
456177
926558
102647
402609
695274
605944
541756
521876
708299
741672
89850
514400
5107
984143
526833
479885
205803
619939
863763
236249
595530
584748
115571
531408
299500
766863
647869
233612
599423
538075
494723
644036
293743
133361
522988
428924
463813
273291
352677
53844
764457
958064
413222
156429
816048
586617
781051
382431
221156
356162
751719
360014
620145
545395
511808
505263
744641
288184
768754
972320
809035
666446
21410
453055
884814
640134
503889
83701
287123
448823
999363
729024
128457
224826
235051
576576
67173
392148
20430
869745
835317
28096
635571
103010
464046
519171
357894
359056
494946
752468
78703
837718
29644
969621
90598
824194
110584
780529
644770
202016
312762
440054
508512
481306
205648
53133
44315
186981
52515
249481
603808
991224
175297
86288
447675
789937
676114
122972
292125
64866
431537
518111
161724
469928
541978
37198
964565
784138
177629
347344
765660
919579
148205
429980
663506
910539
355829
124063
642684
634503
807452
51683
535107
751544
421610
203928
261881
888947
892069
549979
432480
956733
634962
5607
663313
763062
955537
603443
996795
147799
445999
908636
171208
281242
913325
325440
160938
590078
229199
122936
278444
605774
173111
893489
651298
925695
459840
921744
506363
301899
858647
721576
104714
446011
371321
482878
113439
776541
862937
273742
181592
694376
613712
595997
659583
663977
495015
66553
432250
184543
150625
215250
621953
689669
659150
644682
786321
606951
805313
868169
135493
319838
382221
967169
885292
903913
472108
126494
31904
986925
862039
194286
891950
882701
809138
849139
713023
620461
881959
883898
459607
554218
184866
638037
106614
46303
232747
357660
767260
760353
539457
179135
557860
911731
820303
563705
931053
315632
592632
800435
99303
381956
137426
911450
493531
733461
715658
696877
266987
74872
474371
489796
281645
597038
572070
238342
633630
449752
547720
6915
830513
676691
199784
828363
598083
319325
365838
290982
873395
362049
600033
656564
153895
202492
513493
928214
479768
567376
193816
29745
162371
715187
248445
487896
656278
985794
325015
320723
114480
870330
189684
197971
551169
942197
16140
649785
372469
503021
384975
167942
530939
851736
376126
599686
381114
65347
427836
194872
236939
507398
786308
492591
268887
866945
845659
881454
770709
717626
874625
28213
857406
402618
979280
656873
764509
821602
421361
513452
780526
911236
37285
830792
354225
712013
126020
819757
893848
532767
308737
191398
291586
757157
782255
75695
138307
907015
88151
535688
617293
677383
646715
801672
948554
427176
455245
782275
505429
948387
565422
887239
782882
436653
69533
241991
393103
794946
649939
524970
128885
346271
312028
555520
839170
619221
904757
643605
606833
214784
343871
196476
913042
33558
656409
840293
620903
452408
120161
499666
674393
933037
484990
976081
668203
890157
144123
447836
81681
52998
610094
767316
245443
875719
409595
369700
916233
193580
651976
251494
857787
706385
801846
346940
947779
87102
945347
340477
291910
771207
891450
225941
376442
579519
446804
244905
534055
761447
886487
870445
68147
655548
387819
161577
699185
843415
509407
427417
78674
444865
744756
382269
225058
93314
82966
410525
709968
402765
444904
354106
104031
527920
534221
308186
828735
652140
994753
546670
548887
80411
517557
434409
208715
938968
949801
849608
518603
153148
442053
940512
572443
492157
992965
453617
580673
630225
494267
355646
597188
120024
652169
956623
380503
247197
353386
380421
272494
899695
833399
784193
464133
507553
887089
903411
313719
880294
107607
977327
287158
541737
678248
657327
165554
184192
607785
616108
523218
963469
645420
734315
823120
765038
253270
750510
741039
605114
35195
745366
607223
606960
132288
166811
643648
120555
715274
72810
436775
618397
394634
881039
317993
702199
37756
559235
823595
651563
742237
832182
967012
404126
823984
912112
768086
559445
129447
706470
345336
671501
372905
170751
328028
406895
73202
327286
655188
49694
474543
987067
498480
282238
557857
525648
158989
564494
662659
140077
954548
977776
839188
637771
764369
15022
852249
37941
607717
332156
783868
281219
5503
892840
678723
109397
905430
456346
918429
563291
939597
425291
815455
673362
220170
651294
680779
235480
827697
798369
371513
960602
222169
744320
734207
336852
290691
686090
581181
744504
985720
25551
727711
358976
755443
92249
616550
167479
250543
527290
5273
720198
289060
201893
962781
67670
918217
92631
394236
80241
259833
319556
454010
992901
43961
510891
520747
941855
54086
716789
207337
490647
271323
954538
935500
108974
551782
157213
335231
235151
597866
766915
718232
395687
107827
654607
217634
719442
585195
410220
177781
99988
730352
672854
914412
159742
666006
581261
720594
560764
324175
843666
36232
654249
991954
244040
20050
447108
883697
554482
291889
160300
534583
896349
469680
825920
307819
344589
6755
492681
437486
41330
518732
199188
330485
829067
110077
160073
96047
73937
322534
999985
917210
765988
916034
594676
370775
652422
299806
937624
528252
161952
972282
462056
733613
399095
166691
698608
827124
307607
149183
663030
658105
913172
52968
987272
759035
85264
166553
954440
853897
311696
523182
139224
783118
645277
929235
452200
398094
74474
516692
283032
430354
867782
672762
787556
183099
648617
520844
408785
201774
337163
188292
388174
932620
934380
423260
245069
45186
876336
204225
780366
455712
353955
519393
551422
138128
624825
149874
732246
838532
577543
851388
307152
778895
682858
38081
571071
746823
347122
556721
607917
285710
451388
955585
784273
195450
316346
214701
302443
291832
742381
685885
362637
436714
462640
654202
403790
93767
798675
353213
716230
473622
473823
526995
823866
95323
647976
195176
733816
84079
748377
262669
147827
145599
654763
239903
39847
646724
925352
910988
513572
483391
571762
145716
339461
639303
32420
379950
677239
904024
738932
591723
304595
674847
900490
27475
80217
631748
699674
760816
383844
248794
817529
391352
726897
402302
345335
21156
998609
39643
68381
423883
722183
811117
418801
929563
760345
444595
773303
247821
68079
595652
132612
602612
859877
804184
318409
288175
701926
28993
448154
218511
831573
180176
765197
744923
692112
128726
417773
279414
72784
783496
728722
985953
881451
917033
41145
669482
592000
193639
800687
807620
672142
158443
718535
260801
310514
195348
387690
374775
230606
84660
607908
353520
228127
625394
219558
520385
211185
652940
939021
269238
795415
524401
981485
182925
491224
429549
588494
80557
721144
415934
213175
87173
48519
138663
901069
474845
977820
985211
708612
427154
530421
897757
493955
144629
705060
112073
178720
714087
440862
533666
294679
514552
986721
463557
589289
429132
340547
419960
371039
214885
499766
509220
897273
76078
385377
640305
914155
257341
871070
625986
733058
372886
912415
17134
288004
861287
535196
631364
806493
477788
479794
814559
772870
637758
361017
526800
622696
992805
262906
533797
852816
119914
762296
795500
947720
263314
209101
880462
980735
358988
15324
405895
272554
377181
844437
342210
631932
581115
851380
543906
203722
843732
399508
522708
64855
212627
937109
953120
5166
495430
994085
732593
607776
401413
669110
682173
119789
365763
733
692618
34844
681104
362861
961517
207471
984927
272804
825731
871280
692940
585696
147911
696587
317459
512304
527864
32544
11897
956045
425368
792254
865861
642502
454395
134424
829189
894959
984795
770710
20132
593577
418308
87005
243846
910356
275108
463736
448624
522816
36729
656298
484914
153268
138860
184708
703853
277902
458265
104698
298114
279752
969663
888652
286060
423071
622272
326224
192692
667755
961580
784100
774113
235392
760893
317476
994205
207188
893054
850810
341386
449568
918632
228091
104264
185017
736387
833767
375083
242376
642152
328864
948411
426241
265755
852838
488359
618130
554088
604688
577439
787454
741701
240414
676042
818930
803537
96237
685443
963835
326357
941051
699611
13235
818897
889347
566395
560918
589584
631402
503970
417149
95609
823359
878395
625910
647786
266848
620564
276294
106048
198752
159654
619906
394298
391251
647469
675737
502120
680948
187786
602553
199838
219327
706334
190813
982491
420931
369174
490382
865219
18930
859263
193899
274617
334882
288542
992393
232485
509049
791770
562557
212605
339505
345941
556702
830229
170753
567588
91991
523991
774327
488389
51566
639435
469313
915917
67711
741290
270627
13484
395677
137976
233620
200928
669530
759377
522019
68536
698367
354123
881605
409207
456609
365286
363294
704540
921266
143772
470598
703985
726744
456999
458858
949206
316355
304500
381057
925605
253503
208975
493731
481184
384476
724018
703562
538454
967274
250779
310003
388742
574473
960202
627348
773859
212897
949314
58713
547708
695558
143487
354753
96070
312423
267401
894591
1454
45210
936353
359797
98716
464259
593487
694001
55011
515978
49946
977236
857995
37637
990101
374518
69663
885306
695496
31470
343150
632795
742408
945636
616295
658122
823748
484546
926102
120546
306516
770055
609506
896990
954987
299766
833555
435553
26103
115396
169129
421286
896718
694740
784461
169685
644456
560945
379556
485647
75549
78470
588103
992407
351609
767710
723215
648585
562362
584327
204716
19901
694599
141533
334710
25076
433090
150432
261116
218568
347490
160667
111421
414047
865335
824324
517394
57733
504190
875747
797653
353668
378291
11677
751512
219881
656908
715940
305995
846714
324559
421150
228371
505493
608083
927290
963817
805844
427566
566445
119925
149982
833321
455476
417087
554642
763861
360305
526512
962107
443074
439460
372253
912579
856642
332473
326688
520519
708618
168462
246361
79222
907318
139939
243912
393384
151568
463253
410783
896534
25361
180922
185103
690864
36382
999873
44164
22373
444887
290936
517143
317624
944431
286751
944919
8435
566169
955151
233099
318276
26577
181021
344176
500794
751800
189756
928495
767613
354195
67089
800472
412041
605898
877076
711258
189866
400041
357243
56241
538351
964871
666207
706912
322850
547389
316098
434400
861852
795111
18669
714703
441545
641765
247689
493578
236281
650045
559017
513707
734010
336232
463456
550297
210997
200848
358163
700058
846707
385815
679164
303342
296596
700403
730005
852746
18301
176342
85161
42434
957491
9444
153295
5576
568193
525681
140210
159620
575446
720519
196605
607553
730665
463134
317882
439480
754079
380448
396323
21680
385713
792505
61795
842950
826216
350936
639336
972655
747863
743214
499548
747691
175872
263112
387673
336146
194315
720772
943532
381514
546317
422889
222766
933568
227733
396671
86455
182955
193334
379223
530890
588838
854980
664210
877034
848993
958870
994987
10576
222949
48357
919208
822110
769886
287765
430586
308118
478851
605691
604303
378908
33732
551552
93097
202556
790416
531828
477175
178621
740817
101804
26751
476092
999292
391749
990137
971039
628893
757207
739685
330802
598748
260772
289837
858699
264817
861625
230902
740725
412348
509858
615364
590908
155497
70576
394441
921726
235179
239629
452438
578034
841046
454060
534121
648654
65405
236450
358717
147792
382157
103101
82163
786454
613701
517163
383273
494899
532898
411122
42809
692720
975696
787552
740340
334007
352061
752836
575744
756410
343843
477527
832152
685669
917269
943370
469948
12882
203837
53598
509275
683654
129042
504799
316232
867435
131139
937440
501725
711516
766344
121633
19909
848337
19413
505884
520106
416960
203736
212356
711960
986831
571403
490584
969851
137545
102331
831350
277648
861602
556464
629097
262920
268838
658379
198160
104544
243528
697171
626839
504964
633126
956665
362882
766122
929294
13157
435936
223063
632491
472562
839675
135245
380270
409265
611446
283068
92701
296659
271546
100745
147006
517159
194139
910685
275712
314310
899451
528436
969280
334933
673597
316974
546373
728779
814327
297825
57173
656557
477405
294294
169391
440199
462876
229858
969546
801112
818575
843254
516532
901211
859760
432940
238595
196144
767218
130172
845609
651612
465450
343630
984571
321514
560202
642281
245519
502368
50009
412239
231657
446624
119452
957056
995400
706077
395203
914265
852429
256701
721425
883142
565142
81380
225865
255895
865372
246790
275404
9702
357524
363940
904495
645765
663052
159762
362029
76036
729895
217904
410244
324158
697935
629395
792949
457694
689119
499489
634461
331401
951958
213775
273292
777630
445385
862628
903657
316109
859728
740540
804768
874288
139265
585512
610080
283749
925997
196774
401311
45451
482460
291318
763144
623086
378925
25349
237769
291104
523742
782948
109831
898791
938661
898030
253707
431002
127895
651727
733181
656031
620789
463378
687635
639226
757503
146568
480138
157474
474368
737701
987927
447126
801804
347592
575900
395239
503398
135502
820257
660657
482004
22503
957743
559784
49284
94658
116308
323788
636905
224079
499853
934346
934386
398929
709019
463119
28776
138676
18990
399481
519341
739432
749941
189862
351999
776736
624431
556588
730144
692743
265975
56239
81333
494128
325885
809231
443364
306394
231396
835343
203174
621450
448193
255573
599903
490053
355271
73938
730779
67416
611550
963050
439816
529002
423043
824887
157320
77821
117226
570378
310697
581252
626789
81886
690452
320193
135156
937986
55433
659038
510021
48311
253572
948653
92760
317115
170358
108002
152896
372686
539473
323276
864740
842071
493970
67490
790559
782361
921180
948164
209780
637438
786413
887213
169750
418612
963518
177219
444402
321270
780807
452996
204122
419271
397860
41765
860391
997707
631935
218651
327409
502822
181426
417943
580064
917201
839699
193041
758124
655386
324493
972941
689707
94267
636784
621014
75845
337826
415945
475181
899586
513252
57728
242009
600382
289532
333502
621773
743858
262672
147085
774184
314653
338377
415507
341459
648852
463866
376705
859337
72927
843593
825530
734877
641940
862302
219899
980500
556539
286719
422982
634739
784892
536965
379697
220222
894553
574496
180180
158915
985292
505567
580825
14198
824006
459356
269900
76429
513373
439315
206101
543633
496031
19457
840140
89092
400489
71255
550325
488002
27107
191450
477962
233226
832981
330705
456164
933466
824841
691826
31552
610293
318050
511350
648668
246802
669079
715276
941294
346572
179992
475054
99231
335700
708880
107554
215733
123545
616919
573264
648369
348924
899615
937426
295212
459669
699888
702638
365002
259001
221682
849510
657688
348465
853191
198721
351917
225325
184103
870102
228495
686308
259514
145803
713283
215271
440184
817796
638707
857223
272704
303788
273072
861436
118923
33345
963424
701691
742533
101990
215863
673816
873905
562906
2601
17407
157278
408418
530504
470818
388855
887024
389972
134494
297769
464656
868707
721141
506116
876005
53371
1486
707449
861970
605550
341652
524502
215643
40029
878451
913281
660970
362994
371533
988055
770986
50711
256153
507058
275115
631318
76082
531761
246178
870948
746941
690344
408000
380783
483323
959544
604592
222964
10509
271973
598695
870210
612331
284717
885364
815846
430040
449422
726614
627811
691624
997338
821795
200859
110251
844288
832900
364715
736814
435514
125109
166266
663361
303289
665669
738929
268134
787372
928982
344072
725799
428385
930507
656227
530504
660840
577699
881932
775472
989013
399773
979017
871175
184452
872057
728937
731478
959678
584104
389571
8886
429000
831857
1523
356481
493228
544759
731995
404644
686572
72475
500974
656609
843117
278520
486408
295555
667093
836510
783713
920431
471869
311766
963138
887621
976980
177708
416468
104939
160510
615467
501294
970481
807453
59419
264947
899145
325185
3083
3650
531992
802638
778784
613097
342593
479341
977353
773280
303509
673613
996189
892543
558384
494640
842139
966477
628259
360891
712147
607360
454925
728726
862586
872163
539805
561390
810347
264604
71877
582541
711399
323647
713611
700354
139634
408511
180465
409885
243004
75275
227964
435855
41851
213418
546749
841319
136453
413221
741372
434746
970561
838861
439135
106533
427422
758089
447106
28104
206309
715052
419133
473610
394479
804022
342107
260077
400229
357423
55404
451567
9025
335833
460179
834214
918029
707085
961651
272202
918416
910848
669047
511918
656748
454413
994040
58934
410096
433679
153274
753015
905820
832182
497392
507067
346946
454586
254183
559649
775579
394892
113200
728723
526941
397991
312004
608794
346642
278569
267220
986993
669372
341385
608216
936953
61184
112622
267620
525049
231771
664433
272768
39051
846784
379565
760657
216325
729398
292756
878399
440220
792497
313499
142847
249988
50060
901504
180333
435965
608081
2575
486953
110158
941712
484780
251471
490372
785329
425304
530757
300516
671525
552002
322739
292473
264758
783531
831186
366044
37459
506097
430452
337450
925922
918815
234531
193623
502114
728097
511004
513332
957378
197676
980167
876590
688548
223720
446662
848990
642286
397987
297406
572545
260460
843351
489581
817856
345604
675088
435643
853039
934350
157609
257670
579130
459488
24944
881076
934765
570707
218674
953157
241339
769288
202285
544811
720445
707514
576
175180
2282
226547
592977
451140
796337
673592
960284
229404
940311
179862
938893
359465
995510
964204
87979
386588
277099
900166
614038
565056
934754
740822
360486
582768
230570
349290
734710
907172
557747
989465
641554
450884
769428
112056
604356
505263
440080
66331
172662
952678
995861
506773
966393
38723
859251
789929
675531
977235
761454
350440
694841
738766
66020
547515
728565
410612
143858
194905
227475
23324
213189
419126
682541
550552
864682
254403
128581
765650
968637
614636
828220
614024
826601
52505
934566
386574
742483
736384
685610
712744
853256
739616
816022
660987
562744
302029
243022
672083
515055
412620
738708
440836
438693
991406
138366
104097
927765
428092
638782
646824
893761
680137
890083
419981
672312
865192
368338
946496
784635
799363
857094
974089
826471
607501
77658
118470
799282
434081
298219
913810
989751
739479
733197
132858
886659
752238
556173
980692
992223
35225
147889
264153
203168
303747
238999
695440
445420
658670
616422
684198
842840
239291
881183
624677
665244
458331
959517
324794
566613
663713
56574
66127
516150
39746
479969
325344
824696
167505
400047
497350
649217
456518
334326
244826
133623
999035
93336
97620
293044
700190
333284
685555
801795
768142
813126
914958
305268
17072
17485
791115
114112
556312
370561
565634
185789
797165
825506
691096
715488
951899
870415
17134
875311
132505
663300
147256
45479
162067
824228
375476
51085
41754
259226
690068
900073
164741
374434
161677
299179
397656
337991
862261
666131
441238
612759
776839
284726
419075
676872
727627
445740
28044
224299
484581
165318
441405
452653
585164
324024
548870
364551
638719
190366
879439
108137
661550
305158
811037
308366
980633
113120
65457
989480
105018
840685
344467
871284
505396
303232
17544
368682
763503
339695
153134
777398
979037
822099
152151
13961
730587
339212
343727
269254
782870
582254
591247
802085
672490
663090
827384
293208
366843
906889
384021
225892
420900
862404
450073
647020
300387
432610
705774
845457
950982
421409
724299
323330
799918
58827
701195
51443
986940
65334
40479
155000
326621
274879
505719
912825
570029
956393
315051
460458
979022
894024
210963
19539
880092
402463
101100
718973
381043
881294
806796
568245
300965
446564
838139
468971
911560
431341
902267
66499
642842
852362
694219
95804
803924
574696
666721
402124
880989
284187
572006
424696
227479
930320
916721
450882
886259
503019
430468
880962
103410
521399
98897
314804
163685
326351
307999
455268
40505
354862
302416
524678
839312
915580
549815
422722
24527
793560
141252
17620
371544
672631
772537
19435
650119
819753
842318
880169
7310
27776
459708
156769
166357
773455
17787
806095
491737
701977
61844
155616
240805
580246
466343
401836
91139
543040
283672
405745
201364
99067
750087
433598
807685
63551
575932
296620
760869
871893
407330
507040
998057
795221
782228
754331
474603
911226
177038
229423
654091
682747
604644
546338
340787
940148
861395
919647
159677
647493
597278
161611
808149
292262
947804
145951
845218
830237
458444
462148
930305
32851
75762
407580
5252
982917
343403
426464
543139
863328
775805
773800
407598
63133
815828
247652
169242
640023
235020
692666
824864
967884
107584
234744
31442
617650
169619
51890
163837
268653
817882
25788
762545
399326
8498
858318
123829
188968
211665
923094
704482
523573
42236
43687
239680
616644
668540
153643
400079
817556
929475
849853
293461
310253
657499
213210
681209
141415
101139
216594
813378
421131
661686
245663
124428
373095
299624
952584
979310
747356
98484
738523
102640
683858
117670
693948
157050
983724
747995
358737
394379
805331
486841
648244
55096
853559
733029
814503
811279
744738
157279
133792
304637
985476
722841
537496
83529
27345
682887
214899
546495
777895
154235
79823
624034
506621
386384
16871
855789
327182
256365
481401
773193
451455
672046
341846
181901
228245
339793
719709
591203
658808
913963
715239
773261
732402
33327
888003
576542
231144
785805
116549
368099
98210
729655
732770
529822
789647
737262
728173
683169
274401
934617
834118
430080
597400
842053
388246
443574
208016
939756
372656
712930
996773
996430
412595
876930
406884
977491
421812
96911
709057
910856
48881
50524
823853
835472
396377
320485
755958
570448
64836
992219
323300
500882
663779
316107
555839
529308
877194
478347
211624
534724
101765
820596
160780
139534
392883
263655
536822
808903
289159
584211
541498
473409
883465
691029
915800
675221
342776
318139
714947
840765
413010
534583
368126
284823
791170
44587
941967
160706
712135
960954
442652
970462
115031
406512
595966
479831
200674
975213
139248
513316
206620
281989
675536
44881
749255
331168
782695
512842
232194
588342
604477
463238
204024
725765
496830
689148
422108
385364
40551
707308
632464
774904
852692
385570
552283
857905
48591
1233
762838
535122
172287
120783
538042
660185
819702
526605
235682
156366
186511
494984
181309
731908
49834
445447
42434
96807
902300
343828
989060
822588
331764
188504
99243
51183
721838
145090
640688
277653
600549
397805
719743
215314
778402
178620
905363
44484
234407
282803
643962
505859
75815
721912
148615
938055
228137
203715
790770
415358
187639
808550
979115
47563
875305
513903
939895
476811
576465
496805
390857
166
226888
879697
701298
505902
933884
436841
927746
165015
705597
918056
674613
867408
42212
678003
533032
593246
635750
666657
926874
553257
636943
302827
208218
664616
514744
784493
887564
315885
420739
756353
215143
479320
351727
381721
562096
662115
355948
528172
819989
331530
813993
48858
626465
408584
754671
465576
67819
163262
127263
576831
556715
578654
885332
605576
757550
580374
823043
39632
307980
54530
460108
378621
268369
8526
591666
726743
652181
569468
498250
553799
457827
71369
536938
402670
909297
525649
982552
108714
443267
709056
736000
58426
458225
493052
583052
619630
925622
243309
339614
901796
116095
547753
517971
504160
315956
426695
203299
752411
457187
901605
310192
91326
221756
875940
620799
679014
710974
46946
397676
975059
895799
395085
876284
607910
78723
299808
80813
432020
979128
273991
201501
818773
454824
586592
493152
892639
331951
783259
924934
755510
521337
980091
285965
834877
652464
688446
731395
561565
724642
243452
641732
972004
571221
483601
541937
608794
398470
104673
820046
687504
889772
949561
152166
522395
683669
663321
536380
604830
241871
685346
670197
807430
638138
504731
674083
209921
63449
265022
56547
795899
947008
773514
117102
862282
278017
276447
67996
559017
972942
94040
940168
164915
741516
278275
812290
505775
909923
121852
385716
121321
164663
903671
123795
199148
291857
597379
259115
245152
94310
609252
119829
590069
285695
752201
576063
772749
234665
751213
246807
921615
58965
770762
481001
411154
800431
65951
9498
40897
328863
96180
249197
204129
25029
719563
913515
818911
572510
275423
584587
952894
178807
576449
738798
848219
377299
445202
988023
279347
890356
400482
784434
377349
96345
623394
632055
322268
303609
484548
552624
95692
932481
5226
431271
117127
743635
977387
641380
426179
881946
64677
374224
227663
320209
964758
339815
361175
106028
169410
718100
461850
202621
632127
797743
602375
95665
380339
648913
63227
158573
74065
684097
332557
688494
674263
457343
834728
824154
925032
265236
557111
381377
102180
310428
281323
59031
928602
608146
9610
270867
661416
952981
204797
952880
299283
37410
974891
812320
502533
505523
989490
77370
180419
776460
550059
907733
943921
729940
85089
777664
678032
449823
434505
500828
222417
397496
33037
422405
438008
575544
519328
560027
96223
824741
565518
282336
775776
316840
421534
312327
501044
945849
260111
624148
588226
455528
269365
40298
109927
725174
502116
322526
9936
785243
632010
399028
92579
50234
625644
874999
970913
320241
54211
552364
490138
943985
957834
473649
125229
741898
188532
846676
154788
643227
561676
86166
90835
592343
663333
377884
786361
851256
214800
187232
57291
503339
406700
960585
647552
631547
88797
803245
737789
522797
924775
112687
107757
807697
336459
544720
22971
346629
322147
625265
747685
437117
277427
80925
199325
568915
738593
702999
991755
773190
856878
626794
82094
5926
929740
865566
111513
515522
278596
420385
114986
134961
541814
289821
834898
877316
25532
150501
99705
449576
633030
753720
670150
253769
767693
636109
95871
980024
67359
982350
767625
228289
834869
166074
730187
205209
843387
132278
694002
383251
877778
693356
826177
537387
431413
827378
470448
577876
879271
738014
495955
519644
833772
230408
667762
230871
965458
225311
749771
924806
786998
564937
506006
878472
856303
275583
487180
365768
999602
196590
791403
917708
448467
325222
746448
322395
859761
453242
248167
62467
304760
211718
526621
812742
63367
555331
711590
157128
865377
338796
316087
690647
782763
352884
94407
934338
793276
186425
789617
839978
86568
747728
236370
493963
224552
662552
820538
692018
833614
848578
325774
196047
885031
823429
960950
386301
140941
623796
525322
833429
16006
533606
916258
350436
364618
636889
724094
657196
376335
722782
994050
282057
649295
160468
578621
941297
773022
36906
656565
828919
652946
802703
262751
352127
238130
506385
730834
876261
260640
817796
799935
273445
744041
105258
311846
432213
964646
736806
594377
840688
615576
157401
351703
767013
330347
6533
336614
337412
656679
598223
333389
273747
527947
711387
594962
262821
616227
456580
188293
645157
405255
927356
658852
589254
49366
876020
493492
560891
140266
209089
878087
215033
227847
58157
209247
981613
528194
866509
540997
962311
691850
977162
226000
318600
507382
465589
433438
510571
921920
617147
471041
503161
530300
417963
600499
655063
529498
922621
52585
128239
229935
415095
475427
618678
487845
987442
833844
980857
811888
912161
143699
900841
252172
749733
959757
11725
180441
614557
53265
747699
136520
77838
308452
378362
512130
805020
13254
569870
675080
450780
659523
608965
224802
943680
235364
136620
514853
144998
376767
787902
784420
419036
169589
42857
558959
357516
21871
277042
14263
748792
656209
979176
175568
605259
534063
658103
108795
562786
802889
254825
494342
827887
929252
616921
738613
279662
448017
610280
298802
780350
861877
343514
895470
168822
517074
156057
847933
719822
158565
674041
863860
110984
354990
93900
696086
79272
498046
188450
323602
276662
591422
993467
584781
955610
821167
980252
387274
910849
608798
959248
932360
257351
477625
830385
40873
196819
734922
843276
151099
776675
38541
602432
888619
188115
411718
519687
430223
603995
368111
364374
247661
187808
129321
634974
612477
824597
408947
876029
162497
918089
288059
982824
247419
44201
193263
847597
910011
315457
30487
828681
572329
837717
235048
919725
436599
940949
315953
848407
926750
450311
51693
383222
278913
16378
870683
111090
230930
413728
897111
888154
70328
44468
390044
93411
307743
376461
734816
158268
563798
305389
444747
476485
80345
223603
820416
547782
386449
715604
205448
62315
357166
598182
919250
30575
385667
681456
665260
718634
962920
162273
7852
790495
478290
846730
276594
981860
431985
819224
448790
466736
816363
634078
676223
350559
323128
167331
138635
867319
879618
731120
878558
119792
711096
403941
363007
569529
531995
782976
103573
986923
267775
318828
991735
620125
947556
848563
285880
462060
966077
511893
938697
114743
484445
240222
500036
774316
332670
54599
210590
687448
605385
914489
507607
979147
499643
362406
899169
386893
395873
928611
588117
918614
321561
944176
421061
826922
909312
972653
568811
426564
254232
66314
697083
414428
728374
816317
177457
648930
434446
407275
716162
416387
352547
130596
468652
194535
782480
570303
938186
903864
773593
905928
448595
592568
119201
543325
772277
528635
160910
215241
208827
258228
913270
455992
804049
686289
371699
332585
407701
587369
803031
198672
111447
100726
411839
693776
59206
459428
844707
750202
83573
690476
731704
14510
309922
965960
818103
433989
611804
552667
665602
822508
249932
265861
942420
61716
278190
652100
510785
320729
289734
930768
773764
977002
724881
440439
54678
49204
201457
204067
811911
401807
490578
662632
761285
894875
881719
268524
836385
233938
529955
141931
421237
20612
739815
841601
350736
356320
887289
280523
214868
293004
511148
338162
542246
902346
184253
173395
81843
846079
757011
657246
646976
606701
410513
452667
945774
190040
752572
661015
914481
580851
276750
419985
992703
510156
780225
926246
87233
899750
889821
406800
620487
516370
909873
252112
805910
178479
123286
766758
469975
983399
593039
768144
938836
134483
299750
283729
350446
542143
668711
712439
352427
267388
135569
994814
245796
27413
104834
848033
18686
212858
910979
585554
898024
975839
746804
238115
944492
857210
790411
746151
593029
772372
455226
681391
547313
97225
674028
689085
353451
878325
272579
810351
65989
421762
649636
850155
741010
332745
766767
731092
227643
409996
562710
913272
281959
70748
591216
908048
219718
201382
125473
496406
605616
504440
745392
485440
181629
22921
248616
286132
796785
10333
607676
46094
530515
387560
767273
514492
93786
647741
288539
793486
904280
833172
671955
528338
18209
415144
65459
685041
180231
726934
378808
410330
374116
434855
237698
846991
33158
886675
349176
970099
246019
286618
914039
553517
995493
637016
55086
381959
709991
689117
210775
253161
975936
151329
432368
902987
22798
722407
794317
47690
176285
320698
169804
450328
190633
875849
319255
74513
756881
689497
397147
984011
477198
816314
602322
496660
795205
820850
831411
153059
32535
385099
970053
483298
112130
63947
801210
161855
198826
200389
836610
350452
637272
753998
486826
239547
691110
657139
842392
408007
341125
639542
882946
289722
162551
192811
749645
362197
561480
374254
399261
883847
159376
455640
41896
25743
3704
487134
357949
197386
105253
942688
964617
228364
919715
361680
33232
944567
133501
320049
980171
715761
77330
49392
542995
519044
941403
742571
136648
385158
900317
927651
86434
444932
780270
188931
351597
667141
585148
559704
430285
940488
818435
612034
709152
118845
667743
326533
645326
116812
17751
412184
75717
148034
134806
334325
153047
935843
385591
600501
811819
719554
106023
716996
594839
642436
770031
597965
148436
733405
128326
166719
208257
548852
282686
413996
21178
424028
249944
428864
881487
946215
542278
995153
130344
306561
803375
976918
358117
668902
104537
856629
792973
522591
563635
233577
781208
276412
689784
448820
30265
95628
679338
959198
61927
774245
124215
702910
963561
547448
272962
592364
975618
810361
563186
356363
179963
993001
654410
861190
310468
63038
670881
514913
934729
51291
57831
330881
778979
425285
157514
84404
214163
172825
706374
364985
331502
14238
356775
181949
422847
285108
98922
747672
993685
353139
946742
164752
821574
92195
948254
32604
885949
728324
529811
476772
608991
955283
373755
981668
342800
840770
565779
51500
482899
958914
33602
295284
586683
231916
139001
190042
88200
752284
19482
653003
619740
893399
477239
831523
287103
131200
349118
955050
403499
629327
347631
44318
195940
63367
576891
427219
785473
5133
49805
387119
582693
227139
220276
217222
354780
450827
36040
471306
267208
840457
787154
896749
662115
990035
79673
583112
763073
82630
34793
995449
119630
359137
607443
325294
43261
817277
702472
415469
531740
310514
50676
701220
223428
823990
658228
19639
707659
176603
253337
567677
977379
580997
778259
488070
377742
423591
626535
463920
963103
15513
682563
343796
24104
364005
246004
586290
216003
132075
585283
797092
184834
120238
441676
623764
944000
543156
407584
969684
607798
810725
808337
904559
779065
898770
181485
663127
72880
48975
263036
852008
935738
461215
939417
539460
861862
723392
706532
551185
654573
305994
416033
851830
422305
898226
601917
604707
56570
254427
945953
340807
91334
898475
580236
79883
944296
943500
1834
226933
527269
698003
576908
238512
512596
980999
956930
153773
27131
710125
218301
202025
971164
596890
839654
695883
949237
951210
455007
575606
529248
142256
562929
332609
564034
554348
467218
898387
852048
357459
570710
322664
414849
693477
823165
69788
676864
252264
15525
653052
954790
984124
861409
466364
862269
824686
293119
787587
210210
956612
482751
672069
1014
977168
929882
915611
893769
527234
303094
570806
484044
932854
632208
24795
592462
597513
581327
966357
447948
381323
843130
340427
571620
917993
43891
49271
872657
613589
518215
346245
331117
78038
316329
845871
275432
452760
443151
688727
736005
999039
30321
470764
274882
918529
937836
447888
999138
180941
827472
675912
373750
294984
95195
293917
173765
569203
99146
274732
682868
954714
617935
350663
519040
658038
98248
467013
49637
686901
20662
225478
874404
120934
566576
516771
160765
850932
592134
374130
267283
221072
111593
744319
897386
386676
784832
456270
383870
853934
663479
330851
19606
823713
860906
736916
973592
406777
442279
256402
836933
163780
841813
652272
823753
132011
318669
556553
67703
567126
49373
907940
579155
981583
764588
90958
153660
801166
982089
732830
821946
113620
702973
221801
373903
709788
889207
221207
502657
47715
792097
741441
168973
41711
569506
823562
315655
152167
988928
704382
415544
591714
452090
487733
238014
838284
181186
349237
759328
436201
289915
86765
439543
605228
831615
769668
477972
952388
687754
552218
235702
490381
833757
216495
675935
451722
412996
343485
196015
708675
781086
124296
258469
219568
747112
862719
440241
483291
434944
899724
94557
395658
431184
292975
274585
884256
84815
722277
460973
273174
565258
879617
400419
359794
279095
618132
788749
136828
142214
233804
186355
705637
687196
170480
152997
166355
459587
43200
696717
200329
591331
619284
790968
246968
786226
211323
518953
257131
404117
506716
573357
687007
411118
252665
666033
156048
989058
836010
214162
951017
775030
572287
651934
967159
463790
585696
175760
480639
439141
831192
35289
99645
279277
858944
93177
926992
36695
85753
581959
646062
630026
65456
843197
499814
15459
418461
500759
821950
67942
996908
707976
875987
483011
367748
295838
713451
751817
425524
374616
897770
643401
265498
441255
400456
989144
543588
864281
856369
67852
587061
248065
675785
504358
599764
385146
111710
460919
820766
220496
28671
644115
832507
115824
178319
161700
814317
941546
250610
211644
390199
192876
358582
423313
729647
86709
127369
63408
9320
884474
750429
150540
744149
645639
710259
605965
293507
672331
509799
290673
233270
102204
307051
754154
869602
681753
12904
720278
322025
395549
451500
312986
506824
914508
85087
925773
665244
981414
562302
725706
847746
796424
690969
716800
227909
22703
196281
232470
250122
791031
578254
274044
426358
841964
763257
33414
241873
588717
513767
963082
662683
541544
429370
363237
348377
844557
615950
907210
703038
552478
429749
791535
806584
772835
337994
510444
812244
609501
844032
528889
577553
508596
984429
763138
528541
319772
755640
261479
380845
835667
685267
523268
973490
899386
910144
360602
636814
179736
476998
532882
28698
686055
104500
330499
268434
811137
201538
681592
238742
37323
410800
880930
924799
958798
305261
961116
806516
678448
275412
140163
561457
546259
381794
330132
852232
387468
112496
350891
808431
832954
935740
144402
151440
712751
132068
494105
468545
87776
928727
558958
835081
125478
506489
1253
541375
338559
764836
386319
287253
848388
456636
825101
631961
32478
26519
977461
940786
193426
631589
886142
446845
606579
803147
322825
89217
957762
186229
100174
958276
111072
832232
295005
811684
59820
153501
157
143741
642986
238920
453166
61088
7951
351820
74597
63864
824457
363434
658476
756765
763083
884199
514943
238088
626603
509095
109548
558123
875632
459110
598134
768835
963600
248908
276020
491055
76050
648165
159055
288339
132311
264470
614185
77905
463102
925037
268418
789836
480525
896893
977647
481563
234839
845646
852457
201647
54908
237162
857526
266663
733604
649040
550232
136658
964163
171463
36438
28827
414251
531891
612897
780734
693285
536905
38968
562766
721279
576326
145533
21352
180806
331094
615371
814999
785321
523472
802692
890556
679061
979523
572009
798742
14140
871103
256989
616807
865963
733731
849812
667873
283725
174554
589343
219224
20558
191947
658560
821821
774719
133539
812489
622240
80649
936550
744069
463022
757017
814513
190136
965293
443498
533215
39759
996510
459191
952352
444655
653479
933725
120673
98622
900994
932820
5795
682491
664566
717504
707636
680986
914728
135402
770845
366675
211869
898283
783960
845849
633318
12394
978077
352425
338334
433622
700743
617915
689327
938422
580940
417053
70270
95327
898479
763840
238154
922363
434082
229142
389807
102287
423136
955427
994318
404041
208061
683516
870341
105444
489786
77983
860392
911693
339689
893213
365069
94503
357901
753286
207058
442718
486346
356997
633966
536834
144507
91239
124411
494299
28122
92432
798275
350988
792185
197563
785849
450063
181355
546589
475778
305509
685767
996822
585956
43366
206884
540095
113738
630376
29312
71560
481224
409613
658037
80579
307368
261781
101116
977362
679471
874674
952065
252177
335989
832568
864347
845032
832062
410212
654955
321537
98947
909422
732140
754730
839579
16611
687431
976371
472171
434796
404736
72186
570447
997034
611691
270256
453792
39500
333192
983372
243717
791339
417531
482805
923925
405476
673320
366127
430958
471253
461982
427305
940718
49514
642438
982571
95572
89963
171478
293260
717322
116851
692488
987119
691615
84310
10250
764112
7620
330592
931053
498533
698492
679761
394139
570115
726974
859385
656985
476458
776576
59216
943234
385181
606661
120173
927536
465981
771503
75306
660655
575593
57891
664655
313512
335600
892907
519501
319142
936839
915456
744290
522710
143605
488568
846614
422857
587727
774951
541595
315509
784067
835992
740432
929864
954404
974869
245604
178468
680485
571220
982345
303651
182183
324393
659565
606028
187887
850941
423647
574383
196195
256424
422808
441582
52401
411958
818631
250522
288900
226017
490073
982318
118431
161493
721535
343133
850819
727219
291704
492897
322150
82926
91229
713981
660712
860628
153892
537174
460214
673880
44609
261849
190808
854116
689143
980696
305988
503884
142311
944064
952499
100279
576562
587191
827511
108475
235340
867908
935501
877298
419756
119349
256553
689944
766464
269084
231613
444677
484230
849267
339131
522021
271054
426677
80731
563111
916245
621288
51576
368737
898803
272556
793833
394861
746421
463830
395709
340391
829993
896274
741590
520493
296441
671889
319599
193229
682260
472979
97028
762960
730996
753031
627776
518592
121767
462506
525336
741748
958816
920584
266830
328112
121448
320972
221111
501615
213688
773798
368553
746174
490423
288049
860566
93752
33231
941108
916513
635431
360676
49263
81400
18889
611188
157069
411452
37163
184315
159156
593827
548616
554277
932142
481262
644165
883631
316109
550213
850791
759392
475705
782336
25084
312888
984745
397306
82139
776118
299282
148301
486878
802433
395444
992448
379892
350484
895311
108596
47206
800724
786208
208786
541412
37944
211696
768893
584511
244963
929337
806021
557763
508831
225002
283455
90518
483823
690385
211594
995679
78838
997339
306700
719985
740196
82447
957511
970081
308829
586723
659592
814844
990837
800131
304034
268206
620730
518633
428650
317805
362535
624397
231636
473535
936557
101195
935339
872074
261827
448555
778735
264120
46083
331698
539340
664561
878366
56012
391659
195485
413051
631544
47283
702444
240630
352030
162920
234767
21385
820587
909416
816924
119915
850971
971479
580483
921076
420077
700975
30506
108745
39365
646628
100836
500400
100952
468233
87466
95291
18707
374223
970818
350859
237296
322219
328584
107559
622792
29886
265969
572618
3724
413196
438544
828551
704335
327954
508605
255149
303836
513500
782388
642954
255426
646507
818846
162812
720970
107977
199581
148304
80327
409076
577025
778550
115332
407222
27763
758104
576843
737691
13222
401909
51194
825802
459926
724664
182997
77959
36526
796044
580241
209327
357215
985722
772326
813791
815121
194480
920031
224919
853772
249005
115097
504446
169169
758617
828346
395658
884736
895212
632752
696025
664592
74604
862604
77926
24500
316771
19494
914410
910677
506627
601441
582288
857851
857902
415099
888482
456381
79626
628530
885750
52127
940728
102822
519448
817219
615448
644008
176843
95285
27936
349074
988153
393306
779737
78320
566997
415830
713286
912759
405682
802624
930976
242106
391874
684036
319011
297740
960315
90468
278278
485063
227625
742019
3629
139091
285448
989639
73466
429809
25635
2735
596038
608992
109673
148509
299251
920343
971084
602183
560853
550015
218390
678584
496391
442514
754758
461611
121642
957745
467701
99728
259618
173880
307990
495425
313882
788372
950299
729438
779278
114114
84217
349336
170630
309431
343092
205
869518
294085
526860
916120
378182
792910
153615
248839
277703
331745
229293
697046
194857
822319
559198
955315
196177
173547
206132
250557
51558
323658
676696
806718
895621
898971
310819
494110
961820
268148
7787
858595
168776
974111
450855
382080
53117
187466
328135
667860
75890
248816
589866
26596
87343
683983
913789
270082
493362
193336
442402
769109
661860
814310
234446
456084
274510
742353
238224
110151
890966
789914
468241
110901
584666
70688
103121
284610
877313
619534
789042
835931
404062
369793
796650
679684
848067
222509
302530
969278
890710
441443
530065
662008
433622
156527
20576
938518
886343
39108
186361
387489
326680
844242
700277
886368
881604
442430
539894
650257
578792
908439
129416
46590
35250
352107
706102
752787
192226
673432
662774
293553
967595
559157
460233
495381
127067
720820
117563
595369
911220
212064
580793
769654
415037
401519
869416
526894
35487
242715
989208
17184
455379
491829
615667
861364
962828
298343
949231
12291
11680
89083
153194
344803
792221
374066
595493
206725
533784
982072
445485
848243
148593
209398
722005
432032
583999
936196
764618
756473
596903
99338
687634
447828
555032
738666
560599
580215
342258
577378
460249
44273
738940
754786
124947
750448
66399
285666
642812
125613
928627
651404
626297
973891
13372
76123
23984
730606
488160
682326
359525
629901
612825
788856
839479
805841
576876
598002
513846
810185
173169
686019
645637
163940
758531
612719
156129
563234
592109
888352
115759
573307
224454
501511
412919
154029
996419
715347
649405
859939
705536
475719
276839
440107
766031
520252
223208
333494
315308
122217
190817
653794
274091
95803
635822
439514
558887
787434
578722
593237
367351
135314
155000
456759
966577
342526
458840
176903
147158
740790
295869
963834
567747
718584
768211
282856
936004
440385
323341
872582
722197
769178
729918
861635
614943
99554
180490
959589
349200
284410
73001
241411
543491
501495
50677
760856
246530
531050
516566
578414
112544
237383
492059
196663
655378
397204
476816
783589
379639
508077
574889
956483
991102
898217
180577
203960
596039
337145
502220
778200
798885
352054
643577
385816
615933
428771
237221
528227
934901
445393
53273
178499
200479
83063
855340
821233
505948
215027
480689
444654
855551
875859
638631
784470
679715
449352
741540
83904
371035
722723
467422
813004
57107
171227
159675
823966
883453
447939
30204
745404
179133
971407
581368
207582
197708
282656
896888
906918
184309
833532
133687
526862
436991
936500
385628
70493
271107
228146
952042
963134
446424
917000
675655
259248
196699
273167
522295
764948
649379
486763
490152
260927
490927
774108
394687
978164
617902
985336
141226
1732
593178
250614
397924
394039
737336
594236
877965
954208
853041
727298
174513
484213
291385
874384
572506
765838
421696
530615
614364
188063
942269
427761
829960
497853
40815
646303
787347
161165
622933
246496
624006
58815
923914
128071
171964
692114
944059
985181
776125
591452
470986
251789
737675
930622
993619
892806
716640
343541
687879
780349
583395
370962
578006
256156
25484
672639
8412
11158
905019
978182
337924
101709
422930
702444
251789
282894
639009
22781
578188
450920
902789
850600
570610
97529
466423
282687
233493
181790
321827
414986
432131
45092
604470
261818
961905
739109
646332
751720
257115
923294
941030
755351
366357
608564
535979
99696
114843
597292
922578
497479
422296
781946
827870
695065
260230
25201
156742
130240
999613
21756
321584
193179
725371
481993
963793
312019
913484
933730
49667
810856
245066
163038
942238
860635
219044
678040
791037
372514
946326
186472
354078
942396
65192
695635
816540
426927
698477
18411
819529
993437
295689
574846
628622
324842
647648
364038
576024
883727
458669
516823
329778
988147
53071
171680
716993
600891
204289
394999
472120
164432
915196
471870
738937
516547
97980
378540
613934
613867
688387
196650
896283
166492
907545
391957
297863
875065
799433
192984
39995
705448
468065
984865
292560
493646
64553
329748
423475
880446
778412
673272
524191
739462
705970
601083
721274
693802
654060
911145
859644
963608
776166
814705
869788
926037
877772
622555
503857
340547
940977
25454
525989
54126
889327
157562
759174
809548
849596
149165
783640
308687
456036
934992
32586
583063
388109
36404
248215
649548
606199
23005
496709
62425
864332
651484
178869
11189
682002
758872
398596
162123
445052
251388
483054
275959
633097
371418
547405
892646
132357
141621
899035
24863
799580
357489
684222
56887
568311
475097
243632
215491
357946
617897
649285
568048
620440
52976
607841
783425
301370
524168
755142
546342
194150
249955
859504
700867
516410
851207
761228
462225
815658
551554
203468
482638
51024
252405
698086
693837
65774
263411
114118
275640
717448
412715
276606
781345
79288
962036
206926
230250
505643
35145
674164
969602
552811
537471
453628
99446
284910
371254
116453
275742
206756
372258
809392
709973
356501
845004
533714
448650
40456
201846
16480
922976
641883
429854
883159
578110
855326
629548
471568
219563
971115
431154
469928
561479
218409
836788
109936
914716
988510
491996
804836
385337
870725
393982
436344
783490
924567
121528
615398
924759
185385
904863
408104
166202
916417
631852
714225
779074
47135
275088
280853
428778
643675
765962
156117
52265
184039
485837
640234
481359
316088
242847
782208
705
165903
978950
530583
699559
887475
745208
72863
510134
725663
940390
342276
171405
114931
240226
474459
176185
527838
945808
901850
310151
250878
688522
88551
644765
615747
503295
262785
880996
517345
859497
212297
282811
569073
894839
473856
592006
746886
543417
301864
786287
773861
54644
940400
15547
622394
339090
574289
715789
701778
65483
125203
797128
907474
587501
315583
294964
43689
974785
6925
31249
207805
382751
841816
240614
528424
441537
458869
294584
775202
373394
989652
416861
477166
646007
564344
271429
975434
165842
532876
567480
646598
67411
161144
470922
880886
1601
560398
675497
654831
540606
434784
220638
564117
735832
772085
803043
684693
977265
11763
996963
15181
14238
653399
211842
853716
901050
748717
331377
481762
549838
272256
352138
54021
51950
140785
604488
752283
508236
646618
718507
43542
227772
612081
364374
521511
516445
851155
164035
678379
749739
373129
969992
675122
985626
499899
504541
247020
502173
48323
810686
37788
270502
126050
558068
94617
474711
491415
786418
846381
703363
102620
601587
508897
800868
999629
240018
491705
928352
490716
731918
950160
977070
68054
370008
650946
359162
281906
568809
808413
481641
981470
843241
414794
951594
553525
830513
83456
629906
792532
817968
198829
884766
118556
474833
765609
727448
957477
841806
458374
837929
609767
928836
745491
302866
805891
457508
139854
903149
188979
97437
766020
99824
676063
668251
443470
92338
751290
716752
562769
620589
542354
678312
365140
342205
937124
3591
872812
169375
442765
648166
145170
442749
917446
733543
383179
552271
79610
970791
733205
498202
371212
881614
433229
126646
147199
885730
416606
486444
407754
216778
481482
207331
237787
587289
876229
471328
636526
332276
777265
566908
322641
723006
147814
734335
703976
561480
386501
656008
316692
880942
421322
642654
929055
555918
966584
70850
176188
354734
355525
643616
983961
401618
267833
366664
749401
407820
733993
816009
151452
705311
156067
864305
411486
580865
229805
404329
143629
857935
805242
977838
464009
381091
22261
128549
231204
694714
459929
15024
570306
602001
910489
650485
496869
158346
715666
632354
935937
8626
325567
816923
659077
545853
606551
660075
832514
789139
92008
877396
372642
295811
140226
918217
451864
222117
611441
461437
679391
185823
372225
153879
435374
482826
177187
530810
86273
923867
820398
343684
90264
820003
756494
812984
47074
901078
862009
685743
927595
858011
767478
605805
323500
563055
517425
572709
16291
955422
415646
230941
35229
193289
688229
513418
89769
33300
893360
3239
164351
132287
615385
316230
399953
197001
954150
937293
993081
310514
832560
336215
4640
849469
51761
904831
769873
133840
836449
792288
952955
76757
89848
296985
549853
63797
386771
988392
813733
117140
238318
717773
241081
579132
857883
92794
996039
941277
818799
390160
555143
674968
164320
222615
561072
405842
215709
653063
370631
60863
22272
197380
636450
814711
870783
856510
433363
724083
291491
261574
514267
13049
370622
693408
81154
415671
275704
228320
515539
195036
181184
482789
921068
591171
363017
969696
940843
438400
310096
488748
297782
762790
550780
298023
638133
824315
912499
974737
308558
457778
199851
45210
839554
677808
991599
292420
243958
111047
936665
480738
559411
838196
358335
913778
864332
466257
532554
53935
720169
620109
939210
722667
250637
760363
766485
562643
168429
723214
859330
948367
393858
881413
633546
574500
385803
655742
437796
365995
963352
609512
428703
605022
513489
367762
662731
998705
440857
415417
753970
622196
110129
278937
203401
940293
99102
419859
390285
845395
69995
504475
715677
540752
54968
586782
848994
722514
924482
215916
921017
853997
541848
944850
724799
671944
261074
491771
619245
518334
488473
63030
636558
236898
440717
763767
75717
110606
632934
157951
163645
545633
680728
965357
834921
271312
621575
562633
496251
241937
946522
540115
7326
359213
660272
981139
526400
537620
827904
840562
36912
590240
786290
732148
502886
469316
827915
893622
851217
383400
853516
374767
275507
902439
481910
513473
601921
284059
303921
970984
490901
718044
448153
165952
363420
703538
190249
228904
948470
395758
202018
89590
880953
247127
953094
988458
989080
731821
928185
825846
142758
229798
741742
224718
65368
974268
331312
433947
147270
3303
599219
48619
129416
300746
596711
731451
488074
824090
389337
141060
252059
476702
714459
457671
561451
242329
266598
132526
479480
20727
727549
860348
867081
936660
333073
984189
2602
628028
53361
820873
677324
393013
3599
920162
9883
985483
416151
864753
518194
869815
16960
811748
874105
689385
968034
65104
488247
53062
327718
414983
559249
449184
370370
677020
634869
543524
577095
580695
584159
172116
805731
196664
283001
779960
869663
199905
991385
99108
290376
662165
245949
629342
153239
856109
214248
977690
599476
192679
207054
86171
943459
801533
884090
14027
179114
4647
817103
345501
368221
38333
495952
25354
938109
61843
336096
398514
407536
424650
606024
431653
830550
760488
6656
536636
943923
656698
453682
258152
841682
519235
574393
814125
946197
972382
713835
426701
904459
628725
64435
400041
204448
744098
441524
886806
556269
216501
760734
490291
893306
46020
975508
241838
913226
195198
778923
758150
635448
598297
399496
841721
798490
328947
421552
704489
98135
969879
661972
303105
170367
967936
730145
785789
595623
718696
910916
460489
263970
866202
882251
882164
996354
187688
745430
300730
253055
860849
298495
648788
76647
522063
939294
244841
333107
839589
467652
566156
959257
678408
952198
47474
494575
768148
701764
833451
465264
871072
203999
183066
165079
745392
956201
724815
920196
561740
424636
957998
199053
488039
488219
808097
598502
489308
246684
696792
304918
989517
980962
233154
147129
899125
383240
710750
81398
26322
508683
395766
692847
444590
55869
905480
267284
574490
841415
939780
980320
19121
928305
369208
754737
659774
996476
835227
554026
330188
371129
503392
895679
37639
703930
573099
95945
190811
849285
318778
124851
103634
11932
745867
342141
98069
177160
992592
588029
974352
713772
761847
980035
771312
508847
855849
650489
312418
352352
243147
934148
892812
841551
868632
107742
664172
509065
68516
645996
470174
724791
30595
584296
753560
300306
630060
521363
899331
291278
102984
959807
901011
664856
702207
79645
690826
168429
639055
407399
991228
34792
553559
368742
413063
15447
474278
837079
920829
708322
173527
114000
232142
343566
802462
699690
593945
851160
591582
402320
873946
441119
324282
407776
519818
466364
705421
764029
196738
786375
823317
725551
956184
403175
649099
224753
158815
400702
332492
987885
763121
508956
440486
278562
107396
377301
852004
868067
541038
998065
147230
927401
280735
85827
177055
75080
897699
352391
827874
229688
666747
562790
544023
277761
804637
862769
302297
733343
500231
772069
978420
158258
798132
399704
598486
611553
145767
518367
37176
214739
750603
880532
662576
901695
391884
159573
751920
607047
675889
567687
663405
379269
63654
925040
649233
58332
189306
214116
479380
100460
594736
808853
877026
800972
298351
690578
713912
670411
782239
785292
987127
232327
174079
604820
61091
8980
608640
117838
201062
42735
48738
417043
244445
343922
695840
764690
250932
43921
744374
857333
418577
484983
32981
925638
69344
563290
301797
13992
417410
903134
436223
96331
540231
805920
590717
355505
733332
40918
998245
840241
225908
934854
293833
171975
85575
180874
518788
906381
652216
593826
859279
467127
781090
992966
416430
111865
91087
833230
315753
708655
927188
837098
298489
310928
711634
918470
736701
945797
871227
550203
499903
8262
957707
325327
259804
661995
543964
565405
337310
476527
711970
317503
29075
173509
492121
592614
117773
239156
729138
611518
174499
466863
344170
538336
444570
411224
345943
878861
623965
587923
568040
872914
139430
414530
229731
526928
341351
384217
889290
342986
260377
291753
103849
390572
801001
403180
13254
352107
105514
452020
100449
76472
428938
710660
127540
709079
80652
958397
211224
571472
583381
494585
766460
125902
837260
287725
247203
562034
367738
166493
465579
108456
195605
442012
669078
705478
810964
657061
333833
604227
373216
831607
395657
548264
789794
30087
726689
13443
646255
141534
886388
659933
78031
826476
559506
505656
215101
301842
811577
256371
405376
484784
158024
41759
236233
395499
86021
923452
581683
872529
537802
537478
820777
179676
814531
493379
499672
179904
25007
582061
684714
272485
144364
867336
675035
540107
458492
850654
547773
560893
380411
20932
59151
297007
568542
329347
944192
310318
623604
266039
112458
422852
482714
523094
171880
970842
387108
562016
781637
635850
544617
838393
799256
497954
789070
851537
118569
643680
536872
629598
160770
6878
750036
360539
667639
581143
39483
541535
555448
524951
187839
744781
579003
150503
229932
3933
587959
398139
757654
195983
651643
162973
444016
458682
683237
597337
318707
319659
923802
157776
110945
25439
543338
666548
586508
273166
690594
566600
432789
284909
801561
228567
497547
722651
937204
217903
983318
558981
337329
597088
57957
699614
682784
567614
627800
87001
220468
477418
823091
293199
671842
119634
457288
789841
236104
360251
285713
982717
109118
703673
550686
455831
672713
270688
444890
988334
500639
626051
270912
611108
269973
994943
989010
930876
829790
685367
120190
776222
185579
77375
352909
941155
876849
651252
36996
202680
324637
539900
947996
259427
141740
659946
245099
603858
842368
741916
711142
597864
621670
172644
331577
646731
972548
876303
916752
586038
15109
504455
626053
653749
691035
307945
387544
178263
743433
958058
735990
180331
283618
946711
255636
759253
902054
967634
777549
475708
227088
680273
260152
264740
247945
16346
862837
250076
580429
836377
182973
309821
143539
541523
277723
544274
489080
844030
731750
390216
30446
624076
686628
643230
260866
386678
24926
794105
796744
624263
166314
771077
323839
497165
801921
638950
293789
729842
944377
764415
950235
626183
24526
196855
696238
409621
773752
475437
359747
100633
501775
628577
332870
123153
585566
846885
75109
713938
596645
487116
120401
326916
904741
567320
973304
444879
923421
975349
658147
668670
547622
65249
756693
587732
841804
272273
739184
95041
213205
258703
484609
618100
55807
65062
815662
212146
876201
640506
858106
922738
322777
313239
884551
799078
926593
246776
47938
626381
898360
694450
207647
961687
381804
7562
713818
349058
241628
476533
659179
107075
887523
611646
990866
209390
910020
111463
667444
870411
184182
330170
135529
723362
270907
433941
143800
183493
97918
973155
747661
569654
903969
458063
607318
757633
711706
917133
813551
70570
609622
883154
682469
78271
608211
825112
228398
587638
985034
96392
506643
926994
437851
245097
194052
701532
511778
363215
529240
797437
756549
506833
876463
351405
514229
34904
261020
498558
691898
589004
9273
368152
169826
256848
575849
321876
680803
266650
49144
110443
849510
668808
983563
204548
649873
851969
127380
424307
639006
843059
476714
405147
805834
257405
408345
187785
82647
112690
460483
24758
514292
737725
614956
982686
212697
512574
746532
278335
330711
917761
23187
212414
176147
198839
167816
185995
967677
645196
331966
504130
620817
275683
63727
756668
239978
664929
587976
855259
678929
990799
923144
10238
536620
980955
111107
72962
391189
817022
39639
323207
746862
640410
353390
451806
551676
915574
899894
304146
121115
161500
449532
769130
78612
228872
963876
635571
148884
985392
721321
95083
39744
885511
122486
69875
232982
942635
768846
821333
381902
755949
525485
59371
533311
287266
301207
990351
312732
968280
730146
177515
629235
985827
803694
253192
529241
199510
546833
494981
636163
104843
797486
252530
751191
513463
394507
147882
637472
460869
637349
876524
231899
525203
794383
973426
530865
717137
602788
455788
446010
69629
579842
308929
314926
281654
276101
321858
471238
814840
968949
755832
561663
48110
281558
735103
387880
966359
724630
118440
633007
768856
524930
998955
885411
211438
817028
699323
368847
260279
897830
41786
160690
254591
659300
307367
910777
990887
841037
532342
833066
630984
670738
525003
454252
717580
757255
403287
783407
186047
681605
252935
937188
425222
511501
538728
895351
453787
988327
834776
714103
411533
958286
699552
763586
796111
234518
149489
784915
301931
361582
232415
178747
632323
657923
169325
483925
180556
657184
856442
78520
399078
890179
63395
172348
424904
68324
582760
990343
835770
386355
64942
131290
822126
721063
4933
117550
266291
738515
298172
747250
849738
830396
232061
378345
571700
911370
284147
983512
450429
394846
778537
857556
50866
338678
222335
822773
97121
97219
553252
54339
968505
499403
777586
645314
442137
720253
229574
23959
458752
110209
583565
397561
8822
67633
965152
772530
54772
382433
92669
246172
333050
755495
914920
549005
460111
725233
439710
373561
542793
329494
306954
523200
473846
886206
694511
903616
995241
598062
677528
704746
32662
47837
536441
557795
668799
80998
643609
799929
148935
676845
943168
987157
748385
62332
362037
263976
233170
406297
581632
907050
140503
34169
941253
162430
75531
811741
665205
449382
610569
633849
971668
637076
767580
142741
986213
693966
440360
872186
795722
638478
852727
844580
870968
46674
887661
965556
186350
972451
420431
805571
935363
562605
544575
884097
464069
630045
11069
194761
892827
492302
860496
546151
1387
667608
218598
904009
409872
465315
838699
630043
474021
175743
587701
655550
440196
531535
34866
618634
757117
183594
416752
387008
85950
278604
565156
922313
588380
316188
765725
493544
230862
889322
386106
541842
711478
920742
159151
89744
112198
250555
448000
711563
962061
931055
663959
406868
38651
192086
916588
54984
705222
754869
998162
892252
646565
269872
334266
155262
329882
785481
431276
326691
309624
34256
267609
66415
607037
133608
453308
411912
376190
863434
194150
276581
485040
357317
738978
698189
355805
501870
425259
746096
289547
961933
6166
398014
292899
602629
161522
934316
935207
614752
44315
548322
580493
87325
739171
772273
896555
457809
162789
956523
209592
965909
207278
425717
948741
774219
683003
782173
190486
930630
756226
414156
314192
180835
241937
748313
196227
551330
549574
732920
984425
772889
715596
767586
68084
121025
823670
391934
455507
35502
852184
564992
635307
861170
71756
516365
489128
893585
432171
597726
97078
132608
208911
501539
481824
410627
220680
775677
436877
236557
340887
562044
770593
134921
14363
282735
876720
218519
555603
694864
706685
623536
813410
760201
142323
224275
986270
14211
996100
199505
642479
982980
215286
16398
645772
216767
831715
463902
510904
802609
927791
43909
883481
340068
44550
707782
837822
415555
173457
928849
301844
307507
498916
535091
976397
49809
655455
749525
936932
68688
208078
523253
766404
904920
103396
827642
820893
595937
235693
779410
480961
586682
789060
863241
885974
482241
14416
306965
268038
466190
238144
116837
699534
724497
231905
559166
168208
344085
514692
55169
849336
960874
492564
385718
705587
427274
86759
581288
842227
743522
103077
32092
483191
797289
140530
373546
446718
55719
524756
294175
228863
271184
212724
787841
641460
241078
98168
622880
694456
321729
230761
856106
411610
359287
930826
898428
708043
902163
869567
176897
303137
476818
744345
602099
402891
921110
821760
24625
853152
815898
644983
883196
951373
37547
148342
160644
294585
150601
633326
638609
884337
109127
262245
339306
370921
928262
474778
177599
220163
669399
125173
498172
707411
963705
364932
583249
67680
223997
609680
990776
585714
206350
666417
683472
231902
933043
39471
213632
276220
399268
452853
404711
789199
887823
49193
429998
464515
844263
482370
657872
675305
85287
841678
689506
794428
397232
920022
822942
230337
373850
724092
298751
419701
729193
984382
632207
233327
356531
793776
246754
616078
949416
18209
316666
15592
154229
287197
209903
53340
263048
342664
128546
16261
652859
771885
950955
151824
441986
135901
394376
858603
732879
424309
42820
172150
799006
817979
673429
451890
454257
448925
144073
72081
323058
267745
604325
788026
409832
884212
202460
605557
35969
618197
395288
228596
235203
429346
231053
330640
881981
832373
49298
663489
612851
713921
593629
755581
997170
428283
751720
176371
891196
594188
691289
177038
885079
600649
389975
163232
305506
991137
621160
464025
54524
47026
291161
932542
700543
581963
802249
792386
143826
140212
725806
949614
192410
79676
291897
754304
686337
78081
709318
19310
191133
620286
990049
339843
496998
85385
875508
697368
383337
606114
28637
85454
904830
608953
35593
726088
646685
146759
549864
678371
678283
201331
203801
967989
109595
338347
707612
705861
510696
928239
808202
506796
107007
362631
876370
855668
936986
642734
977060
231366
972279
489020
901111
555137
553516
973110
374432
751607
368486
11999
127729
781465
871434
214140
531142
18333
805473
108115
78273
933422
687629
594451
84773
629844
76672
874165
454516
9178
533830
454532
866026
309073
819975
143147
294682
141269
838011
229184
877902
790969
693326
762400
842391
742207
368074
785055
330695
254670
913784
580098
12998
886407
232213
997
955639
385893
312090
362286
940479
184893
150118
802317
438278
365335
581835
669072
837548
367833
524696
427684
285445
324637
9767
846512
276104
689015
454598
494843
494875
127975
833157
956209
131083
712266
5271
196013
915657
986660
899601
617849
114054
124420
797964
31423
485432
324205
833107
955832
982281
413911
136620
938841
97719
254156
595414
265486
910819
312171
236527
912477
687255
200690
821629
991690
360008
301699
613143
952786
319736
748389
861771
751257
576970
869839
34979
884356
4331
138544
621073
156
912923
687117
663813
263656
626966
115583
235860
999274
903503
173540
268819
863592
792089
810925
170561
145227
797393
990075
195944
2728
163547
191273
793402
288906
11024
400728
173888
633452
307657
600932
588190
888001
782253
7123
602802
359278
300311
509714
251725
552556
387953
831109
123759
239663
892532
490545
131361
226667
749446
582635
866908
666091
492364
672954
104857
346567
803399
453533
619370
592968
719614
53465
62298
217481
499696
574343
332347
404416
186588
539129
676442
384959
432998
184331
319514
987073
202694
824495
675714
194499
699102
143152
772800
782215
699800
230463
891636
308528
108362
448986
204928
379275
953939
681385
792214
682502
256692
35926
874222
575404
225532
363049
537669
444941
98328
462071
179052
471145
689634
536356
233459
311139
987681
399535
498850
605370
439687
49946
158282
381455
614304
951994
971917
603821
162309
6897
271395
489361
437152
65819
331404
223667
973553
386877
868595
55212
519140
139770
125442
878835
116113
149933
831288
589705
454955
181492
841064
759460
526311
193667
902459
638299
549714
615799
546682
227693
399526
852350
841239
703042
187684
460782
424269
768289
866076
242148
882564
339162
277973
408596
357388
61675
937836
296998
334085
379228
877046
535903
472386
443218
686074
893427
237586
124145
243362
591537
488396
387321
644292
327926
634935
262584
582030
915704
645823
7608
430586
694961
186304
732586
615691
766014
613927
678640
348799
567937
60759
196236
656341
39328
597393
970761
23880
544586
931409
949657
918908
53857
742034
99622
38244
690865
795085
766357
640114
698513
21077
490651
766346
114298
643492
629973
739119
550285
954267
979742
111678
923928
612179
114619
518522
898286
364036
822600
583247
226678
71385
261011
134467
304625
333142
56200
372842
840522
265560
985011
910525
427456
836735
747042
465712
331903
797429
367573
512540
103725
459540
28858
544754
525661
695154
388920
378643
845369
412583
289655
620100
927993
43288
171997
419275
975809
224456
471369
890891
675774
56733
98821
609937
582302
473176
862826
868608
354116
937327
690970
656099
686682
84065
275246
872407
620646
649235
312442
118487
16896
336064
985904
377499
511389
407325
689197
167130
98912
411818
446398
184582
887602
787182
18054
790301
266417
628907
414400
508414
87776
706224
52943
788522
915205
917667
402807
613064
691757
198741
810184
149521
713085
249349
16624
425786
686611
249810
81899
403492
713763
665210
247771
178768
237222
302421
772645
126130
640257
130091
298659
288633
852612
862348
618174
445165
337073
857472
90814
333047
568812
881112
208799
117243
173621
546697
113746
564953
23601
672531
52470
642548
768306
296534
120647
534558
374011
147660
965737
299932
347626
625614
165791
391000
265728
571238
675421
697801
467182
50645
750252
450978
440436
966350
760253
191800
888399
133904
107179
699399
713327
527365
9406
604304
167308
418451
160930
394069
568646
362995
410234
238442
407785
99046
499811
927200
202824
63540
548154
689063
303413
711699
65302
605699
895546
840155
84779
490172
711439
481593
59857
644390
933676
620588
604023
358616
253293
893754
559331
65905
528192
887620
695996
613419
75130
705643
506141
233349
107326
880964
997566
488893
97435
647428
494070
741894
614470
549419
841623
554049
492075
890337
533399
172620
216505
830207
816478
860218
323428
158528
574511
919578
87097
781659
208428
482544
573677
217932
894227
398091
461099
210064
549425
787431
758769
399635
600715
791532
568638
74303
910015
105699
393722
944891
578945
517704
49859
804210
85590
995253
31064
176587
753212
484088
361343
583538
945214
14687
909515
40781
414561
893178
622140
120579
681685
210302
102322
440495
694276
13656
790877
46465
275980
354662
773866
15682
237545
526787
620503
935747
393399
548732
776760
201072
101905
242505
572328
206769
892611
171883
87456
606731
774660
21759
381596
840928
848218
507404
351187
739737
348759
206326
207977
777320
807220
990037
928938
318500
911781
860656
931651
29562
902366
335934
56784
987894
429117
187355
318990
892363
827136
489237
888913
545623
509974
440124
444849
74269
634699
32280
268411
778133
129222
426980
997896
799275
169793
65280
325495
875423
213377
313924
119221
435
835863
81340
83261
368510
921874
984281
612946
369137
868109
602557
408946
553653
413032
578125
631686
698266
375223
830453
271339
828265
827146
918410
812649
55466
275346
989073
386735
713192
237454
447863
694891
558698
52583
503651
277681
392353
174868
37331
602010
321451
78629
522430
649319
855746
438428
205058
888699
27532
518678
783318
33663
729103
927880
535371
552939
439478
22777
558872
383976
6593
705418
98454
110667
305728
898155
944699
416529
238117
236987
850087
852919
819726
890686
433629
421041
489597
483688
964427
507877
320823
787060
386034
988088
686330
846218
407085
142588
935648
600444
59541
128501
890623
781364
273791
236697
234062
829476
568105
841690
710701
745635
230397
546860
828092
282509
252105
917661
964418
579349
431803
467668
627718
986057
628152
298610
179819
816811
14984
362578
684198
535068
547649
838650
709642
251123
38400
277391
874267
342811
433004
133601
660369
902594
64066
833857
897423
494595
778838
597994
478613
172971
110981
351809
479094
621738
971018
742455
926112
329079
579999
277997
812682
583780
982407
803575
646573
215914
858892
443204
724360
639328
326902
89997
771489
147795
537363
128414
322748
387197
551522
377490
686982
248451
445860
632890
350514
30472
7372
87564
508630
88097
661933
60156
225631
410671
97112
936366
842813
429792
842070
907303
53640
883967
315373
402904
168274
981363
392542
539688
749985
990689
19706
879229
405498
628759
912209
259540
219497
861095
407856
821080
158079
248136
465444
874290
36302
522283
601049
35839
560782
333454
95766
349998
923567
910992
241218
231686
263017
350931
596224
96378
904904
280054
480869
593877
761294
591915
863406
521655
600133
632714
141046
805034
394355
113923
108641
43581
990618
337590
963607
991321
803873
254374
777232
157718
478468
756438
352447
665155
578897
651179
235797
147307
336498
496331
495235
741463
78235
940335
802203
855508
230523
282111
159717
959750
580871
759185
689300
800679
203361
553221
619382
484975
752085
338979
814712
55076
954185
37029
562372
492702
227473
301549
315274
957763
246628
863149
944621
497103
788001
785024
394368
831134
728922
971011
534638
8218
727159
583922
601144
984052
701469
441754
721760
694531
408971
892980
753405
58981
480626
106032
613551
681696
890502
462502
642059
413700
461908
956756
397655
696434
741419
652324
48833
258611
655591
988337
748356
495069
621279
824094
307519
696696
291042
355853
326399
578377
253684
444000
594039
550446
748318
411616
906661
908930
482698
797958
876126
180827
282583
94741
990942
992009
438026
810079
172119
999566
243483
510434
84415
615554
423863
842715
386620
603425
947924
123599
799914
312850
852244
228541
109715
754939
708390
280519
884099
778890
937326
54182
577456
760768
808224
867186
195224
982611
520844
485897
145737
652600
511342
961911
188500
851402
537760
299225
803127
486156
797434
43985
701416
676673
198201
851915
552141
579882
873154
220230
518128
945121
69109
850669
28196
932099
549555
914520
311982
636166
313975
814954
458663
410310
548638
329504
220205
318889
118989
495527
461988
845443
168281
515325
526637
350216
950043
143291
991482
750768
652857
829007
200491
172163
927272
181215
147673
285658
675948
754
296783
182721
952380
974090
13749
319362
351725
710422
102671
213467
544305
854061
621709
501760
192339
443425
109914
380932
540717
78721
318294
583410
737418
899196
319790
178410
16582
185415
796184
526644
645116
433863
808178
790444
257974
533023
570314
158090
267462
484597
727197
696275
202809
330504
889978
586696
94999
223579
613288
201312
678411
539340
560111
242360
65037
653859
437418
733629
485128
240576
138398
448276
161307
251339
90515
806084
329764
281512
769946
88321
301177
723189
352774
38014
875636
877881
154493
985247
920278
437716
357713
18091
220833
883351
621038
725907
959862
871621
590497
380748
38658
792337
77033
417614
248478
924572
38146
217620
206599
536990
621633
179479
510929
104152
41967
62662
897810
930382
854044
190465
152278
885927
603505
211996
894226
868289
37037
236210
475712
846493
512221
258374
86974
468874
696090
746658
389608
792128
380781
797680
364200
4371
257655
271222
346795
310160
51576
431298
339749
793234
927196
6144
666157
347409
957789
681338
502481
231513
418362
905359
826151
427328
688475
533200
59888
239418
25058
147502
532920
348520
682118
316006
584110
938959
268904
149660
211229
766493
50720
212951
858155
50745
45418
678993
501716
158520
173018
909336
318977
186923
647027
197503
521332
169321
259998
450739
397055
299252
76377
732706
467663
528960
549819
929630
627736
342679
623469
569674
584142
506795
481228
335605
43887
943118
668039
719412
119452
522100
594743
970364
320031
751555
502432
588484
704585
545296
744161
415822
193475
596028
357345
880692
295184
554543
808246
396812
641224
111290
40244
412342
56214
550535
21381
641870
916660
724843
202694
390263
675509
546032
816878
378465
838999
883936
110612
42595
688015
296654
792358
707169
507116
692652
719078
488358
522881
476049
213180
708459
77103
595887
170941
148753
90673
355455
632986
312312
614653
218328
742598
506311
340471
792279
595646
908117
842042
584758
666620
478135
644527
804828
25951
829178
846484
782025
397871
780025
507761
497754
650089
289624
240102
454909
73101
5157
857030
259797
313473
235541
741190
705830
598121
659740
707720
672559
294330
187910
390165
208806
942357
288349
699411
427749
953055
180690
121928
853230
616142
979653
657540
173604
831813
213306
392933
881705
535410
537370
86205
304381
795357
988562
510089
481464
827981
304181
916078
284302
676838
861816
101148
260178
390131
547257
82911
20178
406085
772226
899534
654290
533306
403171
287214
900798
788679
96677
189520
994863
989769
263032
675355
770959
583339
191658
281819
953149
381220
253607
78098
655824
910886
420525
906384
325685
781565
65081
42751
833341
9520
34932
985197
707950
486929
99430
275642
482646
364030
220424
311946
977889
559255
539646
912864
809272
83125
956996
628824
897899
44543
999465
944082
245233
565652
829164
411421
314199
24775
405348
208640
321039
312802
520739
408792
142858
191986
913482
464203
755222
664064
942092
927977
180086
84056
918157
775319
309610
552895
374159
644978
660714
441717
806002
876792
561685
638495
855469
129289
336451
827258
690131
238593
799958
807361
166537
192302
118691
577341
690638
245555
964686
647714
440769
472807
296969
840075
156413
538904
89469
772227
895731
875526
216907
364564
258665
2683
56814
436831
875052
234738
21673
434582
409304
231693
276479
232692
706564
920068
112672
327897
313769
153432
771566
926206
109426
33717
427953
592230
946200
659987
1017
503887
992399
126745
358946
453764
830845
874954
718276
894462
402739
612865
567397
482060
841767
341894
159945
94942
613580
885692
680283
592907
961521
93486
161509
305081
685730
150930
259362
774470
975516
33003
115758
792708
754849
144781
336401
899058
306918
950502
443176
234634
724581
415811
409805
306445
839151
75131
686596
121606
656123
270022
944226
822815
682360
730931
878954
998577
220336
915826
732584
915913
593615
244512
240146
941430
210658
863736
935678
800579
242897
517368
172338
788797
309352
695479
912704
64089
978426
8230
229851
673091
722587
24387
743688
430908
933532
333272
443732
372064
172398
171034
87387
22694
937785
564176
319484
10742
229356
580498
747118
221777
60205
539016
776242
57868
749286
462658
503031
16520
642278
456964
825214
9338
257137
607359
816321
877136
503410
977471
750549
190994
830447
337285
869810
398168
531192
390335
612345
35886
880651
3952
646536
167967
509210
974016
298174
213577
33972
821535
681492
429662
516716
157087
680132
79513
848212
564179
520889
991416
121194
227821
834924
177013
675375
162592
133560
782446
555755
429017
891324
213101
100589
476738
960060
94176
445556
85744
481159
881452
462159
379918
745999
685378
431664
486583
613749
387402
352094
200481
920843
983982
612780
372438
322736
368183
938780
249044
589967
223921
556465
458109
937231
635340
383547
831634
895752
225412
660629
415521
179352
434283
946701
920094
234527
930197
714782
848308
706649
268420
807445
638586
407152
974958
262881
327527
838383
876989
593
449083
199266
528726
282666
281760
542681
463584
675423
239973
79422
545759
940948
62116
811025
4644
301904
217903
782126
9191
133287
300475
448043
386541
46420
143953
412530
80825
236953
477240
165860
986412
878310
986188
283511
459162
799758
673529
986358
848513
927318
34726
542224
665296
84092
131491
639698
108485
675633
390594
286601
579653
978325
795672
205421
271423
233953
153945
493196
667045
612423
342167
601168
397352
713221
574436
939604
286561
20111
812207
290545
825979
451320
452312
468025
816430
757284
821726
615264
410247
525475
720694
660102
399351
609794
196129
616746
717922
933892
473372
219007
947640
955266
6681
63953
268657
476855
945820
614231
530525
603104
671335
136296
784402
65316
756191
62052
747355
310225
42420
98660
473757
124104
123277
549695
891262
943055
142676
384272
266425
999665
699364
195950
894457
114397
688105
623841
515805
208345
909412
704595
45174
110923
586900
745874
336132
139484
441639
75348
413739
761981
586864
571036
730442
557210
883699
627119
974095
913728
706705
948505
980746
194743
132970
81411
533141
950528
635901
621531
654
881916
644425
894608
579763
810447
54593
460280
910511
335068
393192
448601
373985
354272
65914
312073
698257
547406
860359
398978
400230
514749
270825
365412
786844
610266
639490
973485
797036
738285
984455
977895
542300
808032
900330
41784
524178
496606
154549
12125
908006
730036
150812
595921
123577
183096
30137
923777
540122
745591
954319
187727
592513
428068
824872
499
536781
408196
30548
399408
487841
765352
259953
848234
882120
210571
494011
803076
469408
777436
15956
796687
77135
49549
629344
240338
320225
50684
740771
256432
124245
38559
66956
250740
786188
391346
638937
281755
711083
81586
915143
658430
167632
548125
637125
343467
613232
143810
549461
85999
729489
377216
991381
434516
524520
17594
205908
323192
234307
698812
860006
194584
809661
183426
101529
249080
196252
433339
525241
138722
688617
833213
935244
165999
940531
510738
624327
282451
341682
464752
260071
124454
195790
855216
932621
71647
810102
529781
471874
186082
899466
879610
13501
733061
73404
905881
791470
584336
687328
43236
265065
916861
857024
631361
864464
933931
15388
630605
953297
107505
636628
222606
702279
892240
733130
407087
996471
745057
227309
599562
809665
323719
853482
94348
119952
106755
455184
611150
509653
366343
549825
433536
641440
943217
725951
404720
878888
472470
54266
246548
437924
683668
255792
149668
308700
870140
843353
516620
490466
377075
9732
950192
465251
157125
854673
314444
783867
683170
116926
908256
730103
530886
210493
312092
132843
850236
431209
595750
669879
751435
890494
388929
253100
201441
576698
612808
445124
569248
682129
471491
45819
56022
722170
98670
548718
507050
184721
526083
797828
647123
870547
586296
742915
62700
933741
275779
30399
489837
938894
86776
466429
992800
544170
794598
191690
223131
177807
487989
889283
756331
179802
291095
755063
458049
122490
991865
849908
652740
182389
489594
645373
305076
221434
270705
668769
531574
264149
654689
8712
561052
571127
929155
217324
575635
147202
445727
693483
104115
784819
194700
289469
461076
714889
856134
661544
923103
669454
424594
420673
310383
674009
379237
238550
306087
21129
298264
458469
630693
963853
664544
405265
432989
591920
388708
112111
813772
377216
289449
974828
103787
961758
64664
997977
854526
455444
364895
279186
249143
437300
953708
654965
631234
16360
160380
824609
119025
493576
874858
212706
473889
148007
826094
946445
531736
652298
715435
789290
62331
522884
821221
294966
436214
199434
795394
874765
668477
492921
510112
946617
267225
99756
542477
18569
683612
935862
393955
216449
105309
288434
5399
544375
860519
162641
363202
64030
78523
314933
251220
146337
580597
504586
701767
590825
550812
568826
197710
28293
251025
799888
48267
827760
489777
228272
717247
193373
924540
976357
292733
891654
410217
288578
997288
239325
694019
786276
901802
180360
464936
705395
128011
1342
466750
542184
972626
57913
828231
210878
929780
750683
737026
599313
26472
265061
825542
292824
482281
13116
787427
30604
179247
516338
476788
774440
760615
831488
971480
173161
282227
157780
524871
839667
771320
316269
585526
806328
405092
217297
134812
741510
837531
117346
290372
342608
350608
241726
517597
597212
396577
172921
355734
756519
151533
116414
608392
858037
276679
837442
764449
236271
984822
563038
620809
631988
741742
341573
612382
341168
355610
918362
961250
101195
668347
968730
432890
738529
726217
223608
852695
811134
769616
381226
767438
414060
552746
55168
201662
382411
408158
487974
736179
595320
130596
489863
38388
752206
188665
736703
364594
107978
543939
123292
958260
514899
201875
856949
429854
46937
342262
65973
354065
150146
691789
295479
762291
833808
997189
527726
683562
285220
230547
548227
236441
108876
642413
393168
845101
504878
107354
584305
379153
21466
233717
651477
394784
320233
170044
798931
645254
569705
845716
446496
277295
858399
308746
737728
754020
83828
19570
866470
150919
92750
891829
966157
348706
325354
470068
575807
782777
153828
150985
938381
796583
850033
132462
800751
455375
296786
833144
346249
162454
694168
550674
301248
636334
438696
492258
873981
980459
135632
188931
647805
683324
580432
73527
735849
713620
601554
940210
452826
897774
656713
775792
307868
113526
273191
1031
759862
826708
762854
614199
550044
424648
342902
900530
546179
717345
495344
906866
608886
670015
402046
821005
502482
128925
791290
493573
5917
161989
543061
708392
107659
52356
202949
475203
570719
164658
319442
172954
20438
538983
491247
147001
843910
511385
664409
676943
638072
824501
624027
167904
621237
400110
148155
831808
450902
966997
988399
425892
25991
169168
200180
199548
979882
843892
73840
320640
307148
772902
116283
337539
870056
494730
522004
670147
173242
415066
242527
874100
343191
110420
63329
889478
631975
969946
476891
583825
670707
999611
437501
962774
994472
182493
525562
292243
645611
638485
901896
927690
107148
102155
828661
528220
17130
87595
994220
293219
244566
25117
210926
357700
29859
291836
179137
608013
117538
281970
729033
231909
763391
16613
750964
437720
125741
581951
838074
761002
435905
650795
44119
52840
590200
202615
393830
635311
755682
535835
247100
895289
478512
985162
51835
856337
579860
580043
514769
523472
693483
708132
251643
544363
517741
251132
49362
239038
857635
801619
409398
831732
156363
406513
192953
932145
116617
802038
382759
510935
463861
5991
652932
994239
751044
624551
978160
594650
692170
908384
931806
676157
215687
612151
256559
11219
717501
216235
846198
401360
39784
529230
850525
99177
684619
941796
709810
105835
45624
93944
247353
771999
471618
931831
41695
349748
539687
211378
622055
282684
536189
881852
666547
384419
112532
666557
900993
872400
449478
710407
750503
224793
563501
393343
265853
320186
760088
604427
817195
602572
571331
101432
710865
333151
66846
546857
727054
484941
94043
972735
971789
390254
518239
976553
301470
764415
814241
505699
359917
118059
944174
45475
450475
458839
21185
194981
296403
169513
520312
452884
773940
650526
437597
464916
577040
412171
52334
849870
78330
607154
734086
861906
236501
34898
550550
716700
206521
138915
731776
76307
42421
655359
656580
568597
415149
965131
526518
5221
71693
631006
450329
674304
405920
164496
790430
236334
847357
335061
127931
929628
328478
694308
639532
180055
736197
179333
976891
480592
657982
745225
892244
33708
734528
885798
430236
685512
733125
516895
325728
18378
731930
270507
428984
208625
435115
726455
549162
576477
111650
873576
125557
888224
900389
77981
366906
810693
638916
960369
375316
398129
973406
364065
953145
35804
447008
960835
235739
470145
43747
178341
669788
598241
699011
523689
481864
799189
428704
128596
347322
535459
755715
7710
47981
972983
646354
673802
219907
650968
155940
131334
677972
384259
752394
447154
306649
906935
115748
605652
676998
205134
384056
61629
219974
65364
603006
313328
158239
172238
760746
587325
870197
796995
906022
546489
131895
294999
771327
924550
333029
506451
333183
450366
176131
974858
175527
680430
777309
168452
874760
487667
706658
682415
500777
465539
699957
329127
370930
916886
944847
460649
535839
998491
831783
274568
429418
441900
598024
364360
379886
64681
542385
761090
322350
115635
179062
287592
242942
892810
679308
537781
412778
34617
331065
70085
48355
975356
885368
43825
48825
674240
773159
202554
418411
627873
748376
165375
245233
299600
519047
82671
231856
734067
905150
726666
882666
32138
213803
534773
837359
6589
74802
785306
48910
101686
976630
938433
233225
840634
968977
158547
585037
90012
169055
962517
477558
24856
490622
628195
686657
105985
689180
827482
660993
389936
770477
978918
840281
911454
601829
166958
913393
798229
786338
226466
275797
650895
694283
826583
262716
284516
499912
487821
722971
755420
214505
749536
683585
92078
861577
404297
57511
67793
921306
771112
311276
148774
35960
666829
22950
426148
230189
543083
588961
119279
323374
607463
432999
317341
794645
887178
178490
378683
343781
125855
599959
32631
186995
208191
805681
743506
140853
815279
949753
687599
972065
698860
477860
909685
311266
781978
978853
122658
669495
746362
137232
649063
987062
344865
24686
675518
77471
107740
202286
548109
580233
169520
119985
951707
414373
900691
108679
824367
567240
480913
786358
228362
886562
490227
493275
884253
446935
777334
847251
612011
29118
948955
668527
420441
321664
170880
664903
57316
896734
227097
240123
202238
789511
13355
127441
509095
264065
522289
414305
219483
216703
154047
317321
399082
637263
924688
188161
839591
14285
699948
452747
384387
633297
589516
846236
395275
767390
450520
880293
431188
485277
550460
428774
248639
494930
367204
791842
553221
670222
62967
424453
715200
973667
466031
352568
321922
365826
296515
654154
897496
64351
740723
359864
415183
955870
36640
25360
818018
204609
781514
899925
147090
664306
795816
992311
480816
505913
689003
839738
4740
767277
400399
465404
594098
168547
305348
781516
566139
393024
536735
733929
200129
348245
170517
317303
745895
492664
10604
914352
265621
25379
990187
259980
814863
558413
404939
471632
850005
675099
974929
543050
156226
818677
669287
162953
266515
709869
300712
261276
758038
936758
922739
503143
585879
117913
896033
859484
738187
471395
751459
22289
434273
790183
313725
849693
37880
646081
378487
405682
358860
92638
461754
960284
339180
357319
824411
479797
201011
314234
814877
762648
643742
69979
139114
935995
477690
205550
557273
755702
429686
561858
142954
294534
871665
509204
181167
265423
86246
28504
400376
773255
95709
992684
164558
944437
558722
192800
31476
145320
798814
811998
268220
985411
707403
437091
748894
19567
593635
406326
523490
243806
366864
62727
895966
383641
734187
226251
918968
157134
275570
691722
832433
561076
836420
662033
32700
645740
113459
276328
444214
80771
107035
364399
113045
184356
870373
989055
821784
57243
542175
429707
70548
899490
567958
101559
445477
927838
281174
458316
199964
689294
735895
23047
615830
627103
591523
864399
845843
340629
962592
73829
359571
130198
569925
746017
897654
465278
129064
135981
757455
238653
987838
114152
888176
257781
135278
552259
633371
682042
914665
415252
783676
85643
124539
946779
375391
894797
540922
623062
699572
890390
248087
579681
407312
874850
845628
872867
781941
221621
170981
796592
405726
906247
402335
190784
558974
320627
262595
681026
499274
255724
794950
251904
534441
991222
163902
847991
670036
269376
208366
904194
365608
800043
662049
985166
451459
782611
376799
287616
308057
552287
192364
709641
257532
437217
330511
169306
87258
8006
542777
26139
262660
201948
120270
298272
86081
785367
899902
50927
716953
856568
239188
323715
83698
932589
246033
747247
190994
918281
250329
764909
681670
166775
616137
884696
514128
107719
922401
286556
51383
738664
533522
831097
175008
898421
593094
132556
100138
17146
903815
721573
91516
201770
376718
219536
187366
495171
963969
920629
599762
446609
946785
338773
668132
671491
654113
401877
103561
790975
199342
711868
329195
231735
421615
140769
619635
408865
727212
377600
361971
905655
328473
439561
961943
428649
882390
698801
587396
302492
203305
463265
41620
557051
308538
212947
378166
91790
578124
47189
343389
833339
925656
640180
179203
189270
702529
829882
31264
572772
663938
761777
316924
532503
330758
57448
566684
354422
495851
381561
18724
934880
336078
8740
499644
295136
201386
471542
358543
95235
104670
182839
282769
793962
928252
84283
70356
277507
208320
164507
183929
347799
995247
805788
307237
76708
711448
894496
681954
185390
586906
130466
710614
122015
619801
182899
45217
155016
340812
517701
358872
860147
235458
545095
740870
807808
204392
245606
778546
382395
220910
762861
154953
52984
520224
861277
866150
576675
399010
262894
515085
192340
712443
468631
225999
323739
783520
356700
636882
578303
307093
142561
521905
475815
62306
730143
757655
210052
44504
612495
224538
775710
20430
757370
229404
591192
49496
242476
365195
24675
862188
350044
875907
981752
414235
736893
23488
782623
617424
359251
879083
919450
166726
362577
985818
209225
373496
470920
131150
247515
735155
110828
700234
724450
978464
835700
238657
666831
584935
635442
687595
657076
272423
702248
434144
63247
212913
809169
901052
683889
946898
140383
206692
818525
989933
15365
483491
67822
65802
277026
381420
231898
376070
661684
188684
724983
863463
753402
572501
608685
862542
201365
36673
785624
876496
312183
789477
285632
646911
904982
423561
564465
818942
329492
67388
731494
86221
211570
564666
499936
644795
281988
105999
818420
449959
993021
606359
699612
770447
656274
673570
663220
565412
116094
484420
320799
322224
40034
551815
467211
903172
242527
180594
880821
200775
51743
335227
739482
135310
879608
990874
615844
513554
518670
179053
444645
411384
649057
352583
479387
979798
898531
113189
996131
126505
260879
73845
153174
661573
291504
295972
809109
546901
461850
974985
94221
197300
578273
951151
43750
938677
969794
774899
265854
911198
430278
636473
234874
56747
931250
602585
710843
470641
865574
333089
636115
15637
561156
836832
543689
55127
788583
880471
164423
142789
906211
453331
701108
523020
874792
253258
463364
942851
76883
110182
376288
217105
646842
709836
908497
656155
888179
873540
202528
329973
503260
424145
809990
627741
659976
731926
205875
204305
445493
57667
296702
21880
427073
244259
715940
24202
534125
547029
724891
295938
736508
672462
462641
459657
309476
438891
60814
102543
33091
492292
940472
335588
192244
337158
401666
441641
842804
252741
765782
590126
696125
524633
919707
687419
88120
234436
312335
237270
783310
560593
54428
459746
472315
142969
304114
941685
920762
505990
782363
892262
136843
672384
795608
692551
812660
71471
592096
539962
801162
855919
599721
726385
721306
254927
104031
199255
862996
919176
922242
164930
187505
80105
433874
463175
696806
751300
882933
94755
960865
424782
868233
715768
731783
634242
217431
885140
682069
328316
956784
824139
152802
716831
715516
207026
426458
263663
119018
226841
783546
797378
926852
243372
532119
190350
412145
635607
144478
360699
98557
755716
18470
973550
100698
456776
87420
91160
64119
141565
793977
132138
305174
439301
475055
101170
483576
156967
820339
660175
980734
39201
427999
134033
425328
656397
975689
418797
249133
39099
456494
767539
198906
263780
136823
391196
803453
599581
701629
450150
834178
743077
955504
445450
613113
608440
335595
294775
492916
862342
653187
500959
136020
921632
973892
390660
228085
192681
383225
70857
245084
358767
627706
523700
273398
63238
356057
122720
683331
532384
316144
153307
482477
180322
10037
290399
861561
694554
726034
508714
209633
276219
386668
912173
220714
22968
662828
150595
303385
842718
290525
726463
926317
940969
90316
922984
490895
579110
748337
495452
901731
337298
476527
900492
886316
194615
398570
486062
642743
6453
151428
104232
736483
866264
669552
538059
277337
374648
443152
560876
920284
522963
921928
262773
218802
756834
831039
108549
326285
752064
404587
363291
33989
683401
473656
926363
523542
12260
383114
723148
85888
911728
656445
130680
206628
703108
993806
575931
31543
957137
569430
108172
492385
654917
493274
145665
642488
142371
942446
371095
556976
878972
187121
871350
659744
199407
442972
204626
329683
876412
924330
12558
498019
25817
213978
635958
400139
377715
609669
877788
251013
351148
970537
648523
372427
738164
16184
456550
753218
625889
761809
105670
435369
108284
268889
284619
630827
458411
638237
936203
451766
125698
239492
430061
250161
283923
604235
860951
518990
581415
292860
468043
681780
170231
34326
298449
191853
113523
423479
233566
992352
300682
600676
978857
979349
893894
91150
785403
53679
451597
894733
532464
868049
924899
377421
281848
567160
723224
306542
568168
616392
484320
404151
321571
448652
681544
387872
277857
20932
62246
529866
389464
765111
888780
331967
443816
89851
589173
205352
113546
580521
653439
282255
607785
45155
134741
11154
910474
40935
103144
354013
770313
964297
915765
25109
52062
725944
65284
61986
515079
550358
722856
580719
15703
570626
686724
472514
27048
228326
514261
638195
268746
457038
404123
633893
370797
712586
816974
169046
589416
217356
414961
357037
279338
68056
2438
519188
919706
76737
697768
600618
682972
964171
775967
558205
432921
380266
515200
817539
543862
748332
448504
281635
984711
916597
902470
745448
752944
433141
818781
725724
90596
979791
88410
965159
98771
450483
85413
750549
801406
59769
958775
555298
90699
539442
679245
67155
30017
711680
908586
870267
728628
128132
971325
49279
142119
845901
943884
864684
180220
378277
846478
771908
996811
283491
855363
35915
746414
166068
950104
837276
202906
652591
410515
824359
353307
202597
454333
659020
562484
224845
125978
444650
110036
564340
525928
191363
156396
24261
765021
377015
852745
315709
182361
12848
747401
914448
595439
346455
123954
959770
194964
119368
72761
3959
890787
453841
118180
745504
507386
818112
119112
421576
524491
62247
898547
366327
266028
839199
615952
33288
575409
627956
275160
809629
384869
866204
47294
555766
576631
172864
845768
655051
403997
837390
572952
106959
242949
334778
797688
255420
566860
347617
885957
834870
474750
549516
469293
223960
879277
240325
174271
675652
935327
247215
983984
918740
137301
654504
915519
884974
513966
26969
124608
210791
690243
816397
932503
339291
321972
816502
677822
401643
209774
805797
164533
386196
843810
219445
433407
215106
502185
842650
546061
977266
306355
455799
752534
171947
20018
544046
735576
260421
471652
473252
921376
282267
958439
18030
754090
347165
176688
120284
950639
277119
532714
331395
753329
997600
466109
51622
914610
890986
872526
119253
825298
812696
555724
437883
812463
147317
830776
90460
97293
972614
302967
392635
335594
830176
561535
882010
286525
167384
539204
433599
670761
437295
93309
265038
463607
631891
175879
122043
273576
827874
347556
721835
170861
574126
253265
784551
677877
193421
706930
60005
645013
919432
131752
335680
625123
447268
602466
855885
269067
216196
705885
472842
773084
997168
452524
827174
352111
105167
367631
516942
76552
849044
51750
248086
829725
119480
163792
629270
361275
270309
515599
112732
406822
967733
997797
960822
407251
235881
698781
185908
623798
508673
654334
511551
572463
765836
486419
54713
388830
457380
295174
318906
935438
704956
403420
849770
846033
35861
665751
838917
458950
663761
246209
903029
767962
919016
631067
316339
543420
459701
925731
423702
96393
876958
392555
121303
551038
79848
461954
542125
91894
914212
537924
119810
457973
105055
963547
369820
108028
970062
860957
367713
707039
506847
895276
428491
185413
571193
705498
713511
306046
526674
775849
691129
594803
628243
609097
740637
13797
163368
508659
554912
467391
123967
783435
590046
257514
266868
661771
146840
302440
686397
744681
731013
662963
234985
518995
846597
856340
726705
940915
880940
530356
194606
768311
252558
928474
207969
923496
458475
566865
857093
537450
249258
785882
451423
931897
126326
133679
693593
160640
494476
279040
58749
30637
470812
299362
805210
530945
874513
821930
20618
831529
588934
835093
626972
671549
708445
252471
662491
846077
188642
99254
106540
56942
333900
718740
599966
475970
668880
862349
470548
180339
930927
181247
634976
870006
32705
809458
885466
637624
884801
579345
280334
527460
923643
166266
584901
598600
423515
324647
728550
531423
6336
915193
788893
996239
712209
260795
337922
762928
355881
392884
28329
259722
779976
913115
955164
159432
56569
588802
742475
614299
523539
933837
539098
671561
102956
26788
409748
347331
86189
302582
719850
137368
241213
899528
472018
400112
76798
840978
772302
206852
305710
555004
147770
473696
385933
84365
675697
307919
679988
33123
156515
441915
616189
172368
621665
155265
897618
220895
822091
692477
919514
514312
579936
268435
37088
672031
297807
270631
154381
485999
107653
807952
96910
914523
426072
527516
622191
665047
542171
160585
590307
630549
615823
491111
261157
892687
4539
211394
32643
304628
772158
960917
953828
58722
885984
380064
151541
404072
752719
679850
889326
363952
295192
256243
233107
684852
106506
39010
379958
939999
957432
898798
268906
266397
741522
963262
928651
899775
964904
193024
295578
413300
723546
480667
357323
354368
743488
732396
880454
359303
97513
621689
537406
346983
783133
718037
972887
543385
591771
32035
925340
62222
709259
729847
88450
943150
189898
795180
410855
500338
264801
340628
683616
288506
1322
506958
744023
449993
364704
779489
612514
397850
645321
490393
969593
694511
293070
966209
787452
953291
705943
238321
501779
909576
694072
86223
677938
347384
864921
565441
559612
927881
347969
191340
405075
506222
650063
769211
410564
87630
295910
558910
304901
309169
199678
71648
581298
662586
314778
180128
819235
468772
728979
783969
1284
532653
637407
652897
319497
31931
15486
62023
656337
48824
741606
83853
210787
835668
506586
950703
809636
393906
655942
54094
700088
78129
467100
640374
493888
839624
803161
729828
20237
636580
36983
479671
613508
804834
655942
780650
826230
359324
533520
43159
829022
767744
53352
454621
651433
664423
416524
51679
665759
631232
747275
635036
935400
442168
22320
217429
927691
364458
129566
657751
199946
434321
536110
352171
369355
501529
80242
892910
756209
132989
93640
195404
127443
764966
692924
911827
638942
248476
432100
553848
784577
664219
221026
595753
606143
136316
62383
19507
685887
137385
14242
444711
420145
258335
91973
335748
19392
961660
165709
549710
544858
360003
609218
86870
562137
787541
436625
666621
990062
662250
722747
811851
861197
454393
761186
304276
475021
453425
910145
881856
329995
508540
800844
64100
344980
229125
126859
294281
120596
566437
501741
998129
252424
567006
315158
433267
984454
279495
864305
592825
406482
599937
674769
168497
349569
271061
523754
684204
638962
206947
305741
180960
179708
627092
746400
370188
561472
578739
652419
160435
170014
68090
496688
254116
258159
522905
120960
778398
194283
311955
634561
986202
80269
429908
270350
744568
764061
527831
550827
298991
288891
947027
487767
726109
182069
379440
786829
737567
244384
691626
74379
719463
461496
264812
886100
78640
584207
698641
426093
184957
310451
265556
385532
715043
312782
782617
628294
381181
333212
716028
709317
523246
100213
412790
511881
792902
595279
786718
33175
835308
716737
892925
107656
297154
606236
888532
622848
778794
953086
411921
596745
981435
300075
525446
811062
934081
777938
639153
929446
251498
36727
780436
912002
297706
440319
775066
162132
164508
773812
861760
403300
425953
296062
212475
435758
209839
667642
618766
569892
833424
836896
933081
174551
603924
291432
695782
544993
565413
389364
50690
843772
254592
849175
15385
523552
880085
947820
859745
592293
74338
976170
680660
587246
392279
278473
408209
429255
566698
219906
984116
722027
895425
864066
204805
821532
799384
671200
703479
193187
934006
371315
925699
381788
564117
771192
893240
289013
794599
21717
608440
376151
65521
993377
964881
554688
832687
65086
689023
671655
306992
21195
43262
502935
258203
4811
616309
393875
297020
220786
691947
741795
362160
733531
133670
793570
813320
869487
169220
503212
149066
266679
858372
931223
233086
837162
662738
385230
803791
131093
774503
833048
971734
533824
947083
63927
50899
886815
565822
541012
408391
231790
899883
716343
235818
909103
100272
618719
683884
212341
609446
438634
269160
555939
411581
338364
281921
90409
882480
341870
574213
227183
510409
120795
89075
284955
525121
976125
732212
245276
764861
752639
798617
647260
605538
734539
590756
198535
779401
741084
346276
4251
323835
492066
385130
38083
46128
592159
139190
438948
122006
722127
467094
631654
786111
247308
1480
206455
965435
702750
405937
279754
780666
808465
701383
718243
82785
169868
492671
762241
750078
114328
252924
494051
45877
486729
519260
703600
422769
104713
994200
177539
624696
220502
202984
694331
121448
777006
268402
982395
353469
61759
146674
576690
398576
312470
871737
736948
998853
141287
38151
593081
584381
517632
222870
627075
574536
37790
978554
675603
837026
359217
350347
446465
624578
869748
995414
635252
149994
566420
381943
95137
847252
401210
902432
123766
546899
913196
130877
556694
828628
286845
272503
289973
203660
385764
249472
305579
56923
707783
152224
325373
928632
697579
490371
226413
867336
901078
842010
259993
15779
821134
645084
460314
439556
793022
75651
631818
167797
85136
572715
494675
256923
31625
78605
897238
464308
914518
313693
638780
317758
865995
621578
949970
810543
687123
778793
583947
490996
593343
388937
144441
49005
557880
467927
758482
163736
110441
351273
315794
748654
957785
401343
159524
194657
206656
56804
159637
52191
441833
246751
924879
892754
858611
753154
268108
521008
219885
758562
192520
752846
132283
250364
342142
937441
800483
920534
312829
498940
925581
594288
134662
372193
60534
971144
390962
190480
409002
502120
711527
201688
215615
135806
233553
43087
462641
878164
448650
525281
935650
234250
632222
248550
161191
593818
256757
101759
650167
167197
630522
90033
485035
646389
333214
681490
840213
721453
622193
702842
410913
572570
649248
935220
2466
382240
802621
473279
838287
910464
216220
569372
128587
721451
457913
375598
496648
853401
31100
633004
972865
810714
716749
207572
294245
601458
114713
878624
532542
661306
357892
130118
248898
166559
413711
216662
755848
497745
182425
218136
994822
480933
925621
941272
448447
770241
269663
970442
643827
254575
537426
749949
472173
929140
274893
277607
541142
174945
505256
130360
255804
258356
909584
982520
257108
123509
86574
770096
718184
511010
656839
920508
86383
91978
874537
207943
150671
806562
866987
349128
531699
125950
518966
505272
265601
98905
244185
24362
678316
921503
301509
491321
971066
123461
802234
550748
244380
431695
843614
208500
582258
991103
637009
966072
420129
609609
942246
812262
500041
479721
431918
150545
742919
216475
24645
809014
496143
170885
511720
230573
151183
983728
668446
109383
805624
395033
920091
836058
74776
7943
430561
771537
730986
825821
730109
519323
499821
955294
337159
527885
611615
787009
673929
177585
842172
237814
366798
766853
274107
540185
748312
711221
399838
529844
549207
892122
751539
18896
783193
868757
899149
472072
605527
84753
492970
143392
916979
371789
903879
567833
332984
2231
823101
561993
742401
218435
786302
544565
817763
729829
690156
182679
37094
677137
692064
582646
258772
146571
787682
688466
277122
37318
20451
730411
857084
725715
50259
106952
155073
505421
555084
273244
733195
778429
504118
528291
441639
53700
927810
390643
210903
899311
378665
870519
354061
449828
925627
957645
838763
354500
312530
819127
648780
493985
370637
873053
531165
229419
76557
940425
688024
666669
19934
95094
116315
549596
720283
678264
241851
838765
207356
444060
795644
199191
901971
206747
58905
693958
246154
317571
648759
472139
372495
560506
498106
297517
553070
517751
357887
789623
496483
616084
571411
36287
884830
350484
989724
813491
926586
791431
115827
177139
115084
245299
688359
492450
736585
131033
418845
471081
244817
347748
317035
605011
261139
643294
993721
270758
400399
233564
653329
993997
690259
600019
745655
624113
855613
668089
672320
987629
655788
412047
132574
496237
71226
588220
417570
135913
387413
701837
516538
945912
552542
775993
646143
7893
71048
727521
956700
572830
139373
94130
587121
735055
257204
481266
883843
231972
541647
418009
764233
878810
128618
907919
412061
401341
850870
531810
59821
652148
901467
61591
975353
743243
672667
407200
241984
118063
128272
470165
22482
898306
577415
731932
584704
847421
771047
384084
946150
972601
473006
367072
919187
668811
840803
537897
422367
669631
125275
235039
296014
927618
435953
857560
344664
883183
838220
455418
951159
554418
796605
6094
978528
868171
844915
667877
352087
968048
658457
222929
875543
354257
796759
162860
151122
81759
429770
624050
198930
859274
171510
131367
890496
139476
603289
991042
913326
801671
246984
80761
750673
683253
362479
581404
107827
326785
947945
124050
764615
645010
924847
912578
362264
921900
949969
774532
996094
548917
399601
437682
272140
636143
16784
786961
908034
998826
396630
786891
485207
732574
420922
464460
282401
396009
564120
149755
404871
613862
787292
900860
575435
139346
298380
857288
452578
909432
865154
978875
291505
548982
3268
870692
426053
541074
676810
641653
875198
162972
770911
303215
918931
399350
777587
287988
709944
449504
407051
467538
141913
343042
72964
871770
471939
664750
564302
807913
398783
387241
894927
183257
35948
758114
613143
235910
327589
840672
99296
481189
158657
496754
828610
951925
6873
174654
313463
711069
538481
145580
92236
621412
387759
449132
91332
760142
166995
464183
620979
244849
342238
623818
605806
660379
930569
126212
932697
973276
963142
108509
129607
615161
504228
59648
135149
595087
51126
764591
938362
189985
713331
764148
110113
443713
986296
720808
937279
458679
841424
502173
431970
908696
548961
615388
440251
307207
896549
393675
495309
906790
144483
659699
197367
977022
114957
850010
835307
518708
554018
294401
749184
708865
74075
697618
116066
455256
825926
589208
136292
479859
441548
886259
79653
427673
177572
980794
552240
192671
818458
648576
670266
293460
759680
664022
358762
77213
607550
786132
909522
820943
777860
383105
350782
450634
558312
604435
561984
578982
118691
462167
996029
39175
670156
897280
737902
729480
365011
926069
926266
20459
948492
557325
596184
833812
179607
390725
702777
904406
288755
74792
965717
679668
267452
68568
616477
78492
321711
110462
487479
862835
795238
571047
202848
173289
449071
735312
67945
350796
102224
728067
107945
626285
794636
454612
789952
288003
294489
682581
276098
581773
663437
129294
453285
436287
777302
869302
825379
491464
910668
822020
378828
338319
844742
312136
251731
75998
318431
728662
264924
449172
647078
151948
122419
800501
441949
70892
409976
963484
739221
490236
825092
162874
74993
940938
403316
266129
97885
201173
367238
599598
786226
866765
769010
901444
585884
321021
220520
651597
521100
939069
436721
828471
631116
856376
776966
54689
72976
311016
670858
1013
490823
435524
5198
459349
652489
350798
699885
79906
891201
368084
912858
201951
186900
596234
951478
488129
789055
611083
495399
836536
665796
94051
769333
281514
710121
426482
664113
367968
536576
958214
742923
116176
323185
66233
585403
190409
234076
779457
129160
653941
429085
524672
144678
883554
988986
28457
786389
926294
413587
119047
759430
933444
722513
372757
613192
727100
422582
720523
524919
480389
942604
747695
230031
896503
594231
651080
483138
442037
846356
830690
763987
552296
971252
236926
448391
140646
177208
980590
175183
691907
915029
907203
757992
81012
874836
776333
622765
68732
989740
173033
418982
537984
894424
742547
211657
218151
962483
588568
754408
884741
718602
642937
206936
204239
528956
981808
578324
835371
500580
582480
17982
901717
582261
272788
769851
644688
59138
664488
76616
928360
734532
809383
108958
220121
652425
664292
294823
312979
644365
556828
171653
898952
978037
986221
755303
29742
18587
527493
816395
543856
300038
833072
136048
726803
464916
547136
306084
830830
48935
532298
141648
143089
514554
329360
784654
211022
433646
972980
197520
390305
528564
46788
964469
632752
575257
271314
653429
189563
536874
723641
668045
147391
759822
973207
151401
658196
703386
220095
525340
672589
345483
529908
203203
664484
892730
599372
708884
768905
647466
797679
830742
612599
595268
317855
396618
347126
192853
459272
737975
236355
830059
273635
264395
897172
624130
335812
901654
215576
15049
836762
181740
442191
265235
928297
265872
392597
710568
927546
116193
429216
882949
854098
133875
581951
478500
536453
542284
519729
780565
204475
946105
496294
44387
150641
302843
480182
273529
724419
37843
901557
792205
436003
151266
744554
54247
880633
853101
321967
760399
800445
184170
118150
130393
535138
449597
251392
396019
647424
696974
886913
157119
637736
141244
271286
561282
472377
427812
631914
280196
161207
701889
307221
744783
207680
246267
489760
777401
305075
685342
751167
592191
69267
514354
205157
548723
677834
702226
556976
132658
865050
238903
332297
116181
943103
549106
184543
704166
729239
133792
114970
875892
524781
779365
241183
934040
795019
808940
831181
476226
4643
514911
910445
314099
797024
790932
438186
161736
903761
715158
955596
303979
609956
89144
255989
601781
323243
848050
961000
337081
479124
42045
880797
631587
267580
525085
649810
42145
736113
129557
94346
647992
197780
138443
214330
410097
697842
48475
696703
295413
588544
521236
113830
135911
86102
727794
256147
74787
369655
967768
560535
238832
604857
114147
497861
735910
99078
941881
120989
246829
752545
989490
476498
174567
89889
93691
176485
102705
600388
875905
273022
953312
476500
419187
967534
118470
932345
257538
202725
378434
608227
388582
306104
657309
57614
736054
981052
840001
158263
894314
221594
310798
835640
988882
718169
378134
532774
252782
729514
92255
317597
863505
945617
751918
106415
71751
553584
773075
35811
95784
203934
224860
667640
114356
298902
228331
840219
422095
571779
814036
267657
668834
833693
10807
800510
774390
54075
866147
322385
636665
735648
557109
268592
657755
350542
700518
309311
910565
928197
659569
289308
38153
359587
286072
472446
288360
400484
186979
165344
890945
610191
961131
635571
289672
345980
843615
402727
823153
209409
861017
802101
161495
174959
435090
175272
498424
17072
308058
907510
793768
838051
859939
920361
299424
454381
390504
461195
138080
894947
706509
274693
820372
992410
915665
616565
382994
667836
958382
205983
977887
133838
173429
426197
484340
24662
351267
162808
98227
154759
729262
755219
386505
687935
851405
843128
88045
275301
273796
781189
464870
906048
566831
273928
536280
726954
727197
868590
755944
617692
500931
741579
384026
756482
994259
435935
120559
243838
705268
11249
173893
650792
574263
300858
724907
627217
731650
931090
331358
406319
576540
483718
577802
583926
820741
576017
473606
352173
311724
935019
674122
542053
17179
640049
263685
905524
454992
107478
170527
486831
999053
316868
287350
623016
212772
261152
764790
923615
846721
528327
736404
429787
273928
310511
920109
200125
459647
293063
190799
714949
967932
678503
284548
576343
316714
328773
745396
284653
635128
407457
906240
543276
695667
914719
887065
173786
875429
677821
736215
420617
880723
765795
497993
78788
830546
202093
937527
717615
689608
966557
197898
313574
184012
97676
304816
292372
90350
102899
262519
696518
845805
514561
583489
29153
320224
41959
460920
652329
958696
317734
192649
183761
121324
887638
298203
475778
82843
767996
888077
347747
237471
450833
526797
259573
241506
908356
264837
827051
748567
436590
193890
229192
887388
691651
672840
333103
326853
988420
886721
581866
223425
951981
273491
645632
822958
200619
506798
274021
270396
154289
839974
592760
663506
494890
860702
433616
992329
878942
203362
231715
266649
143745
987032
87887
928931
632449
631722
575433
684186
958125
881375
618656
333739
501333
463173
292177
145980
250702
807219
383992
703992
616066
386056
82554
206264
961060
169017
522979
914230
726930
740896
577768
404475
259208
573384
349514
989900
357829
414168
737882
664462
931577
720154
976103
286227
537502
169019
163808
635431
37056
617982
708206
363602
712993
921846
39369
831644
894149
487356
573188
555333
114803
986429
715746
318437
158332
209970
807625
938142
472853
395574
273660
432162
177980
912187
396376
175387
495016
824009
555438
698663
108809
614117
566353
3560
400024
505252
408889
478000
656622
434012
130251
723532
140668
801105
607102
698350
922625
613509
179191
107438
12206
368050
196460
565128
522550
510981
691515
845141
345173
929557
623216
568966
641597
67190
549491
58657
965805
350429
928544
538201
717054
602361
923833
367544
404024
499977
335719
875590
573698
76269
911821
73297
708922
198646
747229
988990
178671
810846
841820
812692
850494
261389
505940
364406
433738
648576
105937
563281
846684
467542
353514
129264
479979
757892
828590
474620
748956
742496
876256
293412
173779
198754
181452
332789
83623
417585
523242
208094
422461
32500
377633
315346
817464
254714
590137
505336
867908
314859
218063
369646
105228
306402
990407
643162
378241
669051
857367
138486
888158
916789
739391
158690
101682
596515
473517
157920
813444
657905
936235
159648
659215
598989
866806
228117
959082
574893
171107
568241
305245
963687
472065
362698
727350
120351
241057
401753
217904
7562
240703
272052
3917
48618
120407
726280
485899
145017
472008
707432
947848
635475
694203
417866
610674
104750
100229
889910
663464
676412
426229
361517
752555
473865
14767
141676
238782
736154
585116
407057
47541
718769
18974
959167
140871
745698
478969
29680
572839
838506
627192
50461
844066
924915
155524
110328
394429
881995
48761
7920
210587
969830
271579
161784
638638
635637
163165
639973
962974
732926
440264
738421
850614
402537
326567
24852
694003
727518
61790
397700
811419
758710
457451
596659
672570
681087
7065
404312
893294
578693
47536
263683
123213
226406
229939
400515
747713
219797
585765
960595
482248
411279
815244
920337
581416
134413
323687
380774
318288
389998
367379
692860
986964
543786
257968
759537
458263
721241
806088
733376
139833
377560
733512
270937
982394
537430
549973
453145
547120
790796
424303
609346
538408
510864
235527
342804
794197
393846
382130
120732
197973
6556
425150
257513
644863
693385
223107
481230
188065
492151
722409
929377
228177
863853
433992
257683
62696
68944
909926
436359
977946
260513
275476
374510
322192
730388
898659
420614
561300
505505
294263
600346
479173
979495
17629
809431
909264
458201
724425
640705
522149
519182
846631
506665
618961
403603
203371
677036
518618
951753
380999
754674
216112
84989
890138
63286
330197
953744
136350
202527
691640
678879
977988
125954
958026
469375
739723
675253
223210
335507
610589
408869
646651
687135
366594
236548
40744
374739
498247
838442
597395
723811
777131
855618
831253
776045
830095
841485
523929
26881
30285
598432
725074
67440
590647
978175
421171
197531
533147
739176
537276
982246
935676
627670
259158
922404
418331
95030
988707
21178
3372
10234
120098
215315
386490
509965
407116
885301
288169
143619
762079
989132
52188
712161
99234
204698
781673
897547
339053
724060
658669
879285
622810
567276
868167
598751
11525
443454
793056
178851
147120
213352
401144
504209
451439
773358
447038
629813
497673
644111
137465
972302
555346
423826
772756
478208
772653
227530
737683
766022
428232
141872
653851
808669
532353
335540
992674
27397
546043
74216
433697
723486
146638
583403
953140
222358
448973
480143
746863
201725
819007
675440
313680
773624
336169
580678
334026
613369
740192
159513
479108
146126
526057
16318
300749
749946
884553
567
320078
391370
17709
56708
58889
431430
763931
737574
847741
363151
843200
117523
291103
397794
331990
697461
247705
769365
592201
402680
609114
952195
365761
126432
805510
467806
323596
444596
783357
243744
662329
681889
155978
632221
31321
786360
334049
889883
56438
999237
628257
479578
453373
614719
456999
356902
371555
457353
207407
922443
18432
547642
260646
734164
828941
294662
351083
683708
117934
22547
414436
227440
577051
174343
991363
810910
360144
548493
224207
863027
195233
387889
629081
260049
251763
227698
631537
650464
433984
976814
781723
676160
792404
521644
600650
580146
242788
129384
184841
141729
281133
597768
123261
87716
17770
433145
143921
692897
797136
337807
324904
237384
224230
690542
58157
674720
265836
347878
153249
88847
751616
665932
62869
116303
290494
55330
314736
134914
645713
829155
947021
523047
440681
540969
717201
210281
65678
542863
73566
114980
938038
125195
643507
483804
857528
448276
404201
871611
789110
892275
563462
882186
552811
258599
115876
268583
131396
607436
375300
229465
109362
731573
288370
989347
373537
818342
470602
575272
272327
738504
529018
459842
752038
571165
361644
984387
605669
17907
689751
886309
707883
887446
905430
866907
375379
108383
487966
423461
793568
754721
494874
224401
920810
939191
135069
955761
831560
18536
265941
665809
687295
434054
61530
15429
147489
317448
156068
643485
197460
645124
537155
850484
630222
471293
232327
15233
422836
927478
540471
624353
477389
90442
287684
167247
993512
472662
305638
512109
661659
857830
547529
351627
199605
957859
507912
354198
356871
560811
691491
327468
122666
15707
407979
293026
572507
14716
244320
684872
739123
531738
693357
435973
958287
561562
795810
136310
74731
599217
631501
937930
208501
918737
43323
489857
194698
896766
471686
27460
192780
557223
286134
915811
763994
224909
561604
493322
249281
572331
804719
300772
427050
389023
416694
495648
880735
631917
824713
389441
261707
664131
830511
464623
342252
2523
679484
977790
795058
302117
13289
225220
136036
863097
925183
762189
682107
136061
585071
679809
314180
951333
11801
174824
803886
769406
789780
441698
243446
562170
760582
169035
560933
670241
869724
907320
689642
699176
197182
741109
650153
943017
896166
993262
186631
317974
786533
420424
948106
273519
824211
460871
693888
868817
948270
546112
644584
860204
65438
772335
381464
843246
827225
954387
531487
583276
256093
672638
726215
224280
162137
613288
918665
216810
370763
717518
57199
685494
82486
355359
755504
140791
592996
943936
293040
240493
303991
512920
957
213628
868377
496939
536627
970321
358904
694898
848348
75807
808192
301537
922333
243802
695921
733795
532574
318820
95835
602433
87984
580535
382669
388314
960202
664401
338013
983715
581729
554601
162217
183720
573642
709230
457324
829786
676623
401037
229941
559553
832530
446157
368048
406415
117813
595030
924819
952714
829058
560702
374054
104471
336239
120482
247696
585501
546076
44336
314710
18427
299779
192239
848613
757505
334365
274704
370255
831702
406831
122440
665509
490480
574608
534428
199644
316992
139825
249983
317110
324328
531265
543863
797642
280897
849152
899510
260555
597454
914994
717262
784853
612374
972515
765503
794696
8964
600625
777556
838451
776558
841936
861339
813401
755877
129268
307256
839414
374781
924216
415526
771133
552
702872
823719
238947
104412
760003
410336
77029
603687
874038
688138
77390
680720
551145
775573
462336
955952
276261
277050
143700
4905
494846
932977
498468
911995
912346
833834
178990
931691
156291
234538
936357
785722
756299
813947
26905
208428
234084
5935
195201
298937
691383
742789
89380
477560
750514
999201
585921
464407
541478
361684
102699
543054
561168
475437
748989
176093
528804
845424
840913
340856
264437
645353
978305
566568
312954
196304
680578
427432
733252
433263
864535
511579
37216
272268
598258
18313
799513
623472
6356
98789
79136
113759
411869
459614
348384
20683
822076
952724
456503
565187
68722
596142
839413
412534
905262
465037
969450
862678
763170
393328
494702
889489
867867
950286
840615
725828
430831
105664
343056
61555
712892
729773
54770
969727
6853
897271
570640
592582
275517
556604
153638
804993
838389
997650
548293
349544
813593
529614
672811
88897
627039
668293
537388
50311
100517
401882
160727
578852
357161
764622
103855
665748
336360
924481
718463
615067
796891
772190
495250
475707
921474
80630
921345
390510
239209
370482
47959
855764
862181
575766
853279
914265
305237
452226
779004
530272
203171
324937
129111
716336
828108
52701
829282
527738
521650
774589
263151
875203
967779
275230
181135
61602
573423
957232
239542
217657
577884
519838
248782
76445
756749
462122
686555
727568
876733
227024
822680
855806
323672
144102
76129
559813
492500
939341
984130
919803
765425
320213
953319
339976
311274
678927
828729
134719
927955
570478
668357
767126
858141
566023
411992
368260
656046
590788
707176
507001
770138
246587
231017
944933
437893
122272
962434
639255
728598
407282
2119
580800
372871
927267
805216
140119
571958
370371
269286
535504
718841
358383
292847
923308
941117
144155
135595
403076
270090
884156
630764
343771
25156
763369
610218
579147
958613
310042
596614
154117
184280
562795
19969
475896
573250
762652
550
950937
743955
500355
97924
767878
372805
210370
385014
605638
635794
955093
724242
737737
192701
242516
941739
344474
432315
535774
889514
213113
581876
61983
223189
321852
304678
32948
658248
992440
512133
937881
925060
405562
897922
270837
427404
274593
527163
90683
192081
451668
502368
747279
520605
137102
430001
186363
291869
18156
50428
363198
757847
965739
817240
394913
821248
867739
127676
926468
916543
495806
568276
755994
590995
839896
400928
641186
240153
211060
426632
535882
78387
499790
695378
684579
889081
420022
834648
462270
245432
981924
76298
904541
423117
128546
729010
502433
20286
905971
782248
884735
977360
472957
559114
226924
643892
496085
458105
110198
240154
586334
22756
434268
796400
239886
960963
731371
772380
60556
798292
47588
327721
543001
605459
66206
621787
256787
154894
587983
168425
420654
696161
964728
643385
425241
677251
736280
747108
281760
530194
334460
828965
469234
791723
935298
586615
649398
887218
755742
789143
746190
802837
975306
542471
298413
345112
941123
331243
856318
427565
264354
364489
812769
173062
356185
967611
601880
37282
963792
208800
459757
471355
288931
577525
494525
338358
302692
707744
265848
880551
134131
814776
708126
634019
947534
253221
827947
95983
592693
828559
672017
641332
623490
791685
723868
605405
4905
946198
192614
33666
223085
437078
145601
399082
895798
824991
903766
191828
446692
673111
219044
150937
313846
537090
118721
757458
984602
422848
890369
503454
325974
186936
612234
827042
72659
936873
946503
248551
676439
959987
666319
967226
618596
870323
423649
804980
228114
408777
863829
861003
115855
104200
361560
964479
350933
850838
145981
29878
123149
259278
395851
29534
505115
455898
159718
808771
599677
811621
516299
151286
308446
896110
275057
554902
906587
170209
778031
125395
908135
750303
619502
684240
664666
427156
538359
327449
868255
658939
248961
149517
405011
335054
661523
453459
598262
944880
871570
272789
794118
612728
514245
418519
743687
355656
218128
14609
924905
374625
680462
683147
984640
245970
324642
746565
960877
481622
127283
68753
121484
913279
187072
424593
808316
672174
196450
387912
827218
824078
418982
169943
521484
223715
637080
628503
419964
830144
736125
498153
666303
948353
924397
168289
748532
369706
629827
993437
623515
606712
445130
276769
235453
558323
476114
627105
853220
102968
669767
778724
342783
344337
958918
76329
163252
995943
572076
669445
19127
762374
12764
135283
93564
910379
156090
840602
496471
129519
727693
720003
574697
944120
516711
238705
443671
185880
143542
158628
310450
908730
341865
538266
493020
614258
787545
153321
423278
942384
508445
484282
298978
667177
399963
94384
845480
284251
438279
624359
947064
940632
261545
543290
706610
775104
112411
783942
309674
93073
747265
351842
146285
613867
460220
801848
993711
865392
125991
796593
86960
779874
90009
194958
811941
539356
4967
427041
280795
678343
340943
206466
451085
792987
854237
236101
249652
820032
56
504818
204228
908118
543501
877248
33077
398481
207974
439252
375407
352206
280550
664580
355634
927527
712151
591395
120271
129971
272636
865076
389020
464908
667692
842525
99323
317420
426221
858800
961572
934575
451330
781298
792811
500306
551722
320119
57929
710761
948246
325625
282571
68393
189212
82197
717796
791605
318402
442313
310502
784998
852962
645501
661295
321366
411672
302907
203627
11924
334050
549253
58030
437456
675544
456104
101145
439983
573740
819771
716167
393473
579496
21337
573374
596850
659873
621631
852309
730579
573774
665778
133010
330632
431166
495079
19283
332062
859506
442575
475942
729119
429896
251495
511816
430837
888209
791808
897828
857102
725747
796247
296874
74813
465492
858314
803285
101280
89105
693119
202953
239285
223635
611640
7820
287918
937980
32024
866681
354582
249310
576780
382876
540511
74477
476108
294740
978516
950900
132406
220969
564444
734855
991866
639319
413426
621647
337521
139103
906004
310589
270318
528328
398246
610103
278143
776829
784087
844292
601693
455949
361000
502063
335270
531118
380309
402949
746822
455450
743341
281967
219748
357651
452678
777040
746829
892224
710877
680557
46752
814693
173161
256319
438715
253921
487954
976387
684318
880975
929367
436582
203309
515205
321200
243927
184286
909267
656568
330078
17548
863733
625168
518859
858282
954007
559220
797924
719370
398938
515004
670373
132627
748030
362095
697367
521924
436543
524350
262303
626099
945169
722127
675741
134403
838749
303488
260737
258026
405423
615035
24148
503146
718764
412119
48010
222779
782538
121720
249592
31506
603692
643745
21413
391276
180984
207513
406995
761009
751487
819658
385792
788394
720584
841409
602278
899016
535848
380289
262523
97418
719352
299059
254927
221329
150223
299430
915410
740569
849729
822979
777469
412392
904500
238710
616731
850063
732431
781937
709481
989570
906717
594398
968390
968359
958131
536160
511604
342888
554519
49932
588046
639805
490600
233560
604535
885279
101383
826469
26385
909892
928198
465987
161268
140904
442014
418730
772450
175922
816776
964958
312980
146810
763847
85847
479872
604171
126321
746696
803421
597180
436135
845029
697055
63224
223900
362699
843792
232763
635237
966301
934000
727143
917619
205665
857352
981874
405226
831711
782182
14046
150697
38819
502107
76361
183580
83894
69167
85893
586234
904334
515632
559112
567553
224462
395034
401343
734513
854925
869283
353777
778560
304213
37833
709834
764441
100745
245678
992316
899856
329312
277702
504480
968828
516166
326330
745381
262311
300771
521920
571555
631944
236263
833510
328167
864386
770722
907370
355893
339395
178753
877470
102389
188749
101952
343574
712895
252401
985114
142126
582065
206666
459268
335065
711249
818621
818734
889012
234869
762227
371847
522527
745582
552406
411963
206781
845767
269043
604171
861510
593673
822151
131301
67597
355078
201148
632150
138856
160092
329028
211811
645546
862616
737526
655947
34946
447882
931914
347127
511857
210292
611316
845299
137514
817442
813504
778349
997457
168757
459192
747548
651033
748464
50157
732942
17428
788551
48441
952321
698406
194089
870381
951582
333506
599316
346675
983161
964876
713229
815497
311273
335188
775132
25756
540209
762597
315392
233337
167716
509615
117696
813709
59996
928472
285735
273342
837610
357347
191083
112022
446082
311411
19518
173376
140617
902005
842604
224417
180408
241553
938723
339595
287767
221578
307744
806316
962793
437796
509978
341561
521789
818552
570729
87580
528707
712319
874923
682633
76670
923803
898543
648522
426498
243453
191207
384445
890582
945225
533219
519363
560983
985005
920201
135550
177282
208877
611565
918712
943746
472076
483194
187926
793738
924401
34741
543252
648078
934322
547227
932732
17208
387539
759254
441211
295929
511643
488802
24628
312958
95537
882310
48399
372379
54049
563263
497475
297369
101655
142267
936770
300790
927425
667176
546850
12238
857975
241296
622408
970677
916105
521583
800465
183010
873584
298266
872585
130961
907481
565936
609234
825820
859796
45094
458324
894924
355157
699205
988585
602147
395130
734494
547477
497716
178976
107783
825668
663338
130377
233196
401897
444084
577220
155130
570692
494531
964168
856292
873617
890437
371223
723911
22722
743927
158884
877954
723420
820964
923048
127736
374735
279373
13193
793580
477190
839536
685414
31566
838026
930946
869731
199796
819134
744141
863757
456511
512917
759674
714893
987180
732957
265025
628688
655300
553196
409138
583933
802913
629588
420055
224142
292856
786681
811312
579378
874102
131007
599357
402471
182493
685732
774281
223046
848450
719506
517562
507120
268095
182007
521321
656271
504142
477439
370928
915234
988084
674884
312473
380486
861400
210982
325997
382420
526016
278147
946061
756182
990208
252169
50839
261613
495961
53913
936513
581765
952628
514282
175089
682153
332590
437541
60003
582669
658346
518822
648741
230071
865654
680784
82358
712804
821517
284635
520086
182451
910622
401782
137905
708383
638923
142127
826950
696009
789468
75555
180476
180695
684323
659416
931783
468731
702246
364578
790079
484088
850538
767900
682700
23043
927250
541284
849972
529483
108044
122419
983861
130000
18376
998295
459203
704668
395299
238259
505282
283177
145969
285903
641390
348141
704455
656503
947245
793775
208027
214033
624055
662610
378707
898076
200528
518692
513924
97635
56054
9175
673642
231656
563083
555123
67908
916616
648624
850282
650522
640820
369011
23906
718878
317679
714716
111567
823838
935600
149756
404780
529475
640419
594863
765237
746043
762964
713180
279621
153209
188128
300483
373325
726413
395860
739614
383394
514453
741400
166510
733070
249066
55384
482398
476316
424698
189202
675356
796394
240037
244238
447009
723556
324596
593856
202417
696850
480779
759856
995241
986927
267257
396972
130856
553637
144096
818152
275450
505745
952035
375906
315450
129698
747109
84173
743583
424113
144505
195174
627235
956275
565546
468846
186178
829625
836071
433683
76677
694139
539416
469506
159229
927768
852743
527414
408391
429304
840897
303317
562783
84453
987745
100670
170837
670973
338021
962499
688350
273161
252623
496762
318922
787373
650731
320919
617616
347506
337735
666759
290122
505333
118355
500863
556830
851059
771946
585977
593692
956202
115207
292584
441920
183550
883161
148019
187068
243602
727236
578166
648966
934113
896221
61943
265225
26991
882856
80131
89777
641629
134743
27767
382805
220670
266267
655529
427211
125599
252203
153241
481101
788029
536970
735172
679628
294030
207954
875102
880290
853773
760640
429126
489929
53171
292087
575080
500416
891771
105657
919900
831415
403490
386887
104759
828144
364835
896294
903966
531871
162937
167902
632638
514595
2619
525636
436097
891606
678783
72396
601933
673461
888160
75269
721702
571198
589712
924579
878260
743827
147825
709652
683556
294091
314508
762065
562152
311969
813108
476243
419009
795494
283975
85072
269694
484437
291546
485859
156932
701134
331983
650298
699561
865053
85994
303243
620630
335615
658097
966705
300272
500649
230711
309836
95787
508477
227607
377347
859550
626266
263010
679241
39093
219867
549359
100483
709959
499165
976037
731805
774656
46914
176010
793393
144492
131840
79604
232094
922969
255467
6261
748716
671684
370176
728960
930890
194494
325327
806234
547279
149091
250918
194508
981714
19277
565580
18732
313215
781106
874666
113641
683838
583691
859424
655324
452047
764728
929381
72525
788961
307165
17610
466849
789311
700778
609629
445713
202799
777267
125290
545515
913312
55463
358071
34683
764894
592505
77842
339207
99028
878903
510342
66006
331852
204891
341136
137244
36543
455368
254856
866687
124882
813611
976192
120124
941874
275272
764543
663211
668879
543200
288553
64577
598890
842952
987669
645733
996338
986146
673663
2083
579563
965560
996717
823475
90909
463764
8321
166814
984304
901659
877186
906099
28371
85132
478909
779018
906982
167341
883798
89305
933748
395464
201793
290218
925376
867529
695548
416056
949713
170815
933696
493684
203553
286723
320121
904399
201651
888660
366653
863323
258805
130923
749596
689432
189062
106840
721682
573150
183468
606472
625176
562626
960134
75079
285616
732567
516259
285305
866631
80152
793403
610798
466471
61472
33942
72273
85997
831809
376631
324873
36902
733323
906309
858328
419022
603676
66901
366368
84458
424985
610678
159258
391001
169794
584331
566990
156811
114456
615164
147576
685212
357089
304777
536290
733402
977637
968870
121360
199400
960201
481168
216589
450436
168532
713834
869306
969990
171042
916712
331532
64905
270017
791166
139513
316768
269739
55954
318108
919811
301061
838809
33026
216480
426704
921604
421853
916481
500549
476755
130978
727858
399363
332140
707420
165910
745224
975255
651663
957367
346616
442518
599287
20431
846701
675668
851787
206338
924463
506515
466480
296551
730813
811411
447173
566962
377159
373286
177547
534084
982079
734128
640321
105869
790552
467487
498085
135639
101715
501098
787922
298143
498028
664239
86182
10146
992639
85918
887912
448641
522151
908823
510936
637808
348683
654749
821006
750955
843964
270763
86381
969065
951262
120743
987309
536619
901000
631613
712461
950774
154547
929183
947775
276421
481100
972234
380541
14884
53014
347986
157208
962089
62333
769528
998552
125244
626318
302637
445352
277214
230975
503883
870904
16360
181994
728668
200781
231125
394644
363114
101167
322124
784739
825388
603872
754088
59897
344973
637367
418002
457070
320175
78472
814666
449491
12324
956165
231703
104147
848451
548978
23757
946893
621892
298747
684389
556894
475302
609858
395755
660368
54496
780525
632135
936118
874502
262739
820257
189562
39709
138863
649953
735208
484329
468737
976707
649140
161251
742457
482725
603943
915792
377414
140445
790534
262139
40789
97710
40402
250158
780034
370006
657573
831043
438018
551811
360384
785045
904447
461116
602400
711960
421544
607440
301969
218056
486637
193432
961026
431131
861570
271666
306102
586329
222418
692618
572335
819560
294363
448077
92817
891950
179869
924916
174638
853544
463099
914024
669978
194889
952520
492768
556538
653681
286632
102411
353709
58307
89096
961157
768294
119400
428022
402258
20319
770233
464509
857106
980869
943182
511728
727524
564259
407650
783983
447752
103039
915121
452419
105346
569358
24357
351860
769147
876372
582461
593358
711939
59133
789485
286915
183129
239442
424727
757994
19431
773109
577704
41966
38517
773625
601296
717697
383359
851859
252738
668686
792961
313651
301993
956879
202957
671962
714034
848678
553504
726859
855539
192966
194320
709724
289598
132736
880768
340655
599139
124101
766213
141486
238079
170139
535598
776982
888327
620977
82501
699637
385475
538737
507883
983101
209057
636315
634876
132271
576213
566404
766095
321531
715822
410714
31944
51725
519308
190840
553169
832803
107126
745910
290642
378214
809456
775811
567892
443924
708461
53794
782599
27105
360594
697538
832234
529356
844162
124999
618982
575164
480052
526844
457661
405090
326202
831243
942810
302189
290071
876133
908447
48202
529642
25013
876889
777308
745384
417866
799285
420126
40135
701561
168141
283921
888582
751283
294972
636282
670081
62019
174302
534062
524436
314592
79935
576078
61523
87147
921809
25627
660451
221016
728744
371666
434512
430058
785250
229186
572918
159950
725872
539637
580634
528103
658978
797560
932076
541831
284124
249297
506871
907684
492905
981869
806165
570332
544273
783010
492571
660582
468154
980857
871786
211132
167326
906204
388946
810421
66863
535822
446359
366474
484815
323381
666167
896495
1242
763330
246000
214883
155729
142514
117225
673334
816016
821691
976847
26947
350564
532315
338279
220976
297065
286000
252034
565344
744480
734963
365267
465015
892539
737320
98220
11347
150334
51200
662803
630566
78624
551453
254568
117159
332047
485540
469928
475925
682161
973882
201038
831026
7760
56049
921911
454331
946517
61248
484453
806625
844757
721391
466049
118930
482517
144482
460186
409778
27212
614156
983413
658451
606638
550102
778041
67057
998414
683496
600975
716068
773541
946459
363699
423928
722271
432075
936046
767860
625995
38634
897471
573733
253976
685183
85418
934774
513164
181147
723612
376792
244307
820224
555374
692726
159201
280359
844179
169196
368600
743246
234932
360628
258796
760035
472019
493872
697523
975489
660457
560556
310311
988626
948576
356163
98567
6527
29188
755611
843400
911841
586073
237893
868839
919209
8844
623246
56202
327488
158963
570394
694300
213466
119029
485922
745504
899058
220072
57048
193256
361359
350046
84028
831440
125873
418593
316334
141400
367414
589619
627561
209528
405506
949794
188162
992190
307168
267583
337835
563870
95723
469785
871608
291911
589873
684782
2254
825410
443668
72452
98532
613681
948260
194212
593452
687344
50334
563017
962221
199800
440540
715309
637109
194671
651036
918225
562629
670077
411664
94600
790140
952315
603937
375600
305729
9326
627301
110657
545954
316610
111966
403147
733116
303424
620571
512462
398012
794008
415345
60817
908041
610055
882660
975859
637330
585760
212481
383976
604807
472956
367521
296422
936737
96123
319649
226430
646048
860924
771986
516722
567195
417667
970852
702084
340271
195182
982355
730294
500859
428719
64097
973059
995766
559399
738533
251232
892371
57503
41576
538934
323919
349030
459475
770119
281395
532871
113274
603405
751466
96723
142672
444913
413494
249818
372326
810223
834111
511771
546592
690139
559547
376291
553802
433259
513253
833833
584298
966134
602799
862870
346985
527805
365782
999972
741456
692478
539949
342301
815934
47952
624906
615761
100226
146847
740628
864527
911055
786263
728065
124411
337682
306300
829416
479727
69355
870550
689970
949450
567880
230573
328548
621179
206511
501183
610779
165805
830517
255387
607408
548701
412752
645418
322302
260504
824240
574005
176141
227075
906266
226522
996822
994586
677629
461808
847243
179248
981752
673909
740143
367034
915
490042
250367
781379
53265
253204
853332
369395
945790
292913
297940
834203
900971
527058
142467
798358
962564
389386
352854
649511
603031
207213
386295
551039
445516
556420
807271
195534
610723
135631
321727
913077
81118
686909
126452
966654
466893
199835
642654
322372
143878
883171
24752
738329
566695
187913
606406
335216
653672
77948
684049
595644
216985
745805
974497
469530
198479
355121
183045
258023
572356
610050
533648
612326
705088
305488
644554
754464
694542
241834
302012
105554
207081
58501
920167
827799
820141
466550
465388
41575
587876
430385
805909
672996
962441
813750
234081
821811
922709
883590
442090
447176
578107
246472
716389
935933
981982
659113
98651
911634
839144
125897
753141
493574
215222
904377
254245
896509
796434
535187
72047
65634
376910
859495
217956
553342
766791
782954
315065
551435
498070
807002
984346
743595
769070
934487
944573
835483
19581
458317
99077
242497
49812
70919
75063
962328
563070
139962
916464
879542
653548
328648
297044
325791
461732
781905
71182
420749
982487
63996
459665
295407
989222
767658
432618
595120
294654
243454
993913
106573
24036
344185
796285
803199
31871
226141
634707
270202
460626
370005
594900
854892
855721
386162
696990
746418
390392
824784
746696
902774
720834
454124
503914
785192
704944
299090
967856
561138
190030
372700
464714
885962
454784
913124
740945
514862
729087
731279
539602
245636
679223
401924
522358
301053
685985
609867
979407
674265
343433
973128
723775
520959
186363
805916
547180
390237
390226
270195
59206
401970
496003
242794
776174
64219
581836
355880
203915
811025
416942
557646
525942
778103
451801
980650
549062
111277
452841
328555
11848
539194
631689
907624
329861
459695
372315
477257
362381
356639
142635
782959
18230
334157
66965
342815
402345
775909
417368
487803
735089
225517
190303
458151
818855
846056
293621
406823
748282
134599
13175
628055
103129
265455
459121
299394
419654
162734
234186
209958
870583
469898
782285
68340
630478
952897
677953
508324
707047
873550
223896
775102
301658
763878
347538
46846
79041
717547
629621
514849
25572
87150
424248
782416
894033
805265
271336
583975
362389
773546
682124
908017
554280
763882
20184
35491
302179
409838
468685
739346
354093
713637
903788
821735
705072
392940
294741
134702
775019
15880
202571
337427
697721
507922
191386
445889
148072
709004
679353
104954
297793
787252
780430
505060
403854
582413
873504
851899
775216
971783
956807
214988
194204
607985
540301
423297
88136
557820
821473
309383
946124
658127
413090
130669
35356
436261
396976
166075
951048
105768
584189
69847
792383
905825
972558
192123
901404
165253
504371
200657
808338
972484
336767
523030
288797
691209
127069
536778
915537
237546
15026
145088
121463
958131
151425
483811
275627
453830
612710
253599
981713
519820
46900
338733
778725
832336
575594
283079
531314
161959
639322
592398
282123
89053
202607
181253
436650
639569
242963
796251
364832
131094
176452
558117
652267
346892
856117
930370
659108
337807
498555
575859
304032
894266
237219
708653
983069
118510
701577
746041
733058
325357
842147
819157
804011
359604
676365
896745
975374
197064
399288
197213
549949
62372
310787
424870
269093
954836
294095
998598
58628
892826
767981
895283
194332
474750
177276
136545
741515
375948
2403
83733
182486
628250
672899
489325
314645
728476
790020
998488
467571
483643
325191
585531
543386
900128
75700
862307
865446
391911
389628
124285
693668
809337
752470
404892
303818
113971
978243
259554
506583
421275
105865
647889
68813
692960
159179
623407
185100
490726
933783
179698
862993
410700
450564
943132
710532
359561
838407
174575
452815
324647
187042
67878
128442
442396
457174
900085
485916
954049
643008
915983
277513
722056
606049
144145
290778
89086
178487
812712
50292
977855
328507
762217
331321
762760
412253
213684
598423
981753
190668
91572
159468
678897
832851
968172
344834
487487
483874
889960
497312
398864
278919
743506
967955
373328
187255
929013
139051
219135
64212
276381
610174
686823
576476
891462
148487
532465
760995
487453
291029
856580
729348
900181
805050
683692
585515
28997
395527
459021
125993
407673
218265
757761
518080
128047
815884
7399
498083
416166
69126
319689
278796
34828
431671
389731
733259
48094
301054
759529
527906
604408
49667
56128
532729
971369
813162
81928
977014
983297
780564
468297
836407
821710
186180
710428
382754
982007
709301
921353
990376
317233
438306
179925
871556
387088
98784
60202
682243
995760
914059
587519
774357
127118
440032
555588
72222
554165
601685
643947
238892
371236
664983
725836
406665
341474
603562
543461
775146
640417
448388
75422
540649
399046
700853
305169
872223
87595
959787
903546
114555
307129
425573
789472
255861
191799
397954
413885
20444
553074
767427
263857
198686
339282
944543
222425
766509
579641
52682
264623
878333
375033
778572
513938
125776
414594
402462
863464
375474
458413
307492
833931
168920
713783
811860
86970
583559
527719
689387
156900
544860
261665
96015
680558
966742
729394
471994
913282
613853
546325
341776
138552
539944
657131
459654
719508
847595
5344
590431
837259
420789
20356
211745
436270
61449
660265
209224
279463
241598
595116
671115
690064
822022
823381
940013
851934
347837
779908
387484
831274
527612
813401
499172
794560
460124
731496
578009
619583
610954
45098
596932
628947
308011
519645
905114
728386
114687
288537
959753
622298
501375
996038
203757
47344
767045
12620
698555
397566
151006
344249
807304
181921
702083
408658
294132
456950
911247
738947
300097
608137
187900
601874
48584
18569
473771
563472
710973
231850
451205
626855
446634
935822
326868
672685
849479
524643
45855
322686
925888
238821
153734
632265
500516
83219
542229
433530
90080
257014
576091
369130
514131
550447
292129
47035
191941
244030
48808
854667
808794
559701
568414
900095
421921
450718
505845
26789
818531
999260
710010
234704
742829
36731
139060
36240
322499
880223
895587
957367
387391
739451
34067
193558
374806
534008
7240
596667
80263
514047
471451
981706
313796
871203
79101
711976
354216
378972
811317
389783
817185
199074
385773
376799
906736
393220
920600
486290
77485
568790
892443
459544
743192
452351
305291
880332
241479
306184
64159
353803
844679
425619
796406
85059
86204
340808
785834
961
685563
317119
308665
795801
301881
51241
965796
266748
487080
552606
919086
752076
544458
335417
222473
697056
898978
655096
994383
943852
469864
306765
194481
974693
656578
846934
737369
678898
102400
724727
37971
519497
719720
110158
17533
17846
325368
812768
32551
796784
150103
415152
17797
775719
956575
738979
542328
125726
293004
326007
471640
431678
399707
923295
513653
274066
801762
261568
3493
311855
873410
596140
429225
665481
417843
140239
944347
859948
435176
904152
653174
315491
146155
968492
741494
399633
220809
305
698311
998438
763304
599853
312979
247740
372677
295325
665237
85206
155521
677972
394519
496085
797894
883912
916784
325056
780932
544710
278188
158571
552672
687929
832578
888405
371589
628440
895249
1391
360066
285874
691094
903419
911507
812188
353758
194314
721463
885929
523675
775336
4214
639932
84795
823716
284996
254068
785499
218586
713296
821785
581968
712381
176792
333312
62746
19476
87143
297922
426655
516363
820975
126388
417503
715326
395882
337953
120264
459485
43412
691597
695624
97848
7074
560566
980313
19937
87927
156954
767987
297921
409476
376452
619007
614175
277236
884977
89714
77144
497940
600133
692351
97667
111859
228109
150519
588064
574841
623924
954718
328690
108917
783628
153754
181682
430611
758610
991263
832026
80384
197947
565214
938412
570273
919312
648581
704104
369232
902876
515254
977657
413340
415430
76330
784881
461831
491685
487325
826023
282340
166724
392972
171360
659346
478667
715828
51022
318228
486856
989959
25744
168573
740257
995562
48931
584307
388587
787483
243173
405294
69271
329414
824011
837679
18699
372525
680294
167209
655183
330283
423392
472940
332564
141150
37949
108775
549613
347836
223505
218769
554626
942160
887789
592432
244628
794465
346823
730924
941879
82018
974127
317764
326045
80249
341258
584950
766140
379671
65492
667748
966667
9169
814020
696888
924665
393988
945181
761897
321530
445956
442624
525827
592208
184136
923338
128932
51941
381000
569109
906514
456052
782760
175466
456415
333625
502661
591554
607450
862972
765158
187383
851483
217940
773747
465770
423232
97828
422358
513312
489754
953311
103826
987893
549224
898806
136553
698959
717634
950996
273475
373299
312816
640077
815986
71310
901340
139862
561291
253083
420786
888091
34317
288335
107338
913036
431290
711887
778159
865135
74893
124508
855545
245704
136196
673201
250457
157552
523366
372834
26532
99818
841992
636766
910292
722090
210454
937800
954224
236605
776381
660058
679434
273379
959551
845449
131711
170428
656419
426133
39588
528563
180350
372600
308374
852900
841404
381589
450074
81301
794060
333808
629490
565230
70593
846291
501876
259826
623970
561010
854092
282331
236769
961969
447896
176487
753717
742621
325296
715059
437548
134052
435674
293714
752570
407027
98127
280622
752612
587564
749171
961165
354725
960675
325610
247060
708650
424415
718181
194258
823817
312561
823290
852774
338432
6762
49144
594960
168244
609718
339489
110367
120176
706160
938269
308077
758021
565228
572563
46974
462200
705459
292881
555771
404779
153851
831388
571206
878263
903126
968633
404694
666988
967423
134725
448117
261298
468494
296298
629418
474282
955701
320238
415675
872606
716015
386531
967842
66377
171446
293263
273393
425858
749459
119256
659723
939684
813010
637467
872994
860319
250186
712556
298433
921743
691796
157032
72698
905709
377596
51720
360559
336389
89577
519158
326365
353723
650372
404776
796124
634668
51098
197887
31615
340747
363020
854839
785357
366778
526291
774606
678985
615237
376703
778315
599083
658581
404050
491929
311331
344980
854409
523436
633780
13546
786596
346900
123132
895947
569449
770412
830461
485652
906562
196620
131921
850295
740780
460494
346612
160069
502790
813425
726181
777557
614537
761577
637884
53551
269086
846046
504259
710866
799026
801702
197133
441589
944617
767391
790793
47080
929148
681854
367293
704654
172802
847025
761805
157581
435063
525492
790856
746731
626588
16239
957027
122393
440623
185671
355338
407926
276991
1556
371293
173478
100906
884837
115278
291350
832481
104654
439340
238338
302886
996231
455490
595575
243969
239545
590856
345645
12472
331035
993869
118766
135769
567214
347711
671670
95291
128350
487316
311880
582381
857220
311160
672680
133233
708863
73771
217602
51240
811808
608856
114793
306324
248823
229208
325824
385157
36506
952705
846387
805806
472756
249730
813198
830793
703724
298429
800519
835604
745754
133941
752581
46772
428061
418830
778968
78716
181092
193692
349815
87995
719289
649607
650847
618016
847862
2112
930579
498709
157876
373182
96017
525080
330603
974672
673396
60924
84748
982576
120291
526031
168783
287312
594173
500450
81487
216733
453779
699200
212080
22533
934391
381805
33441
900387
729888
448867
614636
677098
796272
688107
708579
421077
456558
177959
217463
914519
798003
333943
830211
373335
680495
598682
192885
935086
664333
47162
187838
634614
336482
330652
876065
207384
694956
994293
786059
386137
828302
510451
170762
449331
365722
937717
756159
897640
395836
746573
551715
828738
802487
859540
210103
134288
663582
697084
249287
683422
432461
918727
931162
367311
198989
524983
731599
83248
933854
784992
339506
803154
648779
47169
536303
327315
38919
278745
421328
513311
687280
858422
309260
16031
606642
879644
395598
618068
171763
753490
356171
428820
710197
452076
627000
346937
124799
427273
275580
748477
312103
892679
755719
982744
821883
134192
279537
265516
962133
686369
791388
319448
371357
377981
290300
356631
477614
738162
990016
590477
736060
431943
507626
948890
40743
849640
911829
526142
111068
546715
793403
966024
734523
446855
801348
512176
752332
837075
689165
174085
123045
779547
569552
791798
105696
930104
537898
962698
118183
776972
483886
332577
147418
803711
432882
577048
888261
163670
884972
223596
934087
981223
28940
329269
775715
638547
230253
977673
541044
382793
660788
395332
938975
960747
85366
398445
251027
870938
127137
962117
805154
860520
115264
363717
204493
14963
423795
868167
861941
597705
238796
826571
316784
836911
741338
456671
945569
143819
136523
616693
974090
736380
531261
351633
485972
946331
120954
220406
536855
579991
7697
871843
947567
70854
752219
886567
270187
408730
916418
331285
204737
576883
425157
125169
726226
691544
65734
121015
665697
128340
546512
754594
964002
367377
545745
261809
544426
79899
497378
749587
334817
177273
368632
387103
235666
974042
71005
304526
788454
336285
664674
540910
300648
679406
64259
365203
972118
789056
214101
743178
174116
92861
776396
960210
69940
269755
430403
488366
444081
689932
809992
644465
24988
831298
960750
378140
499942
177246
244596
252985
142736
224810
256307
656194
833760
780511
613761
773660
459116
424763
490874
387091
331115
823755
955827
176703
259311
547934
202768
525758
220726
400030
619750
26705
511902
92361
48016
36187
936052
237668
194379
780504
153426
547840
896991
789184
498190
698355
479832
388362
700989
658409
976472
318035
164776
717286
512589
672420
816783
816742
702898
947467
643278
376656
473821
726204
363065
782949
798913
641755
756238
480860
484019
807690
139227
119394
658296
331986
651349
809024
228274
965259
483867
881703
920567
604446
269078
671089
721419
588407
701954
893136
959963
795304
13183
521770
365706
45733
28456
955506
494153
785941
325695
184283
394959
759220
24951
478642
251846
260961
211441
707947
384307
999368
233161
617224
790915
725925
252350
954361
990
606492
228801
333117
140204
490253
778721
563798
133269
487476
982275
170595
207720
589073
137414
622800
929858
652323
274361
832729
813798
180953
647221
947834
283087
430688
578852
712442
987918
781547
462800
121818
153128
484389
618098
454855
233098
745987
533948
351995
934360
456885
653935
867479
277773
801239
260364
170053
387597
94001
14340
168172
131364
789013
535424
744107
324933
641645
940206
567987
776958
136908
72783
69510
526007
213932
741523
7749
94518
742256
846928
644743
336158
383792
839069
261696
428349
264924
227918
949550
357286
594196
22367
189190
128731
544171
396241
845605
83397
820000
249837
304361
567890
87108
223580
868583
163379
861312
873815
271915
554229
878149
831791
420392
208487
928874
155941
782165
698233
239238
8142
735933
903892
702733
71922
668102
286456
741859
206074
249867
553152
944409
956969
697555
884342
445077
895133
282177
563573
596890
168237
903954
730128
188578
45246
374775
375355
425289
977370
773730
54955
919868
548125
963442
776430
318230
616812
178986
484505
681191
63736
948258
452883
661290
895736
995234
633144
560206
758662
424684
585487
960186
817761
332453
590171
745131
649027
363582
814365
615282
287720
706411
410880
857782
372373
421552
85632
488689
307192
784983
175135
896569
857682
963114
134999
35628
872402
341660
546933
764697
772547
961217
588719
529060
768664
672749
115658
533615
837556
581725
93676
62171
562769
493893
414701
9404
659701
680901
323038
690081
250364
967234
363735
709873
999169
774002
212185
886061
75193
46488
269171
117559
204387
841456
167847
770984
669036
969517
173732
818152
605531
774240
797048
694943
367348
991211
420076
822207
457622
99871
578251
617301
385334
998155
606529
719491
894871
305768
811847
825037
826640
613860
993119
950180
519947
189733
412250
184698
123490
448012
475569
878368
761566
863458
602528
855065
378190
749607
518466
903544
644419
450518
594547
945941
103573
71938
939273
96088
274352
735706
7536
487224
234936
897412
286025
67652
336084
956194
318956
953299
441047
949944
965317
101212
416405
738526
553222
271798
183227
240881
782243
331548
379786
516730
184347
200973
542719
404866
874243
134045
710954
453487
900719
614063
710669
325261
88364
161942
974556
914813
204824
858016
686182
576690
284665
912801
392598
851886
677460
677534
656915
877589
102620
409849
651747
924273
610999
731478
301917
643350
937887
214261
117950
828493
326343
859899
225331
42545
589907
7615
195409
56390
510115
804825
826187
457727
346344
278871
744806
254539
827962
589956
1877
854467
840825
363906
354080
142460
480955
890403
291978
258286
259512
900117
893385
882420
1579
34179
92360
735972
647605
290901
336661
586808
720625
434455
978229
806208
200373
13444
357637
436518
446778
900333
295492
729266
53054
448964
975545
699132
355730
317405
917202
652336
275041
974752
115514
69231
67534
372085
301269
247131
927555
464922
589421
352929
928329
952708
654129
255316
334416
74876
976257
354508
691470
197008
924826
308497
696027
105071
998118
657969
992418
16875
122742
515642
551369
703572
332092
455712
102019
737054
437328
844451
365900
360350
156826
45967
470636
996101
589589
500805
154826
736934
801568
32083
381602
943096
430174
103276
462193
148946
441839
538472
614283
641309
652792
444370
295766
999667
179502
786021
125027
923079
226122
304763
710876
93970
813137
15797
992845
974809
733243
864296
217427
468570
312190
676562
20580
73088
466752
330824
34569
80734
840143
502732
715976
786113
618028
933055
393057
85072
18917
56973
7970
54229
835036
587209
419318
831747
27954
389058
183526
131701
545336
358112
193708
230337
523166
260106
872979
257620
282646
508281
779816
546255
498048
250429
664537
675071
174695
704037
949638
653323
919521
253066
366389
373494
514197
878894
809517
636951
849225
791465
263775
555195
291276
964100
902872
161552
309781
843382
54057
719008
821989
531613
978630
363239
280355
417616
542250
441519
738030
720774
463114
753209
441165
183920
17081
336316
936157
2670
298812
579198
167436
835019
707721
853257
206061
848366
706178
127534
283694
636797
768434
937199
279049
391992
353885
523620
458777
635929
898486
282011
339420
452324
250908
575766
744628
277721
399098
795983
752704
868704
969537
544237
878590
431513
982271
626562
415638
495228
647410
475269
857887
927038
132040
380565
146937
800273
588539
729014
583728
548800
685293
443468
462608
105485
950286
420271
835303
296225
485820
248571
992515
543655
796443
29350
806283
768096
974357
369288
381227
159955
281244
132858
878196
298870
800994
36467
235775
791741
488529
647570
565047
598475
824518
973558
780427
461554
791923
406190
864797
324768
474299
33135
657068
612902
453448
612175
787999
108493
591499
694099
825305
674455
920436
36579
994743
841743
67831
303234
730259
582857
867784
374914
95782
230749
89094
445231
920969
568734
773969
700673
687015
650125
118434
537750
355602
129299
116759
786025
504637
719142
999985
833824
648380
750234
939083
318852
90908
342564
451645
753603
664618
143214
473400
518539
789871
88224
958424
175007
82571
144029
994411
182618
432099
278223
450928
387016
817154
433706
591595
210444
999899
719809
599215
287037
435985
975042
267646
177023
960475
932823
477584
871679
91480
835630
940934
901735
522356
355433
411408
432383
300586
3592
610394
731588
336983
855795
953883
923738
426030
889573
314763
406327
447418
380557
2703
317233
374749
772213
844489
971876
933948
708964
937959
664944
141816
707624
324360
8923
861832
439295
493180
891480
87529
443241
910429
755479
548343
519664
31729
117460
480816
804358
430084
131190
198459
5502
462890
408868
191489
650212
48753
886717
691446
860983
996574
142708
518569
299553
871130
508538
349654
58295
99904
56304
616193
859605
346405
355357
791718
644969
247195
80417
629499
716075
177199
100674
791068
714135
470065
646231
705362
488374
774361
43103
507504
500830
306926
716552
909198
364090
686891
576568
304290
156487
242280
871276
983995
795388
274826
19755
923858
779662
750022
354517
53997
965639
605284
294354
478907
43338
269819
656280
751167
128069
823622
137541
902109
762888
94931
889691
612493
68980
242476
126944
694836
580106
717658
328052
104797
727922
587144
58787
441054
993087
253449
75319
408555
936595
183523
268843
775142
369403
373278
877932
718040
566971
957939
664706
267035
884577
315246
451249
164814
860805
913032
631873
478187
137120
95609
356889
982841
102638
822809
924863
252317
877079
895890
746760
812788
718191
724915
58130
127650
524236
868584
747019
684843
983646
363930
520915
428082
189669
64314
737858
853640
952340
391467
711212
401213
254981
792128
272380
166772
86027
848609
952770
297797
296750
876571
482
739229
518088
541146
480211
924106
316807
809241
54999
460083
202431
488617
680584
273044
345679
375002
577318
486242
793257
88123
641322
81431
468162
938372
729118
513613
920987
872660
28346
648625
448752
211922
867075
181723
631733
111197
214277
374534
882213
477110
255510
59834
56406
194666
309836
478567
823022
342736
145082
728305
628685
675162
703392
888131
757227
349458
177230
955901
369312
693912
644445
829910
449413
544090
731927
589402
614118
177625
435289
398478
193229
362729
385189
584502
294645
659977
22895
904274
472825
711788
406159
558481
517675
792441
239478
153510
547133
930716
302381
845979
494444
102478
300418
430496
895315
160624
921894
39548
343034
681149
941493
649456
230738
554222
893356
319299
672605
419551
158820
413860
750061
565338
475735
45380
342997
741058
678469
470368
980289
891993
57959
163266
999516
59692
706563
341474
62165
177772
949567
877840
114474
475291
924061
99775
855984
666259
778352
736375
286508
723651
944472
15833
779437
524577
299978
257099
395209
353698
186679
930453
260603
336480
927337
927499
663873
630035
477728
237296
771845
178749
738967
344940
562516
393437
49325
403515
147882
632963
188201
722809
825057
288104
758495
173152
128591
886662
817018
605622
677193
249872
576952
155794
494371
541982
842672
596624
367316
621622
552882
493624
527087
531758
692811
288497
270807
743048
643715
79290
639604
683356
643487
515048
143510
619513
574756
700794
272193
19030
875918
430373
574532
605695
278625
322151
199828
522991
846593
509206
302804
58038
182478
582462
628458
862927
840732
631277
278556
474137
365790
116484
11976
127581
961309
250328
11860
267156
846482
471597
774371
718703
373746
752139
263717
703021
871542
360627
567444
294862
503217
29453
582631
494304
490912
719990
240370
990998
467317
594542
782506
740851
872100
218141
125870
630669
685958
95137
165709
633522
871052
93776
434050
202587
811974
976644
163278
161361
140979
820132
810653
434917
945972
344968
385769
660547
398628
892831
490783
650213
155014
975951
253283
874464
826334
210877
448514
859773
199728
850670
533197
334301
297155
815497
830665
930812
646384
17819
737509
310573
885794
21727
751229
915016
850365
652443
659096
748986
956254
305341
963994
143905
882045
814686
537692
725800
292263
649975
83258
11077
519208
918504
230730
916596
977478
803757
125461
477592
38051
66366
640217
80816
388406
164016
499893
495534
141869
244302
650315
348688
241341
394150
497392
324551
770083
14997
630798
837421
78798
183811
151047
529296
92298
199025
182709
3368
330745
771344
603619
113733
331643
780931
978125
183692
997754
874693
165991
794752
623508
329303
979295
183335
465004
903899
34172
702256
84658
955137
483003
613996
403162
286948
948679
373362
388171
905147
843477
699733
747242
8928
589010
827680
8848
206740
801267
706174
188179
397885
451211
249086
67496
268687
286648
395003
663480
530711
399599
109490
917991
652486
49517
704911
32950
587748
397651
179083
799010
412518
853908
757699
796477
374323
379761
586377
824711
806548
792361
827870
70274
923351
331470
347014
578715
777730
470372
830677
168432
335043
728781
75369
886061
507693
180507
655214
682150
493951
552897
895461
899730
951092
436926
107499
586717
245727
556165
112558
722932
86611
229192
845792
758069
254834
512211
575176
879976
869205
323278
91357
860775
663431
93740
387572
316240
678231
764092
385665
899061
882645
113046
532791
997465
355830
844018
463263
324808
960180
867439
587169
646508
782278
677790
357040
254408
711326
997305
349497
605734
186304
429188
522583
102450
152300
248979
171615
668989
889138
751684
351366
927318
457401
311570
506058
208777
786175
79563
734727
118180
852374
208424
993890
854268
531897
994355
337526
474816
205877
77686
516268
195022
107326
884353
411069
120190
508065
647383
178144
135798
738287
860096
586067
140492
439917
250333
855708
587134
860818
929914
516945
628531
95725
257582
294950
216913
614505
790272
380242
237859
817873
611258
655201
517700
257812
789041
118764
796657
691961
814182
471401
216395
598042
495471
314611
807773
469564
219060
842926
811181
158727
619949
65052
49415
108290
214034
580481
256908
471675
320888
775088
390500
690423
662113
774647
784535
574731
179592
38426
756761
996179
832823
308418
718401
682492
374815
804377
585651
502803
716412
388428
138735
735100
601535
728321
164533
382935
120037
730435
753425
436219
497361
791796
746752
781999
683147
460092
468069
946713
971108
377068
761097
516419
906577
190417
395734
659709
946550
975099
915359
343458
567460
923955
109500
533353
175220
697180
402997
541963
264436
821506
465836
869571
606731
920357
962746
46490
12804
416940
972481
235777
849366
638243
222736
743546
144176
842654
137904
956312
351900
992014
462646
73182
637342
777325
17403
380489
935064
619708
426131
705188
876411
773636
267095
702293
17158
324262
80261
400970
433944
673083
174147
526991
5409
919644
152400
310442
225838
540340
548088
355271
353424
7401
106329
862285
801479
862412
698489
456689
653080
253503
811243
185036
431829
651075
656007
753508
607122
678015
166133
101267
9687
104968
777733
855105
546315
157168
888909
181737
494921
664155
294392
423931
222699
550565
858888
74932
218408
375308
571813
377171
374668
63127
212948
366474
944349
495363
507060
881943
298610
245900
976754
350238
988714
47825
225191
497346
271433
757196
743622
906182
896258
74203
315486
621712
866828
284878
489943
521492
506578
60916
824060
471096
699146
113153
541726
470686
28318
385942
313875
658062
360760
934909
750962
659697
306090
831699
229305
2578
142841
218313
624730
944430
210045
861525
259790
55058
735658
60777
300503
192510
162141
184726
530195
915929
650463
59293
674716
576686
207180
251604
236327
580622
33460
401395
85095
186444
273590
118992
478495
357591
453283
102702
834002
804524
973700
429422
418063
913169
388640
424968
802856
569080
950415
234124
929256
735833
726009
255058
128547
596982
915763
858747
227165
258595
148607
261993
588683
603296
456729
858813
460163
468104
685416
816496
228007
549969
854862
528655
499661
452642
857431
739023
991619
639949
399823
375484
472981
248149
284775
723789
878041
637807
545480
268751
851218
16378
796173
670690
555790
376987
244344
45446
910937
390827
543609
102680
8144
207608
308049
846032
678112
905995
627783
583944
434702
863948
884993
46963
200261
462158
43911
163751
787451
539374
225408
120791
783678
636982
35350
858607
707292
822109
638978
185488
544555
983787
548647
427569
913080
325939
732086
333352
321077
845555
949366
620057
757946
27440
259804
559266
889513
230676
70775
140901
912594
371002
339619
206528
80841
898634
439291
4664
949452
613115
64372
667104
597853
905871
257201
425406
850779
161313
97022
515541
989128
314260
281143
19843
586185
793901
34836
124141
92259
981840
693397
61687
210440
641835
16596
482514
236905
719583
602873
260843
399684
576961
145032
407021
179864
435990
403922
884841
993623
507177
38479
821684
797095
488188
364338
439415
199084
945641
689452
920139
838918
603275
710496
437785
931984
96526
536320
943753
871844
10175
759604
524466
843467
949795
627601
213764
559238
641454
755918
746724
331065
538014
686547
421540
107532
2582
130798
861574
806985
281966
261136
355669
453307
125574
672691
439031
588795
607698
986123
510402
68566
644287
531162
28798
360753
616002
847588
83232
215762
995583
590571
339567
778629
918676
240254
855045
275097
651344
256577
73949
290625
206688
253989
949684
637077
432706
638865
193782
148959
675584
819061
6991
160494
143444
244743
152335
65695
463435
864049
860175
660379
456441
35401
811068
149304
495269
36461
131815
746936
869492
449612
871686
38492
104150
463676
561224
840592
783391
552315
852921
575980
850378
323111
235118
888606
100321
899904
269364
473391
128009
491893
190585
322891
268298
558409
220760
247417
301194
530916
717370
546867
846901
205656
527145
847090
908807
822492
977103
453186
283946
366277
616983
592469
550472
145554
271242
121031
264311
491123
345789
160955
217689
970402
640579
473023
807373
219374
668748
710229
477749
980449
192309
24700
798228
380106
283357
489042
789905
972699
67163
180861
198045
963334
240262
41351
201959
451782
304492
751322
194717
614168
855003
48344
230654
885062
692026
957692
623795
387812
405431
887636
389092
848231
193083
641013
114518
242606
628635
958845
82099
315878
933280
813384
81034
133073
324298
950561
431894
897382
25864
960823
281794
162516
224968
746408
307468
198294
262543
954225
146620
381094
749539
523182
329198
117098
5596
746426
898232
689626
894891
390907
388370
264991
711254
874036
372613
536686
228042
854551
290128
546744
265660
720565
231821
440166
803234
239853
678000
857333
795296
50372
963110
317389
25409
504036
100212
229744
996363
321704
174357
262015
432118
705447
799513
749940
445882
775355
679069
625966
716910
369017
486818
184102
663627
52548
813776
742750
265886
15414
209725
683094
607653
940405
595826
757070
801460
164370
659365
279359
22192
254676
43954
261582
605463
206349
570740
795839
12926
483161
355660
797229
801182
586560
876257
373239
163948
222497
915608
413900
593552
873795
892288
576100
974109
18874
721276
985639
373785
832225
146920
769412
31713
897778
565033
630881
164160
851416
61846
452632
38243
677216
88369
591265
968323
759214
788713
919678
108557
957192
693466
416152
897415
394878
649009
278722
832513
401516
470560
174492
595312
515218
99371
482575
770836
350136
571146
108701
267562
612438
631532
836580
644080
471741
818643
945397
367552
89973
130314
766036
974318
785459
614040
386742
270622
904138
375452
927629
264326
10353
744167
717307
666192
725952
85569
448894
204392
132644
265273
275932
357958
958217
556452
235060
736624
707039
497635
873654
693267
481267
670972
98102
145639
808833
280996
183705
532672
175897
853951
966820
286365
916281
947724
307714
143508
117598
299400
325248
936312
364824
147872
615298
755278
511396
847070
921244
472285
738377
89296
507568
538718
332752
728287
649521
194021
59855
875792
323503
452442
957949
232092
348794
890095
926625
616852
388834
444959
269980
527337
967538
724599
193911
436147
162151
61312
260146
859060
203724
458543
512787
922366
611545
553008
610949
371898
965598
356965
430427
423442
443876
659986
148955
229479
959708
670591
606454
415848
271438
271329
29441
211392
682309
495007
779954
902606
161608
165423
858276
41747
240033
833335
638645
796109
556891
36695
607803
406486
806943
892137
504572
616476
677540
408729
949721
950394
372814
750509
423642
397277
148514
94202
36271
461435
756944
232993
725884
410731
275399
204761
729802
610427
979465
35483
442873
901083
782522
684157
410322
170651
756220
434763
982746
471889
614643
136966
616121
19976
755932
278021
475820
176532
379077
61238
653584
264924
641695
859396
223225
896578
514824
786517
873388
419629
84025
293867
633184
121005
790246
186452
136009
722040
407151
151804
382318
298777
483933
26251
519191
918220
245170
413682
828360
286032
12113
877460
896871
248197
908260
218348
271270
467517
291359
149711
358708
885004
182921
55790
309521
623017
996524
140863
139754
409540
166664
759812
799109
100359
270921
545088
372198
225132
197652
240225
270332
833828
90668
483332
323496
846720
603427
733082
619388
954284
591906
406628
850212
147333
736012
650974
199758
848805
14257
316761
804806
137918
649536
981825
754423
933961
534321
486374
592772
228412
381966
240026
306917
726954
720624
666505
868176
418159
873821
640711
996266
842811
143851
183612
960828
239472
12607
440302
45635
353322
563351
602391
322175
211699
22278
335355
433262
975822
32323
969364
339707
527359
501287
685405
726506
749425
890840
289717
648780
361091
516431
190104
269939
906938
320950
767824
235451
551408
63061
472601
441136
100016
617178
895271
882676
748899
783263
194532
736236
287267
484204
610267
402179
120243
812074
122142
362148
693685
795361
603048
594634
413935
355847
849932
506375
445517
429161
168737
756097
370293
744267
115346
541985
449874
886155
534034
60940
621210
41279
436475
141222
979111
848204
948863
251377
70628
605823
60130
557390
278836
547654
687031
296155
830363
998709
776962
665977
951229
165048
829384
350651
547279
590155
409398
816345
956231
942585
614990
725187
946441
938301
102985
475181
710722
322864
786486
918638
392696
789374
963831
579349
206668
676970
94101
539594
764362
430920
164483
122634
841010
290874
364858
934284
294322
933176
725651
489646
132509
743510
298301
933741
574356
721733
112948
59914
642309
79726
527625
863294
668610
890528
839071
326449
636195
954729
181002
273286
147223
404074
580970
641820
500569
35288
237486
733244
775577
186266
493429
953166
663883
65432
869912
916105
786283
163707
17277
479769
910965
409452
952707
625162
779020
212083
524236
223884
495995
107847
838104
676583
784689
823495
889930
155166
903821
730188
297977
183871
542336
819210
832073
434719
827467
265660
229620
271681
441267
187778
424419
403112
830784
916322
143587
411647
436844
617595
232970
86654
449156
760234
201989
648219
798108
945284
679217
958112
367342
125310
622557
528588
765003
802299
969824
789423
273108
130436
758158
5783
731970
653428
240790
764076
258497
751500
951703
30760
288468
748449
944286
540863
171768
963888
720889
228249
510438
975616
530308
887751
502993
725161
442965
378294
517741
349184
637660
262187
416961
107675
812161
377892
139680
357163
772688
987706
543783
151207
679476
211504
335816
997537
494694
227145
487434
471706
387851
637249
672206
827400
472364
601431
176646
889457
613160
102878
249456
634790
37954
841949
985292
379573
285325
545048
942160
323141
814
552208
145054
77292
751581
526162
704473
77977
808097
262292
502359
435203
951976
749225
453207
679535
609893
100385
605011
238890
343755
133855
250342
191480
231296
593517
483084
393381
883193
302261
958047
891825
354049
323829
519043
699406
113526
586690
796814
556856
521375
807792
123348
329560
251724
199762
43951
123410
531111
905189
350368
73557
250002
936074
942022
464098
644979
945394
572
270828
642268
354655
912888
285027
611373
512243
165925
330893
767194
688139
776785
738400
961499
974266
374359
850309
899740
617115
208724
154693
989020
999607
34786
969549
302424
858951
980795
619342
37787
458250
177577
625943
211299
79299
720801
375150
982950
790775
913842
694925
812366
186786
235919
880866
329312
993071
455641
705111
472276
210588
841282
303716
372920
569333
173629
741387
340769
25466
237814
568637
830291
626149
38694
415418
772091
923272
46374
994827
519598
646354
374996
611044
82992
942304
88728
532629
128391
247601
27368
156136
973700
48515
655320
667899
412256
658290
694687
263595
676341
867021
208991
34644
521971
411355
225590
755368
806569
491962
539196
475179
949930
726839
904364
200330
733782
36430
728618
458096
416888
650299
381098
926018
381517
908246
249288
933967
192396
100087
417135
630331
694742
90282
725022
426097
977859
574060
222448
964813
261923
88814
366231
225629
10141
99787
547713
905887
855890
572047
44330
937177
160221
681660
556639
641839
5850
285277
645981
567382
973211
584787
680972
203876
221994
823147
913624
992082
618250
814278
351921
909278
805483
937520
526608
844064
893423
982553
747594
162252
836271
638593
943923
500789
907749
42041
861704
573174
50323
119676
452805
121778
831390
532181
453926
979778
933091
993873
583359
531928
993804
665832
319769
932241
748656
890082
688214
754386
299223
782829
401353
503522
886747
491107
245388
327696
278558
252989
410901
691948
105259
511851
825816
932283
792274
228421
992842
472772
37534
334402
932427
448873
541267
261884
682630
902641
639952
21891
288264
449478
598242
20841
566109
757170
781132
284706
536292
248433
623514
326504
166205
387120
497567
805648
481400
379703
19303
755328
328897
253415
971988
500383
56953
540603
732520
616900
799051
518388
8635
657901
758350
896919
105855
172345
869835
977668
878101
684285
282961
379412
599426
421916
266942
680815
21118
135815
351493
149620
444131
310106
338664
972694
71804
45933
977995
282539
912414
99834
948935
365475
840858
639810
695338
633092
819972
42765
501976
488751
207606
611166
77197
483093
543466
66987
564844
615130
378853
305465
365116
816653
463306
242533
868877
181384
743152
940237
493986
517333
858063
805121
836259
252412
953614
135705
810268
47377
701863
757943
603914
879320
485997
215447
867649
204332
517671
616188
504325
325902
589477
786855
754994
184817
759004
290008
994563
385645
46874
591714
916218
949504
870372
448296
528885
291185
248469
367540
864875
982904
729691
144802
275129
728963
188166
203731
798003
695440
146220
24114
214688
162628
80679
234144
288988
648212
652317
182135
489559
386184
181981
45010
314058
378417
75624
901628
494627
487578
57460
317817
819841
607566
475702
535024
171476
738162
452089
664637
496661
730937
404865
974554
376897
619990
246479
423079
654387
270584
465853
844967
260437
575777
269072
962180
578160
725473
847407
700058
963497
796275
317858
699844
519090
976303
506556
179913
602248
788291
346040
404165
246746
274787
538066
125086
724028
536750
760798
287244
969051
876934
141729
143721
779874
111442
541682
25758
862891
596963
839452
897803
342094
624171
963874
965442
981265
7556
590064
569664
784103
764703
757222
218338
100044
52969
926772
980072
647523
473375
845048
240894
413031
217260
828172
564891
97732
259130
59002
899040
902568
646426
401195
378736
390904
845778
243417
118787
189780
473416
744936
226284
534973
959786
420324
292450
764383
892506
499371
229357
701272
72251
34991
588203
385500
519078
34156
459198
993258
653678
596974
531464
733759
431119
851870
578311
934786
67215
315481
962481
858046
292365
472576
442563
524417
616147
180998
377789
578054
758320
381639
713291
511682
12638
267660
64276
546696
133629
79108
882859
935186
602643
858315
218901
952636
126917
725929
176328
158941
78945
279838
412836
519778
391383
73627
709789
858451
330728
52660
557659
107821
185414
794041
635813
95699
750100
371611
560598
669176
377402
640762
940559
670712
639246
473286
849475
368075
156735
335757
599631
71456
314122
891515
515259
373022
59412
166575
865686
572097
811525
403864
222977
185273
408293
8513
429092
51153
87349
669375
739269
861806
564737
792743
389163
692512
442412
528046
220336
13927
734591
381135
511342
199042
692981
584263
232337
614039
529268
358204
779707
732002
409841
89385
650879
776626
815003
363742
690373
921205
769516
304243
186054
510796
770126
429620
924240
473266
665993
725758
441960
566496
301776
768423
7793
361825
953125
783475
476445
577407
186208
678100
80486
762683
303626
924357
29760
417608
169430
390645
337602
279295
725172
457423
830852
740294
841625
125985
353695
928298
65590
679016
824667
637043
620324
571771
683112
280753
96452
762990
979634
466341
385962
438868
752126
767848
684249
855436
847792
371464
220844
137608
833755
701836
292358
310640
391075
886428
275176
666798
341984
781026
578723
154754
174643
678666
960804
510853
93269
114985
609003
412424
741493
814744
698583
816332
380713
985573
860481
201582
683385
174449
82160
234159
41752
535893
788913
654946
564504
412351
790308
913410
911953
761803
342998
993720
4229
680802
75718
146947
513577
227189
895013
527041
321716
348290
421121
25738
225931
431825
639961
745406
784874
682171
381309
896645
201084
52981
126676
471953
599965
820772
662799
311739
596476
543046
762318
744696
578984
798178
648698
769256
302267
782141
362218
164024
11339
677550
804714
165564
39968
565603
630898
65170
29133
545575
745298
879772
533982
646070
761135
283959
311089
854603
837485
319759
297368
50319
790761
108772
423439
186505
308309
92471
467170
492222
593446
355819
994311
877320
674751
835052
642382
621312
645159
882416
951714
136328
888399
440727
986623
780128
952517
959198
972187
876125
452073
593842
129233
284272
837477
103641
81939
469461
106423
377435
594526
452433
665782
488472
484376
339392
337128
588920
279676
776185
857908
705418
852419
941214
338734
490676
303649
614215
521954
546157
233048
94005
652116
745918
331121
877297
233611
738657
306656
158942
253853
278424
211243
32549
794611
10961
504475
650629
316363
442235
690539
355905
492332
766147
6081
13801
668634
720073
616864
616654
145239
797071
597251
541841
732358
367907
832142
788525
56503
52533
33334
754691
230302
803058
334100
830901
221370
800077
342174
566719
531206
696946
580767
474680
375437
959336
936496
563565
732951
56517
185886
176721
955740
298071
863363
892989
566183
44057
795239
335933
33932
506787
444886
461712
567927
577610
787527
893069
827139
37493
931637
804962
131942
952268
130072
751378
786618
785943
174135
445721
449883
40831
184484
686049
786865
813674
73203
959038
768589
365919
192975
725473
224953
128289
808068
472121
386755
688893
286550
98224
852885
256781
413423
163522
665394
431620
567265
326023
832758
193082
217786
293423
27846
511360
665367
775309
365047
656690
421427
355939
657996
890310
499967
326628
878818
760034
307714
770438
380286
272716
668300
180631
432190
360230
737656
810559
426710
454362
33391
58668
821295
658553
356185
139733
358815
38466
916742
600145
239603
147667
243453
369121
781430
20886
790322
262456
306860
268153
440298
597284
314125
910338
252446
6071
667336
443593
245482
49022
408286
623535
147675
273585
498734
856236
579886
342582
879123
980862
209953
323412
288649
452578
439913
544509
941321
585926
802690
675
931086
564496
115820
726686
625052
398925
534973
857828
906024
739618
284350
702619
184577
631555
951897
673229
312877
683218
231639
97613
761939
330497
3629
393236
519002
985403
950975
259881
15504
891748
750650
684093
743654
523786
711296
286807
154127
969059
345266
80083
676281
267657
269285
651460
52792
958171
527202
549425
559322
779669
504484
628348
161290
802833
234885
415958
371939
988952
479703
98112
218239
269690
550387
57443
793189
113795
697279
650014
813316
319285
744776
16518
753486
989757
68758
780483
603909
702414
244217
329370
865212
358695
224899
368850
422592
703597
456150
857803
27906
603160
339379
521627
214006
445026
45841
172871
371667
654088
658922
220042
11492
46954
884935
93940
662250
384420
92284
529138
871599
531342
196710
137895
463028
436721
883203
550961
568099
493692
97599
988055
898577
737669
950982
497541
930024
630003
399122
969028
202628
705783
50672
893518
225703
549606
251803
22160
87574
542302
450652
484590
85391
795842
144278
540176
308621
22367
168320
382575
369100
216880
355146
896011
146443
222470
493748
980230
136080
513055
188201
78851
964257
350830
699071
605579
703778
856556
905498
171290
903259
786620
341935
816716
713072
861479
932921
414423
582555
107186
285498
802840
503827
239310
787438
662327
412357
176346
536330
365656
335291
901965
84624
305879
434134
948461
65578
653401
652210
75375
993051
397329
639967
681043
751878
987125
563502
397592
24090
461383
409517
590726
715200
876189
710595
95336
207647
84412
180282
716508
223125
719634
598055
49255
812433
732217
2576
955903
824563
472273
543258
22895
837569
409706
729806
112071
31771
62524
714112
613865
683226
955963
338540
822331
987599
938960
560817
339045
157437
432603
317482
645333
757332
632659
831167
91061
98028
810169
484674
5953
902321
500863
146836
338140
42441
288968
332672
438862
108999
213584
967255
976170
657439
236364
605720
218808
473770
860754
719323
433021
633036
517457
334649
485305
804798
270972
408459
999588
174260
426836
439870
712883
371843
524514
541496
771817
612584
181178
92259
56219
765508
518862
994170
506655
572597
731411
809847
695177
131979
723316
545934
997043
630253
266266
197325
69204
408971
826493
259347
401576
519896
742058
582353
293690
433355
530063
950082
317379
39514
753043
497755
819455
361284
86377
487925
383313
618378
328375
965968
460271
55028
286568
366762
493722
375213
640558
900770
194884
163627
525194
724231
98628
785671
664099
22879
269032
453640
249961
401714
531166
802675
627050
273068
146838
387446
266791
821400
717156
826015
70688
671757
730837
47863
240861
733219
958671
754101
90447
545884
25459
811085
154930
494385
850551
488300
374265
484138
281842
443385
929466
668756
582861
522819
475104
44840
408478
754629
873078
11781
268917
174911
355009
186980
824987
531132
546602
765845
256780
423146
513010
364477
666089
466477
228007
448942
471919
619034
705646
845208
997770
377776
44072
673109
153354
927308
895436
416232
779600
557530
381536
417071
141006
522260
942235
305514
128746
458475
765560
141023
320148
363004
790662
247543
642038
479834
173729
993944
936623
547103
51706
946615
317347
853515
746480
129591
407188
754163
203316
52956
537408
377474
300535
397703
732955
705034
32191
194868
107520
821194
619355
236580
728595
457089
508335
931974
511719
572351
121283
981464
556961
86442
929590
632125
496491
865521
680834
888107
519358
737630
364880
922300
454066
220544
884217
203676
461223
884637
493906
131357
860816
580682
571762
901302
687167
564614
450051
874231
418617
723455
214118
993549
549675
454732
405504
743343
414928
148418
901608
262526
862475
235450
60785
762869
761622
53185
806073
357783
559291
414112
712525
830683
349575
210717
265833
926986
567018
131582
123689
243737
607469
453272
125912
977946
847735
800975
627849
583176
894335
595758
899114
985976
349800
354314
812470
141222
814161
481204
610197
380852
476177
356544
491640
439731
787024
348002
546189
338573
628153
742363
331509
276695
30739
382073
973889
766832
669753
996433
428267
731447
849669
54538
798453
394796
207864
323730
371211
227944
605848
964665
877742
901814
904069
900072
778938
967697
939083
44634
366209
763647
226660
323535
201817
617599
686046
947228
244891
720548
517213
123005
206611
568830
600187
982211
585710
901382
433018
52359
247519
318498
60990
714963
369453
347593
385566
64705
986377
911794
560261
929151
141988
232910
299303
444585
290235
861090
725952
2926
221818
533464
911618
59194
955218
711919
444423
532583
822250
486775
943181
113607
171141
368243
797591
412290
489358
314409
505063
218772
65094
36337
938545
615543
639621
788405
157184
950678
55812
534422
530907
659931
881358
223422
628489
895959
570195
341933
219369
598658
850047
148371
38490
491217
944343
938957
850974
409594
646833
167998
343562
593879
757385
281726
916717
535520
105854
449559
191056
725683
35369
890226
845466
231865
212168
753172
470019
773451
842443
365101
583228
996763
552986
263015
172918
667796
999041
300592
892506
129182
123400
320810
678015
543754
68693
366492
175206
338843
188941
503248
741984
396917
994249
284933
221948
5224
374752
517702
502070
809784
287215
820183
284396
375375
888668
505051
563147
457313
291480
571573
901539
370566
434652
182146
712585
310343
814726
691803
50414
196704
308066
661457
413082
904517
231086
321213
823706
19287
540696
331596
69940
21803
258683
613781
312999
853974
574817
772910
954537
83187
721328
364844
949655
936905
196764
51986
361031
225997
657891
523712
941843
88384
533063
113825
42178
968433
509632
36797
212509
795096
821564
864461
374453
359909
930088
248244
607576
895566
818446
584019
762814
42809
742510
919394
301681
260341
406566
513274
884759
381227
880666
612657
603438
557037
220829
957934
773025
294080
660545
178342
35873
696387
853665
193620
14570
218317
67067
307384
804706
549700
161704
600790
431588
433320
264907
533418
99508
137807
651046
144811
703577
453531
282766
569809
137512
535749
682286
647195
648543
812079
424156
889060
126581
885032
728016
586885
657378
957264
40255
607019
41125
904322
958360
415141
543171
217471
816995
526818
688812
130495
253502
317042
216663
565120
295984
286780
647422
711020
896156
765344
651625
291376
979359
739483
773137
246834
640772
810203
416226
694642
159732
781653
547545
937613
149
211273
424457
224006
951813
974020
394899
239614
500012
355563
653472
857323
449058
140068
281625
260694
995601
832075
809381
953042
709326
396817
89991
605265
249949
143159
39222
90918
747480
49072
538509
949944
664705
724750
790226
391877
168137
631475
220780
450566
43568
809845
299368
302423
698334
941224
73351
404137
322954
535781
230241
864158
919548
505196
520801
933137
964095
448222
40401
876041
362298
257331
357719
291420
927403
696175
519090
21598
126053
560963
858664
453163
442996
478111
446621
422265
262431
178582
504300
957222
87737
47850
639291
192035
178208
195804
627062
720273
721773
436640
688014
653412
928917
846122
614998
196982
256596
473715
45071
841967
587546
546265
122209
297604
507835
312795
904116
531379
151776
934232
916462
718586
502580
650389
731125
598810
353253
789082
875023
119461
72514
199587
547835
972350
220513
840262
584787
903307
772700
620236
744660
666439
252212
716465
155250
373746
734265
72159
726444
899766
798245
713741
398728
614957
508249
350158
325923
515652
37317
644878
774898
623453
792758
724424
943646
957735
116111
317696
644380
427942
21970
896027
407818
49384
394272
327550
667256
945784
486345
542933
793458
217588
606622
299060
479533
452805
271514
667893
553423
104399
817583
950501
740767
332895
464516
502944
443764
206911
172189
686161
966379
101634
680979
566338
692942
457335
345431
990819
573647
556766
475402
669401
391656
180838
170379
411686
186542
672816
805108
198280
424247
417811
811758
5285
702650
887871
654987
507577
785437
555015
840536
257299
985629
314516
440276
140236
674239
680110
667668
943832
140037
208617
621072
114449
462218
250693
836212
68764
325265
112996
989456
493098
996312
757068
579727
792200
869284
432451
293325
372649
942638
371828
630898
937246
691057
384627
828774
826098
115707
236112
737553
744104
150006
83302
112431
940366
127454
418753
199150
505917
441922
823108
81006
285593
767050
727019
912364
295168
586324
696224
948346
47119
437148
390226
861292
341583
470340
217777
603979
339675
1678
61073
811389
784251
826707
538668
384812
690311
908397
579072
151771
625296
476528
641976
832532
78636
927726
14855
900565
242199
420483
784138
321782
776547
855921
395532
725537
641818
774086
991161
428155
325296
263064
123752
487630
957513
331007
500095
193383
991993
534330
807142
479614
199340
645215
253526
844492
699431
497398
527960
35838
624525
33011
579925
886509
189668
914843
116466
694285
392286
392405
763597
306411
956730
169988
557099
904280
386774
106761
713028
84399
81520
630807
832288
902019
162933
317557
7432
314773
431307
647506
896829
91406
9459
193076
870594
594987
56590
572952
745402
667546
601139
932200
746368
705018
562300
808802
301837
423184
987704
671669
597083
437446
427576
476949
211231
697307
143422
113819
304842
533156
994200
31497
18601
148277
293521
770454
390060
790446
415757
557276
566688
524963
744470
210931
334337
659931
912334
861183
513569
122153
382584
706072
864314
274121
769195
196144
519662
659460
192795
727910
84814
45541
985607
624900
395442
787289
821401
11388
724400
488183
903454
694629
797967
470578
169651
740105
669630
249094
330393
952887
132829
38597
118594
326409
337697
257122
191761
387490
729653
786994
292564
532732
509312
243297
56643
602421
2502
318134
85887
949823
23674
126957
250381
990308
304225
128894
688304
846416
132489
321997
46057
628629
336197
110205
257433
178713
170559
954582
885763
774597
28746
812603
14246
849399
857321
440412
469371
459524
179157
604915
43585
73736
650175
30968
124915
923248
40684
547434
250279
545988
950533
516053
90729
355058
30189
164475
953072
455804
804940
709399
399072
660334
133702
268037
338182
297973
114843
761539
284408
744546
731021
320533
489046
589335
549800
898044
997848
552105
494475
71289
419107
856425
488435
989029
500991
456959
450956
620705
555976
257650
700936
425800
503135
243181
362640
936479
140075
892767
499314
258056
382180
211691
242742
760791
928681
420319
216716
33204
67260
961378
975688
351134
332588
811688
297640
921380
476241
555193
624907
916384
212390
629828
51969
385814
83877
545742
134326
828487
721900
910516
227255
618631
903881
690080
919458
199831
456362
275366
864777
665133
815137
100236
621791
572855
193560
352326
242201
554257
406637
817236
689052
693102
842465
223633
772189
976686
470579
831335
461346
120716
91441
274661
685326
456489
625614
882878
270226
968326
943363
397269
210341
671140
551743
79240
744703
723000
79966
404567
644911
734268
396375
116994
942223
444439
610571
648409
4110
842184
642055
486132
717510
780362
960170
70124
469286
820611
418575
678181
592792
739319
874212
614326
44302
420961
888404
147774
373915
565339
741021
97239
903272
318067
839800
369562
166934
574450
542540
652811
234754
388713
123860
151077
899661
63053
755803
758613
457540
795779
818980
615937
98356
389721
992688
170713
680234
162839
157361
396872
573834
733005
166937
99101
254425
209934
71719
572160
986131
55812
206024
667525
577359
259510
683348
415772
111113
221338
365954
544224
470484
355143
748084
570969
395036
115122
115180
176211
936479
823208
614868
778186
234684
662276
493228
425528
453120
817707
48893
387108
714104
156499
227285
168680
557446
920058
675570
334508
793604
582368
217947
920397
78067
257221
200021
29865
632422
524763
655515
65327
122446
844082
396798
685989
534412
313914
29639
505017
100680
324525
459626
211654
793142
339116
92693
272104
770837
963503
670293
650343
816494
665553
643645
872931
652892
349069
462305
787879
766937
925833
87989
650576
93571
26912
667536
383532
688954
597273
189466
635643
93567
180893
706868
121623
725564
904188
971775
225777
778975
278795
725182
92366
265195
112770
451440
263379
687928
634012
859325
549990
607950
751589
879817
883811
79324
228970
203244
969862
145024
946746
969807
334818
174455
211464
389149
498884
391577
685128
623103
485074
4365
103758
943326
514066
637007
176369
312388
400341
150657
160247
348294
516694
675365
827090
561003
471456
530008
555706
629207
964595
554109
761659
156361
780072
555981
472184
819262
21418
330193
26686
104677
488838
433886
308689
924249
498435
1386
506289
879630
981491
999531
711324
486258
340044
236957
369768
964561
348567
838
973437
169609
86573
954210
653239
406182
506773
564657
653137
306544
802694
570575
349370
116290
444535
775112
32205
996200
5817
30243
457625
535530
538494
370859
906102
853952
946335
665033
707774
258921
982408
29732
24614
602557
414496
187096
919855
406544
481113
740382
711440
708551
114647
867384
82690
154231
415294
505730
356474
332318
423138
326094
563896
164482
592796
874710
613181
250789
989406
172417
397125
447096
970998
295469
431280
758045
709952
335055
324345
778730
556116
143284
247085
451790
677287
811937
49645
261590
375494
861089
698287
679797
280315
830592
950537
877030
156009
371215
248453
283917
778346
842174
450696
38399
991363
314237
141729
503570
874506
848588
109600
807472
82746
442877
883750
632611
756178
182168
206677
868485
799228
636941
669274
746602
807717
66910
576884
130411
663233
511601
560294
118522
398346
945347
807030
299605
29207
72203
959552
982375
592569
433899
184125
633918
327623
290144
301274
60588
489090
690662
448445
143939
191967
992937
647363
566880
544951
800936
60204
749726
770657
788432
960361
485229
536616
949647
364559
575959
54127
930649
708266
170438
808975
224572
762290
317551
952906
191978
113410
998842
711650
511781
216834
21145
804161
255850
148400
672953
897395
899988
378027
19166
276803
285904
508476
281707
524225
805481
252946
522639
758588
254164
1180
300358
779346
404638
874113
871421
707971
517844
721183
684205
461473
187040
76995
91017
863071
404899
661992
409178
985149
664990
846652
809608
802079
498777
115261
943818
911797
889987
39700
282000
159482
429665
646409
128180
590202
704297
238985
298106
201799
228300
45787
85771
931736
766666
496753
284516
48398
335858
965596
866282
422499
155675
120076
792962
146346
906289
142510
208706
809981
21801
132676
574654
694979
733147
981527
908701
221294
609421
101102
921208
550806
252182
787416
385049
108087
604158
123859
155384
709183
3473
974071
18840
383632
879720
773017
710622
666771
270540
777218
356692
278424
67488
602382
525876
703453
215312
930826
947543
541396
578538
214225
811196
83771
159759
867297
168247
86818
451400
876474
801242
578671
397359
884499
592139
499703
997860
549421
334428
463838
12016
58270
627763
890241
211714
171118
293043
890559
807328
874836
136341
233458
426863
729864
574800
256212
509675
388698
612018
22702
581366
904288
460692
492539
167064
920547
552156
878216
206632
320740
11908
878679
947132
853218
497256
29800
301488
856288
41704
286205
644281
28180
348409
876769
157643
364208
163275
610883
765358
308718
182733
451629
671488
411605
734546
869699
149307
868125
351119
796955
220095
351161
411426
308943
253903
438978
857346
740577
915008
289013
573080
803868
323001
606703
990502
55133
316902
915434
714238
99769
658847
517624
195912
547023
597117
651688
486842
970222
128759
691503
139679
179098
336437
843852
82917
324038
502929
915105
330757
727151
657499
963642
293378
479992
152930
45810
62241
959922
162823
154341
823916
386639
656890
235472
854968
990532
719370
469417
329596
711010
934786
906686
91073
533524
856301
461829
18698
842808
533799
640090
880921
555940
831043
897701
183436
670701
17999
811197
265575
104448
118603
206525
927501
572776
896735
591906
118113
983910
449663
994943
81122
843976
8673
320725
580092
120517
151046
403744
760072
224821
155961
36208
95233
582830
183618
722847
223407
430676
165237
302710
23346
891277
386833
765819
387369
378503
715628
562899
416768
704780
950556
360847
286275
241787
729819
148801
202742
895234
340613
118027
572137
552151
421392
475511
621945
960599
564225
186705
792441
102990
855910
222817
174228
78460
611465
520496
597175
327068
46185
197402
35841
870897
881971
885686
157628
420830
659658
126451
814492
851405
47546
695590
243969
498247
417474
671647
293116
938268
742978
476287
925705
728621
405531
687779
190342
40646
752747
908191
815499
373105
145176
403079
962273
978866
764606
72091
153310
462254
546899
357858
724999
679449
362922
321393
809751
389543
395493
758470
804999
970882
905657
786220
413187
405562
591424
179235
725218
99017
491366
770460
977142
394790
161832
338417
962667
851751
759343
64330
167857
431182
923204
453197
58569
741105
800729
626614
797815
485429
705525
475901
530295
356822
722666
28128
346878
844716
657451
531504
435692
276241
398724
730822
498823
258185
532527
886031
174944
324576
220141
925224
235663
357281
494189
261402
355186
850662
15571
194606
788343
736277
350456
705396
879704
200777
605542
464251
49150
517938
913885
591162
923336
472321
808790
735990
755058
449138
743018
960983
113380
635099
846496
2383
973124
20265
179284
982056
798164
275151
936011
79708
87772
428916
234728
32075
615161
321647
787630
461081
108846
434499
226943
398388
809056
794190
210216
830895
245894
464296
753458
455439
875470
499945
683371
409203
142805
98764
262485
886782
697210
846026
279207
205134
884956
259123
404657
682321
172440
289785
298140
888150
794866
891848
497773
200188
449058
500872
714284
71139
582680
894148
244973
693977
502822
599729
863521
977035
834905
270618
932157
137507
967526
606629
480433
280298
119629
537427
788395
8921
370851
255744
78613
516722
876148
960612
238821
305322
511303
366323
19912
380869
69652
274706
697346
84561
21561
775161
544254
669132
608065
391480
600880
658588
342599
639332
759766
418043
853250
422467
370663
843072
927567
861705
206136
374495
88429
596674
18126
519739
395205
297489
633772
922058
184388
992130
144569
107463
356508
968518
297183
837310
630684
500619
574540
187615
230272
363554
522385
102954
637619
809191
204848
904934
150920
318057
249452
269095
481248
125951
610648
972032
619509
408745
561645
150009
668654
901518
479773
909027
138340
220450
414795
277661
763087
129733
789658
272574
351311
795489
602202
745406
531763
26903
620605
887706
611648
358708
909007
407463
961495
196391
911258
473195
993912
334484
146885
712250
815731
959742
745234
703382
864024
247921
724840
585642
122968
292325
815705
869268
196653
32823
88363
404308
995425
948521
737548
343401
239888
333090
62328
589050
930420
105762
463494
706721
261074
991707
335244
201373
83821
65770
628251
255237
63088
751582
901321
714662
517062
975195
894443
29588
686449
605174
100729
811090
477043
273820
345976
815145
602828
238262
425027
488991
162577
594629
255683
140385
145948
752708
473575
20055
607438
869915
683578
470617
981933
405742
917539
792218
670007
957558
45605
864782
193149
764905
156433
734238
553571
190967
75649
585584
595087
265407
310851
422484
49321
538629
851188
430410
735501
124495
949735
283034
809468
249260
776767
626623
985930
900714
737790
54879
763596
100815
30502
506113
176705
296521
141845
359772
253068
642174
655760
496421
401781
665680
369712
208679
375409
487013
490365
47745
244954
7828
172106
799503
204882
840600
447744
237939
155608
31079
275445
393174
659461
433940
384605
50295
344808
173628
375237
124093
220164
22911
679919
445702
535306
298514
266085
384972
737730
76707
34751
661443
161993
664692
937982
951009
559987
703544
685505
586394
137010
726009
730067
899588
27262
148343
725547
247130
67150
376067
255929
773332
743399
987385
15907
293240
939090
514101
87075
878013
335037
151953
428848
3515
535913
439557
336153
85463
824544
429656
889367
603762
213600
654263
222483
240000
150336
322193
396845
707524
715503
528799
365321
48116
972215
126327
305613
767905
907690
39432
807724
204256
976838
980019
225753
420069
463764
209205
807410
402707
574640
34618
416154
385594
633817
459600
319552
928881
368670
684085
582893
585787
58441
367661
410124
740435
977351
363947
186110
744574
892881
561603
420808
184618
963168
85527
212473
868233
71556
408180
909163
40502
567131
72054
645592
53201
210947
979893
690870
722590
358070
165246
471360
970419
600318
260405
146481
577887
279668
4450
950796
553541
362114
573758
544821
359159
256182
942547
266899
274476
36679
993191
613737
383397
973833
342023
136676
815555
330558
3321
894697
875685
472802
531764
889257
774862
617756
453515
869025
349930
189582
1357
275206
154617
48826
183309
117271
701889
719409
600816
837862
715343
895281
140562
735595
181126
806417
570931
105715
929839
699880
83004
371515
401446
286742
377846
432283
190964
14008
169893
56982
501641
225411
738272
966975
977943
132266
602910
219791
747645
117941
631278
262231
761037
350227
683269
473576
201722
270045
39686
877510
57530
461163
868273
900222
769139
78314
610150
22495
277041
372830
245763
494219
949669
787646
264474
406905
758336
651439
109445
313272
241279
769550
567820
466685
771264
527374
316714
559175
360965
38338
304826
879935
530677
941721
166222
423401
702066
532071
260724
377871
310128
31607
28120
186591
974010
86335
845687
284560
548403
933983
725690
879035
345790
690202
1731
492926
896343
730416
372839
763145
667300
251985
678852
76702
11658
229312
929891
680732
691405
402314
738443
511301
565059
429748
444879
628455
243278
553501
790302
745815
156495
571235
685359
865310
629292
229730
742517
449373
939293
999414
375386
825085
886577
597371
516115
243475
881802
186228
358464
108223
25473
620100
110957
363592
211288
118510
931765
70715
325611
825396
752968
129609
623734
647493
388995
446879
693685
694380
837653
193080
637965
642105
614259
107558
397832
87388
986326
597903
164403
526838
677975
166456
557995
911548
389397
429687
858242
312561
785071
384961
764860
466140
184067
627132
932585
69471
866502
462572
309892
263387
476760
503916
598305
266227
286901
816839
55978
199024
821574
644121
117210
821189
496095
889069
767706
769368
510821
309407
900240
718761
418901
56779
463836
646891
784870
48470
999962
144675
703781
559780
577077
875658
774309
166704
263033
28520
93119
40484
543301
106465
712695
66163
396895
29393
767719
337751
865777
603935
21433
705172
467602
726365
299964
88404
469920
377292
466703
387261
797055
490881
324778
851411
731702
779614
605075
402812
919035
903803
104087
946505
207795
9702
602657
353419
777664
633336
395678
363900
55486
412120
158191
597114
749867
659415
214631
158489
401386
237290
617289
789748
643236
77332
2840
494587
854029
943862
325857
768059
367459
295490
642217
641317
584430
925559
935077
891453
939170
71019
367165
675455
776646
260613
232227
891006
141343
671419
812737
710876
206704
970572
980548
915133
361388
579860
597008
832448
990980
389729
557970
532919
822495
610000
891691
180504
918423
139057
70170
340968
171621
770621
903258
934001
234592
204792
519686
146368
697620
43089
717305
650029
494612
806947
491792
912461
405894
45550
247588
45914
207239
50956
92519
71825
706046
171276
423931
298387
463040
439115
144453
659225
484678
350940
348774
835053
86021
85418
495526
941655
504706
712267
931069
199686
776003
214497
254876
621113
738079
763053
188981
405850
473031
145558
87559
103701
877405
402884
493545
34211
791929
73448
249572
257468
296385
39550
741271
293935
902068
863146
437683
812868
883145
125197
800352
327436
549475
232260
996731
333313
902849
970737
23353
814602
528697
895664
873734
55489
883478
428694
764808
104737
404384
285407
442053
990457
959761
29702
124737
270259
663616
191062
804560
822377
980053
412300
325960
709352
498579
998061
707364
500030
54727
952671
938224
316531
574062
49252
540610
418271
371785
778172
488206
712688
676340
980113
25586
57760
548914
131944
975172
139129
966943
385359
847456
59389
79008
972335
984291
302938
204078
706439
384505
68626
219601
120210
835395
649129
904289
345700
547174
194309
732706
606954
324770
711269
339694
986208
876616
596956
844128
148253
331743
180671
392399
68220
553863
972593
111867
363031
511930
721823
141446
635682
768341
58002
968203
672465
508832
130200
348372
464543
514400
629167
947578
158477
968414
482949
77051
382933
409941
184876
573609
903960
786508
139929
906424
14099
933242
256821
848710
345776
451605
916195
186139
957561
150238
632316
224859
570123
855793
498248
885371
983036
123808
535595
961413
247960
478789
559233
360542
743847
661836
190078
151321
99372
530442
775846
378614
295061
787864
294213
810094
238731
105440
707207
732082
428598
468676
278285
420475
555869
812001
373587
266864
652804
663917
502198
255661
421166
567856
571222
737914
615802
730807
652631
809198
610659
652293
961588
33127
143624
449555
819829
172792
480900
255622
976945
355290
670950
584453
849839
372605
592855
108507
465221
208037
202710
99791
526285
727380
309201
763548
290470
62104
825659
187337
55402
991675
918
129311
874328
665961
728782
991253
281353
296134
306114
568497
480798
710945
5749
168494
199848
382513
991944
497293
313852
866278
57135
871264
861260
871759
696631
538661
750104
898317
590826
237851
459451
134109
578194
498839
156827
141142
5700
224496
806052
862000
536169
597414
311702
235306
841305
372680
586970
539835
319758
606817
833916
993107
831657
824968
987687
642079
659638
567624
280568
691694
840512
538584
85505
855833
762857
274161
403166
210680
104909
20628
200242
796677
224932
560143
718151
874342
166031
805132
583075
658162
37277
143062
526179
88121
847760
429980
349431
699662
188816
797819
780202
927829
127311
900864
815629
607676
716082
365352
943382
42938
780725
493288
884340
284015
449387
379220
768694
396024
964134
972193
15314
979856
204574
576542
352749
203384
876534
624336
566206
157332
848526
895158
289160
421307
263405
680306
773552
947914
425640
399444
687911
239464
226420
361205
472312
709822
73238
417479
353841
777382
748712
597412
528310
377438
190340
837417
155755
523930
462179
966460
245002
689128
482078
248039
988341
234602
890780
737065
795409
987850
123654
113726
743499
825857
446530
190329
878800
27625
327681
764029
907528
792954
684533
951468
410016
558562
98542
991990
420693
242926
820019
99194
190629
656692
107430
726163
218859
888758
782998
283954
541333
289467
498808
519039
404193
514458
815964
630885
665521
66126
544692
106881
454806
727807
614147
701494
20727
896514
372486
245127
726368
54322
309512
201860
538292
818756
959245
236761
418828
860262
203873
199440
210662
740015
553938
394582
143689
212131
836101
643128
850262
469221
431709
129101
174447
580202
600270
1387
315268
137269
657496
284418
39356
563426
407528
921235
231669
790689
311247
967660
397088
832861
733967
856908
464196
930571
261064
514336
205487
137678
932511
472414
549700
879097
75535
165229
460127
295636
415803
193411
441254
741536
501779
82290
515840
302319
120122
920751
914212
495963
256270
791102
382062
323629
901673
282286
69722
891548
303895
150688
364735
613794
798028
930281
358342
639239
939359
965076
676981
251222
929849
510553
667119
219824
242926
929253
990532
338811
832534
576697
291064
363746
924003
322099
67224
486431
265808
389704
417515
108399
373071
727984
880281
157306
626625
763584
461519
749876
971938
807390
956408
405949
613593
555071
560045
133782
395336
442150
984782
344366
942310
428847
340639
573830
694849
757039
563890
914761
739186
686686
629577
675496
529376
927490
336805
632240
30561
782790
321977
543431
683639
574224
596794
254647
281028
861145
853086
419293
96895
538228
935703
498165
993614
955246
20143
728923
229291
635576
356319
446818
887610
783467
895507
913801
930418
636104
785373
203699
669761
835879
587668
874677
502775
783056
537351
600590
621218
276580
387213
372374
212498
478475
403557
950411
37016
932848
994432
503457
721944
47987
83619
881155
827704
313843
309665
831805
479983
284768
698772
131317
43247
950572
615918
671414
235948
324881
178329
308467
595743
410120
132389
203216
158655
543266
727350
904735
662196
264551
922570
403237
172192
955478
838951
228263
282654
873824
692044
198095
602756
771469
631341
33594
172617
183300
715557
892196
469470
739348
559976
24250
299969
347118
328473
527180
479344
111116
370486
444438
872040
177034
752660
148042
426903
677766
471255
53855
896486
147908
405149
261668
849500
508852
3276
58383
232713
783460
106308
509730
584353
410198
602153
455997
521195
123066
841684
713055
376240
202436
374659
787849
692783
477406
135443
872146
240221
608298
434199
732044
813502
757017
958380
232159
336203
601468
921079
557110
18466
543245
10388
582475
52781
388838
657748
641316
256293
765374
754924
37220
884401
665924
197672
986995
801253
209741
941758
189407
690223
826846
520014
966852
767614
513158
362677
172817
978197
319131
145489
906433
978187
76614
806525
632018
53035
838306
145424
224072
916304
909747
951994
404503
354236
38491
524223
2996
297068
89264
580321
186357
488807
2025
306183
163272
739422
587392
97417
669751
263265
958781
424715
836226
387650
55687
682976
171078
193322
977999
357676
288070
129007
281317
151563
584983
768058
758210
507521
64501
608025
268675
126658
943429
160
444808
261866
961121
553519
584969
632350
115578
946451
309761
213160
234891
325024
514043
86399
567994
480581
433208
227245
698944
424464
773376
207388
976455
801868
53562
837144
128954
565854
959097
860276
399419
471194
310677
919487
808556
633041
290959
785040
746389
223712
938564
736666
196884
756186
901893
337102
185638
15126
28795
477414
811060
615070
691795
808979
812566
411375
364132
894775
740526
760573
848230
847410
328403
603352
481036
498790
563641
231048
13857
909730
975032
728389
253888
41143
384709
391709
206144
776849
521677
37194
806089
899818
871383
431924
682008
488348
701000
707776
514873
807601
864470
674607
51050
709324
293863
200151
167418
450907
958518
495848
550882
367307
812115
991900
31151
48126
835309
143379
860353
590070
882443
66698
347719
473696
565246
867096
664979
486126
123838
898586
910429
555239
873630
576629
805230
598458
996116
895101
78889
113867
30446
7028
76059
993082
70550
935129
151525
22026
432020
470652
882896
940665
591927
190954
170022
219673
712222
57856
9793
26736
859825
358367
277849
840971
315219
344992
622204
809262
268313
391404
942228
775545
632795
68294
87136
854020
65504
908820
272951
699264
180923
113930
652565
792773
383109
918184
22816
189693
138018
957596
700745
704305
191074
394855
450719
466084
15544
193238
385564
79314
229193
25598
113809
426345
821786
94851
785775
190605
605747
873844
519521
197490
408360
1303
835360
192347
679210
449297
628667
486410
729058
527240
249129
348319
332312
915634
92093
205989
661670
250659
948685
207888
861943
259063
760615
552870
188111
257164
411870
579188
981254
361443
476912
222071
11118
542718
667928
606611
699829
120146
355142
724148
700732
807386
436888
596383
458392
572438
563174
659201
980397
99495
101422
340219
602466
315119
142663
99842
363921
685157
860102
280454
355290
349517
953132
984772
965127
559270
769711
45091
451351
320046
409682
976066
586972
833450
684755
954659
174162
598618
817673
263082
418164
282191
280760
930181
51458
662798
908958
497780
641239
994929
925984
494473
991672
1192
734582
854491
535777
468673
807698
915321
181472
421379
784330
442894
317033
800698
908794
645211
180765
516005
5550
367973
739395
378461
239649
436261
396749
608570
226918
381072
31835
414561
909930
631504
616657
709240
684175
75149
964057
443308
658049
507517
183640
749705
989829
69131
251198
20521
876161
917706
561799
630974
227333
158593
960501
798439
472522
962331
300416
795109
618499
478516
284553
794937
532502
272248
846663
107019
196454
418093
604451
723139
568140
914869
477146
317326
675677
94636
43768
969643
883043
598767
26560
526958
395196
567637
95096
983999
996835
464209
855380
65973
119208
264271
467912
275229
604895
522335
172539
640290
760318
417794
750674
210287
169583
410978
391935
125484
555491
844494
185725
925313
436736
193963
595052
841968
154940
428884
419150
44297
286344
312884
800203
170020
643936
15577
810409
856092
199131
200202
531841
953094
916226
662904
793183
549572
370166
426360
63082
720898
901522
638031
100991
193441
786084
603321
58666
644171
230321
867512
974353
291656
949687
50343
601315
263101
561264
636606
706613
538893
31943
104351
630127
496859
529765
168236
112136
742597
222555
114572
645746
369389
273264
864774
227189
526232
252950
816984
489810
551962
312784
59858
736589
599987
301643
482147
413483
258021
896497
149111
879954
777053
64483
772031
489979
355081
42403
723209
743830
282524
852110
83882
844978
29014
992307
515341
800817
342845
702327
848148
814546
102667
568279
133474
24457
248163
738919
826466
36634
895361
947009
478763
895735
448893
371554
428553
368944
352264
802071
610693
740451
324816
237820
1547
889648
562729
29688
406795
629825
905372
231098
228338
896212
792655
893248
110766
453914
818017
704800
208636
957630
833802
440168
314662
402746
979344
776830
142258
967150
268745
561745
146767
478351
1772
254673
101152
762962
644787
941888
116998
138078
751590
52388
462311
433323
480119
824194
122664
363783
592022
899974
305607
802839
397514
544002
927818
500133
265176
753863
401952
91438
376259
592229
340860
246404
31328
925925
565331
468806
477676
261423
210542
598151
664907
248210
183505
124328
368141
180111
924976
581930
325860
349697
671262
567663
529330
80418
681603
134035
971807
947035
979947
167789
795690
739978
127335
116587
341606
533883
162853
870426
221279
829794
386129
179116
929555
718552
173025
537747
350991
548899
952901
869165
879248
637036
195542
558899
366857
551118
477374
433623
294454
467787
349155
274779
429759
390997
457098
984651
424618
730714
14524
413658
984876
480963
931469
742906
452665
332011
301446
918223
980468
984788
992485
542093
609132
615073
61886
505856
193062
69421
875145
558864
122630
100682
320696
833288
198033
996709
552451
462742
333053
647757
169373
184583
968945
67296
278414
703534
714141
624771
937059
565695
692264
544956
168748
914794
14980
672885
58742
66264
386066
976586
275444
684467
843730
235698
719179
720239
169797
680475
712828
588636
643131
151960
48203
44580
567315
520593
339822
602521
238305
808539
320325
452187
865415
687317
949752
397341
384751
746910
508210
279544
235378
617344
675014
570017
684082
513989
226846
338019
687226
815866
491099
540591
210570
342194
659000
645605
777821
929968
711122
46920
700290
562744
887815
464334
745266
813205
486056
719795
103731
707836
569945
987087
21329
889590
27724
580234
233642
687735
393952
818216
13882
140071
870014
799335
771509
752964
989638
2165
628538
147004
820276
18013
269358
594882
57777
735298
361144
995516
581207
643721
941133
686576
499618
817288
312367
357917
194327
523371
574139
473086
927555
921536
243568
32693
599475
107457
626284
689739
74396
117226
610933
809251
616240
215838
272209
622631
96557
932973
346368
815923
909218
571278
624642
993119
236119
379146
873659
542917
483024
495355
391417
276311
65049
756425
190396
171391
448410
767966
48820
862646
869980
656778
477199
666810
69121
828486
410755
724582
248736
322551
823824
550516
233267
727
438488
149717
811884
74667
903911
664185
874298
368685
993512
739756
44831
514385
688310
111991
592699
879459
588810
156573
848945
380691
339260
59921
317116
646379
265058
835983
8054
762425
635427
447074
553123
609984
353789
937305
199660
952771
809931
965836
780013
802744
390727
481777
179780
625892
224086
898219
945918
735119
987155
348116
279707
136103
902967
198526
93598
203207
963717
878726
204534
65881
425276
881237
502180
211727
32813
342645
608796
584253
360942
195511
589514
119053
779251
982550
325443
35910
31980
590840
149271
642131
687330
856830
977252
167549
488261
826611
284145
756452
189253
888476
543726
186564
42698
158349
392523
483499
493374
279963
96757
77344
887402
171540
846643
752789
881513
920056
178250
210125
376176
408461
868708
521174
662754
851238
276872
434744
460833
299130
277973
470664
669301
924341
460067
196404
213103
172121
76679
864880
933785
357918
192359
297626
430859
78879
763276
266331
583214
919479
628349
217667
334238
950128
19801
412952
888912
642332
288125
637237
439361
887363
97620
629303
56537
510222
347493
146995
801213
467806
929106
577046
13186
601285
93157
725400
72778
409581
282641
504097
565704
858222
51871
628078
490154
498775
913722
402325
118685
418532
132056
936280
907863
657261
632308
287466
811254
683568
579741
208888
138612
147568
520818
594523
913701
515891
673039
27490
405178
855835
992935
265390
624198
135932
460811
64537
982387
402507
967513
295147
683971
584640
200991
732411
490584
985681
867924
729558
477462
625329
605130
760242
865152
960031
39721
776933
623447
558930
803974
738044
979779
325810
78145
853530
740228
625130
115059
637485
899880
465284
857047
646976
36853
309145
22836
149521
5669
515977
294494
926579
114791
728636
200993
263904
935478
951993
873331
264258
371394
601002
43788
387967
32722
689151
119820
392128
80890
99569
641549
319488
574017
592246
974465
53805
611030
590651
813779
406183
40526
6251
420775
798795
750109
589950
162429
496495
193812
14337
323739
718443
94743
561585
372594
825789
149341
810143
366535
817756
985322
591544
836531
486524
16644
339186
661280
18569
277995
851787
535546
176505
374808
604497
610553
922610
184068
180477
337607
448267
211438
369920
465607
397465
987596
425164
539047
921144
555752
597744
329902
489655
667718
839313
841347
767450
219061
203952
509140
508971
47062
711096
273084
458038
871581
626218
550195
780665
198484
524668
765710
64289
585146
392206
775574
304880
374107
66626
442456
916589
812826
43248
293797
66957
547180
601477
824741
3728
335878
918995
157928
792778
159404
480044
868816
802158
861436
44836
930955
847737
772227
268993
607281
88701
170622
240901
435734
528064
367059
986965
990104
895556
533910
543740
669241
819450
110614
739419
298932
331206
134594
316644
789698
595375
232233
584043
876100
610758
348197
88541
296473
597790
764193
420828
342219
913756
641972
771249
148899
973720
955217
910708
597367
731829
503273
279375
719679
821980
32556
611265
151301
552345
499284
848248
990087
426549
753515
712161
177346
293705
310134
521633
550449
405216
138496
656041
96899
308596
229752
302764
911557
259403
697882
496664
802974
862531
590405
877463
781451
860457
579355
353938
332392
277115
959772
539641
244508
234056
564801
71697
669333
298486
510925
513122
337917
298706
799322
314160
816805
566732
859777
323213
139718
928094
419537
289709
646747
681776
590938
824611
261118
232872
572442
766084
600637
606341
242640
510642
468164
501585
556113
627788
143357
330493
429292
564019
498570
506303
992363
727456
387041
757086
354389
695494
257846
436984
814789
482536
192823
909660
947688
331881
57222
188265
573810
50929
714154
186182
710495
645359
860743
705284
694027
769224
119557
570450
650024
666558
652174
209538
287207
276132
881112
781867
350631
628381
276092
790683
858429
949369
239803
477129
320590
63734
186659
79697
57056
585442
277604
633624
950480
589866
192794
669786
578250
18149
36519
845027
195504
670111
835227
297120
904704
806216
179513
632798
143264
862888
793570
145586
872817
329389
514508
469371
363674
297518
826923
340838
881959
976830
901184
161261
257132
73297
869910
217489
290135
824168
347642
840253
819236
984199
385885
356950
573977
780789
841094
724479
689320
380340
936885
571915
369655
609823
617501
951742
844446
939215
61202
847303
914835
424414
970750
827445
734003
607398
341774
813549
771214
691755
567677
404192
353845
30318
915884
635822
568073
748254
521376
894635
387895
744503
643287
962184
53593
156080
671145
23349
40149
476135
137373
569042
471407
568912
338511
69063
669801
393570
579557
325296
275332
960274
207095
278221
483922
461837
664065
797182
995159
621545
80929
678633
413113
726477
234144
962935
911394
66637
219078
952325
968107
232411
759075
353329
933070
782321
123927
407276
791653
376829
801784
202975
106019
926935
474
647074
6620
966552
585247
797516
724632
113998
874443
978256
17664
9078
228800
567875
573353
937155
153929
634392
866398
801761
788668
925049
822769
236833
441811
647531
639544
748182
954213
264891
224600
670619
158561
557699
321866
1411
763135
842174
607528
258783
173248
636076
910171
282991
551726
949984
942957
389182
890414
917580
447959
39250
88218
845286
604854
551844
70306
122972
544450
779192
437141
429799
930450
549739
259742
156265
171060
214215
77024
703633
216069
344898
80428
350405
449880
472576
353810
98959
433352
879975
631183
105854
745400
703633
10445
713517
774140
180779
804861
750612
708570
959100
773745
859082
174066
986672
8348
273822
348897
628920
267977
548263
484519
369938
110338
495879
589461
408167
482132
704317
908366
958145
431954
995085
11565
680559
686197
567056
332881
596591
717308
173063
379721
665
213523
596262
583822
178134
678645
422638
676225
130838
429885
387825
837610
267560
978737
635384
982879
867436
160290
426081
500330
144667
2133
538872
860020
25486
327963
317931
777972
886212
557463
933910
567973
121155
310903
528412
42838
159142
329543
261287
261546
338491
94767
62064
178152
274779
159239
61980
931471
297453
164089
50518
839021
925446
704803
809163
468410
177610
168109
588673
485328
319348
78534
271126
771639
899046
999041
319270
854933
973021
936753
666300
266908
205409
256260
21113
149650
397862
289741
883660
350185
641265
133981
253040
792070
514935
440208
911029
952437
325700
211940
698574
229091
418663
733366
751299
319164
164742
616101
453863
294819
380855
341269
671906
882294
151448
886584
639405
740587
703912
154732
884863
262478
701734
826798
242127
503521
662330
191837
844180
603755
121043
321655
492079
994041
31849
115578
885398
619660
862460
48495
381739
658148
999067
82206
846747
267836
39978
909219
99306
355746
17712
2627
766715
195189
164052
498529
947075
457579
821851
1601
902996
244681
89478
385578
514717
660420
948211
200015
375071
19872
801537
712346
175496
104252
59217
912154
117906
860667
337153
417759
567340
151311
362842
137207
157695
782634
640900
440077
605612
907892
300359
612569
133637
321861
827181
882320
512065
580683
119265
110307
94158
276392
403771
345267
767827
168114
514374
193293
692711
584329
110601
398745
580140
182551
614539
631030
544149
590485
632329
728999
409256
535295
622125
692882
662508
537716
943173
68603
928379
76435
280211
459722
557917
917911
315567
920515
781467
651036
866124
139916
666282
72149
251543
749176
485145
390028
658359
257964
734649
954762
325093
282178
405672
469484
337310
156804
397753
438118
667875
999430
382672
188562
220024
701836
360675
505892
812295
469198
741272
330270
650562
224121
485940
424618
419679
579167
860932
443282
491901
862696
872082
832044
96910
673567
609692
704485
928266
196515
537845
59968
797609
254883
402228
297640
327122
863265
417541
156346
546360
4267
380454
851742
216143
341788
554843
699787
220577
241200
423902
625526
271608
879084
780070
247204
210053
320761
816825
131946
902912
479553
501339
642886
572178
770297
242614
561500
868696
819586
290554
852632
492111
305999
969225
244156
212156
949480
418170
544237
193932
977279
897404
801112
20852
140242
433101
892668
643181
170029
633320
19229
638003
354305
787170
924588
268310
229409
307966
122260
635613
249225
32553
493166
744886
998253
181338
574022
27485
522498
930237
663574
999783
234432
148205
195314
25272
259957
28096
222754
345291
624868
871931
699473
623260
275333
799957
638101
32392
479046
13440
895050
694503
273703
829632
247169
420108
640211
468219
4642
181232
841971
689070
377270
466201
471082
1894
691320
508732
738949
758935
921874
630351
331023
902341
291791
55969
232498
135037
230825
605173
179866
283615
478453
506610
660384
894979
602574
563888
503923
951278
586936
776514
631571
458993
371403
447793
235917
791114
656693
315867
375846
175869
172842
786780
211505
341410
136167
133006
980240
660265
461247
845449
341537
867703
482986
283998
74391
822932
139949
268009
725082
65132
996854
385925
589510
61537
50313
367202
418367
493324
848172
666582
597875
474
114289
93694
870396
938615
900637
856420
892254
205055
522740
800476
728188
932238
555702
987437
330183
221413
966395
748762
577929
5437
912095
684547
264106
113627
555709
134733
253787
209655
789081
301803
252889
981091
667101
48127
165278
446273
189489
824271
910042
893363
319666
319638
260069
849465
952417
494041
705205
89272
136351
125787
518708
161266
599843
534571
878853
774935
228460
977589
440771
40631
234824
995365
136888
865497
629591
177350
883481
617100
232343
968443
59682
352665
273345
464678
49676
495751
281457
117180
786870
227542
623473
507999
222405
571419
978330
919308
146839
587138
441569
518312
290462
454317
252631
494151
736488
774540
709329
532214
136561
30667
900892
408646
85441
465067
2182
879210
817446
640672
585926
437821
110372
439920
418224
742185
715667
609558
394237
439049
149393
111867
706969
235608
543376
98232
683916
145064
420785
966827
281478
990838
677613
289344
171068
15160
440694
56132
746415
460195
490952
130197
831685
965018
189255
98479
617191
539659
504240
311246
183595
937094
29071
571781
665211
720186
532076
909458
159925
694148
585340
141976
319599
201482
292148
685127
349844
296686
213327
862952
160980
619800
379840
792521
1825
818196
365765
243358
16237
104629
819960
972967
882092
898855
344998
652761
151979
634139
414396
670320
51662
145542
407802
81961
675867
516337
772029
157072
492759
507661
314837
858493
598195
466308
508683
634572
25548
712063
367589
977754
362189
550303
358722
578589
355585
777826
725459
172887
497802
670762
425740
90909
124940
459900
425543
883601
84396
343686
665023
118034
840663
394773
49911
181964
340082
435285
345211
381452
114153
514394
707259
63218
186925
415576
898720
556377
537203
162712
633905
66524
314871
120213
783975
400940
988195
140601
83151
838936
17238
364358
915415
696096
311173
888114
273954
319143
645222
483509
720031
127155
202012
728508
336853
42488
112439
177440
201401
726740
370163
245808
22829
681772
907132
159044
15102
119231
754184
346261
787051
32630
867431
611185
4344
47567
343280
14917
622596
781406
45554
498020
126055
155696
744173
960513
931040
546273
10438
303861
169021
266865
350077
831095
968917
211616
905192
629856
758287
782729
838244
200479
575015
724891
98108
973486
532574
879603
82738
421543
15622
266704
42715
183785
533174
336170
836479
138345
950416
811902
978835
97610
302917
642714
368436
678691
175992
745047
957764
915674
229189
528577
222504
482080
12625
22832
257175
539018
670200
803797
410832
74610
429015
76393
413932
510340
688307
38714
435694
938239
635907
882020
743812
374764
332651
311949
89994
873851
478574
853547
263553
403439
62224
923427
290318
310374
535300
237470
781788
62544
527019
370154
793968
491043
180907
83060
872159
82869
760018
941828
990684
395526
505532
231219
422924
528142
923663
926407
561473
753248
292400
309532
896299
176286
556109
891653
723987
706043
721036
325709
291779
168776
307571
338369
737778
624550
687336
916290
383596
587162
333379
714929
551241
698260
293246
417641
417868
296532
786829
188391
12184
934285
448779
58153
357474
986745
801150
922414
585456
451652
894177
905056
989066
863611
574955
157959
601670
347598
801188
281506
219914
421918
380346
576950
534602
127835
297440
19018
650433
263119
934745
750168
893922
875280
421658
815606
92006
610096
644876
4051
692215
951812
137264
170716
642104
522785
151141
452250
111813
734491
760043
127803
660355
375920
499122
171491
674068
138892
815119
173022
162048
552155
881655
420106
294841
66775
83431
948878
770031
900850
283128
69772
691714
317283
633030
645839
919779
673917
808177
40117
22736
807930
624269
609138
158487
912677
841830
908817
145415
176521
321332
271579
688578
192790
696059
615363
346815
801502
784599
834364
298041
10915
142619
332712
222036
854172
379214
898083
354024
84543
903792
897184
808320
834689
736346
370119
237698
397490
352283
116412
790029
218907
255446
612634
607219
368511
310783
705118
713358
696725
453105
243969
670651
505417
240944
95976
586055
648751
317638
886019
874602
277057
765299
900336
608367
34834
561162
165291
286176
908794
862832
708053
942069
687648
962596
265507
620765
693627
319414
269129
50908
853498
785134
691199
103883
331284
136768
549750
610195
206453
837888
892281
243271
735071
44350
374682
666916
453484
541277
526034
344404
55962
509440
334459
30645
368944
884940
144532
161169
730341
68550
757124
259739
810341
235791
862407
169903
15410
644859
317005
799521
280755
307662
69208
954658
268181
846180
531292
615258
822172
69306
486513
945672
928431
877403
730109
719163
583987
68568
623349
455538
991570
997502
488922
955118
900288
521037
432413
493914
406375
985453
223623
252454
733560
817280
530425
976052
234067
187167
626219
867480
226538
719721
160868
84453
744167
606938
557443
435401
673993
466725
199059
65396
584654
812415
935980
309685
390922
491353
51261
118497
420249
843324
616202
688257
226075
724402
988043
889075
197379
202822
432242
959465
328506
937086
299666
434611
523921
930997
70765
575587
986756
994384
192132
72202
877986
311969
364898
344906
854184
562797
521084
246655
410492
940953
899565
130466
513376
320099
522205
844837
513632
81239
930930
244962
340324
833312
678043
702242
409868
856509
925426
989332
191184
580967
533046
280838
657934
840066
718018
100467
825597
239663
410798
713490
319956
518453
391295
95848
28571
695187
68586
482610
481916
414588
977610
787048
44603
117149
302526
216811
449646
717106
285635
721454
857300
30864
478842
255418
528873
751119
436527
196644
251104
221402
243467
154285
691316
732087
999128
849560
191532
926093
214888
1226
30604
973770
470916
229769
22991
33728
148633
625280
790662
589128
432819
762099
285969
191171
523309
602863
648713
351893
708013
536835
204408
972250
17366
23697
326173
29117
88287
442141
173758
838009
136030
72553
568069
972127
108327
158537
170647
776982
843737
33095
462036
877042
186530
452325
565162
810486
717937
765304
727824
120619
933290
215306
775064
267246
964060
115885
734396
924497
624436
755517
119940
583673
714421
595613
882631
638033
841247
634015
563336
393672
178846
803734
18045
304165
886870
938865
856460
20606
181648
360900
187548
944769
673585
690644
566903
908353
721914
22482
852844
506051
539794
93348
211632
961838
898665
553001
567553
42849
929198
41917
912969
866094
268915
661068
769685
348814
972699
113142
672657
714617
555304
279499
69340
931812
522459
653174
754450
214602
474101
419178
9884
857597
356929
988582
463358
593772
961573
290157
928667
794437
502978
357250
180011
699118
747838
352962
97783
705000
894278
915599
354973
648350
329201
446822
506360
789590
776844
749691
927535
687125
916073
136072
776327
601436
390096
154353
875981
893931
164786
393366
967223
41607
462097
256912
769771
141368
508292
858002
729053
541714
58037
769551
705197
504602
753133
706854
595898
349467
369688
663835
197325
573262
902322
322397
736160
839261
419176
937753
176655
799317
434385
397964
472980
790976
700574
355392
244841
286083
452376
880299
509048
728760
678476
512852
707159
672076
932838
402766
895810
431308
647517
629024
971713
534308
749501
428154
754683
995202
434341
604093
312503
448282
636859
687473
895243
570366
621114
752077
252096
283522
97738
100726
584469
947329
151671
472102
942464
116556
485497
862872
915563
585578
547626
754504
253489
649640
982506
644097
75150
14
579436
315676
602920
968368
879634
392732
142062
151600
752872
859435
414885
243664
500412
523747
625651
978901
998118
863443
16915
361508
254470
798974
664417
779115
240288
931868
661474
809960
93686
838239
25787
61626
730037
860954
858148
231338
466495
445777
983335
884714
228646
389685
172315
744442
261154
313450
139906
749534
212934
179206
379533
839830
677828
586949
705650
14670
151380
155276
464227
653253
141663
270119
438730
260726
349534
982350
813093
512267
284789
799655
281476
708959
675282
331460
479810
385401
847291
933611
412001
81154
979294
986085
121302
860269
300355
922561
503632
844857
433021
619921
121666
411436
845267
780349
468989
980983
757915
34573
410039
234675
621760
790381
944621
757403
483996
898293
436277
897905
642865
858650
113958
949117
122627
313828
52251
627496
650573
910395
724486
937736
170132
888407
804376
490089
546790
120365
176504
845535
12805
917064
362188
959330
526437
160843
374443
294155
256091
284698
971428
745242
32465
90525
888919
319462
210128
788209
66342
842096
319941
240356
440308
681671
232696
402936
681344
686323
664907
805827
206781
23970
144675
534071
718206
571811
180209
459669
20201
95595
316856
738150
67354
894545
493256
186376
956059
757141
383723
83938
105807
168804
153509
825432
811269
432778
771818
875086
151537
671464
285405
923463
99313
581852
464965
24239
856098
489380
238390
764155
50740
450849
253391
325886
671434
560615
274777
985855
414019
345547
817364
408064
28186
986294
981713
841097
723542
471217
126356
85308
448049
695732
705702
751136
362637
18073
761567
902338
715009
172182
957272
289475
300302
253506
435819
383291
120935
38738
872895
472913
398455
856286
725695
944241
926544
391748
929319
356656
919330
531282
300519
153460
787173
896450
953681
286865
390580
904734
799317
270293
325823
155599
756109
248653
987733
443813
823273
791447
183599
356375
137006
612783
423499
756040
736060
571114
416208
438326
593180
645343
123242
301948
796692
960719
327499
880957
373931
922675
976020
402678
555417
119551
119508
126965
816914
232850
583290
599412
294589
686108
352675
809822
514717
660629
944843
652344
936350
81336
57836
170383
58478
241019
487711
371444
635742
782944
568139
31866
891317
566537
852852
855505
697781
779265
520876
409276
335639
111055
905550
927785
254142
807363
277311
580488
537376
392182
578770
998715
838969
336965
330607
377454
367622
432507
756428
455669
457922
405401
949142
238515
120159
144319
241853
844710
119807
993959
273756
422108
376678
192496
55496
289772
940002
752515
957761
332566
627102
129989
371591
201509
447582
935829
148968
651227
253581
411352
282085
733458
516745
914395
263825
520961
394193
431147
283651
278784
275263
713548
492381
15104
462370
163594
26092
21346
144885
300910
380718
632305
704179
314538
38863
715467
981189
193562
37736
940742
791791
583008
767500
179729
362102
643245
963073
317311
685274
252259
190105
211945
768164
638866
4932
327413
715164
626858
755047
478233
285880
871642
472141
508920
318133
50510
453709
968432
603367
466077
704355
57534
75711
895164
824498
605808
315060
986053
198148
764360
632568
65096
17965
546679
653732
960104
481003
633333
263098
679536
359475
92172
876289
982678
202892
604500
380625
351837
902600
158586
912677
545597
585812
505952
597130
376208
394796
403159
306931
36350
296661
72225
908878
686845
8253
152464
619519
552232
210241
987769
109266
517257
283413
163147
990022
692538
57593
685239
11639
870567
152372
189216
636729
116001
658404
909558
145924
311662
934074
797378
501837
372973
225476
51017
321439
99028
101066
342706
890042
328308
343093
113800
270974
73747
383198
10892
875948
841343
888775
126149
879598
9218
391138
327312
549435
450387
875792
291893
851630
543350
994534
716372
885971
423617
530429
810027
1855
877162
660486
510928
905375
521421
25802
952943
653545
333457
564046
89667
65441
287419
746873
209016
611815
628010
531162
553249
571279
163858
671094
526144
882940
426093
481943
353935
138137
860267
535940
849508
137403
718959
417401
377821
673023
906194
948613
75532
323134
933388
885506
560295
157995
526767
694414
522924
73229
220821
342939
322979
913906
259556
797665
676701
762081
10035
713941
670463
916271
340041
476002
904123
142305
367134
132714
893387
141333
692101
142601
162750
981757
162983
329433
1872
771024
735709
533936
772752
429464
297561
490262
228502
784198
133801
388595
792130
973358
574156
361791
628214
874148
261554
99420
301647
317995
789884
597092
702268
24793
185114
287673
943383
100491
337404
38000
307749
738321
73104
124561
913825
998034
672446
215144
906351
643895
705791
611003
457801
736912
470330
160842
115215
34808
147094
396411
170388
853415
616074
387475
227617
746459
334319
206847
435541
806709
644856
814045
564691
328615
157645
844853
67898
723123
282134
477767
568498
173801
203923
454204
194474
346625
162857
805945
728901
231768
110789
130222
814874
757743
630949
503282
659196
936038
844669
161856
989890
569199
722942
932393
312293
650035
519233
444581
986249
404379
347344
749214
589073
870959
320018
484586
795288
645429
329336
309731
222519
315057
147709
23868
64041
572668
657236
837960
35329
325033
839806
733423
307206
859999
912070
613781
886672
486558
74137
479387
119646
888351
630084
184851
603826
225458
684214
681932
776187
668349
114271
254646
953011
445447
636260
608597
844398
241795
764314
902021
163480
605098
449210
457001
95579
313448
633432
776732
540648
809775
137568
714550
651733
511949
147922
806684
393825
610215
555322
163647
677569
817853
511317
575683
252650
410688
558140
977574
854054
113067
63554
262771
156798
388184
130751
321735
641177
624466
883625
362634
480622
883317
366248
163548
155884
747472
826827
110441
675614
716538
413641
161207
603792
745201
784442
418118
859723
182669
904560
578305
422921
772958
20075
163728
640033
763998
959737
580637
901074
294922
396636
306223
317278
361079
669863
228926
305658
109593
935998
199184
485254
712107
954369
380909
880201
797256
522176
704121
893575
880909
817424
223728
890743
759088
59682
232903
194450
792163
15328
437431
37418
381115
586480
576743
69476
71742
420333
892415
448659
680341
444631
505976
863354
678860
627806
926935
426331
460571
461024
814955
135960
391924
124540
971739
640427
581166
987132
380895
136065
139990
377797
931724
168389
461824
890281
855842
82099
751940
30625
384788
938901
280470
11899
83031
622233
187986
150215
960159
662343
922713
847109
973157
959994
874883
792859
743928
590633
757079
690934
243426
167838
547854
84821
40706
982258
305473
411414
829446
350209
684203
278317
981151
269314
146216
48377
730923
301634
575937
497012
795122
878128
906713
516002
37162
91755
451231
391715
956386
10329
393118
235208
98421
158161
732322
674037
645174
831095
578097
659352
113586
359021
906287
824861
871678
520087
525822
450705
365100
582826
584057
111376
303712
236667
845639
979605
194887
680328
484905
256684
606411
910099
205286
727747
96075
731303
639231
784231
123028
161868
259107
934345
92103
241978
725367
16435
195504
500457
561979
691313
177137
188214
459926
605082
435908
397319
530981
957200
349262
341019
447197
497092
824223
739884
225045
789301
136313
335957
777044
861747
250264
237447
635277
566079
573909
562167
191192
464553
884312
77717
390081
243709
949214
358593
711851
97638
211118
215195
130203
244982
196469
175595
316775
861849
406054
602573
359863
818342
517869
854478
776874
756049
559481
814465
671743
198364
624598
772923
607702
57450
892830
220475
388033
526002
598186
311516
924964
584910
642669
500484
298496
627289
919610
918924
819534
790886
855074
542130
221544
941008
349794
944185
632022
484012
294982
71867
137223
82059
845992
336481
630534
655711
994447
127619
318590
602805
800640
920807
564425
876110
195174
291632
909775
386330
621329
680840
961180
956497
954157
107025
541780
653130
587006
308006
937768
904721
799874
643741
492358
689851
832980
681875
363824
742494
79326
117078
334682
73596
48492
135804
839754
226638
51531
582376
613231
751864
51154
416856
159309
973008
564992
919917
541514
899640
834215
496516
682040
311341
820004
567907
980443
14062
432499
235668
394924
838149
515760
929267
699033
594550
987557
155089
48799
589012
698001
1002
206513
108816
637991
623993
465218
711012
649912
518118
69881
376636
262393
230448
210533
924639
731516
862000
304601
567641
488378
529937
387014
445890
899748
869316
654164
280144
479384
853471
447386
702788
331579
823534
106702
602252
467074
476732
40468
416719
316085
499157
217746
249700
761401
48029
417735
172872
105977
699551
908261
810155
719380
817051
994542
848537
138683
321190
764208
591248
423629
873693
155955
659423
606061
298398
342429
751274
22042
303041
922333
155551
803845
450357
680976
471928
44718
953236
60905
474944
823091
730100
723318
836887
123807
509613
722041
478987
939558
717460
305137
438240
875001
592195
344753
164226
789534
951189
151796
994789
514915
892681
960278
730815
470406
540337
878847
402486
909371
69608
233826
256940
208782
19774
573332
223978
30219
56805
252591
613279
837423
424223
109829
905759
274181
444608
199199
757412
71456
76584
922926
774343
245229
885350
312277
744597
462157
627957
464946
914322
729327
162650
308949
770633
952818
833760
57254
20917
861601
458197
836327
188233
678509
812724
986083
426240
595218
373164
958611
628548
106346
398105
837467
739966
750719
803704
101724
87073
924600
598140
540332
315583
366970
730989
822062
640956
92694
97692
309485
720008
170114
125028
498470
263510
406057
829447
835817
455504
646080
331392
329424
492391
292489
470784
206679
199318
943860
250781
800923
790869
533861
737671
983476
673662
415522
543270
550875
511968
135022
920330
74693
206590
736511
736256
274063
844874
456009
945741
29158
162757
545755
157403
292509
392528
893414
814295
48889
729545
916238
153373
999537
267303
941729
946439
858592
762923
348955
589320
370920
995874
165736
650166
135354
419138
340301
295207
155132
784886
613781
367857
651258
325565
140972
269091
144609
618590
13884
468281
332535
164137
634001
403605
657955
646782
177969
307005
511370
948674
573762
424807
666699
865003
488271
962992
653654
105907
275551
322125
98297
479384
630653
352118
624640
528270
416917
719074
724321
14668
647130
915105
496696
23371
60023
331467
179110
163867
669716
222997
618024
52118
219672
555748
394048
240047
800245
130506
761396
857469
942835
17479
966575
983234
32484
6277
851597
617731
404415
736060
299783
380959
695827
474034
809761
736109
983266
663536
115071
607380
133120
394558
303315
188769
147828
352928
82280
723500
640581
498380
389056
907750
910200
250616
146851
355151
671216
475704
633593
947345
883380
758217
866354
777970
415768
951402
655583
600953
488797
99252
543703
542917
927182
902830
452018
222803
835691
403376
99623
524757
921830
138351
522452
655806
142258
238269
585649
577770
765643
771088
617009
69239
50661
843785
479892
140111
914777
947533
794732
391269
66631
427925
248167
265634
351081
773691
34860
202317
548190
914307
20042
151780
772481
572356
321534
261800
651261
289901
327794
895668
269807
435499
604681
972408
625417
828307
655720
441441
769540
855410
925134
616857
221894
485351
283144
241821
633807
697373
844865
558270
951929
242624
664076
493925
109111
264430
50474
24870
810541
409121
156551
305275
44779
317482
672641
517520
878829
58385
826878
259709
227882
282617
803978
599864
894823
560871
61473
350028
861977
999491
249587
549341
564094
904680
39437
447213
420115
510740
121674
763639
141754
59260
693932
775875
224828
611384
362819
605041
887008
126306
966792
948364
897815
528262
866684
969802
451299
700930
660867
967822
903018
654211
40590
161001
449037
317536
250533
95452
724663
968851
529463
278436
47115
967112
789560
163546
793592
947860
920283
72932
172936
708012
986223
861388
947093
232834
410242
769373
239997
755832
554693
565154
319312
880474
791695
308398
226511
322005
948226
231878
921836
603857
143372
607319
58689
265820
386571
300536
421780
674944
131616
258008
316236
825716
748447
205713
985407
209595
230527
27947
602350
515171
422050
818534
614243
592737
332782
824286
134649
317552
716167
62259
4784
649747
895351
713730
495767
83883
346950
207904
440031
959031
678219
724185
272268
835156
554898
128237
605842
974197
279754
86134
549418
81832
334230
595704
636775
538695
578075
882866
36009
537590
788444
379360
242876
787696
28980
946660
627203
965545
648540
620489
12734
848562
803745
276835
841930
828995
550158
529424
807662
182176
391023
675786
982446
107790
975446
244948
790723
247442
102222
921974
498921
584790
941464
465278
970243
630138
309700
947850
796913
515833
271441
971862
405568
748418
301396
906763
915629
536920
634354
988926
696937
597180
751448
424743
425881
506955
663169
835631
768009
273377
159531
670658
566432
560572
742141
939851
619850
756561
937407
971712
720789
128756
177002
756808
186857
870769
11697
750476
874421
684890
267766
267006
514501
39836
285518
26013
900139
381735
518121
384750
383442
652657
82120
674574
65489
98333
407674
981810
447067
729540
779107
245419
130295
229203
125190
906012
665907
26556
685288
101925
381465
141586
415900
384195
616862
889912
453313
961418
379449
658766
769520
552796
985194
96497
712850
458024
415234
732519
782449
131635
451075
1636
715471
129610
34757
346323
966697
685118
653194
801057
203823
595475
922766
863327
633435
717905
388189
922122
377955
998047
7057
333577
943414
792273
22890
683919
438053
891660
341155
777338
67381
708576
538382
618489
348508
281433
225063
301165
199971
604216
85451
507953
93171
93175
679919
757396
956473
530782
620854
230193
838177
450879
736845
328910
853417
587198
527031
142888
909960
614761
251363
267432
536979
912799
636656
691826
716365
709160
599540
484600
555473
843210
646149
192494
909243
959006
341499
44869
463157
519314
705802
976124
542788
741726
721728
74549
365933
473986
10988
801424
540467
356937
17852
652773
4527
863374
357445
731554
143699
740199
861628
137167
881546
674411
872215
454311
135948
385812
295120
514586
73575
526601
39113
547485
139371
721300
371028
57468
541365
384354
608096
590796
386081
863779
114403
876082
965098
757587
750794
200009
807289
971391
174188
335197
171529
227387
515905
618744
681222
371095
621691
258469
214576
319760
866659
432225
196197
980771
936101
175063
918971
764621
381316
769622
774747
61670
103476
518439
937162
526486
389581
820845
396171
523705
614550
644001
238889
738179
887231
525952
430166
704225
181389
960612
296812
541521
441026
396502
803688
755915
173829
495729
305273
43300
782913
890138
200249
531025
180205
384211
329614
125604
710299
975983
71181
238015
928201
948672
620334
904342
859298
949490
668155
39364
711164
292359
464808
784818
736247
199985
385888
424423
445774
59601
725540
881888
808721
33424
536498
569096
189575
510557
559888
992415
237183
405242
389793
324951
660151
835856
559657
665433
132631
328317
255009
255478
158953
270811
427100
748836
597467
203723
798831
176677
80778
52873
345671
512296
666392
682608
297227
912763
519856
319978
29251
949870
509777
929508
340311
852953
584437
448296
407638
290843
761953
881621
936175
39368
540635
914413
866172
884276
109959
950558
136788
102577
791229
234407
524253
928974
619710
294280
632681
850650
224447
128576
327900
281927
207148
665633
373294
61313
603657
906507
389532
590484
362422
109845
740982
775343
721124
117535
960279
882873
198793
897220
8549
162225
60749
140930
862252
13802
562840
871290
296577
469742
469147
198252
86517
871510
683445
676188
587521
620522
389828
863244
235234
624262
242118
321019
193780
357355
988286
955078
912946
388242
410446
685283
714239
913555
45298
568133
36396
75900
370111
937577
103218
27479
241443
384577
869785
603068
542464
834579
776941
675646
236853
284314
42025
564662
826644
982909
201294
814777
662338
669401
221827
454802
213498
912228
743886
294889
535155
420936
169112
872931
695021
788230
879408
307254
893232
710925
461936
172740
13691
279026
598980
841290
955596
381008
8194
365216
904606
508106
142570
404100
706352
239520
890485
874410
777655
999085
819717
974210
266857
47343
307469
311065
228813
671050
463022
494319
144747
396244
775399
207387
17816
15775
771033
336948
368452
698357
85767
759618
230380
764142
759965
89586
330780
139519
139509
997578
616632
153149
889851
727777
558066
541286
658767
810617
577491
294156
784440
587319
819957
384039
939876
460327
110957
171057
487963
652998
751240
218750
28604
288897
34470
501958
647587
489691
280071
326642
317615
519282
88061
253804
459248
333841
416660
186105
488462
694627
149659
579641
112281
50596
165196
632916
704824
158669
265770
631582
741755
12881
995954
394307
468595
810679
948702
430435
141079
300766
826019
104158
955622
772711
290481
158429
283199
664678
364291
979072
9615
639559
659879
195945
862660
663439
558089
874470
981852
330525
858795
764250
992316
840252
427748
361491
979040
289891
232688
227417
515826
83899
13013
602854
241975
833619
963369
603019
214488
694146
322786
545419
710786
400340
710276
318847
71050
302714
887829
536808
668154
936635
891351
821493
449070
143822
253920
795416
149112
971902
471026
820745
232613
917141
479822
523831
604627
134790
149304
149172
575233
269336
921671
527083
839626
240306
291424
971911
546482
977330
730821
445329
751415
262334
5391
602446
430850
763623
994890
174428
962854
386586
666078
824832
45694
391315
626918
728471
226614
726161
891289
828502
893764
15322
580244
17736
42178
34984
115612
572281
278449
963469
329057
306023
837659
496217
692826
641054
63950
798587
667382
606623
578054
347254
642286
824698
470491
184594
197357
502181
26524
316997
694843
805312
74279
109055
921904
152389
984937
479700
381444
737555
891627
411440
313462
749195
236190
239843
90980
287692
436216
731910
779225
481873
678399
891667
690356
943111
350707
179228
888726
708966
350850
922073
984128
445421
335537
591629
437170
58879
189110
15095
842190
715536
314171
89564
297579
994434
397119
780875
635829
110722
521631
718315
371016
7088
925207
794986
258761
762725
202064
587707
683141
525843
95426
716641
180093
118851
259384
687604
523704
250113
95392
579171
953582
837151
708248
739264
32414
443994
700067
50711
619393
822037
288018
962746
417592
664805
880325
321548
927176
512316
638652
466271
689614
56844
288673
574022
7344
492477
740394
827566
378062
662676
885184
676497
550013
934707
331955
739574
43367
960248
27945
757556
12174
953389
79660
304592
148942
284916
843242
564994
318274
56645
662172
957380
62720
84160
610481
939855
395432
949324
139221
287638
237127
653628
574847
935382
437389
747396
718008
176107
37912
297811
516182
104210
521088
438388
394695
936465
888504
599120
751869
937914
994551
637980
773580
858640
655438
620833
310341
254613
637888
81601
228355
578605
627511
847712
973883
214940
785886
196727
944809
118649
262567
491145
557033
599925
608240
926210
896498
804702
388268
445106
843557
648348
737687
303665
913861
573346
646277
360619
134115
688054
16980
812959
413912
335131
718176
481752
752634
586606
646356
451736
186959
864624
198876
62378
798276
711997
548656
67166
857432
908676
961379
863533
726402
107054
376230
359654
287097
357043
205383
339316
540495
36935
816356
148224
60278
226931
626956
902161
270057
643231
345547
933620
131759
769761
669214
818378
575455
517971
941869
508814
310290
145675
857383
851566
374343
45617
363260
730
78816
356059
171455
157229
157971
759424
899794
866207
727073
254615
397578
8123
788918
94149
427592
710831
292417
959049
133828
728493
486300
105315
337515
416646
570716
815150
697479
439750
205227
24992
741983
245399
112507
443063
689765
640589
319793
884462
320380
735614
591821
572509
12894
198301
427412
712428
515678
919604
740090
169382
76750
764971
703603
802431
78206
871135
520603
238296
137795
782976
387821
35466
46966
645225
398924
990853
231752
243726
115192
808699
46189
826667
617102
137349
388206
577171
981036
135886
682943
848958
890476
166795
142443
938096
860031
715776
594172
455844
889671
21245
796776
980650
957481
653110
332639
465749
947097
623275
627772
61356
362189
724462
192298
129662
746296
242901
350461
340939
493788
444677
844156
1768
934587
504727
208906
738109
9103
291752
973010
250616
988337
220865
241856
286291
736855
872707
480344
935576
570672
926831
204268
42342
718216
698912
431793
449484
180914
638988
880064
142085
222678
567297
459776
31224
429564
921150
165845
10555
200414
100248
40729
631216
912133
729560
207379
385600
776682
270504
354505
926874
902008
305043
71537
661831
190593
195440
389245
788010
538597
727294
5183
496712
165790
559983
733832
664000
683603
64067
28192
528265
739013
117969
648115
813076
513817
334796
972544
695504
989064
593238
529962
625505
946322
21137
313054
305606
412503
544470
986989
532838
457297
595639
19516
933170
209589
78004
811750
542881
896246
218796
76750
279865
32169
476939
436031
316815
61491
117065
193656
539173
463695
451706
460120
79901
42468
974950
961437
324804
39318
531323
396482
432188
756956
281581
894389
642845
302131
543095
12297
184432
665761
503386
885002
302191
887712
884856
810196
649574
562957
187397
557346
283087
757851
148253
829264
27756
7162
650497
290281
50713
672626
336856
430082
670151
38411
384073
142094
107363
757657
958577
390960
807671
810949
239175
231961
946296
715698
799949
620080
695739
414308
486182
102589
201584
760911
115024
836184
790135
36608
590670
126808
612564
594485
615983
853834
850613
533814
249795
389186
191459
68819
217274
941956
957800
664976
338140
746453
597783
54452
468816
796378
665994
428324
127215
563945
221996
368715
22659
991666
317931
253169
514274
376492
313925
372531
186364
84770
431185
65040
349445
728032
742407
406376
460944
318218
28169
307761
768711
989212
453602
757058
700503
8812
270198
821871
194895
97612
141280
610758
788317
326269
459596
268214
575174
681826
363487
513653
374445
482119
601933
334018
345096
119651
111670
886866
686110
617717
876196
848680
92321
633705
212456
943220
56800
252876
206324
743446
746102
782814
48837
336941
449205
70239
770070
333486
963244
848889
464837
706789
298169
702124
8086
614873
764644
218441
618281
909318
988551
294344
412341
735719
804342
581739
205037
175751
41625
943322
306802
687231
924995
758683
348441
605570
76844
4459
920336
915113
307611
507957
321935
347946
936804
892356
958941
659964
636548
264938
876848
775837
299778
304610
63456
862296
198050
250915
303786
866756
470331
710790
593394
409906
38482
999669
235819
124187
587623
601356
926924
458801
772203
184594
619729
917392
818514
417088
482658
77583
974647
868219
190339
771876
453091
520291
905908
990115
233909
151547
573488
381244
362146
761857
281946
470527
524893
617520
871038
791262
133337
174010
936361
93441
590026
453886
735003
134157
244996
403086
457208
200006
192064
799878
293704
593308
911325
243308
601278
909888
488855
851593
110438
722502
592721
94179
302086
859515
703450
16834
333565
26326
90935
823321
270098
322354
728081
951139
512525
67549
239267
963526
292180
528956
299615
92660
239722
261642
46568
577757
89826
194108
125917
393528
657402
8323
916559
36785
488978
296102
156762
315223
903743
876647
307665
24070
830462
887034
682645
954368
210985
570649
291000
523649
729911
937289
272690
32517
210917
489392
270841
700052
220139
991328
699535
51878
412528
236582
837507
368940
890278
954062
205947
715688
475840
781698
394339
976146
462568
822385
76808
120260
20746
247427
352091
799606
768615
990926
924693
261967
848850
517848
262384
222087
268214
5421
853239
542376
74301
655206
943883
292533
196361
185671
496634
802606
469914
797522
12482
17715
63791
958692
172243
965728
529952
182247
946324
155102
525153
709008
28290
706894
266127
975595
52472
873495
541052
874620
90987
321681
129277
805259
53673
884638
512073
772700
960534
869642
412478
675724
132530
948934
343410
548744
878106
228958
233201
848877
569933
522921
239220
82540
439427
279451
757981
155474
3393
221626
941495
757420
361305
799074
199250
158536
358734
685320
581782
443886
507314
986314
452241
368539
63930
585958
99152
774904
456548
20362
69003
746599
353810
551770
5273
412918
379799
551928
432320
900049
85887
727143
533124
699760
742225
212336
425630
953968
636913
605024
637947
829242
876306
954451
788811
470290
50426
438917
936619
56574
84920
503745
721554
822961
219026
733328
51684
294304
958433
427138
981022
507077
341957
602105
137768
642796
777170
389484
382060
609887
680098
226440
12995
143179
658902
801317
963230
481015
637045
428515
427990
18057
231852
798304
765144
135894
615074
901469
777092
672370
563243
188654
843501
774577
344406
276536
559973
618068
675015
712359
829809
999515
300665
678622
89971
192725
911559
814938
171394
468031
539861
47712
695650
103608
83112
541503
115137
566971
311132
412919
84285
903151
341863
240427
955613
205192
947052
508117
910310
294721
489147
495119
821448
68954
810561
696506
691592
849420
865286
89864
147537
561441
850336
365100
420806
501689
179101
528880
628353
32206
124917
419697
263979
429467
609769
785954
959605
951089
153509
198293
827435
96485
173894
260351
543133
653506
822330
712837
465966
311976
866005
678242
431715
248633
219054
268225
525958
10688
260069
207911
278041
260826
615826
478892
611865
108522
306804
326294
391652
571278
441234
907597
939488
457179
260448
501311
826807
652473
835637
864960
385172
968561
753697
915311
467065
6841
610577
667327
33781
274487
80873
463048
478185
107435
100639
831105
354097
210775
976304
953902
441474
742259
830149
948262
172851
520567
615651
14030
536803
982652
351115
589971
716599
222401
462365
465047
770724
407911
274445
779734
672625
998218
870941
329596
35207
722308
971502
250407
106563
422614
154552
230437
603788
868212
316553
70726
607036
916820
182938
500566
622938
462492
460233
546248
442351
340569
219189
729141
7002
779828
266123
270060
917168
380589
44192
626678
957728
153862
993350
604672
253647
610162
923601
594413
125536
928957
323273
576663
676543
233453
652476
732203
671135
737026
343713
76571
12667
796023
707731
562746
243727
869116
850371
306644
178155
823043
307706
675608
595768
632980
521620
556138
482979
437770
497
920545
366276
730953
797121
190117
263561
807671
220255
482993
756675
756559
621805
755040
613207
887870
66789
536418
237287
819887
891971
2067
485712
682830
940063
402932
737356
441060
578254
310222
182485
459797
862719
957900
246566
655664
46483
805979
480119
655824
81375
342273
199980
70095
468629
294788
257842
785147
560434
347411
921043
604614
60594
862131
885236
185874
216772
935200
328376
79900
892973
373298
499977
953870
847575
651114
955556
735720
724054
175331
843812
197575
142103
850639
359678
994944
339230
536165
737547
60774
609984
369783
227782
675911
520900
425586
36561
84935
923014
357492
779081
45460
617170
235833
571562
151197
793626
310286
416301
826930
623883
178848
296228
749624
205479
550917
48214
977023
996482
470682
236030
299022
329770
40969
398627
972095
775606
257575
763847
241285
25196
477801
26717
285608
255381
680956
59595
836449
652488
9930
783829
261866
347111
423813
71218
857506
630126
107581
841589
761617
530450
537718
231697
862414
510379
398217
741758
828383
656908
774808
222597
638754
634119
929320
544557
802572
950231
247501
504695
955737
573121
990843
850446
737849
249289
962781
551449
526823
6492
800733
472562
409992
388095
79666
947600
145094
309388
699873
646341
159810
109397
257247
35061
304054
141312
50031
937952
673638
2538
607783
904475
11684
607795
67132
152445
299354
63749
616129
11070
231152
297982
895060
215832
616481
758154
845390
948501
208941
579405
752517
126314
720903
301426
849708
306588
718495
195148
685491
433566
160155
223937
492016
716429
331999
171581
28176
561768
786376
627536
493306
730581
316922
601883
280690
264242
339023
143115
971844
743805
622019
838957
855332
380644
652147
129229
948950
327230
466959
374117
325542
547331
905858
309896
654440
303389
430400
259925
188284
595892
138293
520637
351474
581712
108501
861352
375494
880085
399623
84824
402088
427347
293218
784780
140208
655853
11194
730745
124180
814851
407374
3732
784270
362349
823551
948280
855481
69994
512783
286458
823483
804833
160671
354386
901350
325945
523005
13569
601159
59373
605521
429530
24253
857504
635356
397492
433926
112692
34836
766170
595675
301911
256998
316143
753579
588023
160357
388961
809478
862824
825700
53285
800589
507020
25272
90207
774212
423905
662063
454265
214554
372569
693850
769670
786169
28365
625062
742464
883799
19220
738188
644686
70643
497995
508910
156889
615410
250979
649118
920121
380079
189629
757304
885730
825746
892514
869960
772919
428122
177395
13141
529570
733464
440756
76539
961312
970081
68045
937643
97407
954056
622191
3844
149514
521558
316697
333249
945860
997852
321095
156288
909074
187973
280005
331020
305528
917496
160356
75611
582480
6429
627929
271243
888747
625378
157416
608067
93504
533456
181381
350791
956790
410748
620648
390607
838321
632254
152727
4392
277176
645150
181194
759074
927744
241589
52052
621296
634541
171120
735906
941375
211964
106240
561926
516037
551473
209098
358608
838860
940311
190094
316885
42
178433
922670
798443
944295
747728
122321
122048
541644
995562
475157
848569
789705
806168
416262
326315
967830
398339
599314
477662
506058
960134
47775
615392
124389
574734
937684
44477
437756
570924
123834
75797
675546
702662
778066
436710
898709
456475
679815
287612
631293
282990
417016
5730
488766
361772
878024
523843
169618
330853
173110
792673
789516
884125
207868
779888
6618
23989
67680
289298
846826
295772
520220
418524
253534
475302
276162
432409
630497
409859
108897
442420
397697
31635
368264
767067
436820
185033
712097
5105
621309
23833
573785
67450
569453
967546
537302
268390
585035
631044
484434
660291
419897
701828
124520
414280
769207
956484
643005
690575
976993
948756
756940
233226
258996
898447
509021
781333
869979
746900
3051
816586
223280
997190
378344
36151
443639
324176
152989
724434
984208
782506
680141
45966
686940
797249
238615
794761
835283
738196
634973
596074
674510
790348
261090
675997
174199
877852
171405
423632
844624
221746
604033
846825
780310
573591
189508
494276
239733
914158
757386
746512
840794
520752
899191
139099
496578
635041
532980
150880
683724
157481
515125
899287
578963
727636
218701
60850
798107
81188
676441
164490
776002
148713
372196
88337
186575
301902
90920
549678
294594
43061
999392
880132
461987
141006
46939
95965
756235
480977
334430
302467
647677
651547
870807
788770
154043
749077
718416
365791
818048
638032
372454
356361
665461
838859
311961
998357
482057
748891
861676
890339
990579
710503
29985
777655
162797
318174
883250
468910
532792
102768
204020
286884
732462
78698
975150
656374
631543
888454
823944
464667
199265
322320
15600
585812
253090
629673
840259
331962
202538
500984
587406
580739
514493
54257
887788
438615
141308
709130
786354
370260
687799
109579
873593
728301
346424
853947
317136
209046
654914
694843
474033
438059
792807
658917
18898
878621
393086
427680
34690
879425
850
386393
105365
203983
575032
718459
537363
726669
643674
777377
957831
430315
350776
239258
558104
846735
791577
379660
328392
955491
374763
29853
811336
505994
800373
663320
372447
967708
229332
924625
762022
871742
965988
994861
328764
803000
799302
782540
400633
124707
362898
972111
959078
335090
654369
174842
64305
383625
455317
933010
382868
484688
135220
485244
172708
745327
785514
725762
687380
901832
340716
417335
448842
311380
625964
725406
893146
698857
142119
105250
520269
390782
61652
227484
589023
641976
777705
975900
418335
778235
407135
689113
212235
686777
893394
685793
183364
497332
67491
668856
233675
847359
796036
77616
500614
510608
831799
692391
129286
391563
415901
113815
859221
875118
19175
309010
66319
164820
573398
764942
861770
975319
153694
354296
693428
27415
39950
141893
440523
116402
485653
152689
80123
469398
33745
653590
801273
137687
361722
273002
362253
60148
163180
180004
166215
46121
1959
200799
149274
283002
208208
828995
995349
440636
449162
193046
469299
29540
147638
956603
691768
605759
133546
815791
196761
6405
744030
407044
606553
954463
271768
869563
586712
833917
696043
204301
508312
969108
519198
995250
741894
258579
411732
865083
981492
636715
886702
49782
773648
874994
208987
679357
87021
634843
835508
227588
499275
299994
271795
265618
841667
973747
325440
887456
602217
999313
813322
999594
963381
658529
837121
831321
37420
13467
643753
767010
919260
152301
957853
116570
740624
35792
477605
788833
642018
521263
402538
838906
525027
876470
961383
850616
41787
752116
738142
350464
92944
188446
349888
862020
371650
948240
923648
98815
320121
190843
663662
478080
371361
435701
702737
873888
192729
738372
265085
738541
844804
908337
164113
490767
907249
164035
288841
845084
423070
162649
979143
233076
634872
251984
975288
983147
666431
798586
836222
776881
970211
229697
723462
469981
26098
468267
159807
67173
825777
699295
944965
330838
557436
738984
448873
309633
471294
339858
99099
150731
706765
671068
506931
542104
601325
532511
649398
153732
93061
901525
248577
375648
401629
979749
700656
986385
673033
170829
435919
194060
63128
948645
55743
811737
958875
478158
442646
960374
917468
425043
912112
340557
874688
701493
259795
285322
428483
197917
484568
229236
497988
219033
316459
759211
911614
566471
754827
960374
53883
789719
502000
223592
347366
204823
975918
445058
904343
798811
476440
278176
495756
286072
440951
494318
542707
577744
627966
290077
597448
316414
196652
570886
298093
706246
784751
682801
299341
874108
505593
32850
549590
775377
423234
262243
81766
790897
719518
344738
326703
197558
432702
245385
294875
687640
203741
439881
3794
562816
270903
437657
719178
705433
880797
296301
125407
112835
426578
35665
351674
724284
164586
407718
318036
971343
82965
727432
328632
589680
794416
972779
321812
119966
495904
501307
925501
408706
744795
972024
460002
133435
77967
772549
171450
763087
27488
284103
580297
799551
73207
723328
501406
462374
359894
488744
466453
59343
967984
788879
676692
861887
606206
222053
685850
496039
407867
631473
9242
912131
43956
366779
978518
432059
453966
942425
554497
43051
372233
680664
734783
265921
531170
703498
533902
164461
51665
215782
701095
64006
561334
68881
388409
970376
529803
70178
484395
266208
84263
629816
824535
961093
124889
441275
211433
823060
594764
957069
741753
53450
802688
56542
872928
818219
540561
363862
463883
692887
823321
995397
200
233663
173511
656274
607027
27884
913128
267896
259902
896237
581576
926936
551414
354006
415273
725454
180604
134433
992045
894550
385447
447502
960162
431116
761770
596704
866390
863323
354281
881791
655025
518925
961694
57454
790245
996771
187645
710261
567942
960713
159788
959720
453886
351517
38273
585660
250199
952967
413861
493777
343836
687479
627992
653313
389926
613511
575138
566912
628223
335491
724197
698744
877265
473671
596480
360310
186375
232754
837450
630871
286149
797022
795966
894509
641577
41910
570395
636347
333781
667741
414393
511374
677606
257314
975245
572339
613045
877503
719958
242158
517994
151510
329249
359360
399978
684960
540599
495207
179753
247876
207441
863899
227589
654721
542216
141773
34946
135558
652648
203446
893815
513744
107835
299007
47658
770321
82041
154338
684331
77824
462594
590977
491328
212411
120024
936573
633254
971260
998824
483505
504917
298848
483705
843758
227715
545496
76685
924431
635361
242401
989459
424264
290067
103587
572773
830563
66616
542991
346108
89043
376272
404309
264439
236498
292248
228181
523661
895693
71948
951035
699427
80610
558299
35782
112073
938097
300822
463679
679972
86057
229134
58618
992886
57492
275498
249009
390549
442207
932105
407686
111048
760642
252550
917479
444976
426191
937893
329728
672399
770532
629473
338761
809782
815384
186639
256203
198049
927507
656805
444517
133606
841864
818483
481223
291614
747388
406465
440200
307952
482503
266758
72025
214037
896591
704409
72410
437923
108472
878052
777669
176907
405617
862882
871122
418875
959958
115756
427798
539894
219072
431413
40553
839604
919597
883933
447833
272563
342284
654740
255405
490259
216158
783727
324074
102430
989073
477536
290977
815311
755915
120586
29208
793392
965610
95908
842992
917291
608453
215917
878301
535855
433789
13411
58415
162415
512183
80219
165103
843081
882187
225009
37030
519755
722333
714347
689187
928506
523580
523930
837062
505106
814842
480778
952976
707338
290744
911645
621458
578928
885678
768976
632480
998251
130699
965572
306793
795851
46806
954698
459783
480025
105053
984259
931821
687451
180771
365280
464982
58661
416342
387704
521647
953224
133524
983207
414868
127196
512481
218048
572222
320460
672944
336506
420386
534015
119453
953096
870673
151803
944629
848151
470669
177297
387592
122219
740036
79976
168895
920691
547878
687330
135111
282931
905465
84868
585093
219256
34938
320647
635771
548517
654698
355525
653799
947307
946828
702684
648542
433754
319759
152816
421425
162583
994461
942144
300890
476020
105123
514525
308244
644683
218315
539297
648215
480905
718141
466029
846763
139202
745632
137069
400366
120859
5670
759522
184080
137412
225467
946185
706683
668185
76115
433421
814390
768964
913969
999612
273437
347050
912551
645977
686803
940609
826887
70648
308372
895539
907205
519165
196954
188832
832291
942154
951050
155006
4107
350109
312416
568700
833982
900134
847940
847834
505537
845153
121782
788042
245524
347605
659490
783032
493272
536163
951959
625890
647251
757110
768162
474429
989523
680168
665562
766857
759990
506587
205546
782553
948169
984899
211730
891221
556155
275386
4861
765044
89772
531979
308251
20137
481240
7943
813999
200328
966421
979890
190750
340544
84368
307101
291992
129840
795223
729009
683080
376384
458134
361570
546967
845027
970642
133808
446427
564967
892637
27419
696339
452611
364337
453515
164948
836753
609627
478149
818380
488878
292279
71177
620597
107966
862019
6239
557056
127441
135442
886921
95584
349867
56719
995849
111560
310265
440939
897276
16311
895834
67670
596885
409687
942900
759661
289399
500375
310533
296424
469122
470713
466965
486974
472750
161436
910823
682579
382247
258957
95718
221128
760356
549077
310536
492981
610307
712778
413658
431962
408915
993851
474940
530183
209974
621533
588766
448817
645113
327874
291518
249844
827736
818935
660291
831614
215718
916014
5785
63823
549230
320836
637410
67229
765947
838164
455552
384835
770808
794694
12871
602942
70713
22951
649003
908350
752781
98867
852049
357771
241018
81197
495828
166013
758322
970317
958162
148061
583918
523546
675162
403340
623445
568530
546222
862870
853145
113553
420742
169619
137997
919555
157147
423091
851926
325686
311527
587292
109930
918227
653437
471254
792499
523432
610606
888306
345900
219893
379006
734474
108726
84040
621248
732002
16642
696110
750090
792102
436607
939435
984545
900061
683520
302046
969488
13206
631720
635429
264927
834205
567519
747780
541953
99255
100634
254660
643193
234200
501773
15095
817577
866660
56071
950844
677513
126450
306664
514375
143339
951773
658259
152768
12212
910995
390125
521569
802105
325797
605746
718035
520682
533913
508537
257336
410199
615692
343037
209294
784109
236759
783192
24529
187400
218672
802436
26735
527530
602995
673252
758884
646019
807353
51177
4949
148969
577484
547325
949037
935153
644348
195609
884135
638744
141640
650387
130628
973731
390077
856840
728439
33222
777210
127340
948907
318164
597470
937235
977076
646861
372449
62673
912155
416861
52412
804600
414927
159887
416622
422708
665146
483995
711165
510030
366327
440330
197273
254205
430514
406771
193623
92207
329017
888500
656419
191316
4054
596138
184983
538198
898799
307333
767409
117442
450126
166393
689836
511765
663347
793621
258610
592505
812368
491339
20444
670946
420076
232909
142539
32611
549397
524148
688772
866633
758591
803116
213927
735308
904405
178379
13830
248024
681792
404531
243003
310705
801287
538886
705937
367662
686353
486876
31678
520336
902504
652781
26130
20126
767500
321033
647330
546618
855510
185461
62068
602145
267534
869496
449589
842658
241198
25908
133396
514858
293123
746730
939086
330906
797201
507123
411108
480075
283217
985745
883798
41781
317533
802826
331168
449757
914608
729297
3965
110813
911277
384427
654036
253179
892950
634631
314249
797128
964126
550574
255145
988578
871599
516669
740032
651116
913865
828260
667104
957858
196828
250613
29106
657348
884981
699532
636090
57105
66802
420893
528208
265836
102259
842804
846504
362411
618417
128753
671998
541093
568123
21192
321284
336520
576483
921886
474227
206269
571182
364947
448617
287548
198707
409305
479393
509503
107684
46289
677471
535459
854143
342733
152397
670669
430507
789086
859067
86425
380972
311322
584133
986612
429256
756124
212016
537445
771314
695748
760732
990340
688241
510471
227449
152175
928814
261318
920723
228103
99270
926809
208407
848170
197590
428457
23420
438891
94823
163725
361893
365916
704291
7507
429199
326130
834971
520339
948065
436716
295295
314642
616796
408507
432346
539900
510075
78593
215994
191384
42887
311061
946633
933015
142627
320669
827511
347404
284553
426745
189880
60827
642785
41588
149131
351832
672164
845186
327622
540339
104995
667354
173922
684771
675424
841842
758026
471330
547028
907231
469440
434595
652617
609042
776541
244821
386073
971101
742687
128931
905226
912107
895375
874587
701470
137957
219686
839735
826199
455710
722543
416738
289472
444286
107488
211099
545715
188295
134725
137699
247102
226394
679381
442577
611437
95003
164737
913031
80598
535336
21239
7222
24980
339387
261252
516466
851122
257583
489313
681570
794767
985634
683080
475838
552274
715371
962288
407003
761574
796495
433971
964748
379236
859964
754361
36272
44202
76551
893328
494355
927357
902965
326834
273900
55127
464090
569145
81000
323674
680061
861831
515508
797814
89376
435793
451209
441841
749184
99149
619102
822200
157673
672282
448185
800858
251328
56579
573374
736165
741542
676882
176925
903072
193804
286206
237461
928549
755807
95065
658973
640294
871436
145031
977543
215551
688505
961761
329038
674954
157725
790132
405866
191670
678031
148916
880194
860404
552699
249831
945895
566990
893075
630520
218365
876720
684772
899813
891606
931389
577772
134767
787820
397163
373009
310118
542453
733861
945592
21736
316486
453597
329360
508028
892366
663350
616558
68532
675309
911610
248631
150578
248123
573622
917086
412101
88265
451658
339224
908679
494396
837731
381038
426330
174239
281273
733819
509996
583464
721461
844211
859666
77549
247382
936865
30568
478193
500327
778098
829115
925053
836120
824159
224403
291536
521275
741184
846088
147812
539404
909304
838453
939543
975848
671206
123086
169816
681606
680736
132607
745340
533036
187209
655045
957738
406858
830748
979707
368008
818835
9997
202087
525478
923904
126155
793300
960034
422224
824693
819277
498450
280820
648294
869592
543417
859941
540590
463959
823507
427748
250391
412724
195153
515269
716678
731852
778236
568026
371383
902567
366349
752526
120734
617030
329516
314375
819760
280975
839241
139260
811772
296922
539582
485003
998185
978594
989480
29157
548652
74722
156326
353976
549471
874932
166750
78853
544578
514754
99739
536555
865606
862009
21444
216403
802317
767260
206213
598344
718604
159211
728047
476799
667585
840058
402044
76693
539062
988160
872216
218597
470138
636554
228926
478386
102424
221890
706508
301354
977275
9379
434385
465156
755747
900316
974116
693520
277770
533344
384163
540174
857959
721555
679936
913002
335407
561425
376660
622375
867688
738053
451967
991301
159120
881128
107674
773055
879427
844985
776865
417434
362602
288835
155800
369186
480038
196492
851567
511581
444638
371496
197137
367037
265711
825021
733621
333496
365385
483692
986453
252215
431544
248835
124231
614932
569957
157949
239051
761618
396103
92192
353335
177135
298639
786596
913655
594571
110764
593853
430268
734457
211299
359164
144660
801784
139906
247114
907292
335473
201329
333085
476007
937111
984623
830989
34757
649930
643235
605663
741518
620956
459881
78142
479417
410003
900872
307916
132109
631464
275435
207145
574691
553927
907581
540350
805038
265327
876399
529371
424144
220930
677516
827559
793137
937542
458533
416454
375704
250406
728753
269692
983939
763702
964360
925216
569599
402577
988575
251797
229151
658421
526202
91131
670308
165371
291100
585052
332922
297863
47305
341021
301375
767015
158523
514405
965487
591460
332923
802187
221387
151087
422836
427943
210612
768535
829877
341962
56036
647232
481633
735637
999674
880209
182542
954575
37259
558
268770
345832
658073
387260
982071
787401
938547
256177
433824
982761
825194
858560
704373
624458
253521
70600
267649
920900
103204
207100
502340
3057
688133
563681
441109
785007
869629
860425
540880
909734
436789
640326
921807
401084
103192
806647
657475
673412
174073
375566
233937
756906
557861
7102
793348
872632
685257
682732
986811
600324
307238
989227
844793
793249
380896
783725
820410
847149
236491
98499
589945
957121
648697
265638
405637
893644
187106
260514
256615
96337
129805
245890
678053
369808
953780
487253
757300
87952
143719
538810
786364
397651
693563
685385
588612
562943
39918
880909
498775
445823
113720
180611
335687
265127
767141
380859
215395
755636
631369
340817
446186
576238
633882
937046
110680
471478
215905
314108
412328
763062
207732
323856
722728
345913
134323
608777
662254
23461
131657
196495
313319
396211
625649
969656
306166
101556
728266
94993
361850
610501
304323
293303
411251
59427
540163
594777
806072
924704
673867
862648
447809
570769
567768
389126
132110
786487
519322
284275
884044
235978
351997
525805
974908
171316
953618
259194
194919
926408
886266
380087
291108
852856
194932
736673
803621
871551
100852
38511
927281
356023
388692
864952
383984
442491
849875
996777
441900
656770
209223
704057
981725
570545
539544
524537
382963
677720
352414
857331
71841
594075
443623
839976
620380
558276
478383
648469
203009
540979
250890
178311
558585
726477
346712
347145
16723
687509
161570
559566
164966
508555
777922
528219
581375
277985
535027
322256
987046
22167
705426
244934
526785
820554
550963
951876
280046
3894
74981
978273
655166
473091
364883
12583
14887
220413
32772
333685
921822
232715
399492
872663
661710
319881
173491
819438
754994
189583
178188
755681
355922
794164
709436
230928
526993
736164
229195
876631
175162
389853
114141
358945
894572
897249
491824
176770
456422
515578
407929
119791
201144
639643
668732
500799
661230
147886
385314
545846
134179
874655
5971
875205
188168
246840
134526
310908
208671
186690
740711
50676
69511
291547
246607
952108
513388
243773
401451
935083
905594
111855
157059
462386
780295
482715
638271
644
489307
37275
28586
563228
130017
153686
259726
644621
212305
303190
558558
457092
182818
964392
955364
576220
248353
112126
282558
854944
582116
400345
134887
786526
680776
838553
89294
964467
416196
611698
955372
754466
2489
670863
848010
849994
700531
898034
4019
928324
950787
669578
470814
722437
973297
549961
738681
263437
869241
21728
38191
744989
499331
591379
772767
6898
428621
729216
888255
26949
905866
877393
843107
922952
369153
497496
382794
182877
139992
335202
651566
7367
266871
821416
102071
686807
143108
217401
391019
603522
601693
813663
520975
885473
127038
795627
447414
803369
377420
26684
763897
4192
487652
805948
507717
753390
699118
76632
606496
623114
600730
779882
334596
607983
209153
283172
18480
692624
75946
441901
421338
103899
8947
557391
42226
163881
210687
589255
494027
574428
762008
407065
693241
943283
597222
573068
71449
452767
653772
804632
153103
434418
776082
814135
874429
704264
637237
342686
910028
918482
494343
82992
836083
20298
266299
652540
431662
595689
724364
739608
551148
986746
944597
25703
976727
799817
269792
992406
702796
55424
91929
209054
800915
436498
784514
136577
525620
531104
468640
856205
584967
188810
41010
687072
932189
118658
215155
483629
859455
34819
23087
949193
995450
274146
568346
269457
792364
463559
195739
812788
446413
913003
93561
653273
40010
434503
125350
20172
701715
669850
545441
462600
804773
672432
676931
23103
856945
640541
832396
466836
722702
198739
697020
2954
556515
442395
317604
192070
19369
85317
811744
44701
190530
224387
967210
476167
275207
387755
391695
136174
264621
493769
499314
557414
819004
361215
272026
944767
500105
855439
109032
683029
276760
507792
965017
884687
944744
412854
930053
730721
847995
111275
713813
650823
900992
62455
803871
282998
47287
251574
512199
928060
978632
95483
255322
865740
639639
144921
944643
806174
971554
466912
272530
699497
290288
508855
226918
262323
225812
862499
416034
667290
312432
213379
200583
522556
764297
178969
369970
226282
449936
980773
791797
503718
57990
823682
570947
658923
834612
284403
445661
376658
195277
540540
374236
557366
17857
770919
246189
264391
876153
529946
594850
503791
826140
899667
744461
405988
151728
271484
334256
336707
210167
316583
522756
135261
602741
54401
476274
223315
264948
695030
822064
184880
473278
707339
522110
152157
339657
49143
412718
829043
596252
85955
132415
369083
663200
511666
452865
8928
266548
354292
765550
873303
449389
627381
286209
425183
128846
638990
856176
501293
586829
51326
54188
81118
923109
673202
679005
532801
266929
949222
413166
748256
958520
624544
15149
888614
146683
553769
828619
134354
962970
818635
659998
660459
54100
629469
719138
475894
741738
712120
213661
219013
809833
681252
548412
707111
694040
571361
607228
592631
642828
539838
866015
370101
947628
154003
504597
429648
499888
447576
630590
634230
334124
272090
478971
608113
443922
275573
620353
128692
704525
8146
256136
543868
513675
766453
881327
668921
850246
541666
353629
852184
833298
419237
562327
851023
441751
438738
887684
943457
991467
372907
680983
49073
643669
289364
284437
295885
776386
299969
498762
9469
87247
907191
924990
626860
885739
15575
346265
899359
930675
968125
288694
687752
195825
290335
966811
201513
567686
258879
419900
282103
675569
925336
335616
190112
247386
200327
208511
61668
279013
539303
839471
700944
550482
340285
267034
787407
433223
823634
881581
838504
229048
281134
17657
180737
993567
482562
100733
247330
586075
914549
828651
624220
871928
832140
265299
462908
614925
109530
233402
209448
597818
852150
624600
539329
214796
58737
439481
500798
609653
191506
160837
100825
741647
787992
934547
262790
797527
62008
407929
191452
915866
246658
603474
809466
56900
643421
747166
26136
156738
342729
565062
547458
457345
17325
471894
767077
284888
673734
117272
187894
447793
999834
267000
426788
586675
904413
902522
136910
322216
647996
651614
907312
982249
80941
974285
474863
150878
960245
36916
750795
248633
220417
253194
664009
485779
136413
410792
671390
147871
679749
849556
559678
814022
110447
878782
514388
302000
847708
862930
617668
528000
917163
223673
504780
145247
798918
121733
354825
563633
215362
464566
233584
474163
926770
383565
140905
277970
351285
723347
612018
396759
181328
313567
976791
874986
358305
907672
132110
460307
126958
734327
219367
903652
552981
700524
562163
610827
429894
928043
537248
287894
248159
777433
485971
701492
860115
395641
119661
429092
87079
195333
994151
802279
741520
951912
740518
301295
909480
43333
526171
105460
145600
298964
318813
57312
814155
403255
882549
23628
970097
566980
305882
534883
830620
596049
998482
918746
537297
477501
23993
544547
617887
388811
893632
783099
786251
138077
622514
292341
336830
873467
899168
59163
712553
853716
455816
688700
637917
123487
944554
757441
381086
375890
213776
126367
689087
613999
816452
787928
940933
234399
84934
546537
195023
970021
743506
996633
376336
856894
950823
575199
90200
63099
176998
361171
796355
747088
10748
895816
465624
54984
419108
866501
637395
652154
659612
11096
492511
124596
812044
466730
515809
925836
291110
818393
968790
433370
980957
676760
681048
413117
314140
938372
326041
926752
885630
524349
238286
173917
130064
730447
264483
139674
668076
296392
35695
502406
436755
995585
91708
753893
184154
476638
547300
171646
843292
111969
329790
505669
96934
416321
939909
583400
970658
391692
507824
616859
808741
156999
495675
714996
692499
8856
478990
610329
508393
605470
173984
214354
513132
53322
777075
35244
750843
495368
786180
832363
701291
291157
797286
213819
792575
989237
381886
855742
529019
200646
551482
940308
594910
247127
796041
180684
690487
321912
212752
626758
369644
677538
631367
495261
187396
789238
430392
977781
893491
768162
616015
58401
775123
281280
489834
777385
807350
53855
179096
615701
41117
367203
120499
256369
34202
458021
998886
799964
994313
787717
321580
42173
504697
567772
185810
164038
29284
643739
417221
880384
852172
760209
937682
509925
170724
396854
807722
260910
487851
505706
967979
580151
687207
964406
721020
56203
944483
327237
533612
192187
964593
616334
356204
152943
553815
945355
34590
715791
346790
214420
182084
226220
208563
639249
103033
544792
55945
31427
532670
800356
810093
798458
817507
304448
893279
810383
18844
725777
80662
704571
650206
138107
756205
809572
889129
586038
139383
927425
281828
752377
744405
727795
818508
443880
794447
583266
657331
556731
817769
488574
732694
563835
728493
26518
933581
523490
420763
850285
788273
762974
292820
124912
201488
599965
697737
136270
411361
521610
974751
717939
371358
560196
589281
345910
480437
747487
868852
182666
554733
128645
809005
919006
645173
413284
802996
626698
783270
132413
111619
935718
356975
754531
826483
424599
196827
719692
911128
939026
119448
550225
312847
861226
817753
63490
949548
836333
987702
198748
905293
525272
552025
346504
538761
686802
180432
486899
286310
922479
279100
966309
129904
167377
732740
892233
703867
634618
920817
264999
124230
168190
248001
790110
755525
87048
35257
589260
671134
917064
619639
900283
225413
464186
441679
75604
147192
192228
92261
32483
430848
995803
503901
203369
768224
926102
768404
528527
69804
171037
808381
943811
864166
695936
862113
601913
382290
765970
289042
805261
460742
914572
207442
471848
978810
709346
506055
123219
992931
553318
930611
461481
899151
932517
907424
262853
7302
637636
27105
928980
740787
869818
249637
478477
677566
721238
33220
576164
322613
10139
553665
345826
74420
179221
191128
349382
671890
589845
552098
387739
89822
264890
731502
202072
273518
807976
234589
450400
236334
624532
980208
769408
230849
461893
205068
860419
465800
610462
886705
822168
841914
588524
405891
401271
949902
367278
803811
984248
563616
998222
807763
552361
452043
795061
5866
113371
370948
321651
488260
579808
932234
771568
53387
895702
66535
198185
704757
75671
141385
654449
185718
654980
57026
174503
304424
856090
955253
848577
677548
123741
272776
433304
729037
946319
452177
712107
552196
657752
552564
711278
928835
640409
262853
509157
649495
863696
515020
738555
258765
585487
925102
79482
292898
428934
587746
551972
999587
949847
194175
983513
115360
499340
6548
691920
380161
753111
963135
533066
479840
27126
385098
626551
441024
71515
119760
758636
14054
750022
399776
203614
720119
796741
242986
606437
935348
263649
617855
529666
770804
846178
692061
320041
733552
552681
807496
970765
20236
272211
470780
722163
443374
891328
207469
696505
361019
903447
326451
157698
29744
995690
950543
244721
410920
807711
878344
473935
756511
818748
101359
4057
960334
998964
293491
132581
963500
18108
186571
363190
836327
60819
77088
642037
348825
323831
567363
263459
314830
542729
319589
611011
995462
939638
66132
608426
9317
108874
197151
292437
727004
257949
843812
956840
956760
76630
102520
738542
328399
660300
76667
334780
299910
217717
630998
427757
501847
33278
591119
509950
896751
768838
322083
442634
246933
762162
164764
635303
201905
288684
964722
702341
364185
438072
488147
824717
909270
447207
345523
753419
277389
336525
743810
528121
204390
623031
893324
859477
36364
999002
869346
853762
439469
267319
37185
975544
968778
792333
26210
703003
171001
927676
725256
943982
555714
166329
773749
910804
758946
132530
507964
834720
382675
57596
603559
45462
443723
385895
814316
461150
998064
646968
547507
222880
776194
702477
585103
680708
747967
532052
465338
270590
233288
876610
783587
139762
854412
701892
419327
597729
938959
405445
927294
208688
199377
162842
338534
964503
479582
268934
587915
635652
914329
60441
702729
466263
47985
121517
309168
309548
260463
549283
523941
738843
832122
110542
925895
87187
800134
777879
708443
336909
89825
913917
492057
129129
207363
345820
601856
54318
105080
281237
356922
207798
374744
329409
936391
591434
387212
913486
998461
516539
355733
139976
484036
976652
132430
571040
449765
560223
341185
680976
668064
754849
9887
231913
711589
144638
454859
551326
455531
361857
417752
200205
530839
605486
888674
478520
699355
923548
359410
960013
968711
142340
829088
563065
687395
736023
244760
498966
373508
250455
372511
895906
592103
716879
567851
274286
331927
945702
396837
581678
603002
234583
905205
514779
225499
490466
503571
974604
781023
64965
252107
662073
571498
810862
840125
946608
807423
125485
624544
706171
621585
387156
905598
145069
71481
659020
350720
555379
376558
178306
9291
640381
748324
80201
299574
451082
215364
872601
804499
292608
211886
1050
654977
714097
2034
782456
653833
146267
96305
598878
462048
903832
256373
745880
520936
429556
330593
401915
417883
770188
909678
532986
625603
37711
750942
16860
882581
871378
723796
123552
267213
755166
574568
888976
35433
860507
39252
838986
480722
463967
995913
203426
16805
405098
825740
427213
946619
527709
583857
208224
601654
404626
994531
675925
637438
576952
469024
486830
841404
103967
754556
551770
943994
836412
60384
575644
586601
86081
653429
756607
304006
465284
396164
635776
522943
936488
902556
661716
718914
804303
362636
876162
127005
355691
213621
608945
602934
127881
116341
349879
430730
249374
452392
384888
150276
818822
862732
533670
308473
249559
278762
770680
567451
806600
149483
960175
118298
701303
67046
404239
772941
756560
967079
10508
283471
231096
318760
879603
231450
109027
492471
17741
355722
837538
192201
78928
753315
423475
639260
184043
752430
530349
327908
283157
245664
131796
103328
519683
356006
383185
635297
11474
447149
368666
509068
500690
455261
669433
633192
668042
556104
155380
976035
514380
935936
206647
51728
244630
424945
763120
430449
182554
516379
325491
656614
700112
377734
936190
602243
25322
418337
968809
362109
84035
952760
202862
131116
646973
718383
270057
283351
788522
819309
662022
510402
298577
664405
805555
884696
233971
506446
459646
732536
615921
820296
125778
750167
397230
592649
219679
542994
881797
25082
967750
181972
498326
982119
789769
223823
141167
947382
561057
964478
969089
400117
682572
536541
406402
646623
7136
212496
312601
348514
850562
622708
234126
952663
357432
397185
259783
72479
317277
771337
992738
682574
367211
134812
876919
42355
170689
869911
759871
213464
180291
301197
211707
774621
891410
250860
533711
510596
650987
477830
692813
524792
866249
677764
597842
621578
663506
387545
917687
639701
20453
77109
70949
118343
209616
51276
932122
734341
327642
722529
636869
296907
598359
899967
118822
853078
388587
574377
422787
490733
451439
522854
290222
973813
443085
881674
236621
578004
481526
213258
504352
732734
847013
512209
615292
669977
293421
815400
286916
190228
820712
425886
800324
68798
823197
825391
415520
116087
705735
536059
438881
827337
556430
959972
721981
245100
868803
168316
238770
640732
654081
812182
970199
655200
228363
601395
8811
749118
756210
689511
77971
38804
587984
262174
172971
757790
733869
819352
866406
818330
622153
673102
869406
639990
876214
543147
12807
490685
267846
758383
406889
206524
846628
493243
894570
697547
43155
519552
452490
822189
651418
799907
664220
619373
103638
567976
513482
998081
240548
839070
531527
468492
994746
748704
979873
482197
904449
754385
549919
8086
641537
459347
713012
198822
372900
541909
417767
243167
106326
326877
477814
333235
639224
419301
94891
86746
376938
393876
218212
184478
504563
154654
214859
449676
955504
143140
956812
301881
508138
230568
354318
62305
222597
912624
640083
197947
486646
876677
932217
824913
827019
835234
294659
50754
884835
636400
628992
828059
900648
925953
896748
610643
827166
200405
620437
828189
264670
157191
31999
971795
907228
415395
561670
754684
827562
149832
244173
853628
135405
938818
110801
337503
232433
333039
471323
963737
703667
281897
309108
998068
943063
865478
233675
894307
636809
910652
329265
915870
727759
668718
112309
980198
646807
727006
929099
66877
281538
510577
427908
549062
191747
125854
961023
72418
370105
220345
70919
181062
947951
493185
446601
407084
495025
937039
26817
677009
906210
148187
648621
638437
40440
797983
962936
800873
149207
553023
551345
167573
655066
461630
157101
88679
588393
844303
798578
389468
670218
354942
532837
481998
920940
567834
169846
215472
897612
31344
855327
873693
981657
315739
977182
954795
941190
662284
643053
706588
259722
615441
224238
681077
536578
559903
725825
639383
372093
818621
80095
130601
993634
849422
692195
760346
308561
986218
470069
376954
814554
561560
463406
123084
904485
740024
653128
723364
531299
237872
800361
920657
344192
218337
901807
318267
6859
949676
563291
84127
586944
573037
787675
907769
351164
8476
729067
593775
499167
515227
783510
118531
688535
529049
744749
97986
792472
571712
652877
353586
132180
245099
225453
520181
573959
264682
504514
817582
816090
166807
942327
195211
450388
19152
55805
557379
395087
80443
797948
775946
147316
915507
599447
764721
916298
766521
882649
632336
128694
342907
230481
898405
79523
661672
271612
273720
460976
797562
694248
907755
744001
931661
755980
30335
719782
992412
418326
78974
996536
427957
725901
429483
841689
111400
747442
504977
525914
613476
364072
646430
907107
758906
561539
35734
437690
58797
899185
941143
641201
278741
612607
469675
143264
686442
226699
311339
840762
522047
445349
981969
621610
528585
624445
924267
433184
935930
801438
177110
782700
668958
34542
446272
104002
535115
706596
925793
682522
596117
531945
231382
940337
600006
980391
962211
239549
537351
417572
362995
303383
859129
195363
767496
513632
126619
871637
393203
687608
224246
318004
207462
848744
719163
306043
935302
497279
852373
43180
430710
918134
944432
60354
232945
25302
810405
27745
875726
195460
649498
785545
42620
912687
230676
500950
50437
619615
141627
888882
63724
53779
716213
308465
765385
25096
465951
648611
474612
24242
430908
482482
78328
953846
979414
954852
705141
307556
807785
90980
372575
579196
635508
84890
86427
112563
544975
122889
774408
427381
526985
146423
685627
440893
230003
798529
285844
757103
375477
381102
900549
735729
849960
197950
573924
282669
456332
814581
843787
224763
277230
794017
399022
662959
701348
611481
858848
363982
565065
192789
203580
774602
755206
951624
263662
406429
888700
281558
377787
152130
327695
13344
959131
419238
456832
424317
343974
923791
162147
960001
345657
462243
351701
153290
41105
887781
77215
156863
188017
812549
817748
104262
945408
571292
937053
567847
597026
696002
501195
944888
401476
746317
153366
4440
459080
891377
775862
661342
354443
448127
55160
902735
841095
833509
643394
429327
764243
603177
630646
221933
506912
802121
8473
477251
845038
598569
434526
243719
234432
67417
813537
173704
572677
98638
262805
775360
504177
515969
218211
496274
612441
453422
412646
23947
292284
645148
339939
192781
812929
626824
832898
325026
810750
494811
55747
205516
207561
64334
435360
437891
594103
673850
248750
191581
366772
309274
512013
602911
104714
211339
254401
786336
998099
336920
370034
314511
146978
432512
347939
811445
601416
87202
529550
509380
33188
315987
288532
957618
825922
155944
802601
994523
180821
210773
375675
167739
918263
238705
750278
192079
305525
707906
120095
68620
459578
270333
155873
562941
977673
430350
37928
31501
301535
672570
137911
249620
195190
119124
422505
521673
800281
441148
191061
5731
734890
466307
832910
643344
743994
741991
246297
298363
718848
846251
204450
27454
668002
187331
491396
737703
401520
655629
738573
762435
186818
469645
391870
92078
511327
326170
408282
598380
520115
32928
33460
63943
683556
536637
35659
644456
102958
911123
566797
856293
831780
489335
416784
484070
521149
834661
351704
461433
72875
315459
128893
382365
763261
288043
829002
223727
383815
29970
20534
294013
233494
826509
543077
290404
367916
118905
560694
788780
9186
54985
663687
160871
228887
712375
756673
286119
555728
206260
741511
896579
890091
789544
323855
10461
713191
875249
688421
166106
249972
588434
377636
786757
914121
550583
779786
954777
115370
326336
5555
743275
959237
474170
157098
762451
180299
330260
583684
925548
503483
947025
329294
578997
364466
838575
659714
640680
190871
910325
948092
550672
611636
917418
217488
31782
450693
362129
983729
975511
12835
543300
845440
953080
584
884889
270892
752710
643547
853708
426113
516248
169045
357658
221690
745587
935103
383055
508464
238971
661799
927954
268564
164677
525314
769605
593342
393101
434590
920699
588958
274812
593373
307677
849222
220256
845080
637817
952744
199360
934494
791417
812591
384576
532455
903757
311041
54622
886666
930865
710378
100882
339267
244676
268969
703005
827033
282737
403812
456174
450590
292136
881157
585667
660244
753860
305314
805601
802428
549588
954522
444130
821026
765113
853100
71787
456314
332586
815167
420352
434103
933955
692304
372468
176280
395742
464348
243166
811999
291074
684780
864303
761810
761461
830416
269682
112962
900693
401136
502346
999620
940079
194359
726992
286562
594451
254273
684919
491085
140900
361052
408895
12472
197724
743893
914759
493684
363575
68327
936442
623225
885345
402995
809469
345451
576732
343545
962960
619406
535402
814796
987917
124087
607436
104821
128226
321048
531368
847192
489688
986308
544508
284284
88783
403750
177506
134590
234090
792129
653131
455743
146504
142688
947088
767021
683615
395745
467893
542022
645235
968448
864716
139540
705141
39505
704231
618104
241346
2121
40268
210902
534618
312310
774816
779820
513867
150619
705778
925358
930674
590337
651850
546772
286515
640571
29912
815233
10834
808160
193399
482086
810139
972736
375228
977266
592467
458194
963863
190151
916878
653249
682530
607708
48673
244995
411763
337869
705489
516072
466597
728037
115822
685852
122618
732075
95934
171152
157272
338316
220325
50377
993269
384440
751326
464231
863115
181298
883691
863337
975082
631570
657605
394392
836381
753722
321525
916375
309572
216051
809853
949423
642909
641858
294187
397368
230191
236157
775819
775674
838616
525193
273621
736577
97646
432075
120591
703109
939707
220005
435918
802004
517984
63452
374214
847480
177378
953502
692216
486284
280860
862157
213055
108135
40826
863133
964202
12871
996837
70386
174434
174967
794951
614227
233039
750235
115401
259214
637602
591669
568383
638045
450449
504864
169856
32272
175295
276438
660327
466151
597087
415079
429460
479074
609807
568395
799233
582984
484498
411795
276179
786000
546665
819375
676039
143487
144227
250667
829244
488691
499862
984434
183125
75360
405330
871701
126075
845853
324937
384072
643664
222747
220199
359160
17450
854437
912392
39518
559283
287788
796911
75829
55308
248855
806373
556947
579827
560440
842952
615251
152827
525996
146686
88126
912264
426127
709840
294661
914551
301020
921676
22342
123510
293064
603174
593958
277551
988077
248947
244548
180452
35985
995321
875527
556148
843188
720926
849713
307462
168193
515051
707380
885982
62066
853252
848458
752865
386099
481714
623311
631011
901157
68540
99919
626384
639264
784249
632529
423095
216749
917927
663897
666211
897070
446367
992247
46172
268836
294503
761878
692379
806677
253777
170621
805204
264177
706554
529927
638410
195874
537816
664071
355986
76023
611810
866042
666767
473
664120
215219
879557
776119
178229
809774
24720
841103
308422
381847
523591
572593
729913
108110
574882
116412
844154
885985
106385
577673
474616
758216
94704
843937
882769
272468
431549
592499
977870
748303
973922
447267
761866
268063
350726
163136
255959
272353
155296
857825
36429
650848
218365
202505
88828
168381
381263
284925
8102
876838
650580
431462
950219
439937
293584
981874
72608
176086
358308
137135
129342
162205
447961
794739
928287
114963
606529
428585
134666
857743
198121
319050
633016
194046
281859
46763
245866
463116
588273
633806
204885
898490
361498
413159
506706
599749
278926
150239
906170
447742
947647
952646
403471
469337
753407
739779
644537
422663
789216
262083
473877
956226
112635
904099
218391
22687
855913
904164
347480
43739
815604
410061
778442
340515
579452
497013
607595
220397
381508
194925
925828
35799
29081
502364
703503
500911
570270
690591
626273
452354
626547
353447
431126
647344
863662
76904
226846
323329
265187
866569
679035
167973
675281
613811
940246
33469
564150
452621
108259
767363
279197
863541
524182
855840
297591
583672
995869
779672
221511
439783
48177
102515
163170
78136
130460
510385
655339
216865
923242
881520
560333
903878
301395
11421
903924
64023
409219
619478
899622
381852
959397
672608
884784
321096
281377
304333
425320
1998
411370
460985
244408
489590
28771
664067
813768
827369
203667
212324
224781
940884
446512
463988
444579
716742
285352
620931
424978
283724
964067
51139
358346
719963
160965
912926
788792
34504
601255
884188
158848
572944
659650
979340
224381
572698
740160
827956
642647
824285
331634
916471
415948
722504
572592
107149
223105
306519
292953
488786
20071
243725
949291
255423
251703
664470
119406
355627
202721
391307
476139
290051
986508
221227
830473
144322
245532
776638
449417
47449
787556
269657
896098
783872
138823
257769
483181
878422
731600
857491
424643
306816
858352
284483
368561
350140
615895
669731
336581
417519
981829
763460
29086
246555
546420
306090
813956
139020
122306
71386
877640
327677
974383
562375
519807
672997
20607
293941
518128
119260
931273
958848
471970
552003
956687
187261
435000
808906
60829
10596
786228
535960
628230
755320
993381
366285
340348
972367
827283
944917
987526
146551
140865
202781
563946
586070
781780
295714
110535
747320
977049
623035
49226
623510
260720
614910
501796
716455
720487
52247
750229
930927
959280
47946
734432
280718
343276
737528
771364
335884
553877
35957
331687
642380
128888
34634
510804
592034
388564
377343
338590
25037
488483
250490
703296
539595
682643
978616
893742
876504
760346
58282
130466
14994
603935
894402
866470
234429
137396
991938
678274
422820
599460
301250
621247
389786
410002
14968
266825
250347
778294
129406
788088
203581
302826
133397
442426
271196
92159
511135
917025
662005
365713
200560
484190
77000
5625
696678
744155
480292
281270
484363
708687
634412
114949
166953
357944
821002
951690
580994
130550
453588
673368
147879
670848
206771
759612
662347
952244
591801
572072
203634
893811
42648
332259
415401
669245
459414
787642
721407
350349
106821
926074
174127
848187
794249
280470
408966
60358
763214
760286
267897
162841
293426
886691
490045
645279
187873
89
810459
219649
910633
2100
959128
609132
50535
263915
779961
821077
506096
58527
959192
912222
94226
498626
241194
653852
415009
205610
113610
381080
587572
992514
661658
831676
537434
864313
913361
844587
221262
645494
932526
886323
782330
237609
21371
893223
194194
83953
746950
39394
789755
116649
123830
649359
949645
845336
385719
209682
921970
688031
293187
607987
374016
444888
785941
189006
392808
782045
506062
393223
773714
524812
488618
223784
817187
605277
71813
715967
282644
126185
953364
229060
858566
413722
468182
7113
926824
725639
962975
289486
853240
645253
822509
51848
786837
628038
799473
255424
494870
474520
367169
104276
314737
20987
455362
793579
539627
167285
365719
168775
251950
540240
595852
961776
978108
182194
294383
854731
559885
278844
694748
284871
871457
477269
579108
324705
134797
985319
892379
252199
933351
679653
114785
770252
234997
261330
362813
728770
793595
271608
631036
912908
283345
644277
112958
560205
624930
476019
957358
813648
203680
763545
812499
859556
853163
640791
350780
887464
226740
509715
521724
89427
285294
883065
435949
823955
476504
328869
95205
843836
97269
206624
465561
633277
719981
889625
485903
302486
422121
405367
979971
889942
587197
948236
295837
838597
535235
656980
13472
347602
978814
266272
785713
912475
535089
464046
9947
501252
779728
262318
101586
20299
506079
760941
57016
760407
67311
645585
963005
56119
296795
757741
342528
854129
17213
188947
508451
960159
378853
749954
319402
803483
812930
212301
758787
171375
334668
420711
634428
75736
824530
358641
977226
858313
410843
683801
485815
660488
798016
563737
520971
906336
755274
86023
980883
146491
790552
900996
677781
947090
642149
21435
218568
764582
564034
329097
992144
564827
9049
600635
948582
138085
601185
752765
653727
886202
751236
95075
670878
782032
71563
18382
178192
444974
768489
399208
934336
824336
20277
533489
57024
923476
652947
534281
379954
572712
326678
691989
126918
692313
894905
23512
203635
390436
873882
863298
59409
945825
77200
884822
301202
492373
950813
307114
939850
522416
682153
626379
632574
956587
446608
975260
988650
934578
428646
902467
612840
555066
235727
715028
199744
966541
866914
598084
988852
695044
831974
70707
497227
484430
764709
683075
401985
965385
865391
419919
802400
599795
485232
769542
951558
473393
54848
783526
559367
545616
947627
343873
125796
521622
669998
872454
563658
365514
305605
511488
435905
604090
571347
485070
69961
590288
567289
336560
579607
179573
181462
600037
779848
834083
922960
503946
662791
92302
383530
22242
574619
573935
599941
956820
851499
116259
343126
97487
54975
931921
201123
46194
99314
271154
242409
292609
550693
989799
666422
774248
69537
643332
413262
946334
727354
358561
723767
842888
88975
687364
390444
479040
510172
571251
316706
841248
679580
757177
503882
792382
656930
207070
68002
637487
229687
278816
267631
736483
31194
3186
573058
871109
880736
658549
546742
147591
353028
723871
212857
582825
546924
374116
70721
315555
568843
56516
927409
975225
578963
454483
368238
697625
637473
812202
26107
657606
482654
469969
531938
744853
564856
112670
502245
531982
423568
76226
19683
216713
213226
512807
827169
189476
92899
865791
458494
394519
4753
280075
613604
445240
108779
865248
438948
30330
17237
118195
44990
205030
931490
627978
907097
618158
128938
280397
701370
435593
98756
259299
593862
446846
192990
417977
189494
651030
434997
624992
604338
179899
71097
551413
694769
485540
177471
983787
56748
926780
264223
736722
47436
423960
143942
338071
212516
415393
318325
28064
53617
620005
362801
446473
855729
113126
511948
224291
570551
704707
911600
615435
982015
618239
890843
647702
898198
791311
8931
203181
625270
54867
998439
454313
908650
416854
857316
355000
729249
905457
341076
131498
105750
501674
168256
995096
528597
752542
667885
670708
187244
321969
137185
272630
640644
145390
233299
470334
115942
324171
25308
133889
181335
919030
928811
800913
51514
221386
208206
64897
465743
919777
949439
926423
825712
796069
588073
17370
968
281392
668095
403093
867928
71923
943477
544800
445597
341635
512109
993024
688249
726355
245798
946529
138558
882952
62266
134268
901613
256913
386607
464516
823859
764326
408958
679384
989969
131847
325728
774480
972620
892747
305146
255660
624413
805451
813559
53945
143854
244058
246394
469223
289036
917877
116594
147073
106284
178095
482196
597234
11690
35307
60212
865661
630760
413630
885014
668154
191885
969849
234174
581990
686614
846602
978442
793774
336205
132726
285706
635913
410359
53935
235790
451902
522579
944199
184680
228057
865073
39805
997758
89944
362829
697777
102499
70820
531405
627571
9302
531874
458492
164095
390995
763506
59513
738843
537867
687239
89208
875109
172738
986258
309012
781414
701957
46567
217141
216589
436908
660839
981513
945885
906052
616574
313969
440554
899212
864010
661066
109879
798067
86972
426154
716568
671641
774340
540704
552034
289810
145793
185500
268681
483906
258761
451308
401488
110754
777284
536669
692750
166660
348170
275520
491866
426456
854265
836511
579982
866594
236271
931958
599250
97976
669975
328645
14143
892614
92644
297462
696420
276488
288272
982686
648739
174808
523912
338974
309589
610216
659769
866969
361843
421831
524067
240833
864276
90334
56926
444940
143950
661100
982994
998998
470669
546077
686180
833677
368813
527196
798635
499314
176155
729311
959495
795277
638199
301834
738657
907799
861467
510992
741894
545404
518191
923774
430626
792653
171907
873893
554285
780325
49259
135519
210056
904766
607919
942119
436627
953920
975008
551408
318449
524194
712959
332799
168519
984322
979900
773880
268409
183300
667013
510462
489705
447600
945543
428247
217197
575517
771042
626024
26539
174205
885942
376793
468512
581191
681496
275706
429562
143233
447228
646472
915337
641286
152087
218180
611686
972960
767190
164451
6669
776858
609790
948357
257517
455581
80101
111473
806981
928181
723948
517355
332691
951991
16420
355934
365253
282868
594504
394606
899802
227910
799321
131885
843524
407513
463673
287979
394407
774447
240782
401559
53335
734269
191644
824335
743898
49835
642574
932018
419980
704596
801946
254657
632269
690764
64692
604539
954036
438680
888369
845342
130644
97017
496976
302979
740064
375526
952542
971148
931394
252803
739937
727597
662081
424850
644818
403369
96519
258455
712965
79639
337598
459880
396126
104923
899152
830191
990236
835540
57342
309255
699925
532252
78362
949962
34259
411290
510402
578995
178912
250529
267810
793220
352329
660513
977579
70373
870547
618082
297557
244414
268883
484918
4531
495887
717217
482077
436818
140182
135210
525791
383045
726892
410192
941566
161137
29972
87124
451893
13869
618433
797689
830613
649364
134351
601411
596231
888853
183726
954373
213536
951495
621595
421036
977868
701804
485140
989319
750986
638224
716704
555898
408579
107081
304016
576165
678349
750183
104897
91476
212041
180803
97118
858676
528087
575388
405173
89174
161172
371155
537582
725534
257562
480372
450287
15363
969567
329255
850768
352351
170550
625577
68458
426368
689958
461854
489203
790804
518402
73542
92062
599694
964670
525916
789862
484431
12109
628584
874397
838362
686555
131886
235059
836287
63572
417384
539176
778061
965133
532735
996604
339805
202180
470142
962947
778131
256922
882917
907368
179168
630608
473119
590084
607824
195711
243437
105415
481513
735651
211005
706589
863186
448854
802639
599866
749494
373371
548042
467769
568733
953955
457866
364247
838282
407181
271721
939666
646451
623361
389785
746698
36622
213541
901694
207029
389019
210103
888562
843316
983318
253911
201590
599204
161548
641687
37592
117894
998501
518654
741506
799438
78940
613583
102354
944035
424528
712199
427615
150366
376511
753311
29566
328151
198499
143647
560766
957585
327283
126643
629152
86605
143631
98227
771526
480700
733188
387066
905348
755376
907055
792527
50587
698424
20125
83489
459354
413564
688808
484194
805953
539489
114133
157516
278240
862399
728466
541850
358446
951524
977218
446852
542378
597031
976808
152045
273567
843678
443227
912330
808037
475435
788315
102477
399947
243291
383968
626978
193887
544597
499057
883179
254574
413277
948238
583917
193693
706563
676834
721619
275150
645991
74997
978994
38268
993763
332683
892917
92743
254046
987743
800213
186438
314049
642092
188894
192300
697799
505827
166746
341350
103031
908120
871284
1330
767471
517504
397857
18527
724197
857110
148161
824945
997321
150387
504137
797246
324031
484333
354458
834649
92853
493626
556585
388219
918132
812292
905429
989430
62429
552902
243432
918235
586756
416601
25172
426673
663794
218965
191168
98703
960608
109778
755366
106232
655391
895815
307760
644475
535354
317597
979787
460463
803338
141030
530053
744970
916937
681369
931222
582256
629079
89215
107893
497257
844237
523170
160727
922086
604244
211344
786965
797464
993999
61824
262283
579184
661246
996244
968035
516069
721555
226233
360690
17685
306650
307656
541649
244698
291763
216204
905129
414015
773093
235137
663287
449730
543064
702373
388897
785651
546258
168573
143700
916306
133217
562141
878476
856142
611921
177480
42332
215056
203920
821948
812946
815200
748077
311196
866181
327245
575189
221318
526092
820999
879980
436350
950531
836129
134893
378793
891006
297296
966124
136237
640017
443226
389156
136356
36751
936714
630340
990827
691216
994728
86513
538944
648813
816812
569496
602424
673382
938627
12137
593828
806541
434763
604448
811223
965260
422336
760247
442188
957111
758655
847533
786926
592940
988804
30909
531768
211062
613335
49257
226990
639664
570723
223880
197737
385286
461888
603391
696383
180535
729601
715858
888997
478192
830483
916798
299475
417550
345620
842664
571658
230413
946045
592466
792384
16811
395639
993276
413319
440007
92190
673988
832371
593878
140373
42212
21780
661990
93623
356650
391506
741781
594828
554151
143566
843384
612094
971931
839904
363530
266464
197165
303237
369307
698394
91990
734274
110024
872232
533200
448908
905132
790603
235655
238439
198359
969446
792937
402270
292980
787012
349559
386260
97871
25414
149433
243657
123555
432108
751988
897257
794468
105534
552300
540777
494390
73392
189677
838394
285847
892631
632247
655683
33558
524155
167948
889687
151534
911125
436710
426138
518397
105631
424701
193830
89525
733408
174217
879947
68279
62312
327072
86277
674416
466072
477238
264346
306941
349717
189942
44159
771398
561570
597701
919145
512045
25733
146388
795939
760376
98833
658898
115305
192209
292660
22056
861397
541800
92819
612050
320653
744212
356912
701909
649833
208355
70364
383378
84932
568772
943097
922065
709295
158507
599428
340635
665689
367845
959296
921653
191371
777113
543537
135175
431671
828032
115763
757769
859868
893733
404923
914652
553463
751647
673493
340624
542265
787275
567343
637503
149021
471575
68333
83684
384226
565167
243168
19737
359663
493116
538999
981640
5515
257106
972117
972948
948043
906617
194825
510345
875973
578378
73610
225309
831340
102102
33327
836456
998429
857791
913291
9049
969632
752482
713851
902179
275272
738475
293884
883225
617893
58383
212567
726871
669651
158456
856687
280605
560655
376193
974849
966357
682929
21309
244790
584254
971071
184768
32124
939748
689916
248819
735949
182162
704819
8192
412613
26862
903112
466032
387473
244726
515171
816857
161803
616036
490180
41532
414136
478244
831409
168467
968346
450528
168912
128274
163271
606762
605784
503544
406110
895031
800455
82105
865014
254436
138256
179301
559644
326613
385263
770148
609067
789143
573047
901723
764589
994585
9041
43263
112280
781553
73182
820686
297992
442805
746616
538893
158799
302528
641698
845699
367715
712178
913452
387772
36474
117437
189811
48177
62223
611836
118605
867059
621613
423774
946084
876291
515307
82778
202334
671448
233603
493378
331923
663045
229932
124116
562391
592171
270411
96809
748520
512969
828760
724779
760969
236617
331076
574806
512109
156395
40454
1038
147080
549623
40028
533865
530328
937623
996724
604524
423111
671878
314073
301424
295750
280270
812759
947800
101908
742689
754423
340666
782626
67288
738763
652682
415368
331020
989341
409412
187908
717907
458361
60566
985508
597212
231406
550890
976214
841109
327356
531397
510445
747300
75099
906120
696649
65400
529663
751202
147283
944239
281778
977383
659645
818454
268394
611220
31074
55793
293104
141007
265007
348111
979347
261943
558421
993039
431512
984993
21061
276423
380252
598790
429116
624632
854758
55648
639113
947753
362667
842085
305177
339986
20178
817436
485863
348577
399706
949855
805420
704802
121937
390861
380031
449903
67163
797202
721300
145092
863150
88334
208681
256028
977640
889257
275415
394685
212152
93915
773814
349620
506239
997608
112218
616029
418753
326532
751831
421815
802249
404717
36252
439044
950829
863518
833665
158398
174961
660430
215336
706677
895171
639114
766226
467873
491376
684762
11773
602964
727543
686072
237925
550712
547840
946431
31193
472890
401028
648013
642187
184174
530923
585855
85287
615863
240989
35897
247447
997049
537597
815066
412184
942963
615326
564357
141003
349278
289007
71181
240186
990749
634537
866395
418750
693143
671794
700159
903144
319016
808228
744202
208627
194477
235673
564876
371878
359101
135734
274668
395086
166358
813961
10716
426217
646811
658126
326903
300403
198648
21497
768887
974858
630464
683648
768072
717093
273999
671273
866790
845877
122888
347243
409567
475442
671983
569315
35237
378264
392297
546916
167502
577035
122882
340589
370357
128972
741836
932473
371584
860067
704141
104915
690167
754087
700936
685306
700792
887212
423035
48519
549053
372658
375513
190419
562426
242767
996847
119477
915073
731593
800250
364909
375558
366348
899034
210277
856838
981474
788975
966623
25082
783971
602482
629442
497261
417981
247697
6214
145104
726054
28348
974532
728300
229260
759648
940808
124900
620633
159290
216376
857030
881509
319597
44864
300294
304718
752456
471331
932310
55598
244734
579242
147099
258047
973861
578154
178383
551956
704713
934278
481106
877927
501369
761357
961938
462272
795372
745866
236803
127455
455009
572565
354418
583993
482459
339518
934049
279326
26502
846837
579558
193629
817747
410381
366567
941360
150140
967630
385629
325395
662620
885992
860428
269908
934232
202622
864867
674837
997439
833568
533434
842579
10257
654426
201754
434501
165719
533199
670098
83561
448427
66881
376014
772408
828203
174419
344640
845319
975360
903565
59208
513382
325992
985756
360225
929331
567780
10930
637254
247475
67247
605697
374865
898050
983039
735237
262638
226174
732864
74714
842149
100705
87918
422643
103020
496504
52719
929823
176752
910518
743400
911076
59487
703154
171983
338438
840138
497959
838880
837880
669529
390370
992191
88533
45382
520794
593143
401173
608253
448298
710836
740214
521843
946169
262720
224003
40602
942426
211121
587976
107714
456540
56579
168634
318168
126735
3450
805112
123855
577442
939511
597705
444831
617716
776675
459761
504548
874161
631076
238453
792708
560608
914048
833184
91468
246613
830413
490051
870365
298545
850206
974461
379249
888497
448600
346211
322325
211817
490655
408578
50470
614078
307765
193523
414284
679643
840485
819082
787939
254246
685971
443490
64542
735632
63457
134863
701278
869928
526692
430262
185175
556193
960423
910556
693701
846405
146753
738938
51039
386481
332703
61317
352831
324342
737045
797364
679919
724451
598557
596732
429265
17736
405953
516750
831302
467009
986656
439003
917554
923694
873475
953952
816144
443442
328676
849560
110395
438421
163839
515667
90979
298432
432554
147995
983446
196824
504044
714832
199984
842941
66472
951471
318008
686335
607969
370443
278068
542994
170937
513574
805264
245774
198357
378376
15018
95442
500872
335814
847549
895308
928578
617185
384445
728344
530045
286523
518466
545368
853450
787935
157128
947843
988763
847443
326694
885074
79017
304554
238062
255530
481346
245594
376803
199163
394505
848441
168158
726591
237528
666463
361080
857165
559611
404636
441198
545545
728064
27517
788027
978737
142814
827614
35713
973782
26724
264511
460541
5089
258138
466548
272012
276287
679279
281712
592607
354498
997299
171421
42346
696357
303992
23409
712101
465868
652145
521756
285072
104587
324286
74187
19361
417985
158754
558782
732462
121801
808046
909205
562673
472236
149466
277188
84310
779077
963388
967460
905398
816255
376584
204672
354039
731367
680513
335563
482588
164120
116860
982218
229492
748576
304589
194587
469016
254291
443752
132050
1141
183861
770001
635365
754751
513570
681991
367554
686589
499706
665333
954213
774434
628874
24122
587600
659618
554638
351648
767302
543778
260779
704188
518614
361123
774044
42297
363032
311655
777293
23257
641557
950953
28978
435372
20813
622772
880809
615852
729975
883133
195582
641045
600904
334447
143410
940763
507419
699861
223654
743325
233619
638569
403138
671127
597891
36830
26162
475641
538629
639492
167418
502646
954235
802754
365086
820644
778410
975501
51167
323778
836192
769705
803893
206370
323308
657806
401763
90397
418913
580274
606291
435473
228623
45903
63151
464697
461575
702369
772598
527579
24639
105540
191608
811098
70811
757842
225812
593881
320327
306225
491030
183399
675228
835636
783465
825027
994887
598914
418765
484795
609270
574829
13124
102996
176254
772770
261480
743322
357953
745623
756255
446421
155183
297631
955092
214773
745512
33950
616201
397741
709854
928767
998250
821310
199912
215732
857953
920365
766597
954133
521366
712333
390416
357686
789016
354275
71825
457331
645477
865833
80673
888004
684297
781244
444431
92997
402777
999683
587656
813994
493792
195143
86371
333640
824949
895107
367487
14135
323677
282615
631215
11909
463022
939632
770696
816839
770329
411235
745877
594341
617776
440077
463858
317922
777130
505293
534440
69725
691905
432142
708066
735357
164407
403841
40850
710597
948670
247611
52945
339135
886713
494944
591688
419521
683111
248078
163259
35312
758410
97531
315868
652563
82231
625063
882069
326932
353399
965246
699267
9098
939148
137780
401470
464423
467577
588386
426381
62569
966622
786935
97278
212081
942407
746635
897963
820231
412169
731539
376079
771863
403865
856842
858700
615705
400094
661723
75522
975869
836486
553942
972855
733751
864168
957899
444397
724466
261139
351749
185136
884506
115745
559441
664275
986039
262549
14112
979141
78595
535328
220113
303224
503866
380837
889773
615326
80862
381860
691057
776817
580112
967382
511158
90318
123844
206765
773673
996482
785788
200923
365697
870220
166258
619576
554564
924169
491160
321443
833773
816443
911667
103182
472186
480653
648473
162942
820063
123814
572482
303365
424000
892158
995736
293286
295088
889039
390266
184206
919255
766397
222045
790914
651452
917040
450669
505327
753634
39014
299530
302631
236040
199871
986794
587085
658036
856507
442725
489743
381200
857512
545676
405481
85236
694789
886879
57530
408460
59591
116620
275371
243628
477185
658243
835858
758986
38036
637574
894980
767960
953823
560958
407736
811134
679427
611218
949773
665197
451960
105860
394700
925134
166673
745589
743562
397628
531638
57415
767272
854498
62534
444765
756810
120812
788784
449540
150071
77924
727458
649536
791044
25263
511568
615741
116148
621027
643483
378947
829577
891027
120903
179811
366305
898631
184419
816378
744054
379005
639664
140321
514753
869443
787483
473402
241040
37314
874513
677391
111088
435613
581185
232654
806985
85762
717089
517015
642199
691557
942079
451358
763835
224251
689794
33017
623397
561379
511710
208793
796927
760199
858731
940708
736990
436221
788430
76025
679791
878864
817003
270371
612501
144599
297777
133981
794876
188595
932529
938636
593741
588066
270741
499391
448798
713138
280381
524269
114242
285690
745922
843837
137761
783059
116034
629928
683631
267054
735453
895338
742693
88136
203157
710958
494454
957317
905582
188400
101278
783587
608849
756495
816385
165666
382777
518595
456420
327464
385473
995651
587742
827032
897016
11318
878350
624932
5661
917148
725780
144753
868441
503288
432600
319852
917268
759971
234022
297169
955254
456807
659656
489163
806520
585264
108311
528513
310967
709737
825074
853548
616517
168042
173755
571081
18740
417512
762981
262421
292323
897525
539792
784768
519608
374474
914585
646234
379004
657620
36029
679406
590375
316790
981422
361361
923087
71316
365813
37166
361386
395441
15816
605278
697940
872026
772855
367060
204972
334693
674753
283355
496875
307329
827066
65157
410211
847145
903774
331861
700887
417808
190067
28355
339706
410188
201995
791532
850748
104212
835734
699371
925946
702801
490636
29285
338260
454311
355550
407114
182867
11761
898754
425066
53866
654144
894549
937830
132153
1004
571435
314053
656410
922043
488999
903683
162553
273766
209777
94616
715173
491187
287884
931281
944243
155714
481
423539
234236
779700
700372
683340
787772
174910
815594
863917
450301
94103
525064
434728
396835
233604
971302
786149
805721
148083
988909
821048
34916
353598
946057
471361
863068
669142
945324
811121
999048
749140
108287
226226
283222
137624
709444
232037
468669
822341
627972
28868
102217
255998
156232
568532
136448
942338
888026
592409
606762
574339
129426
381365
742226
272184
818399
339047
297182
576902
474238
472464
735551
590868
247218
502594
586897
567561
486051
571306
938248
867847
668064
530831
976930
85745
990115
472039
630703
102749
97025
871970
856022
79706
451248
720735
474285
219591
366570
805537
260159
453920
669147
839014
500683
185515
334115
99371
800435
993958
404690
239283
214903
696824
642130
935222
186086
548602
161145
354468
282940
562670
895137
659729
45071
347216
962609
696620
10023
361125
672058
661984
262248
607668
553373
246415
285596
261147
485032
493773
217561
867937
903521
749286
842069
229078
380997
728689
71052
157874
100145
271454
681837
483447
831510
452736
999123
996377
850115
995231
914548
391371
657391
819311
864011
643560
530735
583101
640279
900098
450501
634069
517057
882158
591905
157532
124571
924571
601359
389340
838508
122246
896920
350208
554593
797246
36680
432295
192587
521934
934028
595597
549748
592209
431088
643684
760337
22336
863456
893708
137976
976066
223749
630766
313955
9112
490767
700787
936820
681032
803764
831938
976499
362124
987753
889196
779271
649503
780608
942855
504319
79827
575365
191879
745243
444775
241463
542368
489344
771798
279193
388980
302153
78586
557507
656013
528408
693106
266211
414226
976928
667597
222615
893305
801748
87185
494213
302359
588947
919580
179647
852217
910856
489642
231568
724271
114920
11399
292742
807939
982525
481402
612048
416030
378985
130389
711148
608754
620515
218749
364005
74453
592576
5146
759182
426994
575839
191194
544331
905291
682437
118880
873896
983269
970420
677137
39121
577808
683541
933503
806356
659204
939958
217436
907488
268343
148977
991040
410954
141385
674802
160069
844106
291535
896504
92153
741210
318568
847803
202865
382368
913553
940467
203638
617950
458022
774678
427269
430756
879062
663832
590087
581222
265637
674502
227793
135725
528255
773715
413794
752540
253214
335692
364706
182886
710899
289583
232821
760264
162528
26329
879983
736659
155744
833868
925260
101880
896795
834234
224356
959645
20132
865300
830370
961243
956865
522854
45648
74924
813391
675099
363668
596726
138839
643981
660271
984929
75017
17919
51835
407325
582453
559167
974461
260864
708200
616097
27421
724076
96245
853766
809246
709021
582093
298823
686318
817633
663628
237471
257678
371147
694226
883476
413194
191372
815724
995972
32940
494891
87937
585195
277202
510926
720153
772722
579825
512264
719446
137134
96819
709171
311473
225533
605945
263932
219715
596520
633323
896739
958148
901430
114376
714645
652480
578913
263160
453762
927537
44511
512508
150371
956243
792511
91415
933496
993394
428433
735
800560
288805
861509
125759
689352
141718
216963
511063
717929
408993
390209
666535
559407
891882
866344
429010
625913
180809
54512
163505
503262
605172
351882
201371
327689
205899
862360
307279
633731
811791
404407
918556
792903
897599
267044
424193
895386
730196
342923
800754
1865
69805
517774
183676
154985
855246
840226
908157
253317
973705
387513
378296
66052
994273
475305
818933
415966
274073
527864
888181
685285
85416
94850
868755
955688
208470
820045
650851
3216
234827
96147
520686
869755
359757
641604
631581
487915
146537
887852
962234
818570
380115
872348
260371
747393
767700
437189
263484
845647
250430
666979
858787
656187
528603
380983
695010
37450
315355
19976
864224
572739
826098
101323
261918
57354
23588
881437
412159
370385
480776
807946
439295
877872
175017
528234
752734
357161
243270
316102
313421
60252
91222
995204
414786
411867
432712
462643
144594
806034
790890
507381
519872
426534
601728
846480
182262
601377
362826
28588
515659
602773
97653
312905
995066
379200
613770
662268
83745
944551
250034
899676
491360
329940
406953
970942
122165
643312
506800
462446
545398
783562
684574
183112
737578
384451
706632
551395
822977
817764
850118
705264
479638
608327
509840
792675
641906
314443
849297
441459
52950
751359
485613
298079
575294
259695
762924
92338
305988
740924
561811
680324
827615
663855
490460
519524
211004
110808
906117
259237
993939
696282
468519
978073
45482
720910
76371
692538
106385
378844
737736
60456
980380
721727
36102
737794
497585
115092
808012
637901
163629
197371
716369
488300
251500
838862
431716
271065
168829
311975
319090
898764
952833
249854
973281
344259
233695
888522
962563
516973
681382
348362
456098
91045
159713
693944
378162
164174
862656
160630
2771
585930
371755
608476
596260
295399
962788
99754
897547
709224
513846
401517
431467
146556
349893
114660
597563
326842
351621
545393
653010
452871
315025
862884
246982
601102
354961
319725
422050
495685
693489
79824
182580
56156
508895
582442
437943
521100
262791
330055
971067
215790
60610
371594
962633
224802
662140
586464
269965
87925
955428
300852
419916
617018
25380
257235
996755
473027
876603
533139
531604
567265
519091
555315
343440
640460
698839
932640
503661
69835
355126
722421
328262
101171
318656
279023
278079
662113
908612
381155
959803
777040
95770
306273
126473
465434
377890
566403
130196
461348
440473
809139
116769
277612
941994
969518
934417
20326
5756
138581
90361
210088
195997
172179
697949
154934
928188
763642
429573
760207
524171
232207
166826
546760
246071
758368
545673
346552
660205
363313
340937
390768
304065
972864
11355
169914
111114
750064
713516
343999
152201
316026
67311
524163
28008
987602
414650
290321
841940
912386
122712
262777
958720
564413
125327
797498
36469
513843
8184
415011
498095
660883
993856
308248
990384
768987
411934
452121
449154
391372
112577
865418
511104
778887
406817
388604
683853
647660
247469
879032
774820
960240
31619
529180
409284
463928
639701
854075
704843
277131
440323
714762
982066
807147
497227
966654
908967
533267
325286
439385
308287
381201
246758
44868
244144
334195
509627
104628
692024
213889
251399
775114
633653
99688
694682
755434
95675
600187
55801
991067
528422
695355
547282
219409
859750
998119
438462
138541
954398
26081
733650
771766
608886
986630
906485
388558
114183
479283
163568
723918
439709
588233
240621
148860
698891
797138
355139
108844
538998
624844
423187
668903
919612
892164
889944
508801
253998
284844
948985
946287
316589
941027
444729
483646
874385
122529
819733
111994
897769
690436
715455
477155
184735
946904
216468
645038
312374
555285
126987
76679
949187
731015
209651
970852
883719
676951
509079
519053
668448
891004
591686
156299
735675
186566
806904
549803
805154
707509
471673
98671
411141
409165
818418
221662
77242
444369
85815
807098
144162
73079
776656
433686
650441
562607
974925
594131
261512
221914
783222
353739
806407
36403
46332
613444
56346
242816
815651
44871
307640
644294
361577
319650
798503
598590
710014
519462
391587
777605
999813
171332
123733
844539
559744
62505
795142
609829
982795
916941
493745
473103
110368
912213
780738
991761
896266
346636
786722
258020
902889
213245
537232
148869
694387
932180
837320
659814
376185
446479
924526
752677
954164
145153
534320
941812
713683
187986
263587
652218
615316
206731
96832
836364
100194
258520
738680
780457
465758
671785
543893
385939
151263
955121
672037
163088
339762
373971
957692
329740
179041
600807
566815
958373
473535
687249
475739
313046
721305
561318
229240
538887
700834
945603
670644
497513
594866
255382
552315
356528
340503
417648
267524
611164
129781
92922
505703
913084
740830
478308
327625
484516
478189
220896
646928
522254
831246
500867
748079
765207
515188
359845
963942
430878
435438
701528
167129
658089
24299
164158
229678
128074
16127
282092
512250
13739
219036
319532
926110
613933
827533
388426
25976
344383
614451
779005
578643
356423
197171
552632
818757
226168
895770
107456
855883
454436
346399
776822
72272
575888
25685
819167
931901
330905
878453
341733
768609
907881
407458
696816
364457
8265
980661
105355
635963
350237
740873
768875
83654
223495
426197
975015
287838
49989
62748
987670
991644
901802
523740
229947
563805
400212
142909
364723
559283
643195
328206
408236
200824
74557
35595
729948
581505
383125
642672
230443
723094
839270
15615
872592
514951
301099
744565
921898
218219
824839
25484
33326
239493
283494
822274
980191
949946
20661
415968
971142
292575
256953
133700
565611
962750
317160
727540
334906
986829
116956
901614
168587
904074
926097
253498
299233
100045
817299
429205
499553
972220
473939
660508
306451
385437
435265
469866
342909
821091
987096
187077
171831
407484
277171
139727
315646
415641
455895
218998
164974
244902
427657
28428
548236
268648
447253
115820
325263
420136
470913
477293
474397
170098
538011
258924
731561
612178
298171
484451
785032
702598
205994
608621
481588
685163
666537
923182
801668
483475
859488
229812
188902
189271
691503
792546
89541
746116
28723
329330
40399
196774
732433
635654
727824
483312
929258
614796
719928
63051
294800
572489
231725
82986
999720
777381
521910
319089
499534
98470
923399
322200
544122
366012
191157
399432
998406
276412
847744
296443
715667
895923
376749
170010
270133
258982
297714
169240
351723
966443
104889
623056
932763
819428
425305
262613
453319
5860
649919
992359
481971
739459
278315
632493
285906
772979
328840
664600
671743
361449
909785
399933
462960
759430
275553
863165
480516
301300
843965
995683
512532
457500
973634
571446
985896
630023
416057
147253
670192
66416
511343
667301
832087
311423
918386
341644
208101
451561
241861
720697
635281
641529
396032
471439
43797
189595
603456
142653
812948
898631
974483
387892
643534
475416
978025
158401
137219
774030
763505
604319
984624
620152
642365
673056
99699
694300
338452
274382
408274
646008
562968
380659
270045
937545
313470
665512
819326
476146
609759
469531
282482
508693
324635
861008
99938
983532
708877
184729
84714
25770
634975
459071
765187
606972
456152
479397
811576
95055
428976
811955
63361
711594
750870
199054
323946
154875
344829
906492
323404
251588
863135
138847
894001
412682
766310
855439
923541
674872
560279
63643
133987
815239
737422
444399
536719
721924
718034
902460
908395
786895
614648
230038
305770
80633
606478
442679
365839
149529
41547
554973
122940
735435
500128
521271
28131
509483
895600
457651
71964
297119
250193
936012
395744
898247
395708
140484
62956
966861
994315
684850
499502
900436
12270
708762
717792
607129
503425
318396
187344
131305
318945
22386
676341
728154
470220
446575
96935
449521
126705
133595
107935
940183
16422
633435
625148
727249
808728
409031
286661
397573
696708
909334
402653
271132
210111
298777
40155
20032
217274
775777
154161
431783
953792
898812
924966
47631
767509
267450
939602
165485
406829
960767
36128
622599
243280
425000
321438
282699
553769
498984
11082
738162
785998
50025
422793
969374
893602
906572
581013
393973
255053
482665
732906
981090
881838
525918
967127
698676
12100
707682
259293
882061
839605
176636
492055
280929
621890
301319
283309
940557
750928
927853
157658
442822
809898
227188
557220
201985
292766
237892
454596
491220
170555
778884
128368
967580
179918
357495
515849
341141
13081
893857
781892
57491
820793
668273
425222
360236
695862
230847
902945
431772
648366
192491
17373
475222
853128
213507
992513
274942
441550
157284
516696
422751
86243
466480
313261
105768
520295
289915
800943
287683
870705
74214
215815
678433
105241
743880
137280
828268
563194
592394
359999
121071
757832
622329
416001
351332
541357
218969
576925
67427
872221
524214
36651
90861
54704
466982
251542
939034
185258
793746
396449
151650
622021
651355
532978
290271
400466
186807
515262
143810
761306
693042
949752
794559
396074
180766
429203
185842
153136
583009
291059
976393
851712
358548
161619
165845
169194
743928
590661
381409
166260
284303
649009
721042
272341
45704
764861
920559
599544
581745
697031
860439
142804
96444
512666
791239
257848
614691
974051
425180
754781
853084
495235
214306
670201
306460
420838
540006
842224
934748
261164
795838
412907
538686
731410
417595
43778
750756
189196
146586
540215
184207
663701
816383
181893
943294
531679
732080
831426
92869
209500
310858
888146
372761
903456
949064
10344
910307
850894
330405
871250
145527
177943
576074
410817
617262
682864
628388
187101
349407
238485
596160
565367
837932
37446
154014
634200
219201
647312
435788
555840
479830
747070
234834
703482
766980
605924
364193
175387
233912
506816
459502
736296
387754
302282
657567
909663
166345
695016
723704
562155
103863
287831
69491
693180
140896
371909
222036
452272
451578
207374
143551
953481
820966
973990
730148
205965
478560
456266
320988
285953
771642
888356
230099
207733
262429
109941
611048
252905
72727
759045
259822
570857
743291
995857
844160
830841
603174
484420
230661
968308
732625
210319
838606
54364
782999
824719
542678
127800
781617
332223
187492
907941
137429
231831
655493
74795
29374
120787
43305
476586
775681
161693
750158
874156
725076
57196
398834
42053
384453
574403
613565
580693
520919
822519
322042
782591
360539
410347
789056
721536
63391
519708
734992
605392
750603
946570
666939
882973
57095
37098
674328
425736
71476
784785
210218
864608
471574
420814
353975
246113
912108
822393
133772
944103
764335
771519
972683
530523
320395
63162
303239
733581
178659
425105
142385
192674
18557
220823
386903
971279
870062
922084
716984
890115
775654
204926
496616
332002
292205
78106
140012
660509
955821
501813
251912
996232
732135
627677
431937
707739
97331
18910
539122
523217
120743
414479
192781
98812
51909
785315
413304
832484
580804
678627
494052
272870
414716
376957
403914
180083
999755
680085
854436
699056
197765
744963
532599
346969
973513
746916
468604
374179
119571
252168
403456
744238
304263
915921
824369
825164
22965
578980
558795
926546
750545
471249
204849
393153
373573
77432
854313
550955
467994
590700
458623
483825
971842
497748
395124
763270
422606
824143
994501
368947
223934
585786
808583
420631
209929
51275
589018
316767
52968
555468
649641
244550
441347
879413
871043
979273
860370
186730
870663
777870
465335
282567
856801
155162
763759
573839
510925
261516
449416
268977
492963
940736
889305
740444
149414
636989
271956
862932
552115
404323
723040
941192
961638
152556
563461
905226
191416
865371
57669
841465
352522
402454
692130
240839
9783
625936
269397
930056
533212
545075
102100
97165
249724
320055
944051
502604
43277
697638
200229
732144
156378
884003
601351
346883
471603
263458
328108
303679
329726
831638
960612
297880
981181
307402
172357
511015
771925
80877
110726
266549
26087
831297
880727
470687
222582
926890
482273
768629
914118
457890
909167
766942
886237
544250
377116
92538
2258
12427
431263
368760
427266
725620
4822
229256
425782
813495
655957
905228
428113
322952
87080
139000
557879
179609
626940
205607
23972
989925
319844
255166
634643
706724
395937
249388
883599
715125
857599
640148
501981
44341
100191
915387
459843
527832
775633
628518
443726
684349
607181
467043
734892
125732
667822
95442
442149
519637
503472
819294
485005
288891
168088
235721
276368
878033
969995
757661
790494
974094
189847
798179
14808
563472
401649
275505
822687
972349
219847
906221
58302
830845
460565
187446
454958
862272
212954
384859
219203
58194
366575
330350
837773
195728
944206
387492
570363
550366
142536
406697
882994
757174
104117
97578
945059
472969
91320
977000
683918
228005
139484
973041
45819
477837
747285
812342
70223
468345
780836
322657
611515
261044
46873
64941
245127
657146
228811
939733
409999
463745
664507
83521
41779
591407
253914
702657
946736
66899
499159
995296
50884
263362
588960
45791
979555
536285
575142
361284
798624
513385
857684
606461
922138
210467
69113
588399
499453
299609
713332
115319
887531
766924
330144
694856
106980
885760
648042
832625
619518
191835
93924
335891
212148
858719
572506
555633
473442
96297
229978
920820
41665
635137
637668
782178
118669
951610
109567
588619
201011
849445
499068
910763
475762
451166
484245
177993
77214
94354
872065
169165
983861
472734
532203
383769
769237
603992
710859
457895
187445
602727
538608
758687
974063
638861
55820
90654
131627
598760
819205
72029
487949
779539
10322
76618
354299
836273
398952
492911
800523
965707
502089
361606
347201
69289
643890
308081
238251
717013
212191
727414
716920
995300
365466
865086
737838
123312
827053
115340
794818
861704
157388
458573
41716
753549
482347
307438
145024
872501
164111
354864
387481
231703
132062
408511
364751
307433
602302
138434
386942
602273
635778
363700
210261
292854
42532
364002
393405
96277
440373
457120
941675
509903
87482
416016
350696
989905
317566
202364
550289
284946
123151
343728
450396
335073
117289
796676
971933
521529
644782
572043
761424
648621
470659
842108
268205
123388
569112
395420
731136
209378
912420
757494
211359
294011
340816
637153
62078
4369
88082
309008
963237
88747
869156
720525
568776
607707
352422
231772
206014
63848
310766
718693
214329
277443
23151
684094
975826
82168
976684
18086
214334
994598
806041
746367
252199
841704
575442
751751
591787
398083
106834
37514
395596
591375
184845
926269
415520
702763
344149
749221
107670
601354
982023
722837
317777
310000
987538
359231
873412
963843
213976
761670
781835
771965
55685
172639
507088
795068
474755
591818
154016
97093
470541
142150
972161
202591
521234
67583
829545
69614
421073
338452
28606
517362
280019
679682
572757
310125
879027
950978
527635
725551
586470
264517
882287
497048
14210
696605
232151
144660
696881
889876
234827
579630
65962
995791
461952
706246
639641
393279
695509
651668
133504
288693
264492
464394
108326
378443
83848
190316
14272
604131
433138
512391
26466
360476
553395
493666
123997
331406
235908
277634
466391
555079
388958
457531
159838
502671
663241
375568
960495
132981
21204
566588
127064
178957
74237
684868
187542
312913
551108
678657
812630
377041
903356
724257
703701
338325
167485
150515
461127
504353
595008
51992
804753
731294
472254
511212
847747
333706
283914
99573
517214
44237
741406
16229
458029
492938
802600
69334
244071
945320
871192
466570
592877
587063
139279
211258
68560
702937
666916
614540
945841
682419
188250
567499
208335
928151
582254
582893
433841
925540
765558
396582
876592
472083
87655
634555
159906
814892
904342
628463
403913
598069
941983
502178
821884
695382
90196
412235
994698
16204
281960
419826
737511
840261
101869
560353
698393
653616
537310
512195
396975
279569
223262
599463
123381
196432
963725
362727
955551
373992
79368
669770
318757
67288
707189
627695
419110
784599
9329
878364
83203
731075
900418
115607
27857
879443
883274
822964
586550
237347
371412
686707
209445
291964
876913
84026
588757
617174
542508
739675
438238
24387
95366
655511
631396
704951
471777
940558
70533
34878
531816
666185
999737
811139
178241
609682
726946
270032
921376
368289
189740
880535
719457
434098
665233
694051
666092
523283
279813
779359
913900
867853
436957
827604
630337
28765
142475
841799
338972
991924
964898
794884
192934
6292
736737
64253
643587
653537
775642
532449
729880
904135
888505
313151
350718
746901
80294
211915
765169
424997
391333
894754
96713
505693
351885
496452
233261
621645
343926
40231
909650
408872
348207
109898
126072
674288
41916
912409
640826
231274
843804
648333
552444
149678
78639
249577
174002
914938
86806
384761
615899
122431
874725
74542
827612
111482
780776
149581
394465
614685
787651
222770
80525
750670
311964
484919
519088
957860
719058
974492
99197
971432
794548
98330
234847
989778
128148
350645
900959
589070
613132
421294
860140
682397
28313
608592
137674
82310
536597
600003
977297
438217
16839
344392
561657
918819
957754
663833
40911
62748
344818
998954
496196
490866
384372
989594
268352
903096
257278
359589
873380
731845
490511
905845
745805
170603
263799
301065
953532
512573
866417
587204
508533
553597
671911
252959
966628
647944
254107
103411
708924
432591
301364
735646
114426
907958
553737
507465
144736
332995
749019
382546
28443
722852
584961
307432
669714
426336
226888
775567
651839
836336
622252
326765
153288
700173
796628
267959
281423
516123
828542
929500
685885
523971
713195
447862
23515
716121
683702
589298
554062
146951
671768
175421
975822
274430
843612
865139
690309
743489
892125
527056
53153
271575
495850
96780
503516
442415
817392
44891
188704
440074
813166
828634
698247
814857
630032
717327
84138
649266
115130
461911
197414
20067
847745
586744
195721
98970
565404
346579
113672
737507
252571
466123
103855
295507
774156
567602
565424
448706
762953
307129
850344
743818
767235
198612
822547
463827
276483
776420
296839
227035
495411
701722
903045
15266
934626
102306
938552
375523
745746
715361
148666
957537
539148
821275
291525
435198
198414
524892
737107
107652
647370
677024
673919
573515
392508
130538
670092
707080
820955
793433
307756
531564
127728
529212
257914
451474
733727
242724
580867
731998
115871
933043
371645
431318
368922
752597
33537
600870
724208
381619
267890
970741
610160
590666
653269
381653
906175
698506
731780
4824
126034
353989
338928
42775
789410
538143
166027
729228
724450
942446
58438
288850
822577
471996
616440
855400
682134
648275
373050
467103
342865
609239
533593
288627
461754
390432
436459
398298
206267
109571
851501
291220
918556
995470
179508
767803
509819
245634
733790
494914
651547
226859
847150
806569
482040
608883
733504
604932
741024
727421
971270
808292
165119
153826
166585
544485
340136
488542
380709
566701
854291
141983
330582
851393
603042
155172
552025
501555
632092
535078
603975
532945
727142
215204
391223
800718
456197
805728
961426
11797
257250
822058
283968
399326
357011
666065
237864
176328
521752
202520
727661
15459
117837
468234
556991
514055
372617
625981
979551
884762
386015
291709
156489
20957
936907
98260
780707
428915
815543
476432
864051
300591
672957
811733
735396
55181
427179
688329
171238
945857
661162
690897
98390
366202
238410
528967
65259
855719
719830
883221
425030
694960
744732
453777
334066
105811
23708
509565
109373
512353
850098
453304
927933
227095
895567
536489
598537
512956
743262
777380
971697
526716
154037
796475
873102
286852
484180
249770
62272
370290
909141
335400
412415
147994
482180
910332
808601
170434
482501
253458
563741
924091
351152
218708
595121
664366
994675
871439
442025
93185
919547
591145
253090
594677
500061
852545
811951
467294
4454
416360
435492
430612
140749
157826
549349
47034
221320
484873
910809
510279
487013
177378
646108
714993
86665
412753
180322
64279
735246
540073
654865
692688
634156
476652
959493
6521
46067
249578
389715
414294
110908
699086
834601
252984
720939
108747
665723
404612
640792
219091
788334
633933
808120
805600
100826
265774
550006
248137
345424
169597
275087
844967
343016
856292
21513
671977
379623
745631
355907
877643
70046
606502
717755
483719
668415
930021
622896
684742
97939
702241
987115
521829
740875
492561
941620
538275
351519
916442
400285
645955
874833
194880
740390
249912
875517
326786
516673
621810
476787
515472
596820
528087
410030
743437
577417
438822
310133
633714
626668
162299
71079
957165
65737
717676
214748
260623
846533
749134
870558
446716
561470
869351
209358
986536
642232
637304
667012
171790
400668
682062
900355
357123
521983
632461
363540
171501
301356
181784
869083
748716
283151
333233
358586
674245
52896
108916
292597
447280
693579
143260
445269
911029
389490
795281
736465
142774
451564
242431
48004
327129
674150
293255
187948
993903
436705
89536
745588
14950
809117
432835
925857
470880
892659
190432
126510
53841
172257
783180
196621
838020
680282
622883
437286
293332
203953
258978
535646
189701
536530
409152
951171
600391
190413
991608
52552
798074
771945
191217
188772
202922
552398
423617
773870
555092
528147
698830
270310
243977
873344
908389
452489
689538
275785
889752
764346
773271
888720
33951
429991
831405
428092
964812
405167
485068
149885
428230
553613
168584
507390
993526
495075
372894
744127
434747
907612
234536
705173
843628
278371
985910
572161
868767
902861
544175
858091
147460
293121
655353
230765
193409
261409
849397
209182
769543
666687
695623
564251
741526
453750
567407
782692
953206
287585
887028
259295
889169
324044
383372
259307
805445
519103
550121
518636
758408
220738
42752
344744
24599
307339
257820
710400
716397
814116
658094
303281
786700
913751
57464
867894
916071
904387
478696
165773
379303
791284
975377
856808
759572
655773
508605
589949
765820
529875
455567
133534
700750
73872
912392
670785
442384
615658
427517
474620
914495
489110
575272
748773
386423
587049
430027
23419
633273
98642
104338
371919
597584
685722
359100
81887
864971
645348
117694
723513
653584
496544
454139
313218
494026
856986
477463
678782
116129
692220
346440
104618
188343
896714
104648
516584
216595
34364
998951
410356
506476
255911
132791
362915
530190
472932
844765
23822
763032
162003
546750
293474
998140
54319
835036
572610
641717
166167
944822
631950
56145
669910
443570
624341
455073
680364
619316
168839
870820
844836
118939
270130
923917
143724
530246
634197
725387
742563
900851
546055
130132
430896
503569
416872
813355
628501
916362
494034
902495
65099
242188
415677
268375
287809
784531
327700
999497
736896
13630
386574
327722
528930
763408
45224
525151
363947
124956
329410
740930
505118
138359
2998
966004
894763
156973
280756
979760
710673
907549
236820
463459
578957
693614
685873
387560
825490
373137
12919
772147
80578
553405
810089
874426
376390
246382
134939
615703
379453
239885
720587
203711
988854
909753
78042
114988
849276
625475
925658
10412
816080
707030
213157
153687
475567
37876
654555
525586
204292
126643
731414
98248
264352
160879
77781
594081
410879
604639
628668
169813
106046
890346
781955
646124
331150
670155
924261
481230
203402
763114
163447
656377
51696
57611
512769
569863
164657
888615
340782
69400
853257
699250
481493
213859
718054
775431
4606
232323
314885
378687
321547
137624
982125
622587
715627
78117
372811
562310
687773
801928
879672
282537
428123
497766
702105
573333
763215
716381
384472
239800
611008
294705
547089
736879
641945
476177
349421
781515
184248
370975
315767
619830
137009
478749
623174
472062
532565
659441
880444
808252
380444
429804
859170
745669
22585
566015
840132
733936
89548
940132
862435
865651
861484
378613
300282
367688
395050
832037
75285
376658
202808
20237
120958
877750
919385
892547
366419
404694
749251
213448
189761
487613
718632
363032
445110
431118
912777
132014
568797
787329
71275
450725
502575
644386
372793
112586
853037
181114
511355
554288
847416
576190
461622
613810
82983
469133
211292
614463
876540
365541
645552
53509
535802
531639
961927
680480
493880
791969
855582
811910
710836
977147
174257
884072
138761
792639
188097
722138
495502
123041
998578
547512
65386
683310
583518
62785
859642
429750
275398
535300
601669
492826
584514
80916
396100
643316
776238
655958
39313
914900
856426
484799
692927
811544
156378
482348
343945
612691
701000
615850
667818
861541
570415
20512
637154
614187
259170
194174
433735
187763
737354
927875
477424
224381
190728
622157
705233
134350
634549
893198
802856
975250
352238
476325
588821
673345
501482
345138
256105
902013
208355
481878
658952
989241
313365
782500
946044
800636
849430
691549
669076
975253
8445
915780
107125
710382
454023
319572
163390
326141
408021
222711
183038
930813
883493
637865
426702
690984
136485
36847
993130
996471
855396
258012
210969
92841
342596
474908
372311
36150
754311
775998
63641
398006
933169
475313
701998
547886
342765
794244
691472
19320
895521
569871
628017
101902
318954
587815
537208
555759
100293
335709
796087
702914
438323
17139
642982
618534
559438
21175
388717
819084
536577
253452
639775
898733
354607
153264
654312
884668
436680
742002
556181
958020
353920
278900
713212
509619
249928
674238
368834
924347
934170
994951
348243
267416
994103
753153
632475
407613
489440
419457
962700
944609
769743
554895
271913
56757
48697
45602
55492
480361
292272
361694
623493
808989
498321
522345
467307
298477
774441
420475
115857
398416
814621
636063
4580
188568
911945
402956
406258
743905
869595
921466
119569
861536
367523
378948
973302
43372
982229
987126
111985
33291
640082
581323
335563
429512
211267
65382
232110
393813
11077
645969
399700
377944
881534
33284
487030
375272
379553
345577
104010
131578
227083
558608
377004
629331
610140
603014
756826
829193
337020
748468
848896
432637
449212
642891
512049
797374
713504
819148
831262
488102
170026
115410
461550
27659
37941
365670
142424
483907
215814
194374
653671
670785
385633
894494
174593
200060
305714
548644
142126
341565
648456
827492
847464
459477
187637
282037
272597
145751
983569
696660
726773
242231
708372
581947
357269
786175
580785
136313
726150
235855
848190
484189
131451
128796
997232
697043
793073
66897
858023
858156
218505
137427
881464
458255
341015
329457
825829
187031
323990
770599
445750
167357
396340
444264
717830
513381
915301
6237
991897
180429
73948
764967
369715
643520
804054
466428
109439
409222
751462
152439
392960
228385
36793
976350
695239
692904
109192
982771
662908
874719
684075
378962
897716
977824
903678
630499
531522
783734
407399
728902
18098
55643
601171
551213
363668
242855
201978
934136
923116
562438
64951
63480
662950
782330
553345
753204
882596
861481
370441
896888
215264
282037
452366
351498
117562
664589
464783
481856
416738
642269
272678
828084
943679
140481
216648
287102
174971
812435
542832
588193
496758
255364
381521
846541
762281
787924
14934
881490
312895
850385
275665
489512
213284
599871
465983
980487
580916
749011
282626
53294
12055
458469
412205
958606
831472
773687
538313
670303
297837
592958
331835
571268
375296
300391
599985
422804
227011
30680
712432
922998
715821
302921
367476
409973
270045
347056
406104
782834
455058
941171
40462
13472
267671
182718
524187
213885
416684
197540
203143
235940
230940
473340
916940
262503
808285
769563
56508
819360
719674
988801
699711
545728
262239
52095
417658
79137
187526
131843
60095
945420
389657
38114
676465
501510
909423
638938
632104
296409
16725
190101
363434
907335
367183
468602
108869
700155
670428
978584
434003
32885
334458
64490
561773
940871
817516
813511
312008
918138
284129
322916
867184
320108
403177
803584
469651
351292
852359
927729
513038
280775
272914
279534
893501
964693
446144
766665
894199
259983
14596
374924
438605
713991
909525
924026
292565
684480
19332
6504
333266
809599
63037
114815
618198
215206
405512
735324
672066
397427
445025
416029
826578
960028
543058
306539
551485
614297
885543
737922
733582
958296
836271
593463
598441
132944
973744
833742
214301
574335
147236
393576
755384
326188
540835
631245
802349
701588
583774
84219
812633
159636
524654
268797
771663
137650
718495
717088
339238
108112
902168
334248
264893
572284
867622
455775
404809
792405
952750
854220
231933
905951
884791
787726
559448
364462
439454
166935
648866
185619
734590
427657
230414
487979
950966
421349
344775
563493
710434
386111
652567
304799
594691
559285
909740
699407
130395
512979
335614
595823
173830
562425
538229
439741
284280
172386
682647
944458
582704
637762
355203
830484
353255
595099
225750
817149
572354
912918
303156
144363
686161
50063
795011
541318
23575
428377
872695
832412
878541
574207
348671
701245
723740
999343
845913
538948
870832
604773
467191
743459
491304
309190
107102
575595
716659
43248
614822
711850
309370
662158
635238
563265
856768
631595
795760
24518
869339
457487
918681
449497
635334
680910
114763
164721
677911
393462
78436
928996
406335
859912
448937
374840
272086
244031
439469
948743
993605
902949
787561
411935
901196
67945
9335
690547
730487
344118
543197
489947
622275
554848
342145
322929
969190
170530
496769
923273
712088
876163
688037
867175
362591
538936
322556
275895
232124
873254
508857
699618
861549
457565
235701
830656
457738
646463
538361
17801
782438
879598
309488
76171
567970
81188
466678
493583
803050
568327
450905
327419
244695
101652
54792
9620
461667
574122
31042
378818
840085
984124
89751
579698
570502
705676
772901
135536
615945
200495
783558
357037
144515
135387
208193
314889
796480
78874
601813
876395
925266
964297
70134
739704
862621
996666
55844
932053
419175
951854
709881
572679
356395
323679
653910
228883
637697
915573
138412
91930
678388
432396
630439
435865
651366
641665
403089
236065
818145
937135
482376
198687
181368
560085
166734
551694
359998
749327
44408
794355
179191
175197
673752
157480
968280
264311
832626
403681
74322
398240
547869
314669
980151
844847
704785
899769
711552
761519
395427
620858
913689
351611
502327
502216
876448
845849
754902
21938
294095
114907
769612
660215
237311
971704
375993
626542
487494
273625
145544
531846
686898
507948
814304
219759
718113
728063
26583
947263
94399
880352
986539
683370
614528
66219
723223
909512
20007
353181
601878
171929
224348
694832
211390
748582
585798
712226
677418
55602
77658
968793
595390
595425
531714
721844
857927
188319
745204
673948
359817
173021
968738
190516
59699
41506
669043
286242
474277
617863
969235
720749
861642
908001
534554
5998
254813
372545
8529
860409
859442
342541
343846
555774
378170
433221
747581
304740
316481
387003
253278
711326
798327
479875
371764
522171
182954
387319
715302
711092
124825
993642
963130
800491
996821
82936
346886
590012
714201
937859
541600
369045
28281
524476
627361
554129
917534
226200
557877
971684
155287
289938
625439
615369
855525
989287
616778
447054
435802
423057
623915
68180
847272
341897
486182
343246
732081
136219
640209
950099
587845
740143
911271
508205
337494
357292
136636
686678
28740
960393
320881
174097
880464
4866
789593
5286
710071
280055
348664
547064
987547
389046
576631
466161
578877
41701
778220
640915
937209
548911
500185
589775
380506
321164
815780
159463
276818
162155
343486
527538
569889
497950
347988
627780
380740
953976
778768
30022
29779
419506
646311
411309
118958
745137
701030
24086
264680
356890
721128
414973
599198
659533
207946
889536
875885
66780
452891
134415
867302
836331
548761
473249
260609
358395
236140
185406
546930
868377
807347
309503
396523
768462
476373
214387
866589
854757
284153
360229
534100
804359
74215
869888
726770
634665
170009
199151
17648
233018
585874
557936
510308
62238
978131
844915
640022
424085
36461
653215
541441
258255
992526
306723
820678
475692
93416
165773
109917
82140
669511
591230
987942
722031
63386
706841
705992
856073
837609
703451
769665
74404
97898
656433
143735
558319
976816
501956
268039
810350
5602
255033
989734
284537
664924
904675
729373
994131
390892
673893
571529
236062
97279
749239
339744
85903
444008
418420
938263
503576
444579
644052
996533
406707
470106
931181
352157
169236
718249
93660
815232
946745
631440
42730
691452
361721
711286
426632
529170
965316
39484
203167
703337
965058
166441
59
982841
917303
581250
280705
143738
123069
780231
761093
240822
815980
944238
699920
708292
851542
858383
580748
799565
422938
139156
133385
854105
170347
64151
216638
671519
525768
986843
508622
586587
802657
331836
472870
446803
866184
204246
976079
964116
512600
913057
230562
915730
226344
325764
332694
94352
271969
893247
285770
425470
47277
657075
897801
327152
891893
940698
421092
875705
687396
945059
38844
184241
179773
401696
28614
57314
616
91018
404543
334010
164796
597759
737
325043
48588
639284
684528
11483
394224
776704
973216
996318
691192
349935
743321
534562
278458
237056
784331
952713
82100
622575
322127
353640
543850
32292
411108
713795
968026
144366
265544
322531
117989
15215
147642
481292
904122
547308
79653
391656
195795
131629
64878
65698
526302
330370
951929
77954
792038
102915
902470
393041
344581
754789
15976
958495
914199
520272
265634
899323
255412
574573
939695
242142
964359
736200
97607
111038
464934
785856
70969
479232
532535
626344
751271
52869
65171
154170
481428
315676
843029
535777
336264
942018
704051
276032
353829
767019
722447
598603
74704
727582
835331
866362
95128
889036
120792
250179
570919
824312
31720
509334
578124
490311
124724
607406
938131
634736
154842
806340
941429
844569
32123
692913
510490
662705
426257
287750
704986
988920
728544
693058
483450
200543
310658
234205
669749
816356
549810
150313
973827
810856
720048
72269
570676
779627
251964
679425
714106
709137
421541
453478
899928
197544
523620
456831
347429
959587
198982
261888
315417
669335
430126
364303
157013
450632
873184
350138
727551
635850
312642
382163
120765
721597
188638
717238
156408
314627
707817
678556
539883
943146
130047
479669
247355
502987
751730
587423
127107
378834
356856
528797
610035
811901
491692
667466
500959
657309
430687
153266
568490
791341
169371
541835
224911
934288
930306
197192
603033
792770
567359
261930
782261
718759
61983
222671
171245
881059
72620
190148
237974
535365
362315
862673
27828
974077
661057
881629
332249
859458
158386
863380
118711
898283
340969
700369
869693
965607
353490
926026
484660
310963
251469
789477
683730
212541
676395
302885
487473
249325
836272
812143
620671
47625
399747
220437
726606
624701
226455
110296
179799
294742
420833
815653
657500
442696
967939
304513
216984
858470
102163
285336
544501
863133
50643
981303
733298
38539
855392
295555
595722
535261
964109
526548
479377
663741
813851
479066
699270
875064
88401
180645
769567
845881
532896
50827
129679
113264
426393
648909
550618
648685
453209
948624
871764
655821
296056
969344
451672
30149
419764
626122
695976
451600
683343
969052
31342
52686
613351
148898
43506
736627
201905
633138
72680
378478
750028
584338
198114
168751
230868
42113
373412
124714
137018
22097
436433
458565
767792
687583
526313
566738
737385
144420
154933
347452
876708
648997
77867
20944
158276
567171
729624
999975
850543
787940
81573
702000
446556
718731
359057
856723
814347
574430
991664
580833
912030
977833
654924
734725
820200
924723
635828
414939
991212
414992
413582
370324
894006
823726
491533
815666
716239
18657
197692
327064
931566
28872
562987
527552
983050
398246
555320
501713
584474
638065
478452
168572
112336
208292
334780
921876
509830
865669
936677
436340
624942
537824
396496
236260
146018
77309
684147
9156
886917
870425
615528
337378
870535
896318
662721
951983
979043
309749
808057
990261
787040
865269
996955
703232
899112
519489
390210
612080
680087
877428
205270
161743
984876
316923
412253
424552
528927
285915
698543
119247
15343
870530
500220
693540
173318
197233
323356
439949
259631
436343
752557
163032
375431
123670
606431
233021
986837
647061
354838
209357
60950
476628
374261
469497
527480
296745
521671
649842
433730
615630
11474
928438
82048
788393
759802
338793
134504
152161
496578
382654
202603
13514
746810
789762
235506
253736
445241
19858
903923
39355
721317
909111
37504
277619
687573
710813
99441
283375
588246
723087
326761
716457
827062
523515
337536
466514
179769
50815
280705
680956
406383
800881
141885
166128
355258
131264
780963
772822
581258
154847
277662
963665
791379
502370
422400
520788
648769
521904
532879
459392
164697
718466
206819
1923
372946
499718
132961
339244
901257
247514
958858
683298
108897
366191
817685
452736
904876
564019
333656
435343
51419
536254
525605
904676
187490
847933
996896
201569
462883
42046
634071
624387
791141
453033
638430
923973
362632
433889
841688
505022
461274
440105
747794
795199
977403
744820
502176
76636
906030
62354
92670
150972
210516
4235
311530
44788
478780
987561
414713
795300
146311
916589
880834
263633
922659
710992
209218
612551
400260
157999
951136
668827
514564
175597
141767
584310
966396
680643
384749
304248
170933
499059
210093
340271
791458
486347
202544
208155
664406
289351
565478
358510
72543
950983
822130
657138
88059
617236
919683
582424
963492
20614
169008
792971
446924
742085
798839
958407
422630
704265
439981
637189
305403
479582
316932
626796
750888
951770
455166
403579
226193
636015
12350
757571
617310
529379
163586
943596
781598
294178
630763
120492
907016
289393
936257
97460
1243
791798
179564
248483
331566
254273
993742
11397
631506
155031
570729
855365
291546
34626
688359
923610
124823
311470
383075
378528
91781
414662
95859
582710
673930
975183
561026
20211
699609
379966
623039
825387
611432
190750
168808
765530
651221
577206
706142
176903
187110
305452
795318
183035
144462
914770
738746
102154
255693
264299
239689
72967
363132
727360
503795
556906
15208
995877
540043
763852
381970
674432
390763
217243
638760
45415
508389
512938
864843
367456
405565
957585
955080
78615
460553
894156
808774
656904
576417
910816
295727
314283
518141
501149
319794
531965
299270
499386
646671
665865
370299
164596
594551
480442
823301
792496
579422
509305
150520
492324
98041
586687
6239
292943
342398
310665
364942
388612
126328
408362
157554
808624
925816
465298
948559
941575
33161
278586
620410
599114
450837
272209
398808
951614
211272
760922
242576
428685
757157
424083
563924
896815
532146
255397
981122
577825
790337
600804
123867
329501
55195
19690
586957
337605
885408
177878
586814
517588
357373
499735
515208
614195
750417
586366
938089
277750
708199
63327
179180
284822
250308
335092
205993
813721
427369
99946
639328
995001
127394
290118
558173
904803
477445
344123
121978
697819
572165
693204
220524
730281
568982
3749
438627
634406
638151
130421
654390
272216
359627
911285
11893
326735
753660
932993
244272
841556
326201
212463
709214
600495
827871
803614
658866
940134
904564
587314
197250
350432
95792
593112
625551
139810
566717
119682
600289
826650
484058
980255
17918
29109
650365
940158
861841
603766
22181
371568
413362
270808
230297
202043
576818
940969
364263
955696
861071
965942
550608
330234
240651
667056
626763
352248
104211
789183
352854
504170
521335
321135
785607
868487
969606
894930
968041
422893
937063
942383
211494
194914
72506
375361
625494
113826
993077
548554
14070
313091
498179
619209
878868
99177
844164
379402
863465
203472
260210
84835
538751
385345
429845
245194
589271
961120
657754
883555
273582
792340
386458
689189
972755
320732
846106
138763
241257
75132
514822
596671
914466
197768
634628
450547
297912
225722
333808
983759
72086
98364
459522
569487
635972
639255
185237
827594
124811
486165
41998
978882
694376
443849
534186
957893
775011
481328
885487
201647
933585
392171
304924
596009
266640
102824
476163
121266
491843
636427
440655
102128
19849
747561
373144
162117
836254
354879
382601
887704
691969
389211
937639
619122
773860
803907
95166
513250
905489
173310
418756
719854
171010
341652
714867
460267
490163
883054
290604
648701
953414
842326
930132
227556
766455
454465
90733
567787
782800
444869
629488
805191
849116
522270
164462
609668
820573
599788
728691
255211
197330
443562
997457
327472
162423
66283
242174
43196
692455
448093
548938
201628
294258
884899
485930
961447
299903
722566
262272
619801
164921
626955
746054
196113
694748
347742
536883
306633
80545
390999
376590
600220
451989
931756
210766
755972
470701
304576
6180
585104
919667
927858
925800
963923
985418
630468
307592
431551
614419
586431
676734
999445
432025
215801
677670
468389
173048
205035
39027
866751
653717
432870
65105
553642
784093
882605
60734
581482
605787
747575
711006
947919
515837
801609
525154
511679
648675
224309
310141
814565
672187
914707
690465
608767
516328
849980
655751
423446
403821
835611
939613
651465
809595
172635
306838
914892
106865
704292
591506
233675
573861
122017
987679
195206
322955
589929
917264
293653
911405
857527
639646
918453
197455
187222
380148
989036
669045
240889
480632
468872
493950
738964
627301
405258
1890
708274
415535
431928
192330
144839
972579
45514
437018
685667
957577
360625
434538
139564
327773
974318
618818
847831
918780
250893
900008
629598
768812
214793
600674
41499
999488
74878
635387
897578
420465
722787
221341
386850
783442
149573
523495
241162
493653
376674
645078
426345
693373
762318
730453
755247
191295
196214
927910
314489
672454
691163
84245
466318
664572
695675
220981
717040
348083
454970
755611
723216
904046
986022
757007
917082
671995
563533
94278
280065
137884
458065
589250
500124
450327
825269
991526
393772
365605
501225
917350
205519
733142
871286
856052
202002
20972
988826
486603
747858
647982
20602
185317
254730
375115
991781
763455
819287
971091
850512
583513
121201
602583
490985
25348
749092
408184
347698
451951
888461
708996
735989
522811
834551
221521
978988
574532
353945
200012
730384
220653
208540
964623
138752
883723
790680
598539
542077
246564
372124
864474
195049
265520
640969
570848
537727
709012
110292
830852
873861
890599
612530
899407
985369
833419
804467
782321
665454
917250
261917
80642
576291
793203
146096
151861
351894
25555
717196
238532
362021
966250
628061
154397
473104
518994
232048
493770
241977
146763
555055
942421
756196
109987
798601
972327
50662
19313
356327
806886
742474
312168
196288
923409
891108
5821
722415
319945
239552
753587
153278
513933
637527
583426
300886
428622
489318
396147
553504
674911
924734
689302
591800
499121
232870
275033
447121
764586
182352
259529
84781
214485
114086
472323
449505
720069
830605
711172
226904
395498
878371
853427
953601
678800
633652
869447
505236
947031
162553
419870
474291
436531
116041
319587
928656
94872
259882
821082
959434
909519
975506
313945
351310
904900
29006
99769
385736
93826
558042
269721
245151
917078
658294
407951
452726
584585
947201
734572
256953
534847
145285
750350
524099
593957
225883
274479
820347
388476
706403
946992
795634
87533
787338
559585
672662
971953
691725
215715
440240
46581
398007
743411
973430
534169
463409
529247
653335
825552
472790
665315
137631
716569
930965
879251
492192
478821
425153
138399
513410
615454
806189
540066
889812
211672
792671
962579
551796
462509
31906
368790
192301
433068
534918
526092
344768
167733
688039
750272
846239
725087
455422
322311
933512
538159
631273
990953
339438
291188
815535
930596
916201
795406
861081
5168
171977
240803
974231
446729
987198
382737
254908
644110
167883
843638
643202
888638
855398
99157
945441
15038
68491
350136
39612
885597
817351
512291
851656
504788
298810
448202
63502
794162
273527
914590
912330
531170
200413
719948
294395
430507
677274
814858
762612
107506
296876
246421
866108
330564
137639
695350
943634
509662
977485
418997
380729
725441
850849
948399
496393
748510
679588
574975
800743
458763
722814
272506
299663
791720
87269
20403
415456
81104
843872
721738
99182
358625
258858
191964
879334
13483
338546
880313
509936
298707
996055
192721
728583
780092
594679
528673
927162
469011
365980
664045
343291
741969
856716
35223
35008
65384
548304
304927
3120
453664
862338
764314
501416
364725
469223
196146
469099
490492
535735
584071
966279
838318
323077
674450
345605
766298
490586
3318
404290
406519
94759
689936
974027
363108
602821
557089
990014
634481
870326
662334
794065
445003
322234
970552
891617
21058
286152
764510
232922
527407
463832
238409
502616
915185
890768
372412
985637
228678
977272
814671
685388
384694
83045
873523
930847
984475
247647
637334
15557
467088
390011
786130
651086
770057
473887
757280
667857
728527
896374
776193
601836
27267
398133
503660
73791
931649
702131
16219
421200
649178
67117
900644
901795
332458
137988
60231
308538
461746
784274
547296
168772
978778
109751
389595
172294
794718
140291
930712
578921
360112
592095
451272
72345
121739
722543
435992
516957
941376
590405
520533
15034
41112
505529
526943
999931
603176
46975
901203
940598
332421
671941
19208
631846
884627
402097
159482
706857
133450
407694
199604
165398
932915
656179
529898
179868
701071
807832
365078
193466
503773
790103
122287
327673
851641
177865
966379
125955
118417
778552
543458
379758
730274
746129
434646
193857
124423
440322
222155
685333
467943
471886
792336
450681
139997
555678
979710
815836
13016
541335
33466
107731
471661
482766
795826
239284
855161
30988
130981
625790
350398
435138
694967
315082
989923
215483
463122
723841
235434
503209
480345
459799
554349
389295
20014
352883
521042
51467
538266
919579
964962
818052
191066
994452
252325
997299
640425
6510
140548
351203
988069
877749
642248
116896
91879
988531
85525
379139
609737
882546
632461
302866
214688
56814
771548
576802
36611
295158
40223
937399
614056
637765
974976
323039
954639
631656
26487
190293
594938
621412
687382
730284
773254
929128
374040
268150
727935
862879
203331
720367
770233
853190
794859
162867
376044
291448
213052
254671
290115
831031
404690
7435
575494
593902
250940
744441
930033
64773
785229
786602
386551
699300
241666
568144
548053
430535
838289
978273
724259
576454
865108
235176
906018
398429
723514
141856
681261
727568
846215
468917
171043
78540
496703
532750
460266
750936
762548
448067
822924
52537
753325
83993
416353
596724
310002
100398
657042
830005
243128
833302
35340
375086
658133
265440
839686
590829
159760
914450
580601
889011
675456
751324
36119
806486
922896
690281
812237
242207
716667
433473
820033
709170
528403
794807
767595
729569
149496
760362
784943
337620
79445
680499
271743
411896
742745
536900
993702
749295
482854
85993
452651
980401
935209
702341
646975
691257
323093
796929
404510
260689
846242
22576
488341
452230
399042
175344
869384
512716
238168
355232
108201
67825
813233
450079
260580
288478
419301
266277
58067
541527
500340
693859
550073
468965
431014
227046
146725
117895
68863
365221
838263
668880
982671
93719
421923
695309
109605
150266
843350
489738
828882
271505
211069
571629
420237
899170
746676
614433
43512
367223
259244
389078
455710
561204
962861
934831
578467
786765
93057
902608
511355
933025
662116
565466
536621
519920
397403
463319
370920
562349
12838
41738
524277
927475
482440
556511
23598
375869
756296
696408
484826
682601
667722
512677
101910
472636
956194
189818
131130
81455
130908
352194
428460
440203
713555
960425
337990
546738
256866
70973
36087
716629
361640
736896
815919
912172
875596
552539
894171
261473
500153
231263
769221
660712
893167
938295
840854
335755
296805
305761
906536
256646
640878
704976
243535
962739
125291
842981
501496
648110
965764
407086
290680
126367
624435
619353
819249
820939
79050
639892
98724
20948
534144
681472
251106
401411
502950
596020
952468
112888
620920
13310
144037
984790
306350
762412
715068
590346
938930
95797
52939
853331
922093
597529
155094
849205
719960
231890
46507
988095
383853
41237
620873
855856
629250
435366
116756
66862
610593
649294
818798
368440
986309
984184
223316
627444
846161
752414
769827
487117
327722
309997
115417
880613
95684
275331
414833
324033
942054
148553
5924
500019
371854
397773
903616
394035
705423
928636
996040
685815
917692
671159
822375
833044
936792
641298
643195
809084
315821
996893
407148
923291
909892
504882
333418
94684
180144
577247
955034
102617
557449
438640
320843
458735
693945
335559
450813
290034
552907
559579
796749
680607
656771
17686
609461
63436
906141
710709
960716
661019
555076
41612
402189
807438
881432
621815
869082
190479
567838
81165
845896
99461
487231
444549
55402
872659
607495
921913
184819
809884
802208
194877
178968
893646
173018
377399
271197
402073
393912
875683
274480
894534
714250
497868
668324
971176
461262
168951
287655
409707
466562
429970
274732
699442
213202
794754
3849
976263
495862
482498
977113
848412
656094
103778
495149
429728
402477
714419
896837
42547
355535
930711
834816
5349
27939
543809
942592
692518
649594
163864
559156
698477
11589
510258
973017
301458
976217
461622
911809
170689
823641
17658
305543
645456
848555
491938
328767
554243
696966
55762
980892
522015
794744
437137
640885
647109
535943
417093
315487
918233
727025
367670
839982
715486
970619
757894
921747
893569
2626
681764
341183
542908
30816
678528
899873
521099
515674
109957
203884
392648
99132
878301
949508
122534
719327
69000
796784
361521
354650
741857
538305
716112
367119
673008
922916
257762
39710
136877
996873
931216
237093
329120
767615
428389
782238
939395
558670
765873
892208
950257
531128
136893
595716
667257
674323
679175
946312
572262
329861
330169
728662
427369
378101
439735
104691
833350
322759
59669
301083
656420
658642
551900
313338
448248
286364
753439
989909
885429
170467
821068
702047
994111
276752
25882
237826
236594
512465
435951
243630
187019
623897
1278
862909
549202
731080
5728
102571
931163
841028
766401
705531
23645
737198
109532
967452
463453
511814
382705
668772
971129
249415
328685
989052
569351
817753
551541
240346
56999
436086
986745
858407
403836
220820
530975
997046
884201
15157
956953
88870
694423
597969
354147
712826
396804
118594
909791
914709
613071
563932
798446
815152
676932
136817
225461
340853
85612
844288
490896
252746
807663
220158
458953
80598
211507
791078
509191
714351
608640
50832
404151
240567
385981
49222
311464
969257
39857
270732
958756
983962
127796
382057
837362
2610
726640
873773
98544
448773
796072
860074
539608
222661
736756
895041
462686
780576
707587
298535
982476
695440
406968
517080
37240
967005
818542
202404
340811
699097
278112
144011
501407
177390
691200
886948
857341
453554
553491
263889
900347
395898
814409
478052
458256
60768
873324
412682
585390
34171
685648
214458
618872
69140
170812
182342
319092
843865
294064
148288
761047
26826
728382
942728
560135
473004
836978
274633
738327
582896
900477
506681
532096
958270
658328
448137
247544
77131
256069
275349
824857
360110
364266
196620
678041
441848
674709
519252
19498
196167
835295
362117
17506
181998
755115
138676
417185
970779
833275
303899
743178
748229
430945
193171
600245
875951
460668
40614
94844
601881
317099
128708
684699
625347
315960
792738
602090
986905
291484
172516
30783
84859
755611
311955
3870
622422
519953
116013
952798
914138
325466
965999
969337
117225
829918
519976
347462
160458
559210
54691
76527
416013
401591
736031
491636
438010
28919
371500
193689
837484
815105
776013
784804
712158
420628
532115
450732
339834
631463
960747
664283
85187
3190
711406
886320
734094
489791
93187
126055
294900
163095
615872
845857
440408
576058
863734
964706
929430
398745
447950
106017
661377
505897
862876
942948
561566
900848
275217
74864
555777
743863
699522
479863
298101
189500
30799
306665
401671
241084
789262
5291
381106
976422
847214
309021
849777
223819
166948
134966
793566
706730
718393
97025
899369
497672
233544
702152
908445
755967
491726
826634
661344
948142
392884
849115
793353
390003
978171
697470
105701
860703
234674
595931
536466
185844
856893
899083
942767
40172
274033
430264
233056
954728
279598
637760
377927
804306
729493
190951
39008
454727
397631
457773
144566
557232
48992
410811
685475
767523
874355
939321
737873
693890
92274
693057
324442
272196
650715
755308
704176
670029
572412
482390
232657
862824
990843
731835
178686
216429
139948
150775
383889
900342
416984
802100
801320
275174
811007
128305
820536
740249
5002
257426
423157
964770
928189
79243
586092
520501
707815
409021
582323
525457
638786
635334
966554
587652
598912
921226
100858
553995
770453
142967
439475
383381
368591
905731
956374
846455
826175
987728
245709
77803
957112
622201
706798
532872
443297
50214
437019
434929
831913
211008
88803
570101
22201
438718
73167
730651
828243
156215
611644
878089
943931
597048
857150
550062
669082
522580
31530
324545
304454
460974
334265
582314
432277
736778
935372
86689
421221
879145
765681
313575
402039
257004
671378
735081
444708
559988
878871
150776
409074
101247
247418
606195
390814
607261
177209
308132
906489
625998
214477
551628
874278
992416
981209
774690
647286
677112
713868
986654
439029
200858
376910
627746
138798
536443
376596
10978
130332
543681
872609
990005
220462
301311
467840
261715
974907
242165
218441
872539
481616
487447
365015
367310
551711
744329
143741
864026
446770
173052
125474
452075
727824
842689
196087
373507
564278
1764
91636
513797
530064
500836
726849
791661
960679
681252
150736
914761
164502
56880
282998
81679
160937
167192
999401
779682
787000
895524
520283
321513
192458
367676
904595
628838
17567
538841
871992
621423
556389
153009
638096
930927
55978
100378
694965
84758
685578
777685
804910
760781
367535
776028
623453
927304
547414
210483
932675
508139
178712
827428
820553
409055
741129
783565
251188
654103
457033
298339
421412
639843
369523
490690
104559
685717
616755
198581
492589
924973
346933
776138
136696
11058
725678
399309
632405
784704
957273
947597
219052
237058
268801
509791
80224
43973
449534
275414
267006
404747
513932
580890
151836
513828
737485
676284
101832
605421
879512
787537
191082
210983
133491
929183
356874
473359
272168
90639
627895
755230
180446
13082
864031
966630
525695
660400
541063
782049
904251
214559
946889
348775
857634
789663
493971
666546
349735
675475
507201
298776
59515
452177
837998
832988
66272
480784
187858
968138
6457
831307
400091
879282
298072
627576
751248
488735
470428
487870
700331
477809
681738
46930
547793
195821
921852
267643
285063
257687
498486
215524
573059
936943
166379
699969
841010
392153
356351
297503
174578
125594
643810
410703
615541
781768
968265
946614
630336
912698
884484
980991
382512
845348
114059
170814
448119
169467
332899
56463
825488
902922
891076
347973
606820
7021
620613
142767
135041
909648
846701
331515
937633
365919
140623
572573
908343
143792
925862
136268
589328
336971
548329
75753
413894
792375
211685
497825
531446
659472
967901
397496
548548
337604
742764
629159
742476
920516
523615
632488
764223
510925
479147
938696
866215
435186
435951
975431
150613
649164
880332
492130
575025
988616
107567
4838
503818
424628
505406
951456
984723
240885
21778
948119
892663
352698
110091
685980
81641
300516
276222
91857
816897
727766
501348
747465
238323
35987
283168
876026
725509
925261
336192
328867
369165
558554
861618
243084
675628
708138
472605
395010
722140
27076
979154
256339
498667
139623
34310
639822
725154
302311
556015
908633
880802
681537
515065
169399
173070
604280
208891
525117
953399
416703
152346
999665
646943
374434
8206
516092
315893
182733
567053
585719
643436
6293
939397
905030
394847
506004
369262
792603
153774
83537
533408
553945
325238
339244
911649
191482
293337
700818
918421
904933
13091
445382
258127
927024
313399
650052
913669
17947
808779
886424
511603
655982
385750
28635
70158
440078
346905
254125
87740
464200
503142
691982
356840
953767
884484
846822
245876
755780
246290
108921
925891
218761
762118
73910
80662
981356
208605
668538
801900
893539
459761
462898
830012
51882
554411
511933
442194
422649
776317
997667
829600
558138
639264
156326
802233
219550
558234
964566
643078
152159
310357
347634
587207
252763
375815
34105
401846
588399
187696
127109
437231
778376
76148
840010
692132
761459
393529
338679
954063
746449
525039
373106
908658
406341
517395
959232
99706
571046
405322
416343
223529
262843
396127
829686
983838
847830
373194
513512
407703
818441
222203
666718
295061
222435
481343
161630
814933
667805
512830
188146
305527
745370
590898
627379
225226
348850
203757
284348
58356
402683
955472
691742
961022
774892
433619
620225
616136
959630
22757
755517
545432
188737
788460
629519
624135
990989
861766
955308
696556
400675
898221
581501
455869
560780
438983
774265
572138
733567
426319
387635
735669
383299
112580
391625
589325
896525
154107
550674
802214
852525
853823
71137
374708
727645
459620
115324
26067
85770
673530
595487
604959
74527
891039
997219
983625
724200
387508
170660
386239
555904
852274
636185
178313
957985
61412
9895
209713
97562
784484
922740
398183
781107
962682
566541
827742
763668
585965
827859
28108
292794
103894
311150
431647
659270
333414
509631
9852
60220
773768
912406
730381
137657
619501
246341
393683
671337
707655
986056
259629
157811
493518
678722
280806
431431
44720
189957
351859
807661
555098
167801
877034
157120
667860
631757
803423
491632
965982
93674
991790
645843
99019
105796
653779
819560
889525
851886
308375
58030
254872
320401
854049
24213
887214
938126
988389
415960
74233
205055
4614
769528
284679
538720
885242
177251
24113
154103
33739
519899
865430
702198
654199
835575
141358
829351
888321
220475
732665
654425
983428
61043
523072
640740
878412
278431
620769
937592
89979
60539
71757
765858
486226
730920
214102
211119
137607
964743
299616
223891
888090
346883
453108
900132
544895
566600
337687
958153
692354
837738
21553
22591
423218
876857
189190
739538
29399
348443
120500
932061
199597
777536
709830
720843
97529
576531
857074
131133
166265
428950
990104
543465
520751
768044
731603
849662
955702
569324
647165
927077
711683
312413
945805
803219
358783
458764
567208
665832
970173
418313
754835
529792
462416
393297
599511
991897
189788
227465
293885
239647
861566
91534
125814
645483
549660
862281
922828
140538
364203
409521
645388
32228
54388
180665
230685
211243
745267
521369
249229
306164
497250
26091
56029
809513
198267
462225
943947
572201
378618
125688
309737
466260
111411
969250
603368
547717
383459
744942
57344
931631
518966
983699
163442
666684
115438
29307
971933
74051
847601
673709
275691
643687
349924
288336
777160
825806
774864
375289
916451
42078
298327
447074
174217
671888
263773
233878
829464
83881
297007
627867
967480
816524
308054
146616
834957
355160
119494
185754
793523
57155
402025
154160
570504
352885
20104
465457
317548
314485
417723
94864
464770
922121
947546
252141
145375
285418
659354
456757
415217
407460
17175
286717
243406
143662
860848
939709
19009
724459
274264
603590
274775
56988
881744
983564
778876
611292
519159
842774
713717
206690
768039
808838
295561
935178
108349
694717
879117
580423
608841
644476
140484
178269
520598
798988
100918
685940
443114
138043
137857
47400
828796
791092
216854
581800
653279
145870
778821
620147
261848
355930
786563
448666
804377
733895
464055
90331
480905
108009
178828
111004
296735
882837
27944
328101
961214
853419
559212
953564
279022
397062
385395
76800
622254
741294
971227
644332
88714
382518
550397
898786
821163
231533
62771
694492
334811
61900
179818
151523
641586
616858
21684
877339
871833
312403
790650
308349
908796
353500
32028
347590
25044
159849
201256
877196
629114
808978
62030
200348
145950
806705
786642
117107
806124
779599
428536
475507
242278
213443
14614
634882
739465
527379
349600
746107
635429
919122
178936
547429
629422
812101
17516
96230
669352
991331
780405
464450
741733
832434
556804
726891
581856
330340
584544
483431
284354
546536
977253
635938
997475
719215
389635
149105
377090
593253
29954
249879
978095
571680
42158
943824
198772
837742
251758
901402
774048
984016
405415
75316
334542
416076
136636
232742
258053
135922
405599
615676
42998
573439
161972
539638
836505
453843
734469
249102
657638
678521
74780
825752
307308
527879
874879
78069
628777
253772
835394
251159
988514
586065
59742
903718
677816
457530
413296
47789
22908
629538
814863
417721
275501
453639
373054
218119
588158
351955
213800
831692
595400
243406
765357
206586
477216
19118
381431
836737
950443
961921
45030
386548
835173
797819
924630
254958
371184
247208
745568
297537
944120
208511
286085
33574
666808
918856
454616
764602
620400
523917
962681
566561
35626
38506
507446
389611
389049
487833
598293
948157
495886
837829
541708
294048
234955
322453
588655
805788
631963
896810
182051
229986
6370
121109
577953
946336
796609
186025
709566
50999
931231
562190
754341
62139
300384
767083
554435
956877
834807
287810
891312
337939
985222
73147
20758
8243
247424
295864
458613
614778
622293
892095
278422
325185
640729
328492
60146
81405
470813
22723
223475
490518
148448
86364
105922
964503
202276
686570
56669
543480
274955
89538
165850
533311
145573
295471
188762
980877
324677
584017
42442
583394
949224
195594
822893
907349
313336
628823
892915
779305
311887
366885
411569
752444
546288
453102
438172
981671
378767
905537
449394
791797
29684
244254
810922
198399
397140
78768
285200
924654
296498
511389
844644
923272
77718
852152
850705
131789
715347
810843
409694
16897
395419
545724
550948
73887
749741
606110
757302
674326
35733
355040
501270
933494
67001
922224
545424
728675
544091
494234
968594
409333
682294
524667
538607
502072
296839
622504
651892
111202
264597
633050
663069
572531
297567
876121
573383
253013
934217
205199
354512
708317
547912
52884
858562
118549
323965
422425
765272
749951
402992
522933
372821
96598
273863
866599
154220
863836
416582
3826
348680
458723
447746
526519
142031
133115
183689
42310
599072
931679
573943
102548
758500
829401
671879
870523
638784
489350
532344
407688
920760
690257
868230
644834
686438
287505
237762
166707
631502
546131
504517
124158
886634
131829
940277
572271
638344
529556
470054
687755
767595
215401
406636
793451
219648
331555
564958
145679
72974
536596
358530
930107
477516
835984
987176
217141
203969
334013
724508
251452
758044
478674
404880
560978
908764
933660
893313
968530
214856
688375
362286
251951
738767
972035
365524
642719
146002
744756
155061
75115
817198
132658
773940
652159
72220
225208
105467
59706
249446
696887
802642
33662
502889
173971
6726
259325
530084
314615
11865
272272
216383
781770
196433
159088
755914
991690
395881
856361
656277
619841
207602
722426
306292
541026
185637
297922
465351
543608
294792
784553
764576
545227
406961
382517
215034
327144
428052
223342
119993
65994
234631
943040
899749
11730
845580
220488
612970
460473
752167
190336
465227
751210
582446
386951
159785
294848
407332
678620
467359
122575
818069
546800
89188
611288
848138
68354
258076
783562
650735
183564
518735
554395
164880
901434
103235
810244
166556
65825
670538
653591
64361
441956
805851
509545
838937
627829
783074
83339
234890
333882
93053
261101
680930
575387
224000
48068
759623
182459
614605
706400
16290
847493
711555
943749
879403
681311
873623
299813
321755
579837
760286
300617
695800
561464
801792
538307
149611
645253
250146
262103
23258
775957
629429
29251
576448
468016
426056
888687
420405
399921
356115
210384
648785
715706
361775
992359
371319
857673
334121
462537
650388
297684
574594
165064
74874
820833
757822
197035
238630
627560
315943
218708
413378
913477
640167
143580
792310
209764
770015
246664
798342
520919
609967
882622
846734
487190
605913
44859
29212
600806
89724
441756
146621
893527
546745
736985
713988
522667
488944
895090
575871
479643
357344
986300
172196
208894
105627
980954
662423
289516
454610
507032
937014
121119
968485
655544
263660
329598
952282
386784
253904
189641
875738
240041
304678
609046
305967
929528
881646
345218
332767
338698
97107
218875
531667
185079
74051
114387
857370
942265
143035
44750
733700
42673
531903
68102
890742
43315
419916
296656
50142
394343
557809
522699
548511
93290
38635
226046
980818
219536
441055
444583
904844
904971
73305
67043
588353
262684
334963
197337
575560
51753
896494
807411
555993
779054
383521
747225
32789
481983
416973
957691
335891
738250
756840
291028
287084
382692
440445
79366
398846
241791
986238
782494
107074
870453
249005
926191
278291
166850
330053
609801
717313
965087
189948
770547
743700
374454
739649
564008
623638
757301
920717
122609
374159
277428
464815
431410
646829
325423
590911
603912
758281
865158
988969
496125
335407
306338
75650
485929
220820
412276
623031
422901
568686
882544
420435
203471
552994
518513
12907
143648
843763
182322
915375
879874
305363
640831
41849
131233
127167
848538
4515
260436
162813
98519
199268
749940
589235
67388
131362
811218
110718
873732
827182
33265
162181
403303
173190
101340
518175
813677
686938
927156
957239
271343
661098
182695
738761
380077
185644
463998
498915
737739
70787
958509
413965
597306
170351
818556
616510
785723
749452
728000
818638
122308
24419
101382
75271
294656
217566
293345
254663
445671
211702
869816
180081
119962
515488
923286
19840
563493
678734
486063
683487
518391
400841
916372
272727
122928
969662
528500
460371
285856
697482
737303
883275
186562
67553
534030
155646
107310
69155
402707
627296
468961
873972
973573
80309
821237
256146
999087
92600
519633
23171
893697
912702
160829
389023
556425
688290
74467
399078
313540
300490
782259
650805
918630
358629
944250
20766
711451
28162
139460
884132
606248
273779
544698
882252
540032
355648
18787
534689
513336
450863
788012
136273
110496
376405
985645
309851
57424
493472
507366
937114
188593
941885
584811
285482
877233
887870
515526
503886
630556
921302
962587
555982
455977
684440
288483
61130
172020
683726
385549
665360
746800
738633
17703
541896
628662
626081
285740
525002
606640
221401
858796
183542
130344
504283
446703
327487
158178
217118
413192
718797
462360
237601
565910
971430
699738
564138
652442
468182
797486
530293
799085
224103
902098
787124
484447
450540
233923
917889
765823
628445
790337
565512
351806
69640
416540
658754
470
788553
842217
644788
270214
216646
297235
938385
991773
80558
941883
766190
686906
399750
245759
324892
529615
851640
121259
790350
478888
501431
417325
956453
86503
965569
293324
635106
251205
340448
693928
757457
829463
460950
223553
519466
619290
913968
782395
727455
335710
520728
265660
15728
362125
886461
104783
343181
394094
867583
686141
528938
574012
186640
876598
389191
607721
336704
952914
359550
516840
207771
622407
461377
598394
585743
406231
886802
597218
106907
263912
339878
501
535936
830711
195007
891246
805285
466960
70583
591322
93369
375236
992085
695914
237449
264391
466788
419607
348517
785396
162706
153087
765312
784835
888872
885762
745288
339590
120673
942354
390081
236072
555613
879484
340570
68488
365241
11536
357404
519549
889205
466525
135741
44158
666329
236821
283678
544994
800880
324203
255890
273792
253435
283937
601263
413323
498090
372028
28186
827814
705673
113311
627799
910113
516804
501670
514270
919353
108817
767199
297329
427317
17803
112010
489289
351669
637414
931590
875352
520084
605263
264164
752264
52987
585309
294518
858077
218619
466375
320283
440573
196720
359179
959607
733576
827341
764485
405052
75922
120977
848767
439051
468981
473025
500444
651306
569663
750311
681723
531090
668493
633142
241376
448442
52773
453242
683568
606769
62463
267920
29607
55392
323537
281500
863429
446550
318244
462789
918458
692311
435911
146642
541012
721410
172690
288978
448123
500328
346379
568530
407489
763634
662834
200234
69043
344029
247097
616813
113751
449680
698889
608351
386928
408936
694817
942429
296928
412556
197291
545670
807301
215773
773017
273382
67819
322837
69410
92279
499285
379415
156316
580307
713047
552594
530766
527651
832127
929216
992392
880801
366911
102032
535146
233222
629866
215816
268136
613155
994045
684079
483314
870330
244298
475174
304828
547437
162133
58952
28248
421113
757330
471052
572563
217975
291772
48290
289305
867665
642760
67974
31698
321461
925853
7251
788335
547865
446979
616721
26272
929726
679012
361914
290573
371519
29067
276004
664921
803801
55120
837931
301649
349196
490892
978071
113639
982408
589468
320468
786107
110316
180700
139978
675187
597673
832171
661232
886237
425676
753036
42852
340370
537405
709519
787036
455482
371705
314550
826324
671392
697810
158833
847351
141580
725888
955541
657218
944485
205264
15010
797289
914325
264707
175008
556499
59452
762565
792952
919347
106411
10788
32458
972987
116919
474350
460344
908485
782315
70158
802573
191258
241636
463830
855812
949864
327529
468247
651467
92270
271009
805782
974604
734862
837682
643242
366631
993324
822277
74344
647511
381781
673056
916108
570417
879931
725802
753074
410137
149589
643490
646211
807121
285508
501078
674667
529990
460759
521414
56962
389063
989376
343890
805351
775381
243723
856685
343220
237416
289195
715563
74614
844116
877406
733683
870336
603030
959118
843021
878067
223897
492783
189448
858188
167084
850220
758544
63455
343600
593549
921342
239117
983564
819181
141559
104084
723470
107749
599281
670338
153610
652156
97551
158080
586451
459625
230109
836153
722433
56603
166422
298575
307126
879593
399124
157066
246337
829571
813760
22015
392827
632567
713654
372583
143038
416674
805792
671678
59056
228562
150235
904370
673644
425901
200310
977980
764025
818579
403508
218788
968867
412993
352565
872925
367450
983460
157270
621246
333803
911717
776460
561846
599398
555813
836711
375627
24045
696527
243083
634971
206119
415123
615109
51726
722111
876346
196372
606052
421315
291798
701920
629741
644411
423196
567557
214136
534222
188857
830521
566074
652368
903222
617118
188331
774046
770388
781537
736019
205321
538060
101206
956169
8350
329727
87066
63359
655982
160408
993890
780355
490147
312530
148409
4343
474734
162794
594854
243509
199423
105598
232151
769187
817512
123835
326585
714872
362360
361449
414977
562797
767732
301869
430086
466047
170612
499147
847420
926837
160609
809488
408518
11163
68184
165197
673725
883858
48438
845377
283109
168297
671587
29224
95204
56397
277558
694881
141878
687214
92384
279135
18363
304327
926025
189533
944518
343583
514803
314417
768782
368633
221027
366377
172610
897110
293574
937640
287920
245550
976862
721492
997687
192259
341141
472592
840891
793971
122589
552459
909682
802810
997208
194417
856342
685424
71345
377966
307989
424617
486122
543148
485443
80803
243288
782037
462132
863553
544312
980526
300356
188273
277737
156428
566891
512244
504846
923988
428906
21743
54279
963134
980892
731422
919405
623558
135683
231824
765103
943905
844788
143918
183030
985027
907395
390051
352621
513985
889147
949842
469452
921706
612869
272812
266221
375013
218212
994225
402969
248248
478297
998528
718116
25844
106800
301140
917258
588190
760920
391790
478442
138615
701062
617079
883934
825150
994974
61194
182973
123512
397986
719610
510831
455653
962378
566009
35624
276358
835122
930153
180418
967931
294775
50388
207378
820423
929862
772027
177831
998327
211089
377249
89038
262220
1114
967774
372451
222626
102314
154886
731317
809736
589470
276453
703070
318807
823938
625461
210417
956541
696548
123934
765287
244533
258475
497655
958501
614672
421793
102542
27012
695108
20147
223746
510775
831907
84633
141841
20737
797901
144648
350560
373103
88886
960412
877701
880483
637958
232501
640174
212152
53733
716826
582301
33806
705550
529483
254686
680423
367685
476144
413653
878548
480677
358787
293437
1598
22600
480542
49728
664537
256194
93306
999952
856295
434684
938331
550856
833139
956439
286317
663599
429545
391608
824804
488298
376796
492008
860741
914204
873692
540770
656610
84232
423295
918229
901589
120477
960800
314589
36617
712693
135021
8550
153396
158428
260933
782442
402356
355000
657191
600409
312459
650540
226890
585026
997082
291670
311886
137085
333846
957957
758582
663111
806148
956831
352594
385364
328280
916148
588338
930764
945146
22943
524100
300035
926128
752410
897304
685861
273598
959964
688255
82096
973454
750728
239186
782584
356570
312766
892597
379892
749969
746967
241589
852719
105951
796246
282193
908682
731434
505516
645472
40973
182281
923000
276991
257747
748181
638688
167749
79934
297449
872529
930168
160839
74034
35216
631313
904429
732819
340571
566841
702350
485710
586708
450446
18211
719779
977617
810505
399583
630498
446755
166555
280525
455335
795199
985005
956780
895846
212330
94593
182780
326669
429835
757249
974741
720088
374683
616286
335013
995021
814166
76348
732909
634270
659168
764384
754297
522444
487913
143845
554880
960740
482831
459455
271426
314073
564916
241806
514105
401872
248939
18735
566744
835239
726072
8276
340252
89918
803497
751220
775241
787245
88946
297184
78762
17113
172510
878796
434178
643527
687753
464273
608276
194398
907265
409285
183230
608514
823932
867329
175163
971569
599561
359776
33542
120637
691842
878391
725730
762457
421318
547862
573665
471382
109925
4953
34347
183304
463693
726148
732478
236137
775247
166247
726841
420222
904766
464026
620453
51462
886676
261198
516002
503820
784150
533070
598766
32293
905511
108381
860050
131941
424244
366995
652314
903310
781793
297505
916943
671853
971041
237319
150451
560212
653914
272709
615587
459892
178109
504824
160708
385481
633927
968711
844111
588323
509490
511630
598853
272501
292708
234964
976849
169598
878063
897256
110589
703608
620357
986064
769475
117288
137570
339007
808815
402020
790359
698651
307752
400083
587049
567721
348827
665877
430260
246791
317108
141359
459417
542006
756939
379140
111484
247353
953884
723014
127550
459379
843829
450364
893248
270239
63357
995820
337029
636239
215184
934940
541892
697742
663212
835089
568328
200418
450457
398036
758000
594985
993874
554368
795003
530724
370255
92481
742559
146239
639405
294493
339633
181829
731976
474326
419828
528918
200706
88942
894367
715353
108487
875094
843226
732805
647313
293284
124873
765854
597591
657894
719240
653701
832267
646735
844002
954167
133475
194676
302022
817587
413690
378782
832548
891556
157635
915721
762194
521652
674470
300188
511211
578578
630407
183559
365079
634456
333286
314740
568088
213143
172794
111570
812856
80932
312170
415521
627885
179287
751783
186819
869463
722337
288089
582894
751758
844818
836153
561635
55310
742081
825361
375414
502484
569504
345281
138335
787775
489833
541449
314785
579568
395435
22242
913089
709280
904825
620826
841221
592355
739011
832190
675691
60006
31141
780843
30319
98124
388296
8052
579415
988992
597028
25013
525544
415335
780128
553685
187761
148377
776987
424611
329493
528660
482194
858945
802665
628476
619991
985663
826641
560337
938414
101043
316454
168420
605909
895371
483812
524932
186434
551323
118893
222471
537190
555372
172467
553936
831727
291266
756251
112716
752815
106208
686323
14335
985302
627413
223951
249697
879427
223308
728248
112700
796587
278387
30134
825001
493496
77907
919037
867511
650624
524159
869844
242116
149635
625046
799174
825889
98682
48025
198100
195522
66408
681212
454435
866909
783551
313752
969602
414104
260245
528691
11669
655515
71453
907580
870085
82254
946746
402722
366990
820584
549843
894423
340855
42239
180812
83458
39450
843380
371979
540949
64453
218438
669052
820254
843412
233785
290801
254887
94803
562972
849983
418529
273858
675377
775589
988476
18304
871778
105640
430326
124135
960225
258669
627686
354878
856303
35079
934370
997453
205601
166810
970556
566264
401488
544390
783235
771756
392655
905243
211534
685036
909106
927873
605234
678652
987767
119196
856482
962276
152925
528467
902452
689970
466886
692118
83467
23269
374559
707086
76094
283345
377972
38545
626765
543548
400508
256676
124943
725668
94992
505384
69597
706413
832484
485528
835013
694072
559685
262315
533306
85895
397967
190309
936834
39802
254210
833665
712800
872937
561052
75008
34960
689266
256284
307788
359420
180580
771822
637243
79291
289515
737147
192145
519122
143861
379099
606665
55171
142001
620579
865238
130459
174999
306709
977826
332725
742718
798758
143778
105204
937170
112340
877854
422007
388600
553190
197581
295117
717346
987270
742097
771783
84181
531081
48589
958743
718428
119783
653352
228301
329194
158290
801485
627815
6355
761201
437956
709510
922155
368213
709794
658748
728302
965967
848569
59594
496892
537647
211046
96518
442071
304592
516653
561364
532739
583746
166114
257452
5983
622886
960155
326447
702621
439121
232790
653513
982941
181653
932123
903036
895202
523095
440696
395073
529885
7321
890036
369632
972221
787519
127520
523613
701315
814224
585421
607004
680570
280337
621405
475476
68324
394362
15734
487419
3008
163005
73731
33621
45165
709729
772730
337924
644241
896930
390710
331049
715070
529703
213739
769933
40562
341198
398578
908832
987714
238618
76978
342918
834613
882823
66545
480125
87972
129123
870345
715450
331248
443961
403427
609303
964460
91355
813824
344099
395942
329658
619390
441125
867307
967033
242308
117859
154135
244686
329912
195323
537732
344243
275235
703905
204197
424203
916063
310783
995883
454214
417315
98490
384993
461019
600856
15092
57317
245981
913617
628199
870769
156964
38658
235411
711775
814132
342283
309093
538659
721991
286261
834539
760553
171024
87198
640319
70299
332868
964837
286121
933186
72526
975269
10025
363438
565345
211868
83797
39904
493066
467505
752551
811246
31050
437456
557124
341736
155332
522489
160257
299425
920616
336285
221557
701643
472444
638242
938526
472928
486816
827384
696049
887115
524751
779083
322608
860986
724956
3362
999923
848894
742730
404962
691818
741395
626245
127115
486595
551836
658567
103878
756584
768478
142545
386223
37972
983270
298606
419141
869484
331226
184023
152748
306716
849521
226552
165346
821222
249071
592831
873582
476911
113271
882036
535092
637698
588456
907018
941241
533901
115622
296108
995605
991770
772168
37349
797799
525360
846157
168978
502038
880890
793835
767672
817651
769543
510019
168905
243702
931786
164449
807891
712102
658981
642945
88331
785787
748361
269468
817992
479707
287844
630807
489083
885448
552449
92533
763778
520313
720639
376170
173177
243283
145029
730647
420143
828908
800271
837336
220574
655964
724312
679046
836221
646857
36080
370906
695680
32263
221261
586042
929720
789275
100088
943746
202791
336871
725514
119636
791514
685539
303081
852749
695866
607176
5120
52625
681360
861732
552724
459983
901644
462190
868143
413936
403744
318182
185072
468387
882193
681148
491983
537437
94929
795211
271484
330609
626075
230130
900737
395199
227978
540942
945722
119988
356749
920322
752483
385609
463485
397492
590403
89537
317915
899934
948602
74183
518456
383786
425853
28033
848420
557673
414307
745553
700032
894898
122821
710504
10926
969329
942360
380086
767272
305944
925194
14573
179480
940598
517885
273867
314706
902218
684815
364803
849254
96025
839150
908510
428203
333578
678529
240683
920642
611240
661906
541171
479476
466614
358114
588686
470686
346610
719221
538143
68865
423416
57018
767730
839636
129894
424985
413277
868800
514856
497979
511035
78367
145305
245373
433191
17068
533047
190031
271067
713724
928153
950700
472969
124035
869044
962874
838732
182477
593598
451167
911466
960204
721610
334439
848844
470704
737183
44610
620251
409208
85096
385959
433692
955139
408774
680331
616498
821175
653856
790710
741532
54401
950034
546399
440064
601474
443711
759861
527144
580063
154785
408172
266091
425626
683735
790372
338700
789548
568037
241960
950757
607565
172012
342911
398566
519673
871771
448495
263887
268695
887323
340808
766756
104491
927171
251872
98258
127575
625766
438039
210599
322480
713017
473969
861617
103068
981144
750022
151264
179997
817024
875304
72090
388252
134220
378379
906135
486911
996
966641
543442
963678
51176
306365
994663
969614
166324
319847
416131
415576
16259
37154
288498
970465
385516
493264
951825
10517
527591
279298
833741
928732
461716
373789
103817
306006
191659
190304
885818
62045
383055
589046
265483
633326
685229
594831
891294
804309
680269
619273
804587
580812
656394
345720
815338
418646
592628
950495
984865
4080
835097
193128
622826
910883
358910
846664
930600
15985
270385
113869
347382
386406
803414
429848
736738
664043
299767
632001
989355
276486
240982
455518
299880
747193
386421
999945
279929
120438
79571
565225
245994
190380
15613
842087
970420
89309
988412
632472
571379
590944
378706
102034
302307
51083
691987
339962
77880
583544
970155
56472
742892
365727
966231
331081
263492
242091
982760
432661
276351
474889
113792
546415
11037
564357
954616
82608
20951
123345
247083
10228
988161
136979
584096
426816
609535
167305
560592
363618
407608
185357
978786
735549
630995
606533
717475
801819
117313
16428
690462
963435
540327
195080
78953
722741
675177
722865
136696
13047
873301
879527
528113
911705
275377
733058
352727
978677
248298
36803
875845
493510
39747
685281
777670
686607
170133
949943
728815
766456
865709
444704
158972
107804
444348
291679
707335
270376
372760
358173
396349
72553
60637
562400
216254
369970
727739
884682
587862
815014
213969
590585
57547
54237
119405
984145
109865
280162
993345
320267
605863
794302
966737
386678
84790
964570
829361
147903
51166
481244
72615
908827
277073
318217
130378
8889
580006
269138
626738
497148
277293
996048
555503
524191
736036
431538
55740
852692
346254
866642
410966
429028
631654
179360
537725
814448
269793
144480
208534
981425
709583
728072
190673
907460
146151
208769
143616
307796
989098
875528
909114
559395
816644
933125
472976
411910
59421
542818
236760
451073
880464
679342
516737
870076
842027
267269
924837
957632
439121
919853
60656
755754
209169
44758
856793
214569
870065
975825
836860
186761
698907
819450
63852
593088
130187
108895
539504
237925
985262
173011
251534
186411
578768
711849
464699
583126
667205
180648
368645
449717
200759
797172
316427
641304
210865
848438
350932
912768
495106
292475
266211
966266
938664
869148
815197
217110
311383
596391
743883
128342
846017
469471
250417
949677
83123
995087
92890
542230
925981
640169
43623
967548
338593
897509
708081
932193
919032
927278
475709
205236
817724
93004
462760
718105
259257
198727
224915
905938
876043
929245
126846
231034
191791
208292
879692
923885
580480
473532
402874
866658
826656
630486
60249
482996
239402
435303
798459
606237
72201
776891
341325
201074
753405
614109
634078
58912
126068
177004
77325
977372
840793
254947
675246
264188
418355
933760
524775
559951
105857
552038
9897
443595
778215
28052
141076
997765
742517
879160
525816
710626
113262
289295
695324
804097
603964
567899
517942
654734
842584
515790
282441
309650
717317
783580
225250
160610
723142
346299
793307
330059
329637
600785
960145
669448
110837
150196
622232
490959
811294
676062
910510
702555
940673
769733
591938
740139
929440
936684
740146
240415
233202
967971
732784
149268
944620
537566
14697
859315
21157
712722
721059
559953
402158
447728
82417
10237
315302
323765
520682
439446
414276
894200
454920
37019
788019
257037
282990
597094
970939
509877
983562
46115
634958
300416
549203
78162
878280
392509
734513
359630
522144
816960
137736
351174
909268
485883
534916
294553
817961
495849
983575
96936
708782
804187
55848
190617
569529
445120
994134
734477
813564
474598
910460
749780
511561
502632
525688
259878
620858
578691
903599
973503
312319
484157
446237
297119
302088
981243
206500
202584
91759
429681
407294
665387
274331
124848
510466
58963
883481
389691
629369
710798
466693
381877
148753
109827
584035
601768
858770
187919
336700
281885
364632
370166
796047
928576
662344
521707
109596
526365
217409
676262
892919
173276
697704
110300
947762
191677
636598
890316
731005
579882
194178
423117
938549
143636
954769
966025
633031
636298
762461
571588
181395
893988
561115
814395
332713
532920
729757
40210
489852
465725
391220
805249
392452
661241
367719
606597
69578
421369
603063
891968
994565
313914
829060
275144
54547
290380
342121
153358
739072
115130
329360
298671
579553
533338
995096
948226
552014
54683
355121
166164
320684
305255
397896
956972
998403
306468
339309
968117
232472
932366
724061
178646
649933
188285
845596
945243
399104
426758
864300
18271
611696
296403
6773
394352
369125
397989
230732
956403
660625
748502
661649
487065
384451
222441
401935
689655
269805
771610
19582
204991
178230
824402
317779
482689
183999
392895
918256
484487
733134
794343
678392
188768
465225
274559
554188
634639
865706
565865
714803
163804
983779
322503
225545
464484
106029
500776
614887
4370
946318
92649
259967
874883
402792
234351
505193
409133
278077
703609
99238
525167
219713
455538
451945
916961
795075
659215
16310
353873
35976
972561
835779
573737
516150
961978
445155
134733
914549
284881
701062
842875
138833
653116
264975
501459
430759
142008
288782
527123
736211
8483
309401
886082
158928
761770
592819
437505
331449
69300
94332
810906
437743
152830
677046
862104
871871
367041
253110
840136
987195
983023
382353
434019
866759
163996
680825
519397
582665
873193
953095
537245
363580
526940
493179
271465
510668
206989
403490
322370
715811
468998
458651
158742
660066
495437
542401
263961
87749
403177
145665
802923
472189
488122
273142
919745
149338
356084
693726
522271
605375
131934
473419
930099
265603
801619
624204
405573
768960
441127
961429
909261
771845
218472
622489
135096
22840
257953
53043
905989
859654
423754
376070
663282
203256
738980
611060
372756
199044
597023
422964
417651
684985
740756
191361
843579
596432
263698
734229
359679
243920
73932
211974
964744
42412
262134
679873
545090
175663
26701
484238
465442
71326
905318
933322
875259
137241
701783
594264
717922
676176
705082
941161
7304
719048
794571
200690
451762
12200
535102
809275
338222
86524
849097
962868
604082
500178
243135
528938
730895
225052
34858
569643
612006
673092
311907
326239
177845
482760
215252
847129
948585
665927
767156
135537
513565
748938
699356
295191
697015
239371
589174
897764
707158
53343
756373
56448
402280
475875
860763
696281
88824
390313
355863
92250
541837
184165
967740
953811
233736
163298
773467
84910
691774
907591
789877
885488
927951
524039
776210
283291
787690
516428
211780
847639
175974
336465
209433
743884
744924
955203
65882
518120
528458
339658
323110
163588
399511
883032
113966
468123
757838
280397
667800
947337
307903
885093
344315
850006
180431
7455
936876
335234
93684
164227
34541
256977
39781
602325
872650
246407
514723
398263
475533
567198
523637
602531
594445
391495
716321
632995
433995
33075
157543
138688
48691
305414
889165
687573
478956
849928
105243
894993
449046
981411
38619
475326
553731
681419
996372
207978
254274
888233
900657
998645
570461
287233
105612
429881
908499
871972
799912
968459
864353
502286
493097
430506
883674
733804
360877
654198
664059
568397
677568
660723
245210
816731
19365
812266
911027
368395
353371
136083
231223
471109
901122
675045
721130
686706
48057
191950
335905
647780
7260
90792
532705
56047
207506
608167
123992
142312
687566
113737
514047
945775
570749
690757
854242
932942
529909
672633
293980
582264
773502
340113
258097
294271
882205
536083
153976
135373
479048
197083
30074
621347
892516
303562
885937
556659
493672
36546
406904
185213
471649
439166
916533
976864
877286
608258
100025
172319
785733
670798
453960
9739
508473
565954
179982
785535
280616
770021
12973
185628
740435
387481
95659
746517
462426
542317
884519
601641
467176
67828
426474
465086
448541
292981
890824
524363
42252
922715
280338
194619
279194
952134
179154
752041
645089
451211
21970
813441
84562
57874
556364
691373
33488
518833
660215
833852
363267
433356
950695
507043
125853
880244
859174
278447
976470
555679
540762
257752
892067
871037
591474
91289
328457
728586
1074
89430
59927
236296
96892
846207
647122
729379
394125
737548
959441
282605
477085
168074
249238
999967
122887
977046
108919
510874
203209
811814
969110
248549
379848
736622
497184
525395
334826
918697
721201
702786
814856
586952
238154
780945
162024
118526
240632
4703
865578
485003
910769
810423
671384
636116
311062
240671
340173
820052
442313
244282
461747
19956
765064
546541
688929
291583
591772
849391
394122
400082
637247
788131
775703
517300
906348
274553
128435
823945
869633
716406
47189
271615
41749
709512
776030
551226
454286
479738
493627
62047
813661
634993
193893
405151
158254
710360
74436
403053
507796
666616
295562
490654
593503
782625
889525
576986
498687
329298
628233
347699
33278
399629
653771
664470
926302
177530
398404
577448
769756
797301
217156
615354
17501
261724
73123
496258
469621
846944
38806
288876
162355
94040
635407
150910
774307
138452
190355
355107
857078
966639
9971
836368
48935
345460
140921
818070
238290
28653
147456
590436
259553
274098
415999
159679
899003
500062
203092
203886
884813
407045
531977
504415
686553
532346
11513
124202
961170
494166
936061
522127
243576
504671
738206
139860
841987
803760
228626
249614
856595
132254
500146
567253
274989
137454
237637
331547
828459
93709
805716
394400
472596
143968
342563
626246
710634
630504
128429
338702
450381
337194
314430
952384
704261
434266
327925
620074
81808
494935
123053
357421
981691
726617
79742
882718
916376
537318
149351
756347
233160
201022
437923
847396
368668
517921
885120
328605
897980
515580
912826
740550
37884
425877
604307
304181
753247
408698
289323
688977
981079
810783
633116
520069
149188
869452
698402
512251
671238
843313
823916
67369
594810
578093
901864
55680
942464
166034
862934
930954
946667
441704
890667
171259
925637
608536
139743
298710
977201
660305
17755
721154
124737
932912
25794
724759
303001
64052
403973
980980
938266
821467
446565
192726
598735
152696
320558
701038
767636
761954
246458
11656
926144
72097
863764
239722
775764
989638
668239
220748
264850
246609
776656
804731
84563
277493
165252
642649
175124
713693
122264
111404
255029
370572
324109
656218
209534
49576
605170
566058
834332
278364
342256
590013
389187
552401
839958
913146
57805
784742
89338
146641
916939
700414
141994
33798
947438
301242
680900
44994
70131
309287
226359
834368
440394
514495
140258
13626
648225
146570
683591
968735
942639
720411
98712
529593
118641
788044
162690
235385
754511
489706
625837
23773
749409
50578
524369
295415
887565
644735
780376
916082
280052
749655
808783
64274
766185
282045
646482
38366
552071
192920
280181
864993
212959
600151
41502
781937
267795
40142
753666
594477
722844
159024
19881
620853
970244
410555
913566
57354
358008
833296
453442
658911
27663
477461
289522
336677
148196
418502
173938
156563
335642
347999
294408
46255
893070
37806
644418
781562
574113
401325
713270
673425
558136
341045
764518
890983
819324
233982
123209
24784
822074
711559
999698
206894
935929
712754
803718
24282
372396
507034
680397
872881
870522
385626
915422
812590
921291
993456
260231
656420
917506
803350
428048
793268
106499
355682
799387
777372
348936
796958
781381
769943
482182
304137
659465
48664
185527
709315
363179
719106
96472
973022
969094
151789
20411
234894
381921
761753
462551
17316
303933
24874
595650
165907
698422
700720
932592
14708
122395
901702
117495
919580
404429
252629
578320
476265
88815
545924
392380
814747
796491
342883
210806
697594
364206
337033
473703
134223
897827
113771
263823
378633
304804
594653
880580
353989
38267
103404
877451
325879
562673
350259
857370
694274
273789
701358
180983
532280
506434
703263
636656
996264
201790
46029
577499
828904
458888
586577
474334
314926
375028
477641
377160
388469
310996
577072
172382
167190
612230
386085
225594
983541
674121
731879
623432
309089
865101
158695
312073
560497
779898
259747
677259
879261
746666
328548
242846
245596
288863
348405
259529
888999
354191
103489
236452
65424
96364
803199
788776
813766
197673
698909
874787
625880
765088
26222
843733
631752
175283
406249
995023
225615
401476
933199
46058
777302
887665
885409
252014
666501
894172
293068
706347
984321
952129
236984
678333
375591
406145
856046
959570
199227
465513
889153
203089
985465
768299
632834
928927
169376
634576
495955
535217
684608
31407
995158
227768
43056
920638
665293
933499
64307
637506
957708
628659
553061
792242
1381
536188
500536
519658
257120
101996
308291
229075
657916
820773
128171
263920
248199
461196
531427
352934
166240
675343
808072
150092
818144
340737
45428
704959
647928
110454
599240
103274
67458
660376
955092
88023
179911
782647
965455
168583
702333
486530
925236
68667
44994
119628
375943
507200
189354
913586
815238
322600
244042
829383
586449
748379
710455
629637
811321
199807
818344
20897
248809
498713
789787
808779
694535
260649
837206
683065
403820
41096
718578
55475
835793
130618
945480
129516
107060
537316
563555
27854
477461
250852
674860
115523
795705
187248
6045
736860
142493
422190
394239
544996
512755
158103
317939
785201
323650
485018
387253
816482
609682
320366
918219
441385
713426
85231
957714
443775
753686
606040
794092
803619
920994
937128
457053
110431
915630
455086
910205
685284
410861
918047
624303
830250
201833
304130
156597
504437
901832
546975
757615
991578
292380
310249
249246
724631
8781
526694
782804
165161
424744
973740
138601
109490
932057
499351
865859
768
773399
639412
792574
181163
82002
75243
8238
310684
742186
200293
901242
308181
864712
695150
344
438684
294407
491968
381217
212881
223597
863173
712488
317159
975543
586159
269472
573825
106452
551420
826248
681194
94217
176273
843984
276516
909626
827140
718140
5892
957611
13855
455929
330057
147935
366217
221440
875469
776953
863571
130643
395591
275342
859954
406552
901391
906176
243699
872809
135586
648723
225105
524421
831632
918460
742013
120809
357132
908819
601487
765993
680180
540726
669503
778983
609663
584096
171152
274960
323400
735394
358641
136625
796058
337885
569632
618487
961074
693617
621413
320584
696716
809023
979591
700032
108242
379997
690297
375999
961953
714989
88302
774436
344678
372235
887697
388024
496011
418073
126843
607381
372455
53947
592022
659345
547067
710712
322819
68183
511049
700341
556666
980067
85938
221838
895444
698285
291760
727162
341623
35652
88416
852867
483478
339201
477180
739967
390696
594130
289492
16822
272581
81945
302909
100435
199977
948488
924619
257900
754701
942737
639631
336886
981481
449419
453314
325846
809432
943198
915058
181798
253466
520935
25490
987446
952385
535340
820879
182511
335348
771696
366597
415303
628364
386163
925644
137046
128190
926782
164990
435741
662786
99920
398547
445361
905153
735404
325245
921871
862897
709697
597518
707001
770805
680253
101062
211117
888819
701641
413769
626381
4579
202339
357888
442924
571502
982733
277477
538795
539289
140189
689273
383383
201156
826014
857945
915041
865717
615523
80030
55106
997183
505108
416985
149877
196488
484241
846370
847558
989997
96596
310234
976494
908867
587053
182170
154463
339061
984508
912115
56906
177216
724086
934852
426369
288728
708240
263458
242736
493348
600949
479878
674844
387481
22237
681099
376852
253512
454344
279091
79319
961388
914570
204236
592501
82004
804097
471554
89532
935721
87687
513742
503493
755237
954992
248540
398500
538289
641779
829948
322918
6406
15704
987150
505207
440932
475184
52039
376364
789246
899480
951506
19339
204678
422314
889192
902037
160556
499795
955237
232758
525806
716866
477236
617587
823670
18394
394067
78240
721293
47694
243361
929729
992140
755449
689477
457868
643583
256659
317844
360711
479447
79048
148010
421899
553338
850144
417471
210508
798264
351891
378781
717026
369500
110136
400012
544945
646309
192696
135060
505372
257890
785914
624218
739748
977633
104912
635870
805620
887141
740028
116110
426603
576813
916309
825502
629225
245262
7655
373006
123576
614440
492165
79990
634302
243674
593381
113250
21913
405704
33015
290852
231665
695529
52586
653512
186144
625996
367039
960209
952012
25898
101947
407089
752380
180449
670093
99653
133953
783706
11180
516486
481795
904107
128003
723816
427650
766863
954153
984130
306255
859009
295795
280687
195415
267173
973694
446520
483167
558839
724437
934717
374812
933043
968713
111355
514632
20203
644234
168872
869589
805960
380122
17278
849672
698015
515324
371699
711324
272190
529043
263380
772602
241243
730171
525177
794477
283456
679765
836608
951336
218769
84539
624146
290289
743125
671044
985027
849867
532032
392428
61904
631072
960050
980276
811687
839734
609859
77789
279515
469138
934128
322602
350881
116100
83569
301056
691588
331285
213863
800355
469874
10197
293436
626983
85944
684817
878637
517688
159023
239637
96509
853988
56175
981308
926598
506942
677831
690287
950387
463525
202079
343038
994283
771428
908685
488103
414430
243214
649328
744705
732094
914302
136328
876282
693675
465115
511245
119476
908736
615779
651155
996029
207236
896200
699446
688101
365279
538071
36687
255553
173973
350312
270581
586520
245342
674827
772464
867336
451409
602828
36725
385237
933455
650406
576712
406634
986145
78591
870800
166026
916721
837418
902769
310240
53853
906954
417311
124463
988807
591152
827770
659697
711300
651400
901633
228956
459619
993320
438659
41504
130589
373499
764716
605774
277885
999231
84210
954687
677248
457889
210245
149768
288973
151903
120506
187720
586708
791182
156038
828006
308572
158339
23283
391708
37409
883860
733331
439974
302071
881592
78122
503024
493084
573904
935630
884137
863907
949468
357595
478427
153197
314259
306717
102357
993334
733893
3598
365123
295611
592988
917630
447081
759799
951576
263474
80284
46902
839293
940935
779893
248827
28866
526035
727603
917791
168393
272900
427213
68141
758787
165406
611461
865346
915555
587624
856062
466198
466117
72962
306418
929855
989723
448243
364861
314251
971416
71639
287682
586659
503227
581669
898545
284461
222100
348959
39507
587251
672544
158104
464198
929409
808298
174976
329014
663509
88278
595450
747485
444601
566157
973111
638397
262716
775720
845367
482444
969040
75200
664257
202565
515898
518153
131302
715929
137332
371543
497716
641193
690870
512662
664450
255811
289876
667970
93945
828028
380567
793429
123090
201311
860495
514039
788092
391165
394597
564888
608832
180283
254739
168684
722878
967493
178560
195435
398701
160523
789791
814144
300935
406736
121570
932431
928292
752054
485348
81780
900092
501393
546818
806289
857189
695872
863256
698749
426902
783715
452335
987966
455063
855729
760890
651136
219262
222389
928779
498963
253902
899855
761267
791096
692817
690880
601397
178784
554167
813774
183003
39519
347583
326935
914728
693442
613988
731175
920143
639482
444166
676264
52731
826606
564626
716651
6711
604909
532931
450034
574810
614535
758321
228991
23922
949000
488785
972889
73583
246900
155216
673491
923029
406773
148095
389308
15518
176440
850540
737101
535420
787469
960067
432888
548906
547609
156082
827530
32087
341601
499062
14049
999208
622846
239669
599585
990509
284589
651588
2694
346150
339892
936317
30043
471813
130704
515974
694749
264579
358903
951311
101198
976871
692869
68244
113117
132326
408857
490444
159209
481056
437017
459574
187322
980172
745516
556224
567869
45743
444633
161302
117069
60709
242466
37607
495402
149585
320285
768344
809361
761453
738091
915943
234961
671602
855705
534374
610567
65632
816178
835748
578017
523858
51523
811549
720996
529910
831322
464495
960764
14249
274504
985193
84164
882519
85551
600592
831516
477417
120385
733329
250731
407290
821019
432565
536572
142026
194324
588863
350063
391319
92084
526515
774724
753509
375812
384574
717497
430806
265162
274709
243202
796606
109449
275039
875746
783548
580684
742775
594009
63215
289546
992111
242377
169068
937930
293749
979427
37195
128358
970043
157512
560536
301294
767872
761065
85710
909046
503732
345477
337556
168997
69556
453239
345912
425674
855979
553908
990072
605892
692036
382869
229981
980402
757692
206493
455294
922711
684081
387934
315123
714265
802994
426851
425463
589048
206611
154446
805474
314081
23357
953027
985343
725042
584877
657594
923698
767826
585836
596347
464022
157011
632898
727736
741389
489661
801690
987767
159303
426961
657458
955612
237505
348704
217007
850219
558739
45467
312953
790780
477994
645090
868873
397179
10905
499689
878870
408614
994727
178819
649412
249628
149004
380893
259654
270697
145351
972549
57231
374635
951853
922313
668953
630172
155169
112226
580785
211429
538502
141490
706694
149809
199757
940322
151292
646538
766537
101212
483023
376474
833109
544715
549397
530609
193723
941205
19605
300008
791619
907425
968566
806397
678300
678339
608651
180509
982095
825115
184918
918192
74695
62796
259681
705460
831198
504896
626116
941989
28416
567160
106594
543269
149612
798321
680666
150989
764369
250447
404197
398226
739686
141329
3753
967728
522355
339233
45018
162226
521122
368404
334915
846743
704092
818100
797998
856212
153028
910164
655182
657521
265935
14263
465807
698814
371048
968978
537140
81920
49406
137723
385877
98838
541602
816460
40954
203398
886962
922491
148089
616131
120666
423129
944541
649855
896749
140838
170023
287610
929625
510738
54423
690060
345711
494512
412178
921907
876110
499585
102703
846571
536338
205384
423535
489034
691930
310924
886141
995234
54466
256156
828187
973914
324308
883137
226943
253957
484469
233308
180146
902359
809430
207667
104807
82695
799085
752144
232495
649230
912414
495297
26034
524460
609927
164656
203885
280544
838970
141334
50781
11818
601399
851876
475584
800428
339727
886809
867655
266986
508261
58927
2335
691508
954423
534600
180572
159574
655604
397076
512944
393973
678150
536122
288225
879876
478734
807357
486759
83158
114499
317303
827631
438710
856229
799780
269550
860995
601581
258637
317538
105046
391817
371293
292785
14784
793511
654996
131687
121983
740288
599654
225221
934906
865280
869484
482792
914830
856299
414075
984558
123857
607972
86014
314830
151736
500893
680988
79588
390273
349826
286409
221163
684974
211901
506998
206794
479227
555606
180397
396581
159074
437042
907065
336292
847844
88513
518700
203193
321421
850700
90537
798985
174534
819539
841287
750653
205897
807061
233253
552351
534290
18732
635600
741092
217332
488317
243934
157096
504388
691390
677278
496355
225423
79382
568999
191622
242743
523534
782598
640592
391116
996195
415524
178908
268066
587028
516081
893500
729719
243028
579649
909010
151526
410702
973405
600758
539513
971204
288211
21013
262774
843412
83287
182093
616896
117900
598261
949773
850244
745372
920285
986611
223312
624855
781883
816901
882990
376700
828565
91036
36391
267206
267581
291401
771469
931214
577594
6049
959529
978096
879571
516438
280241
416832
113299
473067
701759
972798
84446
824445
597270
581040
367916
760103
641647
863926
933900
594316
250140
121095
947840
455353
729444
769900
774858
681471
7310
446126
11921
162232
798625
3421
312051
850609
955435
558910
736222
441831
913827
693463
914922
336007
395089
570644
3166
811056
115761
230142
124386
672844
37464
755689
646524
338883
329471
227264
182985
391082
472443
75049
328655
409164
627255
3551
187506
121528
333128
649141
105373
662587
737553
383619
434442
788840
727530
56638
337940
75324
848531
782123
375326
876752
505690
823702
181066
525111
724500
55771
690381
92416
978136
842170
906061
260930
196854
600823
80801
896842
856848
214366
473833
642290
476473
143424
884356
483624
939459
504298
462874
692564
652445
440505
12826
914621
113898
785276
601102
815801
342251
607743
219770
311842
396729
433596
174238
538851
62223
994394
83167
838883
159262
1539
956178
828079
200560
992529
257947
658467
224609
821049
169596
320989
40187
407984
332835
336502
735348
961778
997827
260034
351330
1213
423954
934535
956527
493510
75340
839828
802673
601247
374931
911206
371823
527845
646052
245633
700435
906302
6671
366630
93818
194029
447952
915383
131013
76230
515391
933610
308124
526252
888642
429684
555406
924734
135958
879357
214934
335578
795775
918185
903578
843815
499278
357302
376924
793918
832469
546549
512853
653774
8321
418855
646265
961541
308238
338870
489097
570170
816195
102065
176839
430602
890831
475914
83253
350033
308063
105084
23322
974124
836154
388065
20693
243618
146115
996678
425172
680985
250237
818964
161738
487983
989407
606338
219676
789475
995093
451790
816924
696012
461099
74531
417399
699598
462566
59143
265836
490713
597853
265791
83885
512336
261938
472599
998082
448239
518346
327276
669209
501634
825776
252891
958141
922532
367916
754526
84381
275467
636632
548019
653152
567803
930968
133689
514703
799716
427066
292771
302880
282955
858661
210948
359210
672871
203080
31391
276426
155033
999406
495902
500678
619933
286482
992472
695030
753283
396318
512129
115347
407832
174056
284732
605216
772729
871011
747147
149157
237298
615702
684274
555708
362727
382935
325871
868784
767671
413572
239348
883025
827403
273661
419633
625584
953716
623102
942043
473998
791213
940158
928637
774492
551670
903305
341465
568010
573408
30672
17144
216968
928885
642610
739060
79333
706668
994903
628154
540728
387833
150239
733203
618309
343190
790799
187091
469788
603694
110381
362774
689297
901201
110671
434736
957099
449557
86526
115385
987452
444058
81297
506587
866577
257999
64721
574198
790089
275209
990075
84689
713990
619809
743181
339204
854813
770115
965064
938433
989159
214790
14675
833786
505265
536481
28139
261293
727736
796601
856677
280839
199692
686512
958989
152548
381076
806229
681931
87642
952162
607754
369649
805106
301908
138825
64055
103827
520473
442291
821139
386791
48353
626584
657607
537248
508639
419361
172393
977154
520834
485455
75025
908442
119426
288246
33896
83223
865222
848976
703742
476186
973531
122898
710455
254186
103032
372166
293216
624545
814881
892015
775411
623580
146433
756707
391005
837576
920183
801207
642930
798869
205957
767945
739541
4078
912514
731076
832328
365240
528351
579713
883959
203292
405453
3824
16789
794625
475121
749647
637522
494488
616805
687931
583647
431463
767866
884697
688186
290279
295291
944853
621079
218695
803866
287722
390892
988402
407627
126193
228655
406842
317907
643625
697938
658411
613939
199109
965183
800597
645865
697678
678806
330014
458668
772862
648564
251398
984322
817605
43754
356190
426010
823520
332222
805818
975936
697742
66832
985246
730489
684295
666796
980380
989787
710979
281436
192666
295904
177118
374690
147334
802155
683802
84739
34550
809354
141979
771640
659605
547224
501645
534251
30527
799398
269160
285855
492968
318934
584424
629745
409705
732625
127306
55720
814245
819574
141412
251545
237378
191844
865348
737702
880895
14648
931681
440996
776100
523442
678057
550658
340761
364643
565627
629833
466463
897970
261443
997915
199357
846227
613743
458875
838428
789580
252785
991575
414372
473795
292117
692449
598133
763589
636114
819294
150104
566986
989902
675337
256853
317857
181273
885932
47959
368469
216920
496309
814331
915262
594102
140697
107253
554322
2790
640757
734015
281875
960587
423170
409086
101619
960989
655421
932892
846124
128983
733740
492765
205135
180123
389275
879182
819674
515087
556057
208441
2487
673258
262518
648018
548911
449757
404200
214465
772173
671651
953589
880144
114721
824881
608524
339536
598218
996072
372197
16912
804211
408947
471546
802545
517673
458999
300119
220520
479720
537172
230067
771607
434821
881604
988653
977285
415165
430675
33487
744412
863592
670825
231075
291235
331391
426939
878227
631274
987252
85631
708939
261949
138777
172033
262991
870325
322460
988319
30392
928330
975624
526939
509305
618850
213481
474283
909297
288996
447140
920951
98781
505834
117740
986077
118794
261224
693698
994924
735354
244790
237639
195990
315303
55501
176593
228993
491210
654095
537824
268724
657219
592309
917201
581280
768357
493618
919633
399004
32090
365245
942792
68756
903533
419573
883485
576371
216956
986837
59031
768343
491860
534763
984569
62653
991332
399603
891590
40895
66224
409517
317282
873914
484598
765918
285326
886518
977624
726889
293361
138326
69599
397262
146752
934531
145099
623771
995400
527658
437172
846885
794745
443204
373009
220270
235600
690191
302623
386514
582964
847781
541172
216847
149174
94335
177701
28894
219674
428752
852245
231729
822345
118924
978167
618291
631094
430369
444069
853922
327497
823415
394039
55949
392159
794194
980113
569432
688971
427179
11901
679375
519081
372538
135622
219744
801540
502617
727418
53926
327315
185504
639238
157166
86416
921677
380989
101812
766335
23130
827850
100501
801595
603205
435830
469215
93400
933554
141167
543286
153896
272767
958151
92790
297187
337729
316926
290261
480906
228114
925034
817990
679179
80587
520289
183458
955235
695981
440840
167915
417151
646213
505153
732777
936945
20865
846424
140027
737733
427858
587037
540520
275501
274128
289445
264784
705160
478628
798493
392001
12994
274663
7188
221139
454480
380588
763629
573965
729356
981804
389571
654910
505838
700247
516752
25649
637216
218977
637002
112926
904668
738017
612635
533534
319845
65186
966673
374789
849187
192021
75452
325790
402001
469345
8071
550894
619113
13153
842752
637866
926520
809888
39725
362019
404339
510738
849150
729136
139837
43079
287959
611694
47644
85735
193163
879949
786373
231033
875281
401254
430694
745178
791312
130127
807188
180956
368671
38980
585386
868171
191837
570836
333907
709992
515233
320082
706811
769566
697253
573543
891878
453923
6229
574724
418148
207301
359400
929062
932869
243997
681664
954927
905722
471228
697651
201389
77881
312640
315835
253550
194047
57487
51402
136349
563311
303582
869595
632021
866193
229870
442573
676229
189558
497293
769604
203126
525898
926795
941163
437347
765930
640596
842799
713776
77749
54641
372492
844320
715007
528035
447345
406630
635851
347213
977683
192485
928668
107068
858526
821056
390720
370753
428353
713652
954505
608194
648872
496551
885510
34185
120326
494512
503287
865593
439101
884823
132958
52523
191185
84423
668028
665783
133001
508381
794436
883777
689211
406778
136377
402949
898391
352101
682222
825565
460314
324527
696951
267384
468076
414912
874873
736942
341962
300036
478097
742221
793013
416927
786699
286392
937924
454941
765555
574305
511375
806929
785574
902731
231360
875506
175009
880478
304521
560606
943999
517235
128699
131557
245329
797
100998
561662
576121
513809
302194
124052
971279
550548
135052
695754
612020
58218
738340
216019
978249
473270
715192
683932
749672
622769
721309
627671
106084
150938
822969
854818
129273
37030
708550
67892
772045
833325
667464
804738
928313
379222
573616
473563
346894
692304
27635
125856
557179
716230
838914
38049
831610
378595
841616
848207
618358
319644
110715
988148
980052
261839
452493
10942
675816
844325
840103
32551
188956
267887
101798
155418
288083
883824
217768
510940
254209
200490
781089
162326
886223
596414
873100
146594
167655
419878
931840
110808
660489
997876
132507
521924
184361
477160
963342
208834
393353
346802
24813
101761
247009
48423
845448
847196
904739
590274
959116
714801
607892
643371
200885
260563
681891
972125
141870
180616
58486
474782
503820
29146
835476
811796
482589
708983
482482
99966
90228
932987
304724
979522
918805
157868
770557
829958
569460
273304
935900
48389
550205
930129
923610
417217
219416
619151
345907
34847
389633
896171
871944
91288
78471
199455
669714
743391
641494
414618
643648
40827
706855
53406
939011
483427
981458
397049
552600
500465
658498
148497
264492
380504
471280
365065
764750
815660
413454
660123
489200
633728
622017
75275
701909
461885
830133
833887
180646
944180
152211
298048
264837
479817
73554
520220
832963
610130
666705
39625
815421
521868
294972
202068
194871
695641
278814
56691
526134
91171
708101
208281
550659
268543
323401
790701
552831
920079
18426
506662
75427
601892
517114
762694
363911
951846
571738
832021
185493
925419
880817
375116
232830
77670
766951
178331
7306
296763
20463
712780
646194
268688
660849
641566
582230
303875
67903
808774
171564
85482
813914
377751
447110
377375
230442
365922
829911
865901
596090
276092
953460
340843
59293
444923
732136
786933
41636
542093
134066
352720
45432
381710
836706
573480
602814
740279
985458
10112
855060
595830
286185
80215
936002
707971
704258
381966
583097
21454
873729
814020
691181
670168
202781
32644
729772
601068
930069
146862
383386
526008
271137
44046
824725
777591
331996
411857
224257
161577
341303
373941
895623
133974
244809
85131
960506
871650
884266
39099
907773
912396
121767
380141
487941
140431
28189
981560
830471
715352
348062
4489
529195
932509
54288
622085
450484
193578
117734
105692
796838
975768
725252
539442
812263
528102
675234
556376
563501
515873
985302
50896
872433
365396
693816
205939
746976
541719
757222
983609
620134
545239
19707
667195
636122
242357
538793
968317
645776
771870
357390
735281
989861
337911
766325
898081
988726
457090
164187
925831
96396
476274
997761
578935
188143
154168
948432
621920
173317
101877
621775
753990
908436
242709
505216
124134
849238
834930
475196
254660
149654
895319
12968
548682
256488
864778
399483
503833
853829
42277
52297
298928
478312
634344
965801
67967
701679
136691
118378
870829
403489
941701
725108
194667
402909
402828
416489
311021
892333
66885
126276
823792
798307
670019
281981
922648
85230
704380
205610
416197
219723
709253
858062
268185
992617
437100
987154
92427
711759
930678
690812
260850
591524
593588
830887
604409
493879
703484
968505
67256
647262
156454
550969
520294
172943
109203
799884
131297
134107
351116
627204
114272
810522
446197
858141
949343
427572
710687
653183
712347
461423
45913
264608
948876
615937
457388
67711
490185
492079
580090
611412
778872
204220
965981
263743
375857
718291
94501
877172
158556
343835
247390
849698
684724
64516
271510
346460
186361
422712
997983
742730
992238
785100
756749
61231
349299
177598
568483
624444
771487
559787
245232
917655
311155
973106
644407
513255
431280
786176
85881
377686
20316
697347
458138
720727
463786
606972
409696
312056
176106
222041
242930
297782
103698
175678
576798
138411
221334
613198
508538
480607
800544
317763
489997
476514
618486
625783
3195
772357
265134
585869
871064
432727
884493
713725
764463
693390
115486
954483
323283
184355
510906
972895
867226
751452
791551
982163
503220
77022
994079
79039
528540
652731
436332
355256
436886
19232
790608
403309
602089
296766
665617
243465
616238
40986
109806
202113
564629
27006
493368
462814
252099
566309
933744
676090
903907
11261
453285
548290
126639
882839
725464
978844
763703
899817
134532
539421
227975
13641
464184
557604
487057
23867
288725
659976
932841
398299
698502
144976
883720
486087
542761
500292
553810
464935
958006
95335
617410
353446
391235
787414
882076
598046
124941
358920
746584
702511
239221
5538
600107
233445
595512
712111
104688
819876
882562
509034
620231
953509
685294
780372
840951
992818
722754
507087
178668
747414
831388
355444
268599
943221
655910
233255
691030
298638
358981
389206
691876
536551
165769
929031
230631
539895
214573
440430
720386
934605
143255
842241
110114
406893
601775
464291
566057
245209
133509
945160
465750
849577
358126
978052
641503
483972
661695
715403
81276
818690
470079
543998
316093
500268
809066
50184
674380
528756
979617
247118
503494
305428
328531
917248
655523
669719
780923
235245
477929
608845
696035
204601
755131
437535
106516
834939
883904
481178
75939
643340
545161
337428
596932
752143
489356
326443
654967
24896
933664
255950
503825
598169
39808
200272
410970
696967
221796
223871
881878
330356
43973
745663
790798
253884
447601
397232
632287
624431
209992
206063
139079
578132
897036
84572
684165
88157
632655
74409
36384
685507
712544
882000
949714
778348
240298
609200
684185
217537
128641
941499
215624
874546
993649
745353
16376
188745
555500
697939
1747
462089
493402
846346
111636
460382
220756
500384
460982
265101
168997
970236
931474
119096
960314
401482
563768
765626
78903
448259
468460
772432
136420
472209
606588
319274
876360
981114
411032
85211
964415
724131
358792
317137
143053
234940
824099
248400
738695
938173
619207
58374
372674
437594
26713
505313
153829
267834
216185
889688
941983
797932
304064
796352
647651
143014
827741
438484
713053
916869
349513
617480
259806
34556
886517
196599
268844
908756
346938
433121
422634
389004
567199
119663
246148
194678
82010
212263
439665
198500
715395
30948
228208
355528
436911
266347
758785
641737
716503
761810
867004
785404
645031
674718
330280
27338
246101
360306
932250
535683
109565
178741
738198
100488
490969
721709
661033
16667
156566
162961
281573
495763
494640
953728
661444
525358
372617
497128
989059
109860
716583
91045
221734
866089
206489
918830
458062
982535
123248
70473
239403
394367
430122
183498
376133
754209
11970
771527
607650
261303
967701
755817
132151
417699
520412
10443
380089
212710
350562
805763
852479
327678
61782
383861
957396
564655
186986
314502
422380
883384
549814
462702
782611
699043
413552
570274
461766
511642
188726
691856
904081
668708
250109
798869
278564
621889
376681
391178
543483
243384
155985
896556
402232
681135
666308
415418
748505
285582
527512
463657
440708
392733
630854
78642
89176
914432
727582
529988
368606
531482
408523
200420
542665
928166
824835
988163
330090
344301
253256
792729
968607
585382
937958
258181
451157
920205
987256
401050
281246
369654
267764
311769
20953
267302
422032
827602
339648
571053
195462
419954
737879
164594
434441
941102
285176
454515
263459
45393
919048
469503
642127
36161
868230
766143
364771
190171
205084
987278
546159
543787
809089
102274
543476
783311
491524
727484
802743
655026
565265
485518
398650
323429
205916
915565
619071
600418
903148
893864
325802
775927
398532
950684
234431
210675
116240
331077
665906
682156
995862
68433
997882
819927
939059
396475
808196
558661
511435
564388
394935
530405
477611
724204
30228
895318
136732
268660
796325
762616
816768
229972
775122
248133
884869
493434
584800
65714
383109
726840
525359
584007
543055
901064
549878
753361
166878
671787
46460
245660
958432
274052
398799
38099
792482
61211
682546
53044
796936
28195
79722
574829
654324
109689
474926
334976
763746
681439
565929
675668
636381
240232
419181
709348
317448
863736
898425
526389
138953
193152
339912
766377
337702
313238
361731
720709
753953
431156
152162
823345
477341
166984
651187
221313
15841
248699
84016
665367
784373
777633
690786
394941
129510
915914
295693
589732
773350
538383
863762
117522
715097
209352
70439
869594
898962
292966
316401
778742
379966
444273
678074
792383
897440
966910
54008
751330
788263
332088
453472
38274
364044
295481
226696
681275
688334
236573
295238
504059
107618
793531
501243
709959
786943
447962
887701
392652
85037
298770
46157
219741
633722
869936
725606
192722
320574
246213
678247
928774
823482
882858
957197
276280
190221
669754
31343
648468
670140
843020
650194
640181
181589
293773
710952
271347
447503
904810
47025
819535
222182
50934
620737
996084
969308
602742
42807
378130
941530
893124
684029
130586
952285
942956
903347
10168
996007
281833
710469
958990
368731
819615
614454
34971
293529
848917
79167
606339
459661
668002
26274
626333
998986
478056
817591
715705
141185
37869
479296
792257
254890
275201
172300
944319
261662
307377
547986
481204
320267
348287
56685
159986
215003
425766
875519
254337
901545
122219
45017
621559
973644
405805
668967
179129
777713
225302
889175
537787
9927
314927
707381
468503
809947
599951
561556
815871
828018
557969
329434
838126
44496
654183
748813
119592
12536
626569
487970
163065
121642
660851
211709
936184
994986
859601
576295
774855
126667
822330
991854
996768
473368
884028
947511
303781
926242
791820
470908
906482
207187
27482
328303
796015
927210
650847
361470
225681
620742
995590
124985
58426
742504
404578
709479
335214
592215
84278
274749
879602
317795
917890
455603
266949
996714
952820
755932
428356
159485
697522
119125
21317
627222
850858
250198
602240
731326
430021
679498
515516
373969
624536
364377
752837
228456
127189
462833
611003
804269
722450
575907
552535
306285
37464
636016
711349
899512
345975
244870
123403
520010
430216
289510
422889
733204
196586
578013
623529
195753
50432
411842
968198
10347
654594
835006
688250
601956
463851
623131
782565
914979
270708
422686
173855
589149
30174
181059
169082
846698
585367
363963
571627
737085
580038
882235
379579
446049
933905
568433
976913
886055
326704
655499
811518
455100
34759
428229
179407
561636
734175
373848
148836
450744
565210
731149
688376
825487
129783
501034
626476
380366
55427
620894
935194
984709
549444
265175
960050
512605
162540
464122
959039
135468
851089
537370
537184
685839
21496
920289
930995
637489
90763
692996
746491
217050
71551
973174
787534
350532
60845
16922
846998
843601
911440
228298
413689
682194
167842
202965
30915
691219
371225
207216
513954
574041
179863
504858
13616
972326
729734
553720
347225
53772
15769
874771
211756
587026
791268
792162
963917
113205
76477
253128
153698
247549
466635
260003
847953
409943
657935
238629
593669
126992
197334
929779
499935
437138
143590
789665
683492
569275
133010
486764
849310
603480
874116
940271
712192
538353
762506
323113
432422
236058
372495
541854
874519
798167
268268
544768
677715
855043
646866
845700
126823
329387
946803
32192
855251
612999
466041
271786
768636
844510
372558
549203
113634
683262
370153
766704
949628
780666
971510
601779
518445
647336
222327
956379
99245
585649
570393
252121
743459
617652
242486
57868
176652
819804
907707
500057
850866
291191
79304
756546
798222
471020
910481
312312
248239
895203
589333
740920
641023
241229
897263
336279
706834
46345
614776
403633
503724
984892
804399
314361
486951
906016
865843
391379
203826
121054
766707
865373
375854
315560
725145
87177
92008
618152
659372
245030
356292
913053
637558
445966
583711
347518
636763
826268
397575
135949
679056
524744
912222
417589
786758
461165
996302
592385
31624
228716
786999
652592
396040
454786
858410
328107
741721
21217
88671
100577
507413
219105
297393
276472
626201
740466
623403
274452
577918
401841
948039
936223
864493
401911
225819
232731
893805
718124
203890
366319
249624
61551
302021
973841
541839
945938
681500
564841
816697
373847
143153
809504
453696
670376
798774
227059
879980
492424
499737
895848
4246
177787
395691
227030
135513
568694
414495
597859
421458
637454
832728
85467
828427
321326
89549
206695
191847
887456
849165
59907
584688
948413
150759
73422
51433
87994
526378
464062
235212
296675
237892
522285
409339
484394
497284
679343
746083
776316
374764
556140
156028
767023
619394
202077
467183
271732
901782
933003
867449
42748
293087
903365
373219
150535
152442
967738
752860
808118
442135
44344
474108
732747
832202
124760
829425
209021
573053
42617
720277
18956
95335
480214
402468
76544
629388
452255
707703
104120
48107
571907
64006
350682
941060
498469
836545
439360
254838
94181
465814
714020
827385
260537
23969
233684
200279
113275
22979
642757
503354
559135
442668
497132
625315
821489
105672
813237
952274
518562
7290
726084
463999
84321
896653
468927
988928
68462
340226
677278
189133
812931
274036
321542
217647
885779
823547
181816
40844
823807
30044
866225
848753
772058
411553
961055
940763
312307
346356
293890
703238
959202
328293
632605
630313
405028
129499
578547
183956
357612
825863
668796
106157
769110
518546
973743
46070
79303
998904
818612
467332
27244
362667
179230
836067
258198
709169
495602
497572
398441
780861
537418
499426
353762
180771
261543
539433
393776
794417
121008
285960
92118
946495
948005
132481
116838
913880
873474
169011
909057
560181
39935
389175
483335
719958
84650
725248
952560
598372
324555
978424
355569
589299
573342
274255
806490
860655
573351
283841
631691
200293
832626
789830
438775
587181
35929
994534
712061
910964
959365
911813
893888
244053
685360
840580
324119
485206
751984
567749
776344
820908
93614
726182
640172
487963
966840
491261
139131
896950
474986
17364
795605
380442
890022
457696
511588
680307
13157
139924
431022
840461
641129
910518
842261
66598
781984
145495
488485
624983
891263
890372
171337
745965
714733
191526
969178
217573
588853
375679
31601
580314
779554
803999
706735
642010
916621
231392
817604
209507
95375
971556
115443
711047
416512
11891
950917
715490
18106
12806
445000
512878
768536
653947
710137
161401
154197
364661
371279
186285
623646
338596
663055
637520
571344
981858
933924
312590
981421
921256
518416
730564
563102
353211
438088
870197
284211
395054
226560
585535
872418
355737
963574
41574
110746
140025
707463
490118
416605
953339
775726
651410
477440
751978
90651
628323
395227
424243
740462
936068
422852
910989
621378
217276
84700
285596
926460
278956
713280
126681
492554
135377
944996
93965
323952
655862
595514
335762
443019
147200
514550
953192
901500
424435
728329
499855
23391
486534
456952
12155
581655
346326
964649
292363
903374
813005
189021
46055
771213
62078
649934
315935
573305
492155
250119
163620
451075
40187
51114
481532
690334
105816
340101
753457
69478
922964
150740
529969
38958
327434
94084
289319
882424
419209
225289
645343
595405
984898
861525
766439
974670
23307
888320
842059
506762
959333
110170
304167
446203
174439
737778
342439
979310
681841
606627
567583
837785
855479
444285
279003
175312
855606
933564
775872
187800
611716
364648
575719
764643
330558
423949
589807
442563
220572
91948
466367
438446
685059
711014
159878
44648
891994
454759
703931
164059
961478
579995
475736
795343
80873
196546
913476
224858
374573
454813
768529
82379
489808
486672
74033
354307
213535
301315
22796
714727
858162
409468
991628
322812
753766
609402
646230
332689
149925
816147
183123
287785
931295
219648
110027
830248
293447
364075
297114
490302
162118
84103
619473
610951
981471
93936
197010
271167
706068
510439
202056
165470
589279
500377
114474
902372
208771
66720
580861
451073
22253
168879
477746
809171
528276
328871
181920
63386
306111
380258
542395
300579
358927
862403
105831
801532
875951
309992
664105
973624
182257
536851
632831
97396
586368
90065
752324
563012
85186
972813
866495
320878
723461
252663
548168
172359
176873
313221
132499
218930
54852
878730
359213
431031
309808
100527
786147
295584
664478
563628
783445
977264
904962
172233
633873
547896
728604
642996
542058
862059
466127
348751
125515
706603
134134
285802
286340
408431
17557
239740
936008
655769
881463
32775
359746
259861
30086
659600
713518
972681
716423
401810
433065
803138
834891
646488
951565
405588
799335
890368
625874
218066
700502
148144
565979
375155
538728
871380
40764
934113
45303
886855
262872
914601
253441
667815
409565
806571
225705
42314
378090
43851
278677
841861
444732
789956
49287
142748
915506
58365
66967
748006
618904
437399
419079
24801
62313
89696
758556
71822
279209
84868
504822
473707
509550
419012
746035
487922
668845
965106
556226
474439
203934
995298
587105
167868
403476
47516
909518
259785
586901
770357
332655
207088
712451
411140
795956
247441
635611
496719
403234
123749
30487
371758
624561
200374
866882
65381
135399
141867
881931
834055
936739
949881
49107
892148
385740
259037
194834
720141
840287
206642
264423
89570
165813
190
97353
146893
660674
531195
493333
736983
157104
460305
281281
399565
416821
303644
35067
771583
252788
381946
996927
829116
452517
116201
863001
355157
977982
638111
254173
273087
671219
601371
837953
238623
44980
853919
677875
324426
660535
914796
333589
357846
703780
798242
13935
136862
826144
919749
456784
821798
556595
620201
274475
893498
242041
748004
897132
712994
710603
169969
768658
861736
844710
165687
330735
327379
586556
489186
71579
980196
773336
616991
799451
335441
992206
273686
402058
14757
670159
834368
702632
311472
339979
284718
745636
550651
406772
812703
587518
312686
42486
111193
996741
483893
749623
397408
618394
735075
386294
122422
319447
473636
874809
786477
547943
557521
47554
965902
393061
338728
718878
94474
168067
495012
297311
418185
767867
67736
400228
779897
254867
139028
695281
830532
130900
86325
395524
565248
671466
496980
663458
444604
104441
1321
669659
533908
699342
587872
447214
513878
180326
548570
536348
776202
127868
837093
781030
445358
794634
395750
185146
924024
400513
352400
702601
872010
419123
303695
670878
822901
545355
84370
163603
542371
486640
224398
849119
725836
429849
273282
6476
97396
805819
765977
151117
616628
122444
920028
411740
227623
513121
274636
972785
35374
492563
536601
607436
451726
564000
587599
798244
611196
843060
789796
571103
566890
36187
692382
183564
874374
997406
298253
62408
213847
467959
483998
451454
513140
310629
393058
373849
388521
164707
752495
296792
698854
123854
252615
74991
412399
521417
486155
244385
605177
760204
584507
197130
489383
691640
240819
842439
8658
55089
729679
736944
207171
73335
447698
832806
676050
690871
801496
866183
584897
657693
187220
138556
423653
274579
493984
198498
687324
867042
650517
231680
904653
813462
892979
922882
243836
553818
979656
794714
266656
764781
701584
951375
499014
214973
847859
388612
239607
205385
700221
889175
899800
24583
783093
584168
371194
387099
957819
857753
860424
950699
268267
179387
310066
461586
358747
445298
116773
525007
635888
433785
625507
112098
883426
62756
834923
927226
711091
571400
106919
435497
561594
149045
840555
981077
779313
778697
349430
795550
352811
302228
149503
545202
919597
452179
179679
924086
497084
409835
260351
429977
199457
524628
346012
815159
473272
334528
392128
928525
44167
937060
744146
171679
439210
382953
511394
315756
696476
754900
458400
810404
88702
546883
747146
232282
541633
208984
174844
239190
939494
767583
12067
127280
31905
160776
280775
904181
785898
463800
431072
738482
515059
134006
301385
108999
733828
624364
635875
551697
46851
43037
650426
8151
910495
829637
841413
947381
279259
997434
91306
194764
809594
708369
993825
701977
690393
866020
857028
941447
699866
977876
582014
902541
2958
69506
209521
145050
833371
536179
531833
450213
486492
162094
799921
688316
56314
208444
211219
124914
754619
757311
769824
586788
337393
313527
545518
919541
264974
780760
878298
403481
44954
868540
981938
659106
168153
760216
652039
993026
350581
584897
335836
306499
423305
505030
212109
29978
898990
624485
655245
860425
662032
943171
838927
870060
943114
262587
769791
74746
529566
473586
9832
933230
682625
664162
979124
399189
934988
983265
361830
210632
960302
64985
850493
614853
661192
431691
198253
287610
616513
412908
15965
752551
896813
673195
385275
414644
683604
291545
181140
295613
105077
867227
890635
592383
642729
862615
281122
438404
485809
796351
591546
428688
476174
258784
490067
967902
648480
92295
155062
107793
216024
270206
379371
180451
536450
536822
838575
799287
685313
661508
507673
98568
911697
71125
304641
739607
52807
154879
894276
33031
288026
564900
349844
757760
226529
218526
709297
884377
815880
295987
822697
702885
632012
53622
828841
890154
858058
315250
585169
731630
839375
310536
331523
103322
562939
398444
156062
353127
903191
81898
619491
337778
235723
309388
491159
186632
896711
546560
585509
358352
378060
816257
703100
47988
855967
439971
891159
259349
301199
718616
207693
935510
994649
244556
948039
767549
796019
778308
265660
39082
179509
352632
220696
271977
644865
219820
441832
133807
609472
657992
133635
680400
850077
861306
417937
976720
935893
820802
210898
773227
558806
667036
143091
289922
963028
180943
465626
295044
691632
542237
338454
340458
98959
474991
745095
731227
173807
641877
808202
218781
203230
238958
233016
703429
214815
856248
541869
410024
736202
128099
706402
26681
166290
708053
750466
398528
591122
715597
169999
233782
986547
702069
40603
256040
669809
352881
641610
797465
399869
522578
235642
365825
347574
9213
120211
694771
13200
473359
818754
530462
849791
896418
123383
207063
624021
789356
709500
229565
298297
450246
916283
398194
557649
896941
743826
923048
218242
537639
965488
110577
768851
895630
42315
43325
150933
351603
890592
589561
896437
798930
849992
714302
606318
773475
524721
899077
488063
836502
457342
637815
325791
429566
764607
236203
545221
625453
97397
260129
580408
850594
614867
660188
598959
337847
429403
966307
380811
550287
41826
217217
793469
703614
641219
353326
709432
444194
216695
418749
308576
335144
764765
200887
378760
791407
536173
188933
975457
807156
984886
164327
313847
125413
346549
530090
446554
130672
598052
966161
540446
199486
302791
908483
592568
913322
768627
721573
113256
253583
232482
788313
876955
187765
844762
511437
682280
190782
132669
318867
954781
324624
269282
920723
919529
352160
257021
591065
84857
697318
369629
745361
423698
558667
567617
227903
737978
544018
539194
239557
524969
934484
544728
94298
966532
545040
777380
266483
464540
653277
724105
269512
41482
617949
831107
679863
523444
853768
66353
596232
214394
599814
946422
307502
868271
50422
930455
295274
600117
266403
197821
510345
395999
534460
596852
10493
302877
815704
224083
840772
369557
31904
338786
864881
172576
650092
670364
345911
412225
793439
703012
511409
77449
192579
988666
143445
97733
998423
875552
932425
437739
834480
73614
818820
935875
326118
460446
850875
106862
223240
522014
960886
900802
668184
935676
135850
659405
977018
680526
503031
644900
570978
823353
775206
681309
662459
308210
603781
635328
815687
336841
909714
844806
198540
888634
986579
452146
818329
257388
16702
623884
706379
821905
315757
275129
509726
473443
392323
643589
484639
138509
473803
194473
347172
109720
822641
603766
893040
910623
150844
419945
656517
947336
563086
715701
101509
997261
344248
355263
140608
719702
408607
352663
627810
251612
53192
107828
859855
268478
891759
640040
213344
946099
353278
627633
370823
275015
985969
707252
465051
201833
274738
249688
992278
3818
207264
283554
378361
357088
327844
23944
537739
189381
740221
569477
41716
200160
532848
194511
610991
806832
891896
285492
762311
40629
770935
946655
248743
332938
586260
882492
533212
69381
247583
60564
352871
148013
838516
884130
995940
466813
489898
761812
73070
258012
120309
832000
444803
945082
138515
811446
833374
649668
266139
107604
110058
156651
830807
348834
788497
636747
167564
654598
599495
873316
864938
351166
826864
599193
480702
933104
740490
316112
131731
631214
723542
732617
124253
578017
752888
735273
70452
145469
310772
127459
477147
658309
459901
398690
454482
415951
366050
843952
503732
176351
677253
799875
212915
82411
934896
114156
819066
965354
287589
813187
532776
468998
870963
802092
355175
683850
451793
980779
682548
343586
780631
608106
469667
333812
419855
617912
584032
977828
105555
613808
287814
968341
743592
142092
257284
989821
135690
911374
484544
955679
334891
9425
280924
760515
42910
189800
204233
649726
910309
849015
377155
142545
454522
480820
381344
601358
87651
199729
141396
133798
282548
17076
809599
384152
135923
478388
321529
479180
440578
394969
114830
52503
918046
825482
993435
877923
284835
243207
857277
268736
852796
730805
117256
20924
899214
436000
198387
734919
93002
138949
322231
845713
899115
813913
893432
595216
465012
810846
647292
630928
553736
376962
396397
779881
299967
852290
396118
847388
99554
690041
817397
803925
274582
321158
475584
395797
867529
24775
803903
541666
721384
848030
48400
648870
726136
943410
649067
220694
310052
266174
187281
413449
52517
577098
837222
860290
571919
926032
809028
767219
303980
945297
632653
602231
733021
133480
542069
574480
965009
457225
298230
230998
782192
560135
10165
359409
930384
37708
164711
529735
478423
7104
463319
914731
560666
231312
68785
513877
315574
691374
718341
961178
77140
980134
770220
251645
482426
489599
899226
894674
887018
165766
352931
123603
444534
115572
263253
111049
266581
668030
898169
772315
98235
433474
448789
487118
333167
748840
904510
51554
550807
672041
659434
645388
994974
297572
637499
35756
402576
484184
916873
447541
50562
873483
730913
129226
246168
521944
666236
509
855155
518878
207374
15496
899584
800380
168101
167186
341824
761141
26097
505822
308106
570175
529630
471935
341469
233309
994899
553260
271021
795822
481487
584692
866334
454197
865868
136846
562565
413022
391440
680671
187978
897431
893691
29146
655240
509294
637765
753175
576181
129191
714994
134980
256777
77564
749168
444685
183359
11438
563281
890598
701578
403787
89572
347599
335745
548790
638318
137786
811697
592520
603873
469094
281803
108832
83030
710340
526276
650489
717571
61793
817933
338709
999770
915538
848443
473644
353815
637943
400894
658824
328982
179730
896478
37700
288101
56036
461682
96374
923890
487775
728582
665698
732597
230195
649827
808827
358563
165587
458587
324904
89584
365959
221497
394255
524483
517658
311623
123680
267861
846376
887182
460747
893322
960015
876523
72954
815818
255909
706910
25131
154753
691652
821111
18414
112611
411018
209907
651195
368686
428374
748808
791004
845214
306751
24437
685559
798401
682026
605211
796615
374756
231894
917081
235354
7164
972912
593472
72964
373766
28912
103877
903439
909607
568402
329195
394073
666736
63563
133668
107950
16439
939448
664513
937475
448820
272917
513254
354894
502836
992306
471759
199672
141412
90589
273844
433876
672420
307146
102051
938751
275488
476430
752804
444928
607155
889629
305951
417718
446016
951267
512484
994988
329048
739495
423357
560473
203302
135142
381351
948928
400257
770055
15155
72019
140810
920450
58020
206914
889105
173134
498909
573641
570419
362447
503419
820187
340746
720014
936645
712559
999542
647001
951463
604302
628837
834949
396293
601433
390292
123876
88565
160875
413054
784061
708565
929123
271803
161350
576912
744360
236337
470786
163161
16385
235997
444652
895624
998528
561734
995453
894205
50093
880737
930266
356204
885798
284660
594968
431442
978897
62911
43161
396310
788507
646228
984194
759529
37193
276570
762168
590343
545381
423719
861752
438624
674382
367132
839029
574585
795131
322668
429014
743957
298170
478847
958941
19626
979014
420519
342458
284552
162030
427165
266889
160058
454296
114779
132295
868852
952011
762115
167780
532583
432813
769389
1032
342349
429866
504877
923983
368377
923400
911516
680269
279066
84475
915501
649133
819430
839029
69742
38289
638935
494655
902539
990238
245516
5574
651934
793414
932199
800405
610313
346326
511175
198750
13467
106995
339284
814128
837096
278591
351615
96590
703210
611702
274356
790770
157003
798917
519290
288141
396631
386058
466527
645493
444076
310082
180047
534831
796853
727961
213963
199944
135714
401645
790585
785546
505038
9984
941591
527768
756315
542823
936984
185592
468024
448834
490436
145600
641797
282540
475556
597445
513208
791852
219338
844951
699709
384766
150989
935883
108345
261940
329146
163377
792231
552057
687215
829370
82200
157927
713431
320447
840249
492910
418052
782316
7888
160351
324355
514094
277743
122829
32444
941958
818114
592500
163236
581511
142362
806321
354433
793415
732800
575466
243337
480883
559974
116853
134458
105286
43291
186753
744378
603134
878660
534943
946487
255823
235842
141274
775846
122107
731138
259908
408628
411070
474563
189631
508993
56371
841369
179552
116704
977451
105258
303527
227836
757081
130799
807141
388510
821383
687094
52858
156134
407279
840885
931457
761234
443136
45743
929334
12248
595708
921106
67394
353730
619721
112150
296300
517082
857496
183378
438877
686760
832778
410533
670754
113887
10944
118785
937131
88148
167340
779148
827909
569061
569786
801119
443260
585965
942476
34302
722746
162146
789178
792678
688895
424329
748431
429178
892963
28255
135356
790582
546941
500059
156615
591698
436712
560207
515092
703528
127259
686578
3537
370221
472881
172344
818010
225138
84874
889944
476627
563720
796747
484242
581353
871129
907313
804882
165052
106612
782380
826953
360276
131820
832556
340022
609250
613778
382424
936247
795670
662721
952391
634515
943780
152110
904863
653403
92650
597182
235773
174842
203105
862628
787788
596909
946843
405295
851024
330169
183061
851530
851564
977560
706171
442295
125661
705173
703767
729420
155446
765888
836659
624508
309091
90989
810012
605935
440477
287064
819984
209535
969335
456518
712288
594774
976385
366397
363362
168518
814882
314544
534519
411381
717639
325391
584017
342622
929728
759930
542359
204242
21289
920224
587683
650268
330602
8782
504245
107369
214725
364817
38145
572152
572439
950184
560657
562451
586690
669075
228990
594263
525854
611189
613741
700077
865555
318331
146690
988271
786085
5710
332094
122715
834166
879989
100028
27528
583704
505509
511705
429590
425857
514801
45424
621738
885506
667482
849623
961039
349756
807929
100124
179054
208817
52053
496256
825275
363273
313366
871798
488408
494354
987515
133573
198678
29926
380866
689532
139639
342429
626919
814383
243564
882690
514393
736581
784110
497961
521503
700251
341874
221019
647336
415461
79821
662031
744515
383100
509156
532541
820569
160515
404452
16315
688582
585623
48874
958634
755520
469908
437166
492998
328144
831622
48409
598510
902106
206627
534037
271419
316013
584358
664061
577223
948306
957064
311295
978870
221430
401620
845345
225019
251391
850915
59194
552723
897836
9528
122953
968217
602620
246285
941958
125481
871155
704751
493824
778050
895244
37420
285366
523371
150333
744822
875802
893646
54377
753132
77491
391740
794628
314516
124298
664461
210888
722458
94643
225183
232343
139198
301261
887074
586242
604890
793648
653325
876793
152817
777122
915968
823963
339600
974142
67157
530541
803887
805825
131518
683104
734939
165183
397882
387268
794139
387481
398078
846038
702342
894641
352939
733136
5026
333554
337452
127576
217422
205270
417257
923196
114054
598774
319773
815022
10944
580238
566559
947045
31563
853392
851733
481697
715591
669477
455903
729964
850593
320356
483994
562824
299135
956915
877929
459497
726728
617361
135853
959406
82902
151455
610284
928541
622726
652235
602110
432658
826303
152534
176533
792244
790714
724084
640624
279067
869428
534664
630084
176565
376450
202961
106167
196815
695036
584044
62734
889532
43217
654285
299727
503704
891680
518478
826046
195622
819450
516551
874936
170124
645762
296756
776627
959529
428773
439919
263304
880055
947078
993059
226591
384477
485612
535962
56575
947940
340002
411407
172406
989452
763178
905790
276086
939724
781437
386487
336809
918943
115362
99098
882606
753983
443638
749626
138200
390649
390831
212622
764034
913871
276140
671127
208134
507347
313093
937720
225737
122186
354999
652286
111499
385098
67219
323260
984380
329953
431967
253195
270494
945926
163272
829774
479134
410595
800621
731088
954707
771745
224539
925673
675423
329476
274012
546966
640112
252946
127613
383586
994747
261149
728781
136548
383312
615104
822667
320266
328324
206057
716782
657141
372895
730008
642729
464795
83882
572085
16228
225835
960978
116471
479220
348817
255187
661037
67644
68300
538665
232112
888231
831423
712848
582810
454907
570858
735659
205023
779083
508863
677727
949061
543922
614893
399201
637996
553398
825226
98638
390165
827369
505443
415609
309312
240384
687566
828913
689723
183268
172093
780015
107344
536441
826281
484389
948397
150114
48185
796385
756625
610473
441582
325861
851226
723561
536308
204030
215153
596394
827878
712162
9444
691690
233519
401525
735487
776433
361528
232902
956594
82300
744148
467787
247219
504226
320340
264655
592785
927398
707801
401630
949285
722719
500550
298399
536606
209832
325171
968098
431300
557418
223050
673903
164366
109281
704472
161671
237874
764215
205757
679302
228535
813127
168417
338358
440483
447289
529136
716924
570794
347796
458618
711134
115595
255872
908474
450532
891055
688833
623419
725275
258731
494478
998686
931871
591350
673646
123557
98178
405088
384921
214291
288181
419869
511116
847959
20793
579021
776529
717250
633932
377192
86979
454923
773207
731424
452942
443976
436922
828534
422577
186314
433344
616801
352912
114122
976798
849523
333603
738522
158706
71921
572298
705617
194310
560495
128874
354015
208255
605904
498296
737046
122169
754026
408898
484433
783475
513358
206935
730688
291491
192640
932229
19754
28637
192772
831505
181812
957787
373466
306113
846610
798034
387516
102324
933946
758839
237822
437568
560701
545150
87679
6227
914524
339117
329369
788808
970846
602359
89233
675464
632683
508404
413028
836017
969940
305758
228509
138298
648234
443622
757276
132472
854874
563519
584429
116188
170141
770658
150969
427288
800984
250602
85763
960943
966
788916
224145
424942
151302
375335
472595
233054
768793
260095
286897
479356
429856
807464
584422
821879
695019
534480
622035
599093
254167
903180
938029
793762
826990
69697
69256
107948
712777
409103
876556
820176
971715
657808
143010
955977
503391
558898
517859
660011
516479
913954
843344
327184
328607
354782
931926
132370
692092
953072
704222
679779
857759
992837
667473
640351
63686
579555
278718
988543
767522
596713
908887
209789
301590
438547
905125
904968
609941
680680
19009
294927
337443
754264
597009
283312
382616
805850
676405
629964
91280
60822
715742
425970
756805
739898
115802
959065
88056
130785
552584
868581
347502
184585
674640
158096
568356
92109
724516
225796
189432
777921
862731
288732
532061
690118
658671
936600
649576
982774
381149
839684
957647
104469
998221
442662
305235
645851
244715
7115
4761
339984
428740
459617
948736
372156
50115
73485
789928
755036
424435
299218
842126
681784
986806
696984
807935
368955
440292
851355
546568
885638
893286
381038
154004
211061
699590
880230
420489
968981
373405
643943
841976
177189
842994
338989
994800
91177
308133
478281
670392
237380
652191
755987
217175
534107
538924
722923
687182
282999
314844
527009
117366
859379
317534
114078
789028
20905
647539
384536
680526
6437
874062
248888
957909
867098
671990
331652
398564
882211
380148
398591
987295
703255
451731
69562
311365
871953
619003
785218
649590
353974
71866
89443
216967
830471
634279
163410
450305
788911
378159
945353
646647
498653
512821
642955
783546
728201
791164
353495
152429
486042
522183
797263
599783
104263
560494
895556
869816
341746
612832
255702
81037
421942
217054
209198
715784
844283
984171
23010
238611
165131
167312
340530
49945
759261
559912
785656
624046
175481
174140
912919
415957
899164
141576
356595
141570
413096
699986
680893
278812
118283
687902
397315
757718
583466
459784
86166
109062
196404
178918
484662
430505
646134
55359
404329
83892
733780
699121
353836
312209
909911
925032
604562
594455
969002
136227
342685
204810
725188
131328
712494
583471
243521
607575
448776
265983
249359
127771
663487
212639
243711
801447
803381
166495
156628
504809
959006
800495
838237
114724
233737
505577
662847
392453
837656
682136
116601
29945
782072
956911
469714
156564
496160
373174
646299
168628
769373
203725
620596
12238
562739
853951
581209
752512
14624
474729
432060
261939
421236
958555
682240
900837
467419
961830
987840
943941
783129
701207
797905
97487
840984
915296
571311
625141
566855
670061
395917
849769
170350
968684
952575
964790
26007
302242
260414
132079
270164
822339
358788
54262
720454
607964
420403
474426
168395
707759
36977
31228
331284
557256
608248
933410
293329
245884
87038
592187
116570
439517
622057
961670
749740
53587
967156
852141
194775
567150
189137
309339
172195
762749
366032
412157
621857
392942
689456
382139
31050
224126
601733
616514
876267
678137
36873
45374
474603
711488
49207
86886
957415
540546
17547
849455
368910
351151
334052
121144
75757
149888
94654
843012
267515
341395
848856
831372
404403
358652
621885
373281
613398
781509
701972
309398
123429
622581
436897
847471
871867
166261
784302
977870
852876
67135
595996
24203
120612
19520
587818
164579
119836
192603
957747
205436
578565
834116
792573
214245
143823
335995
248086
335970
495977
676674
22717
446872
925805
720380
950589
928092
46656
853337
143697
797260
337468
378716
471431
163923
865777
407886
517247
871169
452652
548072
654187
273532
163062
812651
273201
273605
39976
542045
488880
396369
688841
658116
822895
787044
744138
829973
758854
228345
18951
413982
886262
984571
67684
746186
643843
367985
63450
163314
558221
976271
590405
226576
585689
693846
974600
904153
538087
374906
3164
564996
610249
880630
395849
134988
218303
156557
503256
349542
359958
494606
502541
803795
320923
398585
760313
772985
464634
365739
932500
774943
690260
687442
469766
830003
377560
734838
511286
822920
654052
19886
174132
247178
992122
703200
509273
391333
119194
58832
613157
784070
145441
552056
282316
162638
798017
644257
498850
177366
54964
270562
700301
79937
186049
430836
181396
684503
906142
706836
120465
753973
784356
633782
323850
473826
60207
199845
233636
794157
109571
497508
699670
612626
621739
144265
98513
265859
593671
258475
277062
713569
256756
808401
711127
914122
284199
86475
940438
226544
577102
523938
242370
888744
144026
327230
448849
857290
658197
729122
895635
247807
295980
421225
511631
288932
768962
555772
188174
651600
479307
551223
339414
125757
802487
203924
695501
62867
858790
956520
303359
730004
214311
549686
966201
495453
498094
649906
600755
207744
390315
994245
643490
470651
232445
39008
182993
635266
922980
810838
898653
18993
49005
128315
611071
242070
283737
871078
761883
280500
972946
530495
504596
691265
104433
626333
162412
826371
946630
448755
576184
173085
559158
377127
510016
792387
74755
837755
513581
862650
577595
544525
358067
134167
369164
68318
995223
461527
366443
486087
694028
777254
672902
710386
20351
427144
595909
875751
724834
320896
120511
285592
710747
887566
813451
994573
738347
127627
278487
627737
219949
522808
267021
498220
1377
865114
316501
530752
357286
409350
737336
769949
820100
904947
313582
366619
805017
114980
521159
822041
470835
27085
590081
853519
389837
683579
885612
207486
248263
259299
261254
22174
903650
445567
298283
487767
586407
94253
621742
640513
73060
561054
844963
601434
911057
597849
595882
998725
70015
468918
905813
275266
125080
802424
899404
564396
953072
170218
971716
648057
969549
824968
578078
433781
119129
492571
868021
514491
292688
516479
966459
406598
140984
815711
944905
381375
814807
698896
997791
877454
979260
283191
168150
869385
741439
86333
571349
474547
48362
968865
84736
587861
24644
646177
445166
92097
178748
846634
835467
706435
220222
882559
335650
333354
386196
214608
893843
254855
845810
39316
389587
517756
984586
684321
280531
160267
457659
770441
515112
618215
918822
255043
347755
647671
726245
484305
798343
386012
870384
749410
883054
150307
214785
94376
795940
293985
262670
826305
789181
142961
757782
886149
850767
97713
767600
653284
219607
812192
789003
831240
716900
31035
55398
210970
777833
200026
991895
227702
456515
551246
866715
319322
909257
271319
690718
944585
339344
720442
839048
735849
342278
168908
471710
37175
761686
17318
770491
589850
91506
7970
361931
221767
200127
295806
310255
210921
918876
32725
652675
174429
206179
88055
945266
843999
266158
260552
172223
672105
680470
934664
354507
432631
853952
993374
471222
718523
758203
136058
287590
795439
991793
677673
556598
310427
261799
737430
616032
290249
379814
704234
195232
631926
297969
216889
833893
825034
373762
433568
118099
474450
437825
686797
13728
123958
152200
857138
592476
901871
195241
796711
650938
273563
305357
663389
591410
589306
921405
5665
838645
442484
86505
287587
830636
601372
972886
210510
261246
157904
706915
271181
632766
972863
902539
45042
562196
107538
629006
742227
717513
227121
614001
268219
703352
357543
911861
881553
271102
925767
652532
325225
147656
727641
140437
791993
372138
785826
477103
432515
291074
952415
698853
329927
211191
11467
288075
166550
215397
469183
401549
468991
628317
312741
23434
777299
511081
875379
914560
517290
874107
309432
466064
410609
913551
930089
487789
690470
200126
175351
465158
761378
441422
257729
891679
482947
161964
171201
146580
168212
240349
183438
733228
832102
949290
729914
625345
992055
751979
798406
701390
824540
833170
906520
539806
168782
877237
451767
623912
630447
910269
525352
487407
544665
849037
249006
598946
79209
895514
918902
978274
912188
488275
177104
468403
910174
913965
266471
254436
872377
281705
884856
817858
951501
516816
579635
110194
448071
305878
457960
658312
158519
429617
302204
959782
71610
264354
239138
399279
367814
759010
527881
389634
725877
448233
204564
147806
715379
747119
204277
292394
113500
549023
883361
754835
967500
506903
334082
477683
397083
15090
215085
353996
274324
6755
111519
590153
813808
461237
8257
366674
312286
383867
327242
642741
897941
617891
485922
955737
96631
357933
571614
574372
798382
321718
487113
787022
631168
46253
835345
32985
206397
228833
963698
775983
589419
59392
753801
215436
689008
780763
976780
110247
122930
2993
273869
183494
558859
513508
11698
711417
77512
970981
623914
559312
790544
445333
286432
372326
441515
940942
412380
510685
127202
436291
590199
806217
834796
828788
757156
778233
24123
65998
685872
410886
864793
594293
854841
867454
722283
577070
552861
95373
30967
656344
833206
930997
972951
379206
682454
64592
986987
120048
616144
813470
932211
687038
155162
854866
419347
70718
183080
884528
970014
389148
979784
761338
622421
222816
374522
293098
671932
702011
485593
765036
360772
526523
47125
852220
110605
807856
869527
74278
326860
32898
977867
844618
300390
957147
430605
748859
703610
669556
718720
440286
350518
289059
37909
632272
79342
439147
800061
739298
224199
112208
107843
783878
561149
866205
548738
664310
193160
855806
928298
403227
966447
311172
362310
737081
212459
456877
400445
152548
37101
54727
84588
393967
530280
24151
139449
970633
5139
685935
53209
190372
984932
197424
118381
525513
276155
203486
42413
580214
572943
879955
294054
209762
693183
227247
714268
572407
178175
687741
888763
773033
724366
281857
581770
742805
703776
116952
279063
982478
336152
975893
241952
861140
203756
729266
662094
921052
165754
834486
986657
455762
898112
991844
345614
344146
477762
171885
722021
219480
69705
782265
775175
220053
850131
643703
154229
25984
299205
217766
239384
1302
236751
422261
464064
109648
586204
144302
200034
603467
37657
571425
293834
479838
831305
438916
743289
635878
699884
570691
866243
310347
50388
217107
706307
282984
999135
300877
448344
222689
689497
316842
757952
164474
318517
314985
684523
904236
7281
101133
874606
545528
228038
479860
70366
258339
918255
252927
770145
633790
546016
497376
882885
846289
36307
719563
925417
255591
669470
669461
55261
139177
361134
707187
263310
476737
285761
958585
193970
125621
786874
275699
219285
873747
972015
154264
57777
90532
681544
719571
147336
945296
680167
154076
725588
723696
454536
267674
832527
283004
10207
498424
48504
168513
738052
149742
366718
615785
499102
174243
446077
580393
154392
659904
462854
484173
394569
233637
589432
67613
656817
468373
355471
291721
302264
332549
681824
459887
351714
203963
601914
804797
210255
961345
252493
313165
752317
582735
313768
475739
660119
685047
849055
622216
573189
851440
565103
828974
330635
13161
537914
835138
549222
538892
447509
648389
323077
199596
525786
314571
581196
390835
499946
721984
410461
478139
412955
824975
20986
969834
253749
792248
314680
304256
570088
572474
904505
733215
926044
406139
59264
681411
472736
357016
920789
288626
164225
360873
901630
363085
186888
688728
792510
243357
208307
267233
940017
385860
631948
901949
968671
36113
255245
731241
572061
955960
699443
413773
690196
424520
812045
980475
561820
299805
974476
130975
224972
543149
164166
87372
391210
853857
89167
67527
595888
384842
79271
420140
924829
60278
842410
944464
960087
817689
73792
313396
775163
109686
40565
225913
134515
582502
615807
38905
579784
582974
235700
469151
759314
240693
251932
391639
335284
148160
75265
777431
109775
394028
503043
769525
760627
189139
68335
296285
175913
879756
869296
301017
797855
668735
582648
37948
824329
651736
747878
400073
796426
376666
679333
623590
212911
116734
390160
346112
847508
596030
34444
265010
562639
981873
920959
313185
162463
812740
241614
537082
598671
812274
113950
936900
494798
90229
763012
408524
921082
86913
308644
785479
560568
28594
134230
908963
761177
635102
524301
969314
555303
31517
980050
785195
737585
922483
368877
805888
942212
884548
574092
820124
60795
446693
52744
85384
347039
514736
805017
941801
808445
338976
355181
845427
484916
463502
16704
586725
347254
223612
395990
177110
302332
444052
119004
755179
273864
931163
175300
260308
969727
876218
561665
31250
550382
441178
965696
583457
409687
515134
292971
541566
537198
602280
172313
950920
571330
482495
778460
341520
567805
262448
290198
119373
284618
207191
54531
430683
477259
222679
315032
960924
977690
37820
683779
327379
945588
530151
280175
884080
291075
883524
450698
465895
60909
793463
37337
193807
965639
634774
145265
644831
971955
803757
772652
229782
912362
502873
186534
141097
307366
900641
659393
122783
123755
145587
205673
100921
794288
261017
566177
773817
871501
996034
963444
747027
660001
367411
7182
705324
238304
471993
69748
61318
708936
496730
6610
25175
335902
616755
412907
598272
712964
989981
934368
329716
403069
964756
821231
517094
606910
585324
742373
464640
486680
57595
392501
166609
482408
345804
426256
886788
995959
593222
761725
301333
145354
840977
127617
4818
403329
748116
4253
365861
825225
434514
134853
742744
461410
817576
667186
984455
462310
493969
295304
515025
896858
365877
25670
654749
831060
886592
363173
722594
792950
237514
356239
400920
96582
597152
705240
569316
311196
106243
648489
175564
347930
205847
497149
427267
275864
190216
888254
891434
914909
406448
436781
773120
847782
782552
627640
777037
283102
232121
25084
743175
859444
724721
861436
75807
75506
144633
124895
981945
502117
337540
584442
455851
319309
415906
452898
385697
638450
84946
683011
61998
873108
37017
809178
271692
148800
920442
774321
424550
640275
814226
730063
474494
1558
44458
357440
737949
740371
481106
649158
295643
405516
472087
516457
420175
887849
937657
773272
902092
311236
494019
657698
434
336287
624178
870373
779264
917952
505301
97880
911086
954809
874862
385814
264549
370084
75434
767931
101733
517841
584046
329342
168445
976719
15130
241932
913596
440575
54632
858173
110688
473871
684674
787917
264391
307196
149649
286156
370419
543958
42769
273204
490233
714950
581002
65872
927289
67746
117241
642137
688506
779077
473366
589390
391127
165965
272715
552154
336079
64078
694969
643991
866017
396287
675804
275312
585890
682934
919919
987626
277216
459149
683746
786585
666610
631870
420156
185931
87308
286091
506602
136914
789253
943320
13150
780083
715038
334656
377235
837777
926507
47093
102888
64578
9025
382270
966343
262041
334961
236899
952280
32844
94439
808577
910031
699484
849838
862617
627252
5314
161506
849353
575772
99384
495914
212913
233930
912425
935710
817415
559444
507995
333400
978962
729256
532440
905606
583561
629033
972828
97197
852404
711333
150746
735174
298405
989306
305515
578748
97795
85171
929930
777397
555412
63488
573615
477505
984898
853734
873212
549629
222289
164517
569832
469885
6019
28029
862466
133454
495382
645633
922238
39141
136512
710316
405835
859213
362615
839775
91201
896080
950942
208279
425335
820581
140137
503076
214326
642648
855372
501834
176706
151800
776411
652771
920720
444605
765556
272216
388834
883945
598500
429293
961515
748765
514160
354363
365199
4225
399429
304408
768070
376758
37336
47293
417006
670174
770220
600519
527277
852132
827307
992830
538466
713515
51035
165786
312074
857310
603294
978841
477191
971826
462175
896273
868964
379919
735942
930122
976019
809926
274980
429392
792460
707713
551336
794436
456185
496023
753919
824181
731227
632957
345026
346134
163437
417947
661668
948650
992648
466983
562856
659850
372962
362414
301565
362669
108253
283986
72032
208657
240412
317038
231997
20892
328382
624162
36447
612793
531544
234649
881875
182150
866051
758881
142762
638815
100303
1281
402556
432432
315362
135708
179225
598024
909374
548485
694521
156680
249430
922019
600670
629077
648540
514078
876133
434279
809629
150442
102814
817152
624740
907415
505334
371896
7648
704435
710849
573674
54440
604428
997881
709999
320793
348461
332508
676458
305594
579161
356497
272478
37811
554364
664184
596506
805535
134216
95319
393038
101660
323920
698580
374469
698408
707888
405569
394068
617858
763441
703246
641583
611536
875541
575857
525365
92001
660265
513676
334496
286309
301528
544348
42468
461893
642491
965948
772506
843175
951767
416687
101070
636860
754384
940835
534536
954161
720862
656010
997120
865694
288871
925014
723299
26310
317275
418073
187035
915272
717646
829817
739161
179196
234497
598927
290316
42393
657330
264887
55150
11627
165183
515917
714824
678874
997714
108243
927662
662417
686008
187336
277450
765162
319786
937535
764231
654698
473805
974780
907475
601578
501054
303858
901897
885341
417397
164941
173071
691168
282306
237898
337988
581199
288671
615537
483058
831863
225964
32595
257890
384350
267208
440460
308239
115566
144727
736977
599365
681439
317204
517286
574891
779011
859118
90466
947937
427429
897297
579030
649662
864694
164006
928619
868643
6890
240604
454566
360851
734700
959282
997770
707338
677453
684713
625779
860535
625384
848415
879066
539431
803061
40725
393889
189747
891922
965280
848169
793232
47143
518537
617389
216260
174730
380811
376794
755034
716010
150231
466929
179940
340181
115724
932135
190062
911317
448097
595497
754270
213518
170620
284247
909685
56960
113129
332458
242896
870488
152766
619974
950168
210075
153935
470127
458116
198073
982260
757891
360616
288899
467485
44869
978987
356843
76810
231283
897218
438846
487368
567518
681570
904891
584096
771367
773950
614886
346023
224211
609685
844162
925371
740959
250901
859137
110761
843650
943706
153114
391101
640061
824346
266354
338927
919627
806126
93410
645953
280111
607758
49804
301562
233934
591995
782679
74521
532436
278073
447709
228793
444859
950675
272158
251645
618815
236585
478759
491789
176795
771036
408700
187336
340358
594836
418060
815514
679460
427549
581853
792171
490073
330652
250713
737455
828410
818600
257887
811912
111449
740129
506559
633559
288204
49323
185481
217855
127483
655490
554539
399730
71527
357595
495666
745588
509709
819005
905632
363912
802150
512387
321630
256294
106023
840292
600516
940966
339896
181659
104406
602274
876557
586922
539221
714218
448980
137507
556924
559043
355670
265549
760903
258859
530298
553422
951818
739104
862921
587924
70243
824946
989142
678692
289209
291472
10846
363023
682403
315466
101895
600674
577990
889797
784719
904015
498481
221614
658552
734790
487751
374811
498059
739669
748257
302860
470559
595717
79356
227557
942361
212203
915224
439309
41693
71007
311173
354619
603016
702437
911604
593696
753304
219986
903919
15031
125417
858847
986797
906313
302520
324454
982918
329653
598656
604223
560577
454650
641266
817894
307341
578915
338909
974992
193289
381623
784689
361747
570574
578913
874989
712004
272882
761753
697503
797840
883514
491619
794046
295642
643578
383387
187359
696493
159956
154312
827256
236741
634972
416347
102911
656942
969616
312736
819271
106319
65126
859153
366272
609558
325857
472878
53282
777556
885029
27154
748131
223381
444514
848967
316349
559480
547485
36405
943525
147891
638962
617632
323659
599074
727160
275854
355537
712332
612411
507085
354156
700994
774534
624320
978082
601258
18144
862567
186660
604774
363583
821514
916773
849900
873804
504642
626661
909881
588885
15923
303302
858517
448725
516161
408703
872196
536370
438284
106690
203988
589646
992682
883662
443160
113191
992035
25878
664800
93327
305862
634478
245924
951551
699104
660722
7665
439533
239555
173560
259176
524424
324137
881241
774244
163825
693631
33097
770589
978112
946885
588672
898081
641264
966017
912384
506294
368227
412981
217452
304308
719127
166710
868767
626625
299172
599062
321949
136013
40424
264053
11188
727919
776894
628406
757331
103548
992815
409876
948075
455733
123167
241573
798725
634151
856463
596579
69858
90759
787417
380087
341506
882753
826084
18362
777529
669241
619015
364677
624733
278318
546875
116851
703038
156585
97298
213638
371529
222239
208991
100360
873601
149507
553661
556242
579623
548823
195404
843957
384465
143872
552395
921987
146396
427511
78908
49653
436637
934181
64790
871385
475979
548401
128476
242213
257657
379189
218458
210952
537311
495602
526876
784756
814028
645104
853031
988311
422264
111240
896891
660760
880436
725225
749736
800624
260562
907885
677129
998652
283291
147353
475506
644487
831808
804481
661474
825204
605725
911887
647338
311808
545592
431216
744505
633879
561550
877677
47192
271317
940753
958391
452723
322611
827232
822688
693344
714317
244265
354670
666026
147574
642049
714965
833896
268968
265299
908651
82174
424420
65657
578735
270274
504274
264159
360520
679095
324148
602904
237056
32252
822191
671675
297340
288091
839703
843590
47722
375327
875402
452902
856601
574938
405071
154713
571735
469259
248069
805365
158743
183202
545734
531409
198528
997745
722240
291915
975874
286666
202211
208856
442570
109597
773852
796662
457765
730763
513493
431960
594437
278148
85278
53034
653585
627931
615216
798653
506055
240914
342904
425411
210346
360959
390960
369732
220950
44003
442376
462198
319136
491098
870975
11136
978719
467782
260093
943819
969170
616756
959394
568884
757114
281065
455467
395635
134900
91145
268323
531652
643940
56148
7871
43120
301185
726269
343181
958782
15316
25374
649818
302026
310682
594237
667190
569489
243899
521586
457179
324553
738723
993963
860063
865601
2018
754590
94764
458656
701042
18621
197905
303109
992753
137613
618232
694239
650844
512022
930250
128349
197497
85046
203527
816586
822331
344239
559905
88570
795016
933762
781030
442474
781148
145096
42966
66974
969126
194288
343313
840785
75784
828907
981452
49483
289754
141765
712959
497377
918455
941730
505993
310331
655366
690963
690576
87869
95392
720410
551020
80470
110681
619783
219923
307495
615990
22496
153034
33473
372236
922855
963835
913646
519103
502831
633751
436898
881760
500741
419713
633028
788301
70441
455106
260600
387492
228433
285869
514060
420669
523976
693565
745119
452528
874771
42336
263458
894873
101947
31742
682087
994554
732176
486694
436799
981978
601783
464652
224401
800719
431130
684260
513578
949867
285800
517677
782554
54543
992580
621749
787905
775798
716306
597153
834979
329869
68163
339811
76585
663410
652299
647822
315605
806144
792874
941354
882945
460015
537206
357114
555325
950514
81493
938765
277770
281213
114291
66267
496919
994339
346196
501079
434102
623234
583700
429448
94492
553317
171723
923444
953208
357389
416489
26443
882816
188013
931773
716173
564348
84721
588275
535521
251409
312346
899210
637835
906971
506179
237411
365885
663305
454627
978171
638351
425979
666608
260751
620416
385488
266873
711229
229908
877475
283260
987288
612058
414444
861528
814597
354228
771012
751874
362803
389217
737265
415792
652200
107396
112917
751542
706933
387232
384046
611089
266999
389503
402122
594027
633331
275047
16629
459035
365640
233512
926975
577851
253878
735615
695943
14358
757222
912100
127310
93786
344482
575669
404545
191665
88955
8156
183780
57623
628841
232702
337941
975159
819611
933688
115149
223437
912094
696451
885926
989354
806899
588574
451422
899909
132600
513082
183155
270331
245622
348803
920377
351932
550074
118154
16502
289421
429474
383576
777899
659696
526493
307992
146255
195841
395540
827452
616366
317519
486378
782255
886069
700406
929731
340396
197561
607906
439747
581194
826698
490986
87014
421158
133035
809003
89374
339991
211497
36607
228827
479846
257397
470854
883944
153795
370761
713409
887604
358554
14304
605737
396120
105749
197617
330963
225922
542287
526065
589964
484258
176226
489909
705817
475968
348108
336887
875058
930251
385890
69671
380187
718336
934809
111405
170607
229696
956715
485716
996644
89437
560351
967134
696818
902528
403811
22538
941315
985647
192244
170154
825382
802740
96715
396255
673202
359058
962329
49812
97893
437409
416893
155062
459963
856629
938296
809138
62337
663523
456716
23592
468048
60541
712338
140067
708965
410492
468777
914704
169302
689387
5478
845697
44889
649987
286969
676504
592253
548279
941287
360330
325737
233189
642210
988187
2643
505090
546281
645629
67720
115064
656805
247080
597300
139094
291792
798001
703054
519454
236807
954326
304687
794127
108066
134555
733273
722160
114513
629232
282032
600392
474420
302018
130105
600301
994630
775370
365939
444028
822737
660057
173851
761186
142045
679096
460822
624791
244630
224551
705060
347133
648043
718404
919313
633099
879912
205686
423838
445933
337322
873217
892087
389417
604262
89966
123067
734119
513765
535259
330066
374394
979928
628593
357308
491455
365452
203092
923287
661619
858688
903047
932853
358060
442969
651109
50471
661250
756379
816890
121829
738021
405111
87293
367615
138268
926229
657835
346716
645036
949957
24136
587502
468914
176022
967450
189106
561007
942580
723607
13990
402869
162327
48616
352372
872864
553425
282258
564377
535268
767212
194778
147237
704860
148455
926676
330596
764291
112624
660540
600212
929309
532852
984586
868353
902352
570098
39896
856597
578527
299583
446631
794332
892173
252787
611981
773091
98205
985857
731391
229543
422349
281486
904547
249771
889178
959091
485261
445048
281703
821083
853958
518684
566105
741990
574483
878971
46692
655771
947898
888019
242484
534279
293984
123992
794444
853706
258824
379282
668382
161629
242226
921689
315123
695751
215002
107194
619702
308540
386999
450238
102691
723684
30583
806983
615716
721519
652064
793699
153771
68452
850901
535014
987502
921213
305543
218958
871703
239761
318002
66153
192665
815728
218607
301774
735438
35588
514546
305698
645611
553309
42535
496655
944601
510917
449720
712843
641616
666169
632486
419268
51568
961193
846344
88321
928942
443465
59277
289817
181593
816862
91338
778520
329256
826771
363253
591662
762789
354783
674869
727950
552214
257274
602345
377361
620291
870714
686204
368521
577414
201176
294388
309182
268726
934849
394837
190108
233175
632313
709918
447564
858524
334794
352434
62951
547053
21867
329873
348359
599560
595617
508999
192563
516753
370705
169396
995061
296226
945542
618212
749132
207812
495841
376273
593629
133208
731798
526748
811621
899321
862302
24508
821764
218299
871587
68073
232795
760228
877484
9300
190101
43219
580888
256749
568180
660705
175926
318834
88001
252878
935741
473379
414921
215381
798613
293384
439814
854372
682523
656940
310578
306545
114623
899271
515427
172347
613809
622959
49509
638362
919896
228920
272950
695535
717279
937996
648591
171241
648741
857200
391895
713718
943234
865318
573204
50205
30163
384453
182129
518262
389073
610000
116924
248331
717598
69386
208336
25532
246806
688144
191578
487670
177016
955807
279513
840632
265478
965788
949661
606701
223186
290065
192570
416908
959878
381341
98665
139174
110350
856432
565301
88461
74647
570683
960471
304472
19563
620681
708467
427537
33116
910388
11008
131755
856427
930343
898977
412508
99514
434496
708999
621582
717775
442455
619402
481677
579742
107184
962286
734642
452968
705112
513799
279625
21534
525256
979822
474576
747139
872524
731370
579874
189768
341423
393764
890883
992802
705999
780674
245867
31718
365661
968109
381715
928676
302990
152957
27971
975073
399659
674252
685250
477298
323133
234456
813750
737214
369995
219169
870378
572522
699528
682996
221927
132893
909847
744377
209837
234510
480822
479419
335624
438668
223796
530050
677270
49489
760935
456892
125584
814323
278071
780557
121054
100734
48698
433330
69782
725231
838011
863857
152076
72305
226701
946795
82168
681680
905369
555134
210561
539731
781503
713772
317310
856399
304346
374991
855999
256496
109094
751728
885805
36310
941297
415240
559735
233436
992570
707024
184657
371011
735298
817015
604244
720726
815518
241822
971701
479684
830796
699150
427653
634957
417279
318074
612214
337577
458624
263219
299900
406062
904352
957940
674256
948949
456019
872656
908422
749305
515653
644003
940934
419879
288424
140246
817660
208294
411075
547737
819528
940226
505832
448448
201077
719463
360023
276697
879611
152877
939646
297722
242173
130206
666264
130393
674619
956148
929677
118246
37434
74353
657941
72146
663286
199402
639639
383689
643744
281827
138900
730172
78465
237186
277053
638563
843575
253997
546022
829049
545064
875181
839502
412608
400566
294923
263099
409123
492206
63359
696571
663308
309349
611351
744246
969521
937047
793265
554934
457747
51675
380589
324355
929045
714869
911787
968634
297028
662803
464632
40982
847119
544667
8076
216696
844506
982990
696166
223800
120799
686504
390814
615952
301709
179850
526969
508114
524967
184190
466943
210167
798002
977341
187706
996253
401708
703639
222020
236255
689044
792135
681078
838584
930545
477055
875749
422580
128650
53156
919459
648844
306960
917428
31862
312882
812237
747881
72290
268191
756835
991631
916429
960990
457894
507223
670658
530912
892469
199203
628326
612312
160857
576754
336854
2814
174820
704215
623307
34784
457495
262831
76308
308770
681017
311357
998013
445645
490777
531574
370639
223947
598082
632368
849045
670028
262967
197387
252830
965802
866273
251335
478243
166846
458256
607881
631806
391484
403533
362831
118953
976553
49090
253294
53113
573018
906234
559591
391924
931578
972963
531685
201990
951437
281363
195713
48826
925034
848879
614918
562242
170543
535685
128029
199586
281200
279449
553506
202317
37246
520860
322982
180506
751580
523502
569808
919458
863532
768083
550435
545730
88021
49130
69348
320274
524003
518202
499534
82861
54610
515897
322443
49890
316254
2377
316457
791666
586394
61723
643304
168567
321532
427150
128212
637948
40689
798460
413957
676345
210854
64749
989255
451284
835827
69038
403826
821560
378105
14864
983343
229289
816441
820373
61702
649116
606088
795918
476574
925560
198095
520531
865437
897601
733315
352289
98405
208927
158372
286696
632214
696085
183971
55210
974381
246519
194360
467987
571339
357589
306539
384851
876534
513074
283746
753518
418712
340757
30
955941
960555
118850
691109
542019
267730
643651
740461
304902
255020
293831
616671
69411
945539
263020
739148
464923
363183
366458
26516
746930
690073
517360
164963
274457
472183
488668
337149
370767
977149
739388
516680
205573
800950
530134
422285
567898
43976
101588
880243
945077
123665
631931
815832
662548
873757
292069
143204
370360
669896
185056
427992
12230
667321
326043
900518
477671
5409
418904
875609
643422
199895
73953
628199
174146
114652
321668
554327
776003
158583
479848
565220
726465
231868
492401
534852
558007
278226
160712
240483
474252
456038
417001
809708
247615
878841
675088
411562
771547
464272
924085
740072
161251
214149
175057
79753
178644
89331
225438
346448
570880
461974
62287
614584
117337
622804
1052
535349
552471
602593
661626
348881
749800
403129
778393
807919
764395
877556
301351
548644
544938
433635
347024
303815
25409
429080
583707
231588
307867
52840
760619
173169
885246
10300
410129
915000
281196
101752
789553
230229
539572
489311
383373
521149
164892
90704
265127
107263
450162
160811
314397
364271
855381
410381
208122
387562
621586
872980
792661
9508
990455
849177
34595
908178
210496
990404
670798
8298
420573
197061
124160
914481
325955
400896
452386
159421
788576
180421
378249
323313
191954
67212
851466
543707
824547
746545
617572
948530
485845
233308
347114
357988
8865
105032
741475
19307
2017
957357
251252
569168
744769
184101
431380
213923
237182
118228
398913
10962
514717
173439
729516
399495
145977
524680
299291
732661
110581
41267
752004
393661
46852
283195
279743
898043
833113
300538
648993
972372
560842
441423
471772
12737
255456
280206
457075
414801
546056
921315
429297
219651
289463
596740
436365
833738
177761
379231
150837
992088
82932
471891
661542
155512
787668
156939
643192
753683
789397
991597
871688
256597
515404
125450
321818
364962
224043
733997
811703
169072
32502
660294
260050
116300
943997
339667
996451
186279
312623
809265
611068
233464
996457
933783
654392
454494
322810
63103
117086
479061
852301
394189
572243
420076
672609
592522
329622
607057
55604
919433
491203
109997
96419
352526
453761
200694
842901
830787
467388
69622
785141
306440
924683
815520
44899
291996
443225
386662
673298
313311
981550
212104
825233
154201
319926
179382
207464
447427
262303
192789
970319
895395
440141
121832
390916
52622
167951
557535
127965
947745
478776
779895
248218
537751
453887
304873
378527
264408
278861
797117
158484
491678
354059
56580
846489
479354
515346
175243
467483
654201
367526
265583
491392
914445
16786
846373
402186
202167
700804
669258
799020
922408
915435
802069
163641
738330
487963
832363
550692
82755
140144
976914
178170
719136
201219
986914
610904
307639
461071
342983
504899
126975
904240
183892
822367
140103
764653
747333
400338
824584
803394
988686
459976
160371
351983
458208
964485
862915
330965
139744
493158
448276
917790
254208
920533
233478
101123
632553
334243
374695
75500
64840
293288
798619
458510
844854
969639
527107
338638
254361
387270
758739
645454
242974
399545
57693
14256
333776
347839
797459
577031
788111
930128
979509
494108
644331
566477
5552
57231
439364
63633
140789
693556
775328
650852
605080
506182
549591
606917
449812
910574
209555
822105
88354
259631
290457
427054
610185
844304
874462
17740
759865
818548
233142
12894
493848
621621
961428
969321
4299
186793
852796
356902
718492
123591
282974
909655
575339
782280
285146
668981
600714
740893
277508
538227
696338
643062
750889
977566
999843
697688
605769
976073
179009
780696
550706
154417
166328
63995
109406
479329
55574
257030
697929
763517
981450
422543
566571
57717
401626
526915
414063
113513
60431
427567
841801
693923
429318
26579
161373
251005
936685
185717
91746
802280
238599
617401
633602
419769
246983
621651
447138
495228
388019
918267
2842
501142
186175
485760
623170
22765
931822
377486
808101
325149
746848
775791
417365
170496
926278
896073
561307
775247
913085
549813
566171
739817
328539
384949
292435
379271
735215
91045
279935
170883
889840
575065
812645
156489
479320
534251
549438
792969
63547
118408
856017
250557
511876
827261
732199
173846
81485
914127
209562
228489
303019
318689
980090
785083
74717
980649
714830
766410
329693
711555
252107
5779
897770
280391
198886
820424
163231
47510
331379
990951
953508
823417
780581
636118
734424
986656
397922
455822
547860
213171
678832
444716
557128
678509
242943
685477
607670
343095
687823
690022
617346
509974
560765
556932
739464
588676
181779
923590
675210
851163
587532
778830
305676
157499
669230
232858
38952
146731
174082
556992
224692
85012
893876
249448
986208
43181
820754
475444
828025
74800
17982
847404
215619
46759
557052
86765
41806
26195
390803
873516
562505
492709
94607
675622
160841
170939
174303
587526
566756
325476
23174
424957
138337
989316
193666
913958
905786
970807
782722
746418
386004
210953
961633
705583
476569
841197
250523
53900
135622
409818
996005
308651
329905
396872
148963
444215
403471
30231
259214
308585
908230
720828
409060
772234
195634
730053
543636
123584
95383
333727
248863
649574
907626
892883
627716
816509
89097
114913
560737
763861
802568
901900
179001
63657
167515
905310
990137
618693
550830
423833
27629
821591
56178
134230
960385
298853
302406
106432
223734
860040
458487
259172
342721
603709
136205
488259
812301
88692
809406
188195
709054
246722
443582
263744
265496
39873
505149
216280
177140
879449
509990
422240
494834
438640
963207
884460
481515
838450
941931
449308
458702
712929
673805
259684
688070
815005
651474
986325
646797
924279
774563
957211
50971
326726
925743
585902
332074
320704
349084
484021
452529
649267
309700
16663
167199
270491
124847
427881
9701
510795
887941
330534
378676
541771
20500
989575
700812
964453
605038
909958
770408
187332
110729
963523
648200
571488
851419
982797
666448
24045
57447
599206
827982
456058
458858
489698
285281
865881
81408
251840
236123
527772
103104
623371
759124
806894
946359
621419
395969
961444
666549
936378
278388
339168
318458
268097
738474
130066
724817
561488
244561
595587
360559
328477
51426
814941
218084
202026
921435
307909
708047
636818
82551
599118
740011
473554
790732
197705
677795
946078
155742
875962
901696
222339
753325
629723
773683
513900
786756
501820
97035
862530
486859
794239
178756
913640
175492
240394
314953
614098
487899
15859
747505
152579
949561
538106
72042
188000
375050
392248
300153
800703
664781
773740
240803
833562
647861
153161
564624
285429
470858
651104
555770
124515
423952
271773
854889
324129
182288
455309
649276
620576
136695
315376
203478
977795
37672
844107
517920
850415
116707
747705
244573
634207
581314
766151
495274
306095
746093
640450
526557
661074
996599
238075
901882
265207
552554
141748
835660
211179
443436
587410
530813
544614
788802
219492
832279
470169
661205
684411
717124
380999
121832
715245
349964
938684
835279
167925
325799
890495
805343
672456
710851
23037
742599
510045
374850
131000
249034
732758
788950
818354
57738
586043
44826
206277
786060
954678
699885
733146
353650
324299
388910
427348
873918
884763
955416
625628
498816
309996
909425
369717
270217
970648
821618
791311
719032
168208
716921
23633
163526
109990
282512
95487
589802
549350
817792
338829
248874
785981
820904
634052
290022
817888
988988
742103
993221
631108
990642
568782
718406
637040
355528
578026
303578
301231
560237
755183
474975
267942
17210
770444
75393
582268
940277
202662
408674
596834
630858
700727
184287
239992
498421
151080
63050
759296
858847
553697
144027
454954
392347
340425
723915
662257
30436
92458
557068
241814
637908
840296
486452
918749
580100
106822
901762
74640
293285
110695
433503
886793
939165
415745
765980
192933
113043
2323
321088
150982
837280
504766
785834
996862
139089
756429
500647
495937
66381
305473
694937
10979
640639
285472
825069
897679
900146
145412
287675
583798
895499
540746
900894
305077
46201
931947
645322
254548
65172
293998
48560
303356
515294
798306
159886
464659
802268
269954
848145
939432
545218
803607
426663
725560
323977
464559
304678
239141
14207
252106
809540
499004
593136
570786
265416
30122
700177
704028
254948
601033
636650
241453
13527
814783
647599
225391
348718
428422
198457
948682
711672
231009
42263
712592
910170
849322
727961
186362
331383
216683
918981
703821
411323
746911
901901
63321
294930
27690
838858
377395
123870
107039
953761
850832
149458
449981
970641
14306
759928
50844
345288
385962
33141
483758
632310
638814
149557
693623
490916
188324
340497
949178
624352
341536
889821
544688
926938
921046
830180
482469
685150
125664
73850
298540
199540
197685
76680
915250
875358
849683
354547
479236
428316
338595
6631
549236
143743
415219
108714
513958
125573
533597
399386
579471
410892
41493
97766
112645
241955
480854
413422
968746
197116
609557
405000
566013
395734
659576
74660
531834
835845
787258
124710
288475
954814
799985
695312
728229
733799
686706
210598
2436
431274
687557
440207
853567
993338
347286
575607
310043
257688
294229
566292
657
400200
127288
617947
840473
187536
556233
676634
629241
134044
424758
711749
961668
775821
923977
45069
80911
827429
540915
26962
743034
202977
306723
890304
122361
38374
115187
475066
812211
540528
54051
217835
99321
871959
234671
523989
495443
430858
968512
58785
788426
803834
951873
726698
228315
758403
952292
515451
485978
826826
349683
714515
240767
387081
527017
380565
932045
114784
714261
4177
875141
726590
308795
690827
347950
391584
663000
231668
624448
698215
75671
834008
300682
440764
750107
417744
478276
768964
572744
912049
778822
26006
251510
306444
522422
232291
657976
897555
647176
740944
441938
124528
309599
855553
453526
377859
593043
666818
815304
896548
680502
851795
864063
599622
100939
487402
594420
238870
908408
229916
611200
933315
502921
420368
995409
227289
30747
854308
687943
501058
265539
318012
194681
223536
8603
550034
405785
226149
743228
903037
706447
290560
557823
442244
977808
133292
89734
428753
515054
374600
154690
851727
288486
636647
574473
435745
664506
483860
263904
295130
784909
690589
710065
350494
906699
714155
498758
670286
861225
919289
717941
641784
365619
691045
937419
243452
414597
390630
903650
797397
815851
212168
193702
756668
523104
57785
782517
651546
757697
134448
435251
404184
605196
753196
77324
227731
14142
213972
426243
24732
699938
706700
408223
837222
454195
764725
519291
170154
481484
418402
133730
775345
147320
953593
357467
917725
939318
694330
247586
534420
451637
531821
111037
644311
89820
560929
919931
964467
973245
819166
743041
14503
377548
513821
164768
718185
412449
293455
898294
598822
781997
899200
319666
714408
824583
528897
233637
880998
134693
728342
640970
689206
880013
94787
758731
537852
631209
880447
499547
965787
588324
695926
280312
966148
136620
763719
491275
971631
830397
676325
176402
235962
92679
589050
720702
456154
528579
214124
193422
689459
280390
290034
309540
991606
483725
734386
570314
903304
144916
75100
106628
636063
827037
57351
348322
160327
389655
106712
755886
889857
157087
820316
185837
733023
993430
135308
678331
356273
922320
632607
225323
422099
962768
560029
244240
646040
10011
341251
639250
748212
478174
678356
514302
30878
908325
619024
13516
219364
928844
422202
861
181886
543568
741061
600689
735915
918359
299349
417826
527355
647223
154988
455809
979669
650433
390685
886936
737359
893432
501971
420538
220106
713935
628434
930651
865582
283567
691012
370730
237877
245061
15384
506296
25360
193075
546082
525826
501370
142590
232473
31263
380375
274687
794982
946176
774422
841732
470297
284166
982391
531675
716717
657525
868552
107259
914851
58955
766907
399586
949268
338283
48721
824288
741953
454097
13999
795820
933811
857362
682143
518956
642421
696781
811561
865710
86957
859238
823032
502606
222681
180822
966283
898605
801777
216804
591782
637586
165661
257638
446525
981048
923789
61830
446917
338626
149715
217379
908079
270230
647349
18928
947512
888739
983855
64403
164997
799047
26539
277147
489281
193494
599041
696015
269909
408065
989326
315629
3747
118973
200981
284208
275029
667168
789804
142869
687080
212870
994501
673794
665423
720517
640537
17635
254529
701814
189194
785288
761392
294855
841302
377162
754268
666983
455271
97746
79875
60216
701876
229952
913418
439393
339166
42199
747187
660258
862530
879139
629930
261841
553032
786066
653063
971626
444724
524722
449603
707091
462225
385220
148259
63583
205236
318528
719238
325088
212905
49301
696521
914730
751776
979534
87527
682687
330514
887660
142007
8968
165891
36312
412528
336519
138882
496395
103469
251508
356283
299310
430739
530775
265326
282959
346048
973057
488971
321397
749255
115856
352515
99115
211721
859858
846731
357078
483635
956456
625918
776280
212070
426919
769739
683878
403150
15826
2707
206809
445280
72854
796839
441881
500411
976045
366557
867058
679721
270757
80542
803818
898032
887810
43967
946959
141553
646794
71092
402743
377604
344244
670453
917177
419258
240770
771880
21103
167389
447136
833189
401660
701521
962827
660158
17231
945507
404246
415458
288390
406521
323843
256626
167494
707780
476945
623212
402424
432342
29702
500983
472590
470980
84041
804615
96979
556086
397979
866374
813995
603293
729906
723355
364708
233646
433342
584197
957825
532849
878956
868094
296858
644650
512456
286529
438136
38045
856607
541888
955012
460946
918453
319851
94747
951347
183941
347271
39153
194168
607076
299397
860278
875100
792649
851893
116088
969712
56176
145716
452175
679486
934253
131505
860419
48278
846341
477760
489766
888319
557466
868177
150184
275103
621761
5608
519456
352499
978890
667562
842381
986662
871000
698926
348028
705130
638708
708378
365470
57018
428943
367458
901913
660766
320110
953986
910528
409897
458311
840723
183112
110830
647735
22519
60782
973306
734979
760188
348054
247709
277074
449205
410160
149389
65287
579349
430329
401307
316117
296946
304217
955931
548768
867098
487160
591262
35988
665591
464253
551927
322045
935735
689974
476791
301209
966873
950064
38126
860846
148898
770862
834040
651021
614958
573543
68702
463900
390373
233367
966232
216767
821953
92406
704060
982511
444966
880043
763714
583004
939258
392321
898884
428606
420498
391956
1955
526252
386682
124191
471534
842959
454660
682019
963988
135822
705846
800784
645517
814751
524303
864651
606253
178892
229047
922016
609343
181212
655988
613283
292399
714537
613357
167454
783207
413194
114004
263711
219613
589741
68410
520760
884931
307279
18304
102501
73348
61436
833869
143724
258244
904403
788163
686658
209998
925157
971469
688314
910323
657179
221962
149477
455755
263104
192543
84690
957212
713718
269127
482461
780471
951589
677843
761494
375933
126324
907830
787166
634470
863703
581724
41981
290742
931323
881104
939300
783470
678058
628600
399479
131043
362924
807934
259685
364270
168067
675657
700857
974717
947601
408383
236397
476454
972887
537423
471923
729472
440019
717116
607329
7911
783753
865009
527811
256520
274635
285332
312020
222225
552791
166359
950499
542104
130650
305515
982477
999004
504438
214743
818084
45976
849497
850739
746271
369375
883471
781124
521131
490459
188683
680940
252668
623322
627796
220347
411576
549708
472592
547007
956817
628147
685749
55753
437250
956608
751284
481116
885331
902393
320400
641178
22505
862200
104362
588981
935568
522848
403588
54583
213205
991764
185609
556331
739188
398007
415916
95895
516028
748148
616747
106498
543694
321257
628915
293096
530007
739239
162376
7496
874969
518205
474164
121808
197453
924316
75668
163293
849371
474023
922139
948975
158228
919641
707253
946868
437019
770826
482806
662376
490855
923791
577310
764984
984809
179586
294867
238822
264001
738360
706066
709807
479214
93982
328359
823309
682881
61514
779243
115988
752702
306915
25991
101954
529678
956149
192760
585639
714579
619548
166890
811977
658565
213851
985126
835081
630840
90860
404794
845846
842659
12526
385531
226642
193557
612624
297697
511852
804204
343254
213547
966207
230676
588136
5629
745490
41187
438277
492811
687296
970315
675165
157724
694571
325860
961755
433862
783202
804343
309197
167592
662995
125732
358805
831120
306640
183780
858662
702694
72569
46775
255840
15393
232005
443141
470270
176651
166235
323359
400408
732071
262434
73985
361895
729044
741644
920557
327332
862431
60839
427582
19242
400907
23570
645860
73743
585921
764897
249112
347373
435820
734603
519836
926430
399499
362466
400517
850932
509223
711924
486461
838902
241173
495040
690713
383318
652530
798602
501523
139042
475757
307165
850471
501846
603246
535224
738519
713016
51701
607680
239356
611412
996751
960943
522086
179328
614039
540562
79056
865837
83319
462155
227029
807658
692353
171498
804942
261181
465111
473971
176534
797442
607485
200280
804203
180784
35014
64181
955218
667189
764483
771476
41580
485819
545166
651579
183791
972585
470772
414640
597364
972533
722977
643070
274720
988214
43273
327453
480750
297080
364360
726512
862452
24253
734970
896584
414904
940910
910321
434318
478923
47753
217760
45901
276682
744288
467934
236212
996502
578412
751707
634435
469579
530427
415326
35281
898244
118715
870761
311176
145960
759244
495163
382571
547452
522992
650662
251580
29590
755277
563428
942332
808080
180267
228910
471256
101146
996578
746048
898142
976851
903908
465331
577104
300676
726847
807323
967014
421328
178070
997334
544007
877531
850510
6949
933544
752523
366429
610903
806263
384021
483559
801626
437707
602662
277829
757000
159948
384216
892946
505253
217385
206451
125904
980378
891304
122844
636288
347959
445170
261184
101861
471905
850969
539154
401304
882875
267040
261337
289120
397277
674167
595978
555118
608954
913831
277428
115674
624525
804542
941343
436732
302112
597199
915850
699150
195891
877398
892120
199484
393564
88247
296932
816478
852422
993339
79581
572269
427668
841379
872400
460690
407901
575112
528103
711500
188453
349595
789558
970699
287801
559479
783325
364233
695476
809859
533256
815899
971594
585731
627397
977243
185126
659290
774508
927126
866572
771214
440766
221968
125406
816812
357205
496804
300303
773339
67518
662668
455868
255527
671749
254833
895016
825789
49869
724988
674375
887227
592117
171347
730166
355038
363895
270909
858422
435889
857635
701258
304063
808699
626763
609649
664846
89360
219906
828255
817263
456149
816395
436125
365201
71519
950962
761902
715621
834111
748379
891322
637675
991838
340532
658193
193738
820662
973715
522168
205847
20505
326999
970732
40746
509293
372266
321858
137947
428684
39980
398694
542586
759503
526600
432065
831759
351087
469924
245283
997216
430661
84939
538441
766422
749194
707329
197443
146904
290773
898331
179958
102630
728036
204595
87257
61366
497380
964238
548578
583147
228982
24844
792694
53034
689264
247121
703633
871337
435308
858496
288443
969746
730544
943211
203496
385358
65543
469509
962554
547906
343354
563318
508056
728150
722588
799263
838191
24985
640621
281320
692001
927275
700858
669181
656111
603738
793161
967535
381036
401386
493825
369530
628543
220230
321008
27085
346974
166418
312565
599410
178848
136793
383109
414335
970629
142144
971557
434284
473152
535533
803687
191348
885727
8545
11732
986632
153011
309892
172558
381900
30507
221240
394923
272277
100214
741851
392126
913517
266597
406019
554813
818536
272241
497697
722979
667018
227243
621657
430188
318760
755628
599176
3624
376315
301726
707581
914785
906394
73737
687260
828817
854396
500759
804143
985233
847737
828813
729543
747797
499501
10006
739959
77246
130570
373516
480801
333814
24978
326617
806759
502854
948025
75361
857233
771031
736562
492302
368397
777493
428312
981613
55131
652719
102620
383386
732097
727456
106963
623398
334067
964642
724714
10893
711165
603735
887654
126040
766184
278336
433955
374773
887289
938098
931579
926349
128666
792201
251471
328114
151187
262341
999574
579262
983486
201498
588460
186378
503976
357152
900837
637936
854840
693040
165523
219519
197231
136066
396003
463388
249953
34017
558422
789851
989713
413459
735701
163508
993603
771201
541531
145620
746846
498549
416596
73580
847694
676531
621291
670115
584532
884030
488634
962127
221155
663131
96876
319158
144420
427144
752443
880260
233748
350484
617471
481601
603030
378536
160933
165983
292129
843954
801674
343158
971584
634442
333718
298002
588771
781967
252136
374960
80727
730707
75742
828339
688208
138643
102412
124823
297464
636958
800148
871958
628660
177447
922578
259972
111223
582969
355595
202365
415716
309358
762220
211848
27345
926287
434651
221758
783818
870344
267527
94758
532068
994796
882428
102822
347888
640187
461211
376641
898023
315406
836690
827607
492116
535259
913279
765718
878150
568192
645316
57839
238273
967007
292673
918479
600678
878568
406750
506921
452619
967831
244777
153605
730509
647355
905485
513856
941725
628617
571409
23348
337228
411840
815000
739024
393402
446622
830889
434261
722344
29391
484455
497203
652837
227123
919649
434856
919978
193337
23674
542266
162176
394889
64696
31625
727027
589876
448387
200578
764597
689387
483077
339122
30962
461661
898760
574612
708760
22336
568566
757314
756695
808608
433656
679852
386040
477660
543627
608904
985743
146276
818742
647635
550044
935271
77795
727639
248022
634787
80226
250575
969276
54576
993650
841591
960391
919513
525728
674483
104367
63665
903853
550795
846630
448862
297516
511525
124310
936170
40149
412317
182014
90456
621837
48054
988631
394786
911251
402223
65330
842794
328484
323372
506797
356856
410013
373205
595586
295376
913404
633492
945168
827164
196786
397282
197954
725945
717729
832769
37317
660831
713250
807523
468393
265032
448477
531839
932781
437534
211848
425651
402484
377338
535818
780775
350305
927153
634126
777756
108757
5789
917179
788821
876246
761583
163540
596094
608030
812189
650070
628456
307070
196930
721442
564531
128427
229434
767756
510778
545400
741109
312640
842574
138201
125404
788603
45311
730028
196101
218316
500641
510951
617236
831550
553622
591432
860316
8006
210493
643926
835874
700090
924813
191719
114711
699517
826039
475327
505567
811748
229809
146906
365084
972206
810989
440522
877211
692578
48840
90664
332713
216020
166204
998506
225271
739847
542272
219832
84748
315643
10885
893312
431901
435786
17445
528720
651424
751936
343986
462188
201059
605289
378433
393429
763100
71336
550002
598909
835939
88233
902033
781143
179053
255626
815815
682949
44364
930500
961143
740581
982315
424722
701818
406683
853447
202733
233941
897405
660838
855341
146027
877266
467335
579450
331033
88924
917406
509984
82295
793090
534463
207628
149120
442418
380536
885588
961960
199020
600988
863397
968446
773303
931059
154443
126136
555997
89285
559561
833995
386920
350831
821011
714971
21398
434448
517218
11861
890629
829333
417371
727932
738917
584158
640525
869300
859401
747586
400976
886207
633052
634540
598660
399848
912410
265382
37481
280306
112573
797279
710360
791971
587478
113217
640989
607056
860681
883159
654607
12854
998524
853392
960383
783472
82054
881029
955203
209824
579317
786855
266729
240601
760364
442982
630681
122312
348842
747616
356477
457122
97003
535973
961511
357887
315282
458064
434611
662846
995115
324407
867360
452100
440396
779608
659803
466155
776871
705048
607278
349848
472559
351309
891953
457626
470468
132501
42835
570861
210169
132430
893617
501169
673993
50331
695552
515213
799544
141818
714737
311100
473328
101212
566677
968720
43379
425636
56257
856366
21902
932928
746406
613656
175578
358488
792573
619591
250789
441137
262140
732307
658602
582271
742024
938998
956246
135368
954699
543275
643401
722607
929602
888237
693001
157651
529075
682103
900975
335190
511154
989564
789737
977483
584663
789961
242235
735563
562366
179696
781484
371268
977267
24875
271483
990897
996050
337691
18624
109495
849379
592258
271562
816356
700327
194752
443280
412276
815797
722883
906430
419724
281509
705113
683198
116337
940827
32808
899276
451410
110002
634104
614316
39028
566159
449682
560872
574547
385334
275912
438229
63385
597353
469542
131802
922395
972724
353197
734526
361801
104163
890267
660046
352345
465851
966589
375912
916306
480160
252048
391726
660048
950799
944587
830274
907090
263044
201505
663993
716860
47314
986034
44974
974156
721151
547646
888407
543695
692301
729298
933905
342512
340286
138858
57162
140067
540985
185785
919989
392641
250614
488453
333643
464074
676980
472933
332291
320375
610736
621526
655970
614752
271401
823625
400965
849803
54014
198600
597720
243010
433162
685532
847993
690644
527575
517004
200571
451574
164879
290955
498208
218083
251590
538158
868902
433672
572708
3081
120506
235700
646867
280641
575919
363779
238715
932637
60773
632639
740176
985095
31882
612282
756601
195666
778409
959688
694767
598053
790120
448448
224533
463534
385212
943522
243319
89070
902911
896955
143553
800570
285439
784294
698487
927863
432744
195321
623378
593784
503904
755669
999699
239635
13309
60726
615974
763593
231485
699779
668499
306317
797470
49553
73443
218508
253944
169327
181645
931784
868455
724591
523243
438858
198445
937547
265321
27843
960641
727169
270261
132740
907479
148189
507739
61189
597652
608453
702354
939742
855264
233644
546189
175087
109663
583863
276603
607906
872567
961600
995337
346583
750513
343309
93109
452393
940866
185310
639178
704351
317363
366755
547902
259742
247323
945867
443762
585756
371813
975969
458615
100710
506475
316176
925050
170508
787097
823757
624854
275582
215643
222119
848328
572955
170794
4668
22522
129097
306834
273724
962299
957943
511058
207676
979724
829431
184761
205272
768147
641762
6005
680168
746522
44461
471630
441413
741727
265166
253928
437718
389428
720508
640166
590152
956359
488489
630636
667734
659325
810781
323250
42145
52689
576401
844480
657343
620017
516737
275221
669843
476831
776685
526106
692892
921631
627936
274602
924223
656650
844677
961952
908078
163870
912522
845143
180747
879473
593125
592117
905912
168057
2682
107579
107545
280744
461796
180477
790351
38312
3806
418334
896677
725836
175067
108944
64961
771647
981416
87816
347959
356431
960113
610363
340547
530024
877069
98797
837237
995692
512339
571321
427839
489299
182413
345208
996194
4105
548263
48826
202840
207246
632198
701535
926680
20148
500802
224732
98704
471783
105611
907896
785629
79724
650550
625880
421448
339637
16743
103522
98750
79029
858515
461617
610898
246169
410935
793951
885466
981818
632552
600660
251615
614262
619384
347676
8393
533712
486776
401313
306695
675680
395298
396376
448221
798860
661945
967867
667865
89477
736263
766680
258345
24511
687905
814841
244641
740099
260244
863091
956643
710468
929230
843959
662797
500143
463636
423063
927762
438336
176672
478371
289661
515727
142855
933671
973382
234644
806490
969645
338989
495218
505649
509812
823705
973134
143271
899156
873724
764381
688999
587195
850918
360854
398950
843915
707069
707637
676955
965747
621342
754191
2580
806216
803600
288771
838650
588708
913086
362017
469176
111514
876203
512486
816396
789842
346588
796994
414926
217649
183127
451584
870309
739029
766490
270953
282598
462108
374303
546208
859775
561257
701186
433633
525841
42226
680202
376331
103759
273290
208092
481657
90784
2975
724841
23956
918148
602862
742030
695188
77218
698877
800828
206570
834856
414144
875853
968689
294702
661543
859561
106130
332094
158281
907651
898696
95856
534421
968768
937032
797404
114213
650401
135181
818891
286729
854555
376589
605701
720010
961557
856353
195497
396904
668681
355855
835610
59566
497148
352470
895301
654334
257584
396293
440700
359931
198988
714036
633377
724931
860895
130856
737461
363096
19882
978866
131782
270352
631996
76894
453421
545979
30269
635646
98525
801159
40925
166496
539960
523276
171238
272234
392519
140429
925085
410378
174402
597904
84135
170581
986970
151732
134966
187631
894473
773472
657949
824114
134112
970548
500103
71042
703192
521504
931181
372067
544435
997733
669531
889901
100634
850802
491131
837133
368503
694826
755193
867917
812605
35287
90728
938218
206458
983701
486932
254493
754890
272817
857873
354891
807813
976483
487626
787152
695518
636840
782110
458314
178574
145349
444135
724595
819747
904004
876620
345995
438585
105238
754031
840697
214398
291369
898557
242703
579886
286387
404413
155374
238820
714281
810386
694632
252964
798763
503139
632187
299314
991441
657211
830357
871791
593419
494563
777095
492816
464028
598243
72574
622737
410539
615946
407601
869752
75788
816873
448480
787515
287976
713444
877983
957953
937522
463921
146352
987738
143368
855025
677416
56716
33229
88411
412548
834802
589323
407033
121074
749396
936918
92147
77993
705004
337918
544276
426620
144183
651124
267645
187634
651264
474108
436924
181964
910451
28458
675513
663705
427782
287205
87410
518056
25056
644196
746342
12460
572798
762056
948370
12777
780857
435619
829322
193423
362340
998388
923743
439459
744147
84886
285990
32756
203758
649832
880722
2614
595351
309731
5984
437586
696171
110735
473478
586535
446381
583411
2924
425865
734474
276341
875176
804990
393742
554760
373610
679900
454326
953110
400398
796032
885893
231437
489745
711677
92129
636085
416437
135937
838604
182953
702718
18973
150949
10372
243491
877897
97285
838684
644538
449150
156390
315113
211182
726793
555728
587583
892035
73498
145976
989606
80077
470528
499333
882555
934205
895335
645850
477873
28880
557870
493913
906919
761218
200430
225496
394542
769367
841461
187979
527017
464208
964973
931404
697196
159537
337066
401741
990015
53272
521539
964522
285322
945536
819694
718405
554355
501303
321897
67429
98247
515054
582064
945764
176718
616983
548907
816229
704329
513037
702237
989734
179240
418818
918878
589543
419959
725327
50973
898636
205056
221275
290892
339851
185380
713194
933297
178663
90278
232379
485001
737095
5805
292968
11724
219080
927968
949295
878963
480184
654704
258894
15024
336190
751039
469657
326985
634471
106371
14079
280880
135040
489560
994513
406306
579682
847113
259933
711800
371839
273542
336039
83157
65668
991112
170781
827965
669580
641041
53609
313696
779291
426431
413374
784370
955259
113766
734436
637195
758473
119381
324102
499535
322722
891607
575212
796785
782542
928306
554283
494836
499722
710619
958707
862012
634764
130571
850247
991783
330501
161109
394116
291160
622622
447490
20679
373244
355823
377243
917626
183513
200153
55180
998995
735559
134463
353458
671172
284531
422242
584598
163029
395049
46460
630654
673987
731566
274835
155204
159202
993781
916960
698462
644641
872288
818209
186360
994963
871607
963684
345854
665947
869496
781879
606870
394573
289965
696200
126027
9771
145607
570137
381866
46659
707244
231498
641420
541726
570336
724039
452625
665081
352796
884133
767357
964425
104613
424870
335596
786893
566510
327358
829318
228866
209515
515496
878895
849240
631153
33287
202346
326101
223410
224103
172775
256445
722631
348926
231088
587375
498263
591568
57139
803636
842865
635651
462057
331800
936576
410981
802747
447041
800800
774312
285205
554779
411137
704086
31902
876164
340520
726806
14541
145770
939254
819668
943900
536097
947892
628528
494918
369817
980888
129556
432361
507349
244146
765905
23980
975901
478269
934142
263454
514188
825781
113342
302039
249850
782610
258994
393048
674688
440693
832966
166363
573546
907688
572925
149691
673497
28325
515474
77307
821545
251142
133054
357001
283222
468073
319211
468099
604565
771729
6300
472187
933374
102404
164735
919542
610603
270403
713236
230145
481753
560475
281271
41968
261202
543578
771873
824576
106407
115722
629569
656965
238222
645956
713625
692559
700683
664670
106254
28653
690271
869004
881634
140326
555415
86631
926723
244317
285202
371189
677507
678536
57409
137050
437330
99775
561464
488377
666757
620861
435917
280507
335675
371795
979886
184361
951861
432472
42647
580400
282065
95417
120441
657103
841771
351431
593556
813559
461313
543890
501099
388766
159738
355786
94644
649973
395010
105603
937195
324216
595007
753675
173855
627814
509721
262672
636243
621993
324252
329764
538140
262283
404119
559608
154169
755859
662633
258624
910197
720363
903166
626656
230501
820513
636516
473923
211869
663227
681055
835323
655533
505163
877238
679685
254283
616467
691729
330533
135215
457071
261216
178400
812235
726068
156443
537554
8596
927204
557372
68955
55579
463120
287107
19407
469934
192450
253812
9442
867616
973422
841793
313970
758994
845616
771513
518186
75434
138666
103328
329985
342813
892550
341809
247515
140871
962991
572178
266701
96713
595925
573678
36688
58164
428810
123041
836366
187149
994089
516543
956379
504166
443458
767498
720272
996967
242031
267575
165459
8880
608283
521294
91025
146420
563471
986052
912202
763072
438684
523740
22821
83208
810764
687229
831323
264521
475494
58553
534133
357767
344768
794504
263987
139966
279305
360145
45932
54240
507275
832282
721813
221951
568033
915106
812295
756140
471839
213883
720898
360721
524333
945345
293952
405157
631541
318240
481332
189626
367407
81805
556333
17446
745231
366512
532604
291858
277060
736289
502097
694474
782891
701562
214157
962714
330161
456468
100071
672379
115078
310649
745075
766844
196926
422846
824118
89306
496956
717959
966902
968088
490266
420745
386237
135263
730626
324222
937016
232191
478539
192725
286355
887363
196830
330869
449171
40432
836926
292966
143955
17855
576881
143099
957665
258541
83688
923230
51876
71573
127986
882456
697662
12645
970605
129439
458940
619995
83568
911132
104966
534789
485277
373004
240591
189989
571369
963152
511892
79477
306182
232313
178529
550632
263625
943515
577676
730313
34005
584502
780033
915419
790500
978107
184694
488772
702746
796610
859632
552021
166369
699745
6903
510966
760503
90345
98373
499934
790664
300914
531009
921909
969741
446546
958106
969055
184393
174530
611731
522270
388138
477494
144801
111490
900800
893961
3612
295267
232364
151017
424081
634688
633663
265738
322422
445877
579564
159141
641443
202713
411224
193897
522953
689889
889478
212174
647641
618494
737467
476519
602110
451296
785819
607632
429328
805387
115980
950120
365208
881827
975299
676107
446711
745919
686453
650098
794779
978007
881365
961313
589006
596507
762582
194220
249422
777566
237591
435263
801819
32865
466318
415451
918843
718637
778601
92980
968984
519276
216873
820218
552527
970811
245779
854263
832702
571451
880870
942327
326410
335696
222195
164575
224486
727285
221287
296485
830175
951000
647069
95559
853635
761022
436734
793608
495573
703908
853183
366591
400918
869183
729772
749565
202573
890487
756478
358348
663267
656368
289719
165621
277686
962990
513351
775010
745205
230866
790156
166295
742228
616013
284075
557167
622623
832068
2189
873057
940315
336177
207332
968064
534489
78280
788011
885595
52815
544788
708050
349528
341401
778078
560356
899955
346383
668305
72363
895977
744416
606693
867514
622509
741076
588786
477340
453579
276344
167299
681719
102074
904680
825910
276014
342022
80484
789554
306313
867845
575866
307474
800590
813093
970313
508165
270248
404650
682119
964451
735681
432608
66029
537032
422295
897090
845546
63908
820995
225027
320572
940301
233551
158944
629794
799046
849427
119232
807417
333806
712183
149554
200185
846151
324447
143739
605953
470933
166729
366414
758451
309954
813758
935678
696887
650242
761554
766110
626449
166085
256973
505701
877310
27243
653343
835227
514488
231591
605536
577915
390229
769523
302337
912344
535801
67934
927675
214530
435371
968462
462984
98958
196736
673894
959930
945636
390420
138315
193327
936939
272803
423568
863596
791233
358522
992190
73419
334046
875454
300331
763384
676797
98189
579880
930947
60435
733043
693295
35994
158503
181713
178107
802433
855059
758151
244925
640491
533381
992357
39232
357732
299582
371725
302695
30172
6212
517870
623843
672726
996704
826476
150898
448414
718532
308185
854521
943597
807517
882237
315103
902091
341336
429577
911184
711191
817830
718836
17587
989857
659719
446669
93659
621912
286304
59630
446746
963616
99659
122086
229161
744366
482995
938368
613004
544225
322444
827335
257559
488976
574827
580328
421159
70232
222192
64450
721573
713653
560495
525250
576980
331331
241074
250960
999672
555172
868469
50654
185361
549400
13296
629129
135851
386424
880278
257407
264103
375192
254065
481004
484613
146736
932977
553919
48758
378206
492822
298687
930088
36172
163345
321718
312754
853670
858491
747420
741521
893448
77483
305491
361505
691779
11641
131849
96881
938481
385040
977503
993114
364422
682153
731337
402699
22417
24200
377358
386051
431183
601021
275064
697210
301524
124763
326549
188935
463391
406948
988583
167100
264627
528108
155409
886780
525321
936546
578921
205483
383840
573796
186765
667881
223275
687531
663059
893961
792120
946680
538488
805083
735988
894114
396262
25732
241183
841038
820347
106345
618972
600594
683571
367560
910319
625022
919855
809747
849122
53250
602602
840040
420246
43417
178296
42440
537560
668250
723165
936972
514326
656568
112176
209064
736193
470954
334831
22170
485035
507923
27010
428263
904693
602665
924559
393275
286679
318445
481305
149010
410234
230125
338947
743094
172318
493755
239759
950435
415346
930921
331226
592992
968408
100906
643753
721174
486258
186173
328848
905765
937760
222542
39422
239957
92510
489832
952203
85521
850129
587871
865470
635808
809358
434695
733255
417972
873719
57968
313300
958336
417320
975830
608971
15524
994802
409834
387765
193831
767777
634180
906278
475379
867846
975420
540180
620158
12315
747815
300536
263540
586108
141477
812553
642621
1008
663789
728054
651984
50323
415816
841514
943753
281987
306908
310629
996270
434686
50387
230817
570731
867978
760610
235583
728845
868349
905585
675636
235202
848463
167706
781395
380984
986248
801153
627325
895025
813131
694728
21988
511125
3103
955036
350772
63823
163091
602480
664946
769716
269072
615276
45769
726440
874240
511318
808351
682232
673730
722999
379478
962840
470949
490595
813642
967932
358006
275515
875813
685501
512615
123005
706171
656651
361496
766304
489055
622195
635826
716177
841776
789565
569898
265759
350917
179755
13962
566949
692140
800145
279588
325870
445083
515695
238272
853796
426117
661047
50364
830797
45108
409266
808541
522277
265790
851532
941441
60789
852250
652472
871652
564264
922833
542356
180528
206183
772726
875634
90862
527562
397876
64931
406918
502553
636959
954157
501190
711037
390178
652419
590196
619678
675239
436801
804109
937139
867121
51482
786852
229099
770688
274864
829428
279258
383898
434827
674628
765064
593734
171990
739072
591985
463964
414559
685258
267696
794267
619504
846787
998209
739775
237279
963198
740640
868423
774923
252114
812356
875908
489583
205075
815483
522957
617486
172478
385188
845886
749153
282988
482067
402035
803983
